distribution_center_id,distribution_center_name,warehouse_type,region,city,country,manager_id,product_id,storage_type,inventory_units,storage_capacity_units,occupied_capacity_units,utilization_pct,inbound_shipments,outbound_shipments,orders_processed,avg_processing_time_hours,dock_doors,employees,operating_shift,status,record_date,on_time_dispatch_pct,damaged_units,stockout_flag,last_inventory_audit_date
DC0009,Distribution Center 09,Cross-Dock Center,West,Pune,India,MGR0087,P00237,Cold,22762,89229,45920,51.46,70,11,68,2.24,16,425,Evening,Active,2025-01-01,74.67,49,No,2024-12-15
DC0011,Distribution Center 11,Cold Storage DC,North,Jaipur,India,MGR0065,P00233,Ambient,8450,88407,79228,89.62,48,32,183,3.02,9,351,Night,Maintenance,2025-01-01,86.39,37,No,2024-12-15
DC0012,Distribution Center 12,Fulfillment Center,South,Hyderabad,India,MGR0035,P00123,Frozen,20887,21742,18877,86.82,33,81,245,8.56,30,352,Morning,Temporarily Closed,2025-01-01,89.64,10,No,2025-01-01
DC0012,Distribution Center 12,Cold Storage DC,South,Hyderabad,India,MGR0024,P00239,Ambient,2070,51680,14186,27.45,58,6,207,22.37,28,439,Night,Active,2025-01-01,94.43,7,No,2024-12-04
DC0016,Distribution Center 16,Cold Storage DC,North,Lucknow,India,MGR0006,P00126,Ambient,18009,105274,36203,34.39,33,76,201,19.25,21,140,Evening,Active,2025-01-01,92.84,3,No,2024-12-17
DC0017,Distribution Center 17,Regional DC,South,Kochi,India,MGR0004,P00232,Ambient,6450,38738,26920,69.49,77,89,451,22.58,18,318,Morning,Active,2025-01-01,78.63,30,No,2024-12-31
DC0025,Distribution Center 25,Cold Storage DC,Central,Bhopal,India,MGR0025,P00134,Ambient,8582,111681,35738,32.0,55,56,458,17.05,20,192,Morning,Active,2025-01-01,85.25,15,No,2024-12-22
DC0029,Distribution Center 29,Fulfillment Center,West,Pune,India,MGR0100,P00109,Ambient,8062,68145,65594,96.26,36,90,271,3.83,50,307,Night,Active,2025-01-01,87.13,5,No,2024-12-22
DC0030,Distribution Center 30,Cross-Dock Center,Central,Nagpur,India,MGR0028,P00063,Hazardous,14360,115517,69643,60.29,70,57,44,11.89,23,50,Evening,Active,2025-01-01,99.47,0,No,2025-01-01
DC0006,Distribution Center 06,Regional DC,North,Chandigarh,India,MGR0092,P00019,Frozen,16147,86632,42757,49.35,62,89,261,21.87,42,370,Evening,Active,2025-01-02,83.64,30,No,2024-12-19
DC0009,Distribution Center 09,Fulfillment Center,West,Pune,India,MGR0044,P00152,Ambient,19008,115726,64288,55.55,33,2,271,14.23,22,247,Morning,Active,2025-01-02,83.65,36,No,2024-12-29
DC0009,Distribution Center 09,Regional DC,West,Pune,India,MGR0083,P00153,Hazardous,980,133435,60636,45.44,45,1,27,15.89,16,80,Evening,Temporarily Closed,2025-01-02,87.26,14,No,2024-12-11
DC0010,Distribution Center 10,Regional DC,Central,Nagpur,India,MGR0100,P00136,Ambient,22588,109765,77407,70.52,21,42,462,16.14,21,378,Evening,Active,2025-01-02,90.82,9,No,2024-12-04
DC0014,Distribution Center 14,Cross-Dock Center,West,Ahmedabad,India,MGR0099,P00141,Ambient,21069,136387,95353,69.91,62,97,309,21.9,24,72,Morning,Active,2025-01-02,91.41,23,No,2024-12-15
DC0016,Distribution Center 16,Fulfillment Center,North,Lucknow,India,MGR0010,P00103,Frozen,17872,37939,17842,47.03,40,72,84,14.44,5,97,Evening,Active,2025-01-02,76.66,42,No,2024-12-03
DC0022,Distribution Center 22,Regional DC,South,Chennai,India,MGR0078,P00089,Hazardous,19935,123165,33873,27.5,21,63,482,20.65,23,314,Night,Active,2025-01-02,78.67,23,No,2024-12-20
DC0022,Distribution Center 22,Cross-Dock Center,South,Chennai,India,MGR0047,P00137,Cold,2691,134577,121686,90.42,3,47,336,23.86,23,72,Night,Active,2025-01-02,83.96,12,No,2024-12-03
DC0024,Distribution Center 24,Cold Storage DC,West,Mumbai,India,MGR0071,P00015,Ambient,24690,55512,37133,66.89,3,21,112,21.47,27,266,Morning,Maintenance,2025-01-02,86.18,36,No,2024-12-03
DC0026,Distribution Center 26,Cold Storage DC,North,Chandigarh,India,MGR0053,P00127,Frozen,16771,103094,80977,78.55,26,98,442,1.75,21,242,Morning,Maintenance,2025-01-02,93.31,46,No,2024-12-24
DC0001,Distribution Center 01,Cold Storage DC,North,Delhi,India,MGR0031,P00125,Cold,14849,148271,125821,84.86,4,95,42,13.49,43,268,Night,Maintenance,2025-01-03,82.5,43,No,2024-12-30
DC0005,Distribution Center 05,Cold Storage DC,Central,Bhopal,India,MGR0094,P00148,Ambient,18375,53412,15855,29.68,49,19,277,18.34,12,49,Night,Active,2025-01-03,99.03,14,No,2024-12-17
DC0007,Distribution Center 07,Cross-Dock Center,South,Bengaluru,India,MGR0092,P00118,Ambient,3297,46132,43804,94.95,27,80,225,3.06,49,396,Morning,Active,2025-01-03,93.9,5,No,2024-12-29
DC0008,Distribution Center 08,Cold Storage DC,East,Bhubaneswar,India,MGR0011,P00173,Frozen,4596,43895,30378,69.21,14,31,53,4.78,40,252,Evening,Temporarily Closed,2025-01-03,74.66,22,No,2024-12-28
DC0013,Distribution Center 13,Fulfillment Center,East,Guwahati,India,MGR0072,P00229,Ambient,11804,61876,20874,33.74,64,83,37,5.64,41,324,Morning,Maintenance,2025-01-03,88.04,7,No,2024-12-04
DC0006,Distribution Center 06,Cold Storage DC,North,Chandigarh,India,MGR0067,P00101,Ambient,14253,22826,18615,81.55,11,52,367,14.35,6,172,Evening,Temporarily Closed,2025-01-04,74.1,45,No,2024-12-14
DC0019,Distribution Center 19,Cold Storage DC,West,Surat,India,MGR0055,P00090,Ambient,19517,144674,137004,94.7,18,66,470,22.22,22,106,Morning,Active,2025-01-04,83.42,38,No,2024-12-26
DC0021,Distribution Center 21,Cold Storage DC,North,Delhi,India,MGR0051,P00191,Frozen,15328,132137,36100,27.32,61,22,352,5.99,9,350,Morning,Active,2025-01-04,82.93,28,No,2024-12-27
DC0022,Distribution Center 22,Fulfillment Center,South,Chennai,India,MGR0088,P00079,Ambient,18466,123290,110625,89.73,20,12,235,20.5,37,497,Night,Active,2025-01-04,86.77,1,No,2024-12-10
DC0023,Distribution Center 23,Regional DC,East,Kolkata,India,MGR0096,P00069,Ambient,3951,22182,16467,74.24,42,99,289,17.29,41,106,Morning,Active,2025-01-04,75.85,22,No,2024-12-07
DC0025,Distribution Center 25,Cross-Dock Center,Central,Bhopal,India,MGR0008,P00004,Ambient,19296,98234,46403,47.24,54,38,88,22.55,49,443,Evening,Active,2025-01-04,79.67,29,No,2024-12-12
DC0025,Distribution Center 25,Cross-Dock Center,Central,Bhopal,India,MGR0007,P00010,Ambient,14540,93516,48870,52.26,66,60,4,7.66,4,304,Night,Active,2025-01-04,95.91,46,No,2024-12-30
DC0028,Distribution Center 28,Cross-Dock Center,East,Bhubaneswar,India,MGR0046,P00037,Ambient,15872,46656,31699,67.94,56,30,365,4.73,31,332,Evening,Maintenance,2025-01-04,74.17,4,No,2024-12-24
DC0029,Distribution Center 29,Cross-Dock Center,West,Pune,India,MGR0007,P00034,Ambient,7429,106608,84344,79.12,24,15,253,12.31,19,208,Evening,Temporarily Closed,2025-01-04,97.53,35,No,2024-12-10
DC0002,Distribution Center 02,Cross-Dock Center,South,Chennai,India,MGR0018,P00082,Ambient,14681,44135,12960,29.36,64,15,283,22.66,4,94,Night,Active,2025-01-05,72.44,48,No,2025-01-01
DC0003,Distribution Center 03,Regional DC,East,Kolkata,India,MGR0075,P00243,Ambient,21285,147494,58429,39.61,44,46,272,22.63,26,182,Night,Active,2025-01-05,74.05,3,No,2024-12-19
DC0006,Distribution Center 06,Regional DC,North,Chandigarh,India,MGR0065,P00054,Frozen,23238,119009,99412,83.53,49,42,195,6.6,29,194,Evening,Active,2025-01-05,82.08,46,No,2025-01-05
DC0006,Distribution Center 06,Fulfillment Center,North,Chandigarh,India,MGR0094,P00222,Cold,21000,143096,130715,91.35,69,97,99,22.13,45,130,Morning,Temporarily Closed,2025-01-05,72.96,9,No,2024-12-19
DC0011,Distribution Center 11,Regional DC,North,Jaipur,India,MGR0078,P00107,Ambient,4011,39483,13804,34.96,21,11,415,18.18,42,338,Night,Maintenance,2025-01-05,79.5,43,No,2024-12-06
DC0014,Distribution Center 14,Fulfillment Center,West,Ahmedabad,India,MGR0087,P00245,Ambient,10773,99622,76946,77.24,48,48,90,20.37,21,310,Evening,Active,2025-01-05,94.35,7,No,2024-12-13
DC0016,Distribution Center 16,Cold Storage DC,North,Lucknow,India,MGR0067,P00021,Cold,16886,45976,44947,97.76,50,6,107,14.95,47,494,Evening,Temporarily Closed,2025-01-05,98.12,18,No,2024-12-23
DC0018,Distribution Center 18,Fulfillment Center,East,Patna,India,MGR0090,P00169,Ambient,23757,38228,19776,51.73,79,3,441,8.72,46,372,Night,Active,2025-01-05,87.95,7,No,2025-01-02
DC0021,Distribution Center 21,Fulfillment Center,North,Delhi,India,MGR0081,P00019,Ambient,4418,136107,39421,28.96,50,72,103,5.76,25,403,Night,Active,2025-01-05,76.34,43,No,2024-12-16
DC0025,Distribution Center 25,Fulfillment Center,Central,Bhopal,India,MGR0007,P00084,Cold,18849,40154,14888,37.08,5,48,175,15.33,37,319,Evening,Active,2025-01-05,84.99,22,No,2024-12-31
DC0005,Distribution Center 05,Cold Storage DC,Central,Bhopal,India,MGR0036,P00127,Ambient,5469,141622,88571,62.54,37,82,324,20.16,21,179,Evening,Active,2025-01-06,97.83,28,No,2024-12-09
DC0010,Distribution Center 10,Fulfillment Center,Central,Nagpur,India,MGR0042,P00217,Ambient,23077,144693,138380,95.64,69,14,182,12.41,7,388,Morning,Temporarily Closed,2025-01-06,92.62,29,No,2024-12-28
DC0012,Distribution Center 12,Fulfillment Center,South,Hyderabad,India,MGR0081,P00215,Ambient,24792,104902,89111,84.95,7,52,22,9.77,26,115,Night,Maintenance,2025-01-06,77.03,5,No,2024-12-15
DC0016,Distribution Center 16,Cold Storage DC,North,Lucknow,India,MGR0090,P00238,Ambient,20227,87860,39277,44.7,33,74,468,13.45,39,66,Night,Maintenance,2025-01-06,77.24,35,No,2024-12-10
DC0019,Distribution Center 19,Cross-Dock Center,West,Surat,India,MGR0063,P00030,Ambient,3727,108304,95886,88.53,76,90,6,23.86,34,100,Night,Temporarily Closed,2025-01-06,93.32,18,No,2024-12-08
DC0026,Distribution Center 26,Cold Storage DC,North,Chandigarh,India,MGR0073,P00141,Cold,16437,143208,80019,55.88,56,61,360,18.32,25,39,Evening,Maintenance,2025-01-06,86.63,39,No,2024-12-10
DC0002,Distribution Center 02,Cold Storage DC,South,Chennai,India,MGR0002,P00047,Ambient,12353,149897,137406,91.67,49,47,151,11.33,23,495,Morning,Active,2025-01-07,98.68,2,No,2025-01-01
DC0004,Distribution Center 04,Cross-Dock Center,West,Mumbai,India,MGR0060,P00052,Ambient,11599,63090,29294,46.43,44,14,120,22.15,12,270,Morning,Maintenance,2025-01-07,83.07,10,No,2024-12-28
DC0005,Distribution Center 05,Regional DC,Central,Bhopal,India,MGR0073,P00096,Frozen,12393,146016,77008,52.74,49,51,429,20.12,47,332,Evening,Active,2025-01-07,75.75,35,No,2024-12-17
DC0006,Distribution Center 06,Fulfillment Center,North,Chandigarh,India,MGR0042,P00057,Ambient,23673,41924,36273,86.52,41,2,477,15.8,9,81,Night,Active,2025-01-07,92.73,10,No,2024-12-20
DC0011,Distribution Center 11,Cold Storage DC,North,Jaipur,India,MGR0097,P00166,Ambient,15996,145071,100564,69.32,16,12,34,7.78,16,54,Night,Maintenance,2025-01-07,89.32,29,No,2024-12-15
DC0013,Distribution Center 13,Cold Storage DC,East,Guwahati,India,MGR0001,P00006,Ambient,7477,149698,97950,65.43,74,86,103,7.76,43,293,Evening,Active,2025-01-07,81.85,9,No,2024-12-30
DC0029,Distribution Center 29,Regional DC,West,Pune,India,MGR0023,P00101,Ambient,13696,33099,28073,84.82,58,64,208,5.51,22,380,Morning,Active,2025-01-07,78.97,37,No,2024-12-19
DC0006,Distribution Center 06,Regional DC,North,Chandigarh,India,MGR0043,P00025,Hazardous,553,114167,58351,51.11,34,58,489,8.85,49,308,Evening,Active,2025-01-08,82.07,23,No,2024-12-29
DC0010,Distribution Center 10,Cold Storage DC,Central,Nagpur,India,MGR0006,P00193,Ambient,12757,83600,34945,41.8,76,82,233,11.18,8,359,Morning,Active,2025-01-08,76.46,20,No,2024-12-15
DC0015,Distribution Center 15,Fulfillment Center,Central,Indore,India,MGR0055,P00125,Ambient,8848,53878,22672,42.08,62,38,109,16.85,50,302,Evening,Active,2025-01-08,94.11,49,No,2024-12-30
DC0019,Distribution Center 19,Regional DC,West,Surat,India,MGR0089,P00008,Ambient,8467,113363,34432,30.37,35,56,307,23.15,38,202,Evening,Active,2025-01-08,97.55,7,No,2024-12-30
DC0019,Distribution Center 19,Fulfillment Center,West,Surat,India,MGR0025,P00142,Hazardous,13317,103612,53259,51.4,8,87,52,6.67,39,345,Night,Temporarily Closed,2025-01-08,99.56,15,No,2024-12-12
DC0020,Distribution Center 20,Regional DC,Central,Raipur,India,MGR0093,P00235,Frozen,5759,28020,22756,81.21,41,85,277,21.76,21,45,Morning,Active,2025-01-08,93.72,28,No,2024-12-24
DC0026,Distribution Center 26,Fulfillment Center,North,Chandigarh,India,MGR0038,P00013,Ambient,4648,132507,109570,82.69,27,75,494,14.71,28,82,Night,Maintenance,2025-01-08,91.59,22,No,2024-12-20
DC0010,Distribution Center 10,Cross-Dock Center,Central,Nagpur,India,MGR0038,P00242,Ambient,19257,107523,38382,35.7,68,28,238,10.97,20,219,Evening,Active,2025-01-09,91.11,6,No,2025-01-01
DC0011,Distribution Center 11,Cross-Dock Center,North,Jaipur,India,MGR0023,P00080,Ambient,6768,126583,64885,51.26,64,5,50,9.93,24,383,Morning,Active,2025-01-09,78.47,42,No,2024-12-13
DC0011,Distribution Center 11,Cold Storage DC,North,Jaipur,India,MGR0035,P00187,Ambient,8546,44222,33831,76.5,41,7,281,6.09,13,223,Evening,Temporarily Closed,2025-01-09,79.2,29,No,2024-12-18
DC0021,Distribution Center 21,Regional DC,North,Delhi,India,MGR0050,P00082,Ambient,10606,106762,39949,37.42,3,2,498,14.0,28,264,Night,Active,2025-01-09,83.01,1,No,2024-12-13
DC0021,Distribution Center 21,Regional DC,North,Delhi,India,MGR0003,P00161,Ambient,19171,96651,48357,50.03,79,57,126,6.11,7,285,Evening,Active,2025-01-09,94.99,7,No,2024-12-21
DC0023,Distribution Center 23,Regional DC,East,Kolkata,India,MGR0015,P00011,Ambient,15351,55581,26556,47.78,38,94,198,2.4,35,157,Morning,Active,2025-01-09,87.07,36,No,2024-12-17
DC0028,Distribution Center 28,Cross-Dock Center,East,Bhubaneswar,India,MGR0084,P00102,Ambient,8648,65659,21321,32.47,70,68,262,8.06,4,128,Night,Maintenance,2025-01-09,77.21,45,No,2024-12-12
DC0006,Distribution Center 06,Cross-Dock Center,North,Chandigarh,India,MGR0063,P00057,Ambient,21091,50635,31456,62.12,77,38,400,11.39,15,489,Morning,Active,2025-01-10,81.41,19,No,2025-01-10
DC0007,Distribution Center 07,Cross-Dock Center,South,Bengaluru,India,MGR0052,P00059,Ambient,16448,140360,74303,52.94,34,33,336,3.43,14,218,Morning,Active,2025-01-10,91.64,19,No,2024-12-11
DC0007,Distribution Center 07,Cross-Dock Center,South,Bengaluru,India,MGR0011,P00072,Ambient,24470,93052,53008,56.97,40,54,88,6.78,6,484,Night,Active,2025-01-10,92.66,16,No,2024-12-25
DC0007,Distribution Center 07,Fulfillment Center,South,Bengaluru,India,MGR0011,P00193,Ambient,20203,25423,24711,97.2,18,40,49,23.23,32,488,Evening,Active,2025-01-10,79.27,6,No,2024-12-22
DC0012,Distribution Center 12,Fulfillment Center,South,Hyderabad,India,MGR0017,P00168,Ambient,24938,149437,82432,55.16,39,11,132,4.13,41,277,Evening,Active,2025-01-10,78.22,35,No,2025-01-09
DC0017,Distribution Center 17,Fulfillment Center,South,Kochi,India,MGR0011,P00179,Hazardous,15315,52792,30988,58.7,10,57,232,4.47,33,76,Morning,Active,2025-01-10,94.78,40,No,2025-01-04
DC0020,Distribution Center 20,Cross-Dock Center,Central,Raipur,India,MGR0090,P00115,Ambient,6247,49913,23001,46.08,12,34,267,5.92,7,196,Morning,Active,2025-01-10,87.78,49,No,2024-12-19
DC0007,Distribution Center 07,Cold Storage DC,South,Bengaluru,India,MGR0026,P00061,Ambient,24433,149577,71172,47.58,4,41,226,7.88,35,252,Morning,Maintenance,2025-01-11,89.79,42,No,2024-12-31
DC0010,Distribution Center 10,Cross-Dock Center,Central,Nagpur,India,MGR0077,P00245,Ambient,9789,74384,49171,66.1,42,66,12,10.76,13,204,Night,Active,2025-01-11,72.12,14,No,2025-01-10
DC0012,Distribution Center 12,Cross-Dock Center,South,Hyderabad,India,MGR0018,P00070,Ambient,5560,83176,71131,85.52,13,46,481,21.29,47,352,Evening,Active,2025-01-11,92.13,11,No,2024-12-22
DC0012,Distribution Center 12,Cold Storage DC,South,Hyderabad,India,MGR0030,P00206,Ambient,24611,51884,17172,33.1,47,15,209,9.77,15,352,Evening,Active,2025-01-11,89.61,41,No,2024-12-20
DC0014,Distribution Center 14,Regional DC,West,Ahmedabad,India,MGR0018,P00202,Frozen,10460,59917,29819,49.77,65,77,222,11.21,8,198,Evening,Maintenance,2025-01-11,75.2,40,No,2024-12-30
DC0016,Distribution Center 16,Regional DC,North,Lucknow,India,MGR0019,P00164,Ambient,23438,136847,51373,37.54,6,31,214,9.04,4,411,Night,Temporarily Closed,2025-01-11,91.45,43,No,2024-12-15
DC0020,Distribution Center 20,Cold Storage DC,Central,Raipur,India,MGR0052,P00050,Ambient,16966,134766,86304,64.04,4,22,420,11.28,10,161,Night,Active,2025-01-11,95.85,12,No,2024-12-29
DC0022,Distribution Center 22,Regional DC,South,Chennai,India,MGR0001,P00094,Hazardous,12730,105646,64495,61.05,18,41,283,12.25,40,388,Morning,Active,2025-01-11,90.7,16,No,2024-12-30
DC0023,Distribution Center 23,Fulfillment Center,East,Kolkata,India,MGR0018,P00122,Ambient,11953,39287,24710,62.9,27,39,411,22.89,15,157,Evening,Active,2025-01-11,82.71,47,No,2025-01-07
DC0024,Distribution Center 24,Fulfillment Center,West,Mumbai,India,MGR0080,P00115,Ambient,24701,130071,64716,49.75,79,85,398,5.77,38,138,Morning,Temporarily Closed,2025-01-11,79.62,2,No,2025-01-04
DC0025,Distribution Center 25,Fulfillment Center,Central,Bhopal,India,MGR0032,P00168,Ambient,1337,108989,88043,80.78,16,23,85,15.79,16,377,Night,Active,2025-01-11,74.19,5,No,2025-01-08
DC0027,Distribution Center 27,Regional DC,South,Bengaluru,India,MGR0076,P00006,Ambient,15806,93440,66355,71.01,40,0,264,12.15,5,76,Morning,Maintenance,2025-01-11,79.07,32,No,2025-01-08
DC0029,Distribution Center 29,Cross-Dock Center,West,Pune,India,MGR0097,P00121,Ambient,15267,21637,13291,61.43,27,68,335,17.13,29,57,Morning,Active,2025-01-11,78.22,22,No,2025-01-04
DC0001,Distribution Center 01,Regional DC,North,Delhi,India,MGR0008,P00226,Ambient,21790,129175,54834,42.45,59,70,342,8.42,25,147,Night,Maintenance,2025-01-12,92.81,18,No,2024-12-25
DC0007,Distribution Center 07,Fulfillment Center,South,Bengaluru,India,MGR0080,P00160,Ambient,21706,108456,61824,57.0,46,68,228,5.59,19,283,Morning,Active,2025-01-12,76.55,21,No,2024-12-22
DC0012,Distribution Center 12,Cold Storage DC,South,Hyderabad,India,MGR0031,P00203,Hazardous,16969,21484,16678,77.63,14,39,365,23.26,11,494,Night,Active,2025-01-12,92.7,39,No,2025-01-02
DC0013,Distribution Center 13,Fulfillment Center,East,Guwahati,India,MGR0014,P00182,Cold,17792,125543,52062,41.47,73,6,218,16.32,34,380,Night,Temporarily Closed,2025-01-12,85.16,48,No,2024-12-30
DC0017,Distribution Center 17,Cold Storage DC,South,Kochi,India,MGR0003,P00122,Ambient,9725,49180,17903,36.4,65,84,237,18.63,29,170,Morning,Maintenance,2025-01-12,76.96,36,No,2025-01-05
DC0017,Distribution Center 17,Cross-Dock Center,South,Kochi,India,MGR0048,P00196,Ambient,19750,83909,67887,80.91,22,74,272,14.79,42,347,Morning,Active,2025-01-12,75.1,33,No,2025-01-07
DC0020,Distribution Center 20,Cold Storage DC,Central,Raipur,India,MGR0063,P00171,Cold,4510,27423,9423,34.36,7,43,493,11.54,39,480,Morning,Active,2025-01-12,79.77,9,No,2024-12-14
DC0020,Distribution Center 20,Fulfillment Center,Central,Raipur,India,MGR0011,P00232,Frozen,2981,40059,26299,65.65,49,74,378,3.45,46,454,Evening,Temporarily Closed,2025-01-12,77.6,25,No,2024-12-26
DC0027,Distribution Center 27,Fulfillment Center,South,Bengaluru,India,MGR0082,P00062,Ambient,8770,116501,87108,74.77,51,36,186,7.31,33,92,Evening,Active,2025-01-12,82.45,11,No,2024-12-19
DC0030,Distribution Center 30,Fulfillment Center,Central,Nagpur,India,MGR0050,P00238,Ambient,10282,40413,17895,44.28,71,59,201,22.5,24,262,Night,Maintenance,2025-01-12,95.28,46,No,2025-01-02
DC0003,Distribution Center 03,Cross-Dock Center,East,Kolkata,India,MGR0093,P00237,Ambient,11070,115307,86966,75.42,43,61,43,17.13,6,86,Evening,Active,2025-01-13,74.5,19,No,2024-12-29
DC0004,Distribution Center 04,Cross-Dock Center,West,Mumbai,India,MGR0060,P00115,Ambient,16753,36663,10692,29.16,37,75,287,14.1,41,408,Evening,Active,2025-01-13,76.75,16,No,2025-01-07
DC0008,Distribution Center 08,Regional DC,East,Bhubaneswar,India,MGR0046,P00171,Ambient,11273,80142,50927,63.55,37,67,398,8.21,10,364,Evening,Active,2025-01-13,95.15,30,No,2024-12-14
DC0011,Distribution Center 11,Cross-Dock Center,North,Jaipur,India,MGR0035,P00159,Ambient,9843,56821,34680,61.03,25,21,88,1.72,37,216,Evening,Maintenance,2025-01-13,93.47,18,No,2024-12-26
DC0018,Distribution Center 18,Cold Storage DC,East,Patna,India,MGR0074,P00109,Ambient,15974,135409,66262,48.93,40,75,190,7.2,39,479,Morning,Maintenance,2025-01-13,96.02,6,No,2025-01-01
DC0023,Distribution Center 23,Cold Storage DC,East,Kolkata,India,MGR0048,P00042,Ambient,19061,81308,53866,66.25,65,40,452,8.67,47,251,Morning,Active,2025-01-13,77.77,11,No,2025-01-03
DC0024,Distribution Center 24,Fulfillment Center,West,Mumbai,India,MGR0087,P00174,Ambient,5427,24404,19762,80.98,41,66,359,21.13,50,24,Evening,Active,2025-01-13,89.09,8,No,2025-01-08
DC0026,Distribution Center 26,Cold Storage DC,North,Chandigarh,India,MGR0097,P00173,Ambient,2876,83814,72341,86.31,35,96,455,8.01,39,472,Morning,Active,2025-01-13,98.92,29,No,2025-01-07
DC0028,Distribution Center 28,Regional DC,East,Bhubaneswar,India,MGR0005,P00123,Frozen,22432,34985,18368,52.5,46,72,86,13.18,46,473,Evening,Active,2025-01-13,85.19,45,No,2024-12-15
DC0028,Distribution Center 28,Cold Storage DC,East,Bhubaneswar,India,MGR0079,P00178,Ambient,13352,73875,22166,30.0,53,17,28,4.34,24,130,Night,Active,2025-01-13,92.15,33,No,2024-12-15
DC0004,Distribution Center 04,Fulfillment Center,West,Mumbai,India,MGR0063,P00155,Cold,17980,140781,95781,68.04,69,60,334,13.08,36,79,Evening,Temporarily Closed,2025-01-14,97.97,1,No,2025-01-11
DC0004,Distribution Center 04,Cold Storage DC,West,Mumbai,India,MGR0074,P00212,Ambient,10762,24833,14765,59.46,26,86,231,12.23,7,219,Morning,Maintenance,2025-01-14,99.38,19,No,2024-12-26
DC0006,Distribution Center 06,Cold Storage DC,North,Chandigarh,India,MGR0007,P00060,Cold,12771,119654,88322,73.81,17,0,159,5.73,10,327,Morning,Temporarily Closed,2025-01-14,73.12,21,No,2025-01-07
DC0013,Distribution Center 13,Regional DC,East,Guwahati,India,MGR0075,P00135,Ambient,10688,67367,46772,69.43,24,2,330,17.64,14,358,Night,Active,2025-01-14,88.46,10,No,2024-12-26
DC0017,Distribution Center 17,Fulfillment Center,South,Kochi,India,MGR0077,P00096,Frozen,19390,32155,10789,33.55,66,96,366,7.62,21,118,Morning,Active,2025-01-14,97.22,41,No,2025-01-12
DC0023,Distribution Center 23,Regional DC,East,Kolkata,India,MGR0010,P00058,Cold,8681,68426,60565,88.51,3,57,484,19.72,33,445,Night,Temporarily Closed,2025-01-14,77.84,37,No,2024-12-30
DC0026,Distribution Center 26,Cold Storage DC,North,Chandigarh,India,MGR0067,P00075,Ambient,21439,47558,37878,79.65,52,65,342,23.6,13,368,Morning,Active,2025-01-14,79.86,40,No,2025-01-14
DC0028,Distribution Center 28,Cross-Dock Center,East,Bhubaneswar,India,MGR0061,P00085,Ambient,11871,138821,68708,49.49,27,0,190,2.96,43,67,Morning,Active,2025-01-14,74.33,33,No,2025-01-11
DC0030,Distribution Center 30,Cold Storage DC,Central,Nagpur,India,MGR0036,P00044,Cold,2787,117641,84112,71.5,61,16,160,11.61,35,418,Evening,Maintenance,2025-01-14,72.6,42,No,2024-12-23
DC0002,Distribution Center 02,Fulfillment Center,South,Chennai,India,MGR0011,P00089,Cold,14076,130265,104699,80.37,78,41,459,11.4,13,470,Night,Maintenance,2025-01-15,79.13,16,No,2024-12-30
DC0009,Distribution Center 09,Cross-Dock Center,West,Pune,India,MGR0057,P00188,Ambient,295,112713,53081,47.09,31,48,228,2.36,45,431,Night,Active,2025-01-15,72.17,43,Yes,2025-01-09
DC0011,Distribution Center 11,Cold Storage DC,North,Jaipur,India,MGR0013,P00067,Ambient,8816,131345,58179,44.29,22,46,381,14.71,16,350,Evening,Temporarily Closed,2025-01-15,80.32,16,No,2024-12-26
DC0018,Distribution Center 18,Cross-Dock Center,East,Patna,India,MGR0069,P00030,Ambient,9584,145396,102460,70.47,78,22,477,17.86,28,107,Evening,Active,2025-01-15,93.55,28,No,2025-01-04
DC0018,Distribution Center 18,Fulfillment Center,East,Patna,India,MGR0066,P00158,Ambient,3538,78055,59317,75.99,15,62,481,5.97,16,31,Morning,Temporarily Closed,2025-01-15,85.92,27,No,2024-12-16
DC0018,Distribution Center 18,Cold Storage DC,East,Patna,India,MGR0100,P00235,Hazardous,5606,55650,48610,87.35,20,49,240,10.27,22,427,Night,Active,2025-01-15,95.9,19,No,2025-01-09
DC0020,Distribution Center 20,Regional DC,Central,Raipur,India,MGR0022,P00158,Ambient,2403,35528,20160,56.74,62,5,8,3.18,18,447,Evening,Maintenance,2025-01-15,79.32,33,No,2024-12-17
DC0025,Distribution Center 25,Regional DC,Central,Bhopal,India,MGR0031,P00034,Ambient,10577,146686,119329,81.35,35,48,185,17.02,30,290,Morning,Temporarily Closed,2025-01-15,83.8,3,No,2024-12-19
DC0025,Distribution Center 25,Cross-Dock Center,Central,Bhopal,India,MGR0074,P00213,Ambient,979,47458,25342,53.4,62,63,359,21.28,20,435,Evening,Active,2025-01-15,94.64,46,No,2025-01-08
DC0005,Distribution Center 05,Regional DC,Central,Bhopal,India,MGR0037,P00167,Cold,15354,148279,41456,27.96,35,13,91,9.48,29,307,Night,Active,2025-01-16,89.35,23,No,2024-12-25
DC0006,Distribution Center 06,Cross-Dock Center,North,Chandigarh,India,MGR0085,P00104,Ambient,374,112836,94437,83.69,7,16,128,10.89,29,297,Night,Active,2025-01-16,86.78,16,Yes,2024-12-21
DC0006,Distribution Center 06,Cross-Dock Center,North,Chandigarh,India,MGR0051,P00233,Frozen,4451,21032,5752,27.35,13,17,316,20.56,43,363,Night,Temporarily Closed,2025-01-16,73.14,16,No,2024-12-18
DC0010,Distribution Center 10,Fulfillment Center,Central,Nagpur,India,MGR0051,P00064,Ambient,18031,33186,11918,35.91,50,94,125,8.27,22,185,Evening,Maintenance,2025-01-16,87.31,42,No,2024-12-31
DC0010,Distribution Center 10,Cross-Dock Center,Central,Nagpur,India,MGR0076,P00103,Cold,2867,118793,83986,70.7,17,14,95,8.67,32,354,Evening,Temporarily Closed,2025-01-16,98.84,26,No,2024-12-29
DC0011,Distribution Center 11,Cross-Dock Center,North,Jaipur,India,MGR0035,P00180,Ambient,10754,110398,93575,84.76,40,61,323,22.89,27,401,Night,Maintenance,2025-01-16,73.77,22,No,2025-01-13
DC0014,Distribution Center 14,Cold Storage DC,West,Ahmedabad,India,MGR0085,P00104,Hazardous,9051,26715,9071,33.95,36,3,485,23.12,19,309,Evening,Active,2025-01-16,96.48,3,No,2025-01-01
DC0014,Distribution Center 14,Fulfillment Center,West,Ahmedabad,India,MGR0061,P00227,Cold,16310,42738,19316,45.2,41,42,379,16.37,47,398,Evening,Active,2025-01-16,77.41,13,No,2025-01-14
DC0019,Distribution Center 19,Regional DC,West,Surat,India,MGR0026,P00085,Ambient,18019,35414,17471,49.33,68,4,280,4.94,7,135,Evening,Active,2025-01-16,77.15,11,No,2024-12-28
DC0022,Distribution Center 22,Cold Storage DC,South,Chennai,India,MGR0062,P00057,Ambient,19660,109455,92799,84.78,28,44,25,12.49,18,391,Morning,Active,2025-01-16,86.21,38,No,2025-01-11
DC0003,Distribution Center 03,Cross-Dock Center,East,Kolkata,India,MGR0076,P00041,Ambient,2323,31031,12021,38.74,60,70,235,8.37,18,265,Morning,Active,2025-01-17,95.58,37,No,2024-12-20
DC0010,Distribution Center 10,Cross-Dock Center,Central,Nagpur,India,MGR0052,P00080,Cold,1917,29432,18001,61.16,1,55,335,6.75,33,306,Night,Active,2025-01-17,83.07,19,No,2024-12-27
DC0011,Distribution Center 11,Cross-Dock Center,North,Jaipur,India,MGR0010,P00149,Ambient,15151,111658,46060,41.25,34,63,35,12.21,45,104,Evening,Active,2025-01-17,88.86,5,No,2024-12-28
DC0012,Distribution Center 12,Regional DC,South,Hyderabad,India,MGR0006,P00225,Ambient,19914,79120,49844,63.0,3,9,271,15.92,28,371,Morning,Active,2025-01-17,90.61,17,No,2025-01-14
DC0016,Distribution Center 16,Regional DC,North,Lucknow,India,MGR0065,P00195,Cold,22999,94864,53869,56.79,0,37,204,13.83,17,344,Morning,Active,2025-01-17,93.21,10,No,2025-01-06
DC0016,Distribution Center 16,Cross-Dock Center,North,Lucknow,India,MGR0050,P00212,Ambient,11461,71831,23700,32.99,8,66,384,8.85,4,493,Evening,Maintenance,2025-01-17,95.19,28,No,2024-12-21
DC0021,Distribution Center 21,Regional DC,North,Delhi,India,MGR0073,P00167,Hazardous,20201,117897,98065,83.18,62,63,255,17.63,46,85,Morning,Active,2025-01-17,95.78,30,No,2025-01-12
DC0030,Distribution Center 30,Cold Storage DC,Central,Nagpur,India,MGR0050,P00002,Cold,16809,107869,68608,63.6,64,65,414,12.09,10,474,Evening,Maintenance,2025-01-17,91.94,42,No,2025-01-11
DC0003,Distribution Center 03,Regional DC,East,Kolkata,India,MGR0030,P00113,Ambient,9596,77332,28408,36.74,74,88,343,6.89,20,250,Night,Temporarily Closed,2025-01-18,79.03,40,No,2025-01-12
DC0006,Distribution Center 06,Fulfillment Center,North,Chandigarh,India,MGR0076,P00106,Cold,21309,58939,40545,68.79,23,0,425,19.03,21,321,Morning,Temporarily Closed,2025-01-18,88.3,35,No,2025-01-13
DC0006,Distribution Center 06,Cold Storage DC,North,Chandigarh,India,MGR0002,P00120,Ambient,14115,100615,31901,31.71,38,66,297,23.44,12,447,Night,Active,2025-01-18,97.27,5,No,2025-01-13
DC0012,Distribution Center 12,Cross-Dock Center,South,Hyderabad,India,MGR0027,P00176,Ambient,2232,114512,71647,62.57,56,1,403,23.46,7,427,Morning,Active,2025-01-18,78.21,2,No,2024-12-31
DC0016,Distribution Center 16,Regional DC,North,Lucknow,India,MGR0029,P00115,Frozen,16708,118154,31769,26.89,67,32,474,3.63,10,321,Morning,Active,2025-01-18,89.4,42,No,2025-01-09
DC0017,Distribution Center 17,Cross-Dock Center,South,Kochi,India,MGR0003,P00063,Ambient,1444,49756,45768,91.98,25,85,401,15.43,36,343,Morning,Active,2025-01-18,83.29,10,No,2025-01-06
DC0018,Distribution Center 18,Cross-Dock Center,East,Patna,India,MGR0024,P00176,Ambient,6078,40844,14989,36.7,22,89,211,10.81,15,28,Evening,Active,2025-01-18,99.68,27,No,2024-12-26
DC0023,Distribution Center 23,Cross-Dock Center,East,Kolkata,India,MGR0034,P00106,Ambient,17800,46201,22421,48.53,69,69,446,4.79,22,399,Morning,Active,2025-01-18,78.5,21,No,2024-12-19
DC0023,Distribution Center 23,Cross-Dock Center,East,Kolkata,India,MGR0093,P00184,Ambient,13478,53166,21690,40.8,1,22,183,18.89,20,255,Morning,Active,2025-01-18,93.68,39,No,2025-01-12
DC0004,Distribution Center 04,Cross-Dock Center,West,Mumbai,India,MGR0013,P00134,Ambient,6085,38615,32635,84.51,23,11,274,3.77,15,453,Morning,Temporarily Closed,2025-01-19,92.11,6,No,2024-12-26
DC0008,Distribution Center 08,Regional DC,East,Bhubaneswar,India,MGR0028,P00109,Ambient,19950,114624,99942,87.19,45,77,106,21.93,43,353,Morning,Active,2025-01-19,95.44,13,No,2025-01-14
DC0016,Distribution Center 16,Fulfillment Center,North,Lucknow,India,MGR0031,P00149,Cold,17430,37261,19550,52.47,78,29,389,5.01,30,291,Night,Maintenance,2025-01-19,98.29,37,No,2025-01-15
DC0017,Distribution Center 17,Regional DC,South,Kochi,India,MGR0031,P00126,Cold,13887,38958,27229,69.89,12,88,229,3.64,25,57,Evening,Maintenance,2025-01-19,98.66,25,No,2025-01-06
DC0018,Distribution Center 18,Regional DC,East,Patna,India,MGR0083,P00103,Cold,11086,133813,100739,75.28,2,73,307,9.57,47,301,Night,Temporarily Closed,2025-01-19,87.69,44,No,2025-01-16
DC0018,Distribution Center 18,Cold Storage DC,East,Patna,India,MGR0010,P00173,Hazardous,5860,61709,18023,29.21,33,54,157,23.72,17,429,Evening,Active,2025-01-19,91.89,28,No,2025-01-10
DC0022,Distribution Center 22,Cross-Dock Center,South,Chennai,India,MGR0066,P00024,Ambient,7669,30863,8710,28.22,44,80,105,6.0,23,192,Morning,Active,2025-01-19,76.77,41,No,2024-12-31
DC0024,Distribution Center 24,Cold Storage DC,West,Mumbai,India,MGR0038,P00050,Ambient,11236,36411,31531,86.6,53,59,298,13.37,19,245,Night,Maintenance,2025-01-19,88.3,18,No,2025-01-11
DC0029,Distribution Center 29,Fulfillment Center,West,Pune,India,MGR0041,P00237,Ambient,471,61113,41213,67.44,10,82,367,12.91,28,37,Night,Temporarily Closed,2025-01-19,90.55,23,Yes,2025-01-08
DC0008,Distribution Center 08,Cold Storage DC,East,Bhubaneswar,India,MGR0029,P00040,Frozen,16807,130756,65091,49.78,49,48,436,6.83,19,154,Evening,Active,2025-01-20,93.75,14,No,2025-01-10
DC0009,Distribution Center 09,Cross-Dock Center,West,Pune,India,MGR0100,P00050,Hazardous,10766,143445,78190,54.51,40,81,442,22.57,16,52,Evening,Active,2025-01-20,78.94,42,No,2025-01-10
DC0012,Distribution Center 12,Cold Storage DC,South,Hyderabad,India,MGR0098,P00027,Hazardous,24667,66370,33195,50.02,41,27,382,3.11,26,450,Night,Active,2025-01-20,93.11,27,No,2025-01-10
DC0013,Distribution Center 13,Fulfillment Center,East,Guwahati,India,MGR0018,P00025,Cold,11907,102041,68985,67.61,63,80,408,3.42,40,492,Evening,Temporarily Closed,2025-01-20,93.13,7,No,2025-01-06
DC0016,Distribution Center 16,Cross-Dock Center,North,Lucknow,India,MGR0023,P00237,Hazardous,13130,57011,26854,47.1,23,52,320,2.76,32,48,Evening,Active,2025-01-20,98.96,21,No,2025-01-04
DC0023,Distribution Center 23,Cross-Dock Center,East,Kolkata,India,MGR0057,P00140,Cold,19273,99486,68673,69.03,41,46,175,11.53,46,370,Night,Active,2025-01-20,72.2,31,No,2024-12-25
DC0025,Distribution Center 25,Fulfillment Center,Central,Bhopal,India,MGR0020,P00089,Ambient,17342,135445,41666,30.76,34,36,389,23.67,20,315,Morning,Active,2025-01-20,76.85,44,No,2024-12-30
DC0029,Distribution Center 29,Fulfillment Center,West,Pune,India,MGR0083,P00038,Frozen,3906,138237,40466,29.27,52,86,157,21.97,23,147,Night,Temporarily Closed,2025-01-20,89.31,24,No,2024-12-25
DC0030,Distribution Center 30,Cross-Dock Center,Central,Nagpur,India,MGR0010,P00192,Ambient,8220,80271,77361,96.37,68,5,446,15.61,35,399,Night,Active,2025-01-20,93.5,33,No,2025-01-05
DC0030,Distribution Center 30,Cross-Dock Center,Central,Nagpur,India,MGR0006,P00226,Cold,666,29951,11642,38.87,7,66,434,22.79,44,62,Night,Temporarily Closed,2025-01-20,96.49,35,No,2025-01-07
DC0008,Distribution Center 08,Regional DC,East,Bhubaneswar,India,MGR0026,P00209,Cold,22307,58513,29143,49.81,21,81,231,21.26,46,136,Night,Active,2025-01-21,97.85,7,No,2025-01-16
DC0013,Distribution Center 13,Fulfillment Center,East,Guwahati,India,MGR0053,P00150,Ambient,15645,133522,34394,25.76,12,91,71,11.63,41,108,Morning,Active,2025-01-21,96.22,31,No,2025-01-03
DC0016,Distribution Center 16,Fulfillment Center,North,Lucknow,India,MGR0094,P00051,Hazardous,14879,44783,28264,63.11,22,38,399,9.74,43,245,Evening,Active,2025-01-21,97.7,1,No,2025-01-07
DC0020,Distribution Center 20,Cross-Dock Center,Central,Raipur,India,MGR0022,P00124,Hazardous,5068,60854,54272,89.18,34,26,13,5.12,34,87,Night,Temporarily Closed,2025-01-21,72.33,48,No,2025-01-10
DC0024,Distribution Center 24,Cold Storage DC,West,Mumbai,India,MGR0095,P00203,Ambient,13721,84789,81162,95.72,79,7,331,11.22,28,145,Night,Temporarily Closed,2025-01-21,83.74,3,No,2025-01-19
DC0028,Distribution Center 28,Cross-Dock Center,East,Bhubaneswar,India,MGR0021,P00178,Ambient,18999,103038,40184,39.0,62,44,228,21.91,37,179,Evening,Active,2025-01-21,73.41,30,No,2024-12-30
DC0030,Distribution Center 30,Fulfillment Center,Central,Nagpur,India,MGR0006,P00217,Ambient,20136,129691,44901,34.62,11,68,105,5.34,36,174,Night,Active,2025-01-21,79.23,45,No,2025-01-06
DC0030,Distribution Center 30,Cold Storage DC,Central,Nagpur,India,MGR0021,P00220,Ambient,19571,142184,102846,72.33,62,91,138,23.73,7,480,Night,Active,2025-01-21,77.11,48,No,2025-01-12
DC0017,Distribution Center 17,Cross-Dock Center,South,Kochi,India,MGR0033,P00042,Cold,6237,130537,99539,76.25,8,88,326,7.16,38,211,Night,Temporarily Closed,2025-01-22,90.41,24,No,2024-12-29
DC0018,Distribution Center 18,Fulfillment Center,East,Patna,India,MGR0034,P00141,Cold,8571,26324,6784,25.77,70,24,442,9.61,17,488,Night,Active,2025-01-22,99.24,41,No,2024-12-31
DC0024,Distribution Center 24,Cross-Dock Center,West,Mumbai,India,MGR0085,P00003,Ambient,13019,103964,94123,90.53,64,72,261,23.51,41,214,Morning,Maintenance,2025-01-22,83.25,7,No,2025-01-21
DC0025,Distribution Center 25,Cold Storage DC,Central,Bhopal,India,MGR0076,P00015,Ambient,9518,81785,49696,60.76,79,11,65,18.47,5,413,Night,Active,2025-01-22,83.75,29,No,2025-01-18
DC0027,Distribution Center 27,Cold Storage DC,South,Bengaluru,India,MGR0033,P00040,Ambient,486,115870,95998,82.85,35,45,83,13.28,9,174,Evening,Temporarily Closed,2025-01-22,72.68,35,Yes,2025-01-14
DC0027,Distribution Center 27,Regional DC,South,Bengaluru,India,MGR0054,P00191,Cold,9491,109715,95001,86.59,56,64,458,17.37,45,487,Evening,Active,2025-01-22,94.88,20,No,2025-01-20
DC0029,Distribution Center 29,Cold Storage DC,West,Pune,India,MGR0051,P00034,Ambient,22001,142164,43417,30.54,38,44,397,23.15,10,288,Morning,Active,2025-01-22,78.08,44,No,2025-01-13
DC0001,Distribution Center 01,Cold Storage DC,North,Delhi,India,MGR0032,P00215,Ambient,9786,117176,77493,66.13,73,10,485,19.26,40,411,Morning,Active,2025-01-23,90.4,7,No,2025-01-19
DC0010,Distribution Center 10,Cold Storage DC,Central,Nagpur,India,MGR0074,P00249,Ambient,1833,74737,42884,57.38,61,35,123,9.52,32,152,Night,Temporarily Closed,2025-01-23,95.14,36,No,2025-01-01
DC0011,Distribution Center 11,Cross-Dock Center,North,Jaipur,India,MGR0099,P00116,Ambient,24970,98417,38819,39.44,46,91,335,10.96,34,466,Evening,Active,2025-01-23,92.86,0,No,2025-01-22
DC0015,Distribution Center 15,Fulfillment Center,Central,Indore,India,MGR0092,P00166,Cold,9487,55280,49414,89.39,62,55,498,12.38,32,67,Night,Active,2025-01-23,92.96,41,No,2025-01-11
DC0016,Distribution Center 16,Cross-Dock Center,North,Lucknow,India,MGR0088,P00106,Ambient,19405,55504,50202,90.45,13,1,469,15.65,4,196,Evening,Active,2025-01-23,76.99,35,No,2025-01-12
DC0024,Distribution Center 24,Cross-Dock Center,West,Mumbai,India,MGR0039,P00039,Ambient,5441,127607,56863,44.56,0,0,27,6.46,14,386,Night,Active,2025-01-23,75.9,18,No,2025-01-01
DC0024,Distribution Center 24,Regional DC,West,Mumbai,India,MGR0010,P00095,Frozen,6763,109611,70826,64.62,73,57,116,15.97,34,54,Morning,Active,2025-01-23,74.91,14,No,2025-01-20
DC0025,Distribution Center 25,Regional DC,Central,Bhopal,India,MGR0066,P00154,Ambient,106,133753,109187,81.63,56,60,403,12.62,43,128,Morning,Active,2025-01-23,73.23,20,Yes,2024-12-26
DC0027,Distribution Center 27,Fulfillment Center,South,Bengaluru,India,MGR0026,P00111,Ambient,24108,68031,28554,41.97,1,84,254,18.37,15,66,Evening,Active,2025-01-23,96.33,22,No,2025-01-09
DC0028,Distribution Center 28,Cross-Dock Center,East,Bhubaneswar,India,MGR0090,P00226,Ambient,14065,134242,38972,29.03,24,6,178,14.83,6,373,Evening,Active,2025-01-23,82.58,25,No,2025-01-17
DC0030,Distribution Center 30,Regional DC,Central,Nagpur,India,MGR0092,P00163,Ambient,1480,81689,79331,97.11,72,55,235,4.28,50,136,Night,Active,2025-01-23,81.41,24,No,2025-01-21
DC0001,Distribution Center 01,Cold Storage DC,North,Delhi,India,MGR0064,P00147,Ambient,10114,81917,76808,93.76,36,73,213,11.49,36,240,Evening,Active,2025-01-24,82.22,42,No,2025-01-09
DC0003,Distribution Center 03,Fulfillment Center,East,Kolkata,India,MGR0087,P00025,Cold,4635,65867,34302,52.08,3,16,137,17.51,5,265,Morning,Maintenance,2025-01-24,97.66,23,No,2024-12-25
DC0006,Distribution Center 06,Cross-Dock Center,North,Chandigarh,India,MGR0049,P00209,Ambient,22472,115232,87034,75.53,3,8,416,4.8,33,62,Night,Active,2025-01-24,72.7,27,No,2025-01-13
DC0011,Distribution Center 11,Regional DC,North,Jaipur,India,MGR0062,P00195,Cold,7332,79968,23694,29.63,43,8,342,3.17,20,401,Evening,Active,2025-01-24,99.69,20,No,2025-01-09
DC0012,Distribution Center 12,Regional DC,South,Hyderabad,India,MGR0017,P00012,Ambient,4703,34205,14585,42.64,13,50,435,13.16,6,46,Evening,Active,2025-01-24,76.77,18,No,2025-01-19
DC0023,Distribution Center 23,Cold Storage DC,East,Kolkata,India,MGR0043,P00216,Ambient,8573,67594,39927,59.07,21,19,78,7.65,36,460,Morning,Active,2025-01-24,75.36,23,No,2024-12-25
DC0026,Distribution Center 26,Fulfillment Center,North,Chandigarh,India,MGR0019,P00064,Ambient,8959,34397,12526,36.42,29,85,98,16.51,28,98,Night,Active,2025-01-24,81.31,49,No,2024-12-29
DC0026,Distribution Center 26,Cold Storage DC,North,Chandigarh,India,MGR0017,P00194,Cold,12910,98824,74787,75.68,79,91,213,23.95,9,455,Morning,Maintenance,2025-01-24,89.9,0,No,2025-01-03
DC0001,Distribution Center 01,Regional DC,North,Delhi,India,MGR0058,P00215,Ambient,5133,85952,26686,31.05,17,8,332,20.16,49,384,Morning,Active,2025-01-25,79.38,20,No,2025-01-13
DC0007,Distribution Center 07,Fulfillment Center,South,Bengaluru,India,MGR0091,P00162,Ambient,21721,144035,48103,33.4,65,75,465,21.83,14,222,Evening,Active,2025-01-25,82.53,19,No,2024-12-30
DC0014,Distribution Center 14,Fulfillment Center,West,Ahmedabad,India,MGR0001,P00181,Cold,516,109197,38111,34.9,13,99,224,13.65,22,374,Evening,Maintenance,2025-01-25,97.7,13,No,2024-12-26
DC0017,Distribution Center 17,Cross-Dock Center,South,Kochi,India,MGR0061,P00154,Ambient,11041,34477,26913,78.06,4,52,491,9.04,26,201,Evening,Maintenance,2025-01-25,79.16,46,No,2025-01-22
DC0018,Distribution Center 18,Fulfillment Center,East,Patna,India,MGR0057,P00144,Ambient,22026,139522,120481,86.35,12,99,100,18.92,12,304,Evening,Temporarily Closed,2025-01-25,87.57,49,No,2025-01-12
DC0025,Distribution Center 25,Fulfillment Center,Central,Bhopal,India,MGR0086,P00110,Ambient,10796,147203,55244,37.53,24,6,466,23.28,12,171,Night,Active,2025-01-25,97.5,27,No,2025-01-25
DC0030,Distribution Center 30,Cross-Dock Center,Central,Nagpur,India,MGR0010,P00194,Ambient,16319,130694,51869,39.69,7,87,399,17.09,40,106,Evening,Maintenance,2025-01-25,83.88,0,No,2024-12-28
DC0006,Distribution Center 06,Regional DC,North,Chandigarh,India,MGR0073,P00002,Ambient,8940,122905,65361,53.18,44,34,431,3.37,42,45,Morning,Temporarily Closed,2025-01-26,81.41,42,No,2025-01-23
DC0007,Distribution Center 07,Fulfillment Center,South,Bengaluru,India,MGR0076,P00063,Ambient,21212,29739,10477,35.23,75,43,170,7.74,26,107,Night,Active,2025-01-26,97.53,38,No,2025-01-21
DC0009,Distribution Center 09,Cold Storage DC,West,Pune,India,MGR0061,P00223,Ambient,15405,107565,37606,34.96,51,65,37,4.85,15,328,Night,Maintenance,2025-01-26,87.38,12,No,2024-12-30
DC0014,Distribution Center 14,Regional DC,West,Ahmedabad,India,MGR0095,P00188,Ambient,24760,38635,19647,50.85,62,2,381,6.33,24,465,Evening,Active,2025-01-26,87.55,3,No,2025-01-08
DC0021,Distribution Center 21,Regional DC,North,Delhi,India,MGR0080,P00215,Cold,24064,86266,32553,37.74,22,65,298,17.84,38,445,Evening,Active,2025-01-26,91.82,43,No,2025-01-25
DC0022,Distribution Center 22,Cross-Dock Center,South,Chennai,India,MGR0099,P00015,Ambient,3000,104154,99031,95.08,63,41,291,15.0,23,422,Night,Temporarily Closed,2025-01-26,90.21,47,No,2025-01-13
DC0026,Distribution Center 26,Cold Storage DC,North,Chandigarh,India,MGR0057,P00084,Hazardous,20270,105227,87505,83.16,9,0,281,15.3,18,44,Evening,Temporarily Closed,2025-01-26,85.13,5,No,2024-12-28
DC0026,Distribution Center 26,Fulfillment Center,North,Chandigarh,India,MGR0059,P00158,Ambient,24944,113167,78901,69.72,62,54,152,14.92,12,177,Evening,Active,2025-01-26,83.01,43,No,2025-01-26
DC0030,Distribution Center 30,Fulfillment Center,Central,Nagpur,India,MGR0091,P00040,Ambient,20170,32598,10355,31.77,27,83,29,19.3,31,353,Evening,Maintenance,2025-01-26,87.3,9,No,2024-12-30
DC0001,Distribution Center 01,Cold Storage DC,North,Delhi,India,MGR0063,P00041,Cold,21517,43515,33931,77.98,50,28,81,8.23,18,432,Morning,Active,2025-01-27,98.72,14,No,2025-01-19
DC0001,Distribution Center 01,Cross-Dock Center,North,Delhi,India,MGR0040,P00111,Hazardous,19848,120540,53436,44.33,29,34,469,15.55,25,314,Evening,Active,2025-01-27,97.19,17,No,2025-01-17
DC0005,Distribution Center 05,Regional DC,Central,Bhopal,India,MGR0037,P00099,Ambient,11880,85724,43130,50.31,77,26,151,20.02,42,428,Night,Maintenance,2025-01-27,73.66,17,No,2025-01-26
DC0008,Distribution Center 08,Fulfillment Center,East,Bhubaneswar,India,MGR0086,P00091,Ambient,24091,124889,49999,40.03,63,12,28,5.18,49,324,Morning,Active,2025-01-27,76.51,16,No,2025-01-27
DC0009,Distribution Center 09,Cold Storage DC,West,Pune,India,MGR0073,P00072,Frozen,21110,50728,24594,48.48,39,75,118,15.93,10,42,Night,Active,2025-01-27,93.0,5,No,2025-01-27
DC0017,Distribution Center 17,Regional DC,South,Kochi,India,MGR0003,P00127,Frozen,20374,125968,64505,51.21,46,28,461,3.19,17,483,Evening,Active,2025-01-27,86.45,17,No,2024-12-31
DC0018,Distribution Center 18,Fulfillment Center,East,Patna,India,MGR0058,P00105,Cold,4870,46072,19482,42.29,69,11,278,22.68,50,169,Evening,Active,2025-01-27,81.89,15,No,2025-01-27
DC0018,Distribution Center 18,Cross-Dock Center,East,Patna,India,MGR0092,P00131,Cold,10104,97536,77920,79.89,33,67,383,14.07,33,393,Morning,Active,2025-01-27,90.39,34,No,2025-01-12
DC0018,Distribution Center 18,Cold Storage DC,East,Patna,India,MGR0064,P00184,Ambient,24546,51561,40290,78.14,70,67,9,5.64,28,422,Morning,Maintenance,2025-01-27,77.32,11,No,2025-01-20
DC0027,Distribution Center 27,Regional DC,South,Bengaluru,India,MGR0087,P00156,Ambient,8379,37417,25042,66.93,34,80,182,13.72,49,350,Night,Temporarily Closed,2025-01-27,94.12,32,No,2024-12-28
DC0030,Distribution Center 30,Fulfillment Center,Central,Nagpur,India,MGR0031,P00018,Ambient,7588,40223,36746,91.36,52,45,321,14.85,46,50,Morning,Active,2025-01-27,99.76,14,No,2025-01-19
DC0002,Distribution Center 02,Cold Storage DC,South,Chennai,India,MGR0013,P00239,Cold,14794,61548,57274,93.06,53,29,298,23.86,20,324,Morning,Active,2025-01-28,82.49,42,No,2025-01-23
DC0009,Distribution Center 09,Fulfillment Center,West,Pune,India,MGR0087,P00015,Ambient,4408,91345,63655,69.69,75,40,130,16.45,23,256,Night,Active,2025-01-28,74.25,35,No,2025-01-12
DC0009,Distribution Center 09,Cold Storage DC,West,Pune,India,MGR0017,P00103,Ambient,17320,93742,63911,68.18,25,70,15,13.39,17,119,Evening,Temporarily Closed,2025-01-28,93.22,46,No,2025-01-17
DC0012,Distribution Center 12,Fulfillment Center,South,Hyderabad,India,MGR0033,P00058,Cold,16172,51322,44135,86.0,52,41,72,10.5,27,429,Evening,Active,2025-01-28,78.28,38,No,2025-01-01
DC0013,Distribution Center 13,Fulfillment Center,East,Guwahati,India,MGR0088,P00069,Ambient,24855,56232,14384,25.58,10,31,193,9.02,49,58,Evening,Temporarily Closed,2025-01-28,74.2,0,No,2025-01-17
DC0018,Distribution Center 18,Cold Storage DC,East,Patna,India,MGR0019,P00074,Ambient,17700,123644,98322,79.52,71,25,356,9.18,7,28,Night,Active,2025-01-28,96.9,39,No,2025-01-04
DC0019,Distribution Center 19,Cross-Dock Center,West,Surat,India,MGR0002,P00144,Frozen,20926,116437,71727,61.6,53,6,354,8.79,49,77,Evening,Temporarily Closed,2025-01-28,84.25,11,No,2025-01-27
DC0021,Distribution Center 21,Regional DC,North,Delhi,India,MGR0097,P00133,Ambient,19678,111812,90730,81.15,24,79,71,3.64,15,213,Night,Temporarily Closed,2025-01-28,97.59,16,No,2025-01-27
DC0022,Distribution Center 22,Cold Storage DC,South,Chennai,India,MGR0043,P00093,Ambient,7025,131874,67365,51.08,10,48,426,17.24,29,431,Morning,Active,2025-01-28,92.87,30,No,2025-01-13
DC0022,Distribution Center 22,Cross-Dock Center,South,Chennai,India,MGR0055,P00151,Hazardous,801,113586,45144,39.74,15,45,483,5.26,26,478,Evening,Maintenance,2025-01-28,81.75,11,No,2025-01-25
DC0022,Distribution Center 22,Regional DC,South,Chennai,India,MGR0037,P00232,Hazardous,8184,38582,15011,38.91,21,63,382,9.89,12,78,Morning,Active,2025-01-28,85.62,31,No,2024-12-30
DC0002,Distribution Center 02,Regional DC,South,Chennai,India,MGR0026,P00100,Cold,10333,108294,41411,38.24,4,44,144,6.32,47,383,Evening,Active,2025-01-29,84.33,40,No,2025-01-18
DC0002,Distribution Center 02,Cross-Dock Center,South,Chennai,India,MGR0094,P00114,Cold,10916,55734,19284,34.6,73,2,129,14.15,25,31,Night,Temporarily Closed,2025-01-29,73.18,39,No,2025-01-09
DC0006,Distribution Center 06,Fulfillment Center,North,Chandigarh,India,MGR0082,P00060,Frozen,12621,129410,72561,56.07,39,17,2,12.45,27,237,Morning,Active,2025-01-29,94.05,27,No,2025-01-09
DC0007,Distribution Center 07,Cross-Dock Center,South,Bengaluru,India,MGR0082,P00244,Ambient,23890,48669,17715,36.4,6,64,24,4.84,6,175,Evening,Active,2025-01-29,72.0,18,No,2025-01-28
DC0008,Distribution Center 08,Regional DC,East,Bhubaneswar,India,MGR0068,P00237,Frozen,15410,86584,40317,46.56,25,2,459,17.11,38,365,Evening,Active,2025-01-29,76.69,4,No,2025-01-12
DC0011,Distribution Center 11,Regional DC,North,Jaipur,India,MGR0013,P00040,Ambient,17589,85749,77937,90.89,63,82,358,11.7,17,192,Morning,Temporarily Closed,2025-01-29,78.89,33,No,2025-01-20
DC0012,Distribution Center 12,Cold Storage DC,South,Hyderabad,India,MGR0004,P00208,Frozen,15097,104193,93130,89.38,23,35,484,22.89,48,194,Evening,Active,2025-01-29,97.37,0,No,2025-01-07
DC0014,Distribution Center 14,Cold Storage DC,West,Ahmedabad,India,MGR0074,P00156,Hazardous,8725,87777,26502,30.19,11,51,82,20.75,10,55,Night,Temporarily Closed,2025-01-29,94.31,36,No,2025-01-01
DC0016,Distribution Center 16,Cold Storage DC,North,Lucknow,India,MGR0093,P00049,Ambient,7111,39954,22467,56.23,71,74,361,12.38,5,168,Night,Temporarily Closed,2025-01-29,87.45,40,No,2025-01-28
DC0024,Distribution Center 24,Regional DC,West,Mumbai,India,MGR0024,P00104,Ambient,3276,96586,65965,68.3,54,14,29,1.55,48,150,Night,Temporarily Closed,2025-01-29,74.57,3,No,2024-12-31
DC0002,Distribution Center 02,Cross-Dock Center,South,Chennai,India,MGR0069,P00038,Ambient,21145,131862,45483,34.49,41,60,42,8.43,44,186,Evening,Maintenance,2025-01-30,87.08,35,No,2025-01-26
DC0004,Distribution Center 04,Cross-Dock Center,West,Mumbai,India,MGR0077,P00190,Ambient,14695,129272,45346,35.08,7,13,404,6.74,28,112,Evening,Maintenance,2025-01-30,92.87,44,No,2025-01-27
DC0008,Distribution Center 08,Cross-Dock Center,East,Bhubaneswar,India,MGR0093,P00228,Ambient,14633,105415,74534,70.71,43,68,109,7.46,30,114,Morning,Maintenance,2025-01-30,89.84,36,No,2025-01-22
DC0011,Distribution Center 11,Cross-Dock Center,North,Jaipur,India,MGR0063,P00076,Ambient,24083,65335,24395,37.34,72,1,318,15.79,45,319,Morning,Active,2025-01-30,89.78,27,No,2025-01-29
DC0012,Distribution Center 12,Cross-Dock Center,South,Hyderabad,India,MGR0094,P00088,Ambient,2567,124145,73060,58.85,26,17,357,20.83,25,79,Morning,Active,2025-01-30,76.7,15,No,2025-01-28
DC0013,Distribution Center 13,Fulfillment Center,East,Guwahati,India,MGR0063,P00209,Ambient,18760,65572,64101,97.76,60,50,404,18.19,16,229,Night,Maintenance,2025-01-30,85.8,41,No,2025-01-21
DC0014,Distribution Center 14,Regional DC,West,Ahmedabad,India,MGR0023,P00012,Ambient,23893,42591,27853,65.4,28,5,201,17.96,29,165,Evening,Temporarily Closed,2025-01-30,72.12,6,No,2025-01-21
DC0016,Distribution Center 16,Cold Storage DC,North,Lucknow,India,MGR0054,P00010,Ambient,15922,33009,18040,54.65,9,31,341,16.51,28,329,Morning,Temporarily Closed,2025-01-30,83.05,27,No,2025-01-02
DC0027,Distribution Center 27,Cold Storage DC,South,Bengaluru,India,MGR0076,P00177,Ambient,18149,104421,75584,72.38,47,6,223,13.5,48,102,Night,Active,2025-01-30,85.45,18,No,2025-01-28
DC0028,Distribution Center 28,Cold Storage DC,East,Bhubaneswar,India,MGR0049,P00192,Ambient,125,132711,59684,44.97,28,46,398,17.79,40,185,Night,Temporarily Closed,2025-01-30,92.16,49,Yes,2025-01-20
DC0029,Distribution Center 29,Cross-Dock Center,West,Pune,India,MGR0062,P00013,Ambient,20519,146907,107334,73.06,13,42,161,1.87,20,122,Night,Active,2025-01-30,73.75,27,No,2025-01-17
DC0030,Distribution Center 30,Cross-Dock Center,Central,Nagpur,India,MGR0043,P00113,Frozen,18142,23040,14700,63.8,64,75,223,12.31,46,417,Evening,Active,2025-01-30,98.47,15,No,2025-01-30
DC0002,Distribution Center 02,Regional DC,South,Chennai,India,MGR0088,P00216,Ambient,6327,96568,88194,91.33,13,81,172,19.56,45,233,Evening,Maintenance,2025-01-31,79.36,18,No,2025-01-31
DC0009,Distribution Center 09,Regional DC,West,Pune,India,MGR0068,P00209,Cold,14135,110574,32709,29.58,52,73,213,9.38,33,205,Night,Temporarily Closed,2025-01-31,88.26,11,No,2025-01-30
DC0014,Distribution Center 14,Fulfillment Center,West,Ahmedabad,India,MGR0026,P00155,Cold,9907,37159,35115,94.5,45,81,353,12.83,9,371,Morning,Active,2025-01-31,92.55,4,No,2025-01-23
DC0015,Distribution Center 15,Fulfillment Center,Central,Indore,India,MGR0045,P00015,Hazardous,1213,139648,62697,44.9,51,20,192,21.33,39,378,Night,Active,2025-01-31,91.97,5,No,2025-01-20
DC0021,Distribution Center 21,Cross-Dock Center,North,Delhi,India,MGR0026,P00012,Frozen,4401,120401,99278,82.46,70,61,213,22.79,28,102,Morning,Active,2025-01-31,95.66,18,No,2025-01-06
DC0030,Distribution Center 30,Cross-Dock Center,Central,Nagpur,India,MGR0005,P00147,Ambient,18335,121918,113098,92.77,1,94,246,21.67,33,122,Morning,Maintenance,2025-01-31,85.25,43,No,2025-01-27
DC0002,Distribution Center 02,Cross-Dock Center,South,Chennai,India,MGR0084,P00011,Hazardous,19471,107640,38349,35.63,2,52,238,11.51,14,256,Morning,Active,2025-02-01,86.28,39,No,2025-01-23
DC0010,Distribution Center 10,Cross-Dock Center,Central,Nagpur,India,MGR0024,P00111,Ambient,19095,52549,50894,96.85,3,31,238,12.51,10,304,Morning,Active,2025-02-01,78.73,38,No,2025-01-04
DC0022,Distribution Center 22,Fulfillment Center,South,Chennai,India,MGR0074,P00199,Cold,23230,48319,14544,30.1,46,99,196,17.58,41,102,Night,Active,2025-02-01,73.37,15,No,2025-01-17
DC0023,Distribution Center 23,Fulfillment Center,East,Kolkata,India,MGR0050,P00155,Ambient,1557,88803,32128,36.18,0,55,319,3.81,10,166,Morning,Maintenance,2025-02-01,93.41,5,No,2025-01-21
DC0027,Distribution Center 27,Fulfillment Center,South,Bengaluru,India,MGR0041,P00030,Ambient,3232,79004,63129,79.91,64,51,8,6.64,5,198,Evening,Active,2025-02-01,91.43,34,No,2025-01-06
DC0029,Distribution Center 29,Regional DC,West,Pune,India,MGR0005,P00004,Ambient,22484,54701,14779,27.02,53,64,338,20.99,15,498,Evening,Temporarily Closed,2025-02-01,90.0,4,No,2025-01-31
DC0030,Distribution Center 30,Cross-Dock Center,Central,Nagpur,India,MGR0093,P00026,Ambient,12823,105338,61110,58.01,10,27,47,20.93,20,238,Night,Active,2025-02-01,73.52,9,No,2025-01-29
DC0003,Distribution Center 03,Fulfillment Center,East,Kolkata,India,MGR0077,P00065,Ambient,4193,126204,100538,79.66,46,83,430,10.3,46,269,Morning,Active,2025-02-02,79.56,48,No,2025-01-17
DC0003,Distribution Center 03,Regional DC,East,Kolkata,India,MGR0016,P00086,Ambient,10693,112940,61464,54.42,15,2,260,16.14,29,493,Morning,Active,2025-02-02,90.23,7,No,2025-01-31
DC0008,Distribution Center 08,Cold Storage DC,East,Bhubaneswar,India,MGR0008,P00060,Frozen,21208,50011,47400,94.78,76,20,30,15.52,39,88,Night,Temporarily Closed,2025-02-02,84.53,35,No,2025-01-18
DC0010,Distribution Center 10,Cold Storage DC,Central,Nagpur,India,MGR0036,P00070,Ambient,13253,132955,43720,32.88,5,94,376,13.85,48,357,Morning,Temporarily Closed,2025-02-02,78.81,17,No,2025-01-31
DC0012,Distribution Center 12,Regional DC,South,Hyderabad,India,MGR0070,P00007,Cold,5980,55554,54368,97.87,28,5,433,20.42,14,128,Evening,Active,2025-02-02,86.48,32,No,2025-01-18
DC0015,Distribution Center 15,Regional DC,Central,Indore,India,MGR0037,P00011,Hazardous,2831,92308,80297,86.99,66,60,0,15.08,16,379,Morning,Active,2025-02-02,85.83,16,No,2025-01-04
DC0024,Distribution Center 24,Fulfillment Center,West,Mumbai,India,MGR0046,P00019,Ambient,16643,27599,11226,40.68,58,24,479,3.53,43,90,Evening,Maintenance,2025-02-02,73.91,48,No,2025-01-03
DC0026,Distribution Center 26,Fulfillment Center,North,Chandigarh,India,MGR0057,P00209,Cold,7564,22524,6019,26.72,47,74,453,20.45,42,456,Evening,Temporarily Closed,2025-02-02,86.68,20,No,2025-01-07
DC0005,Distribution Center 05,Cold Storage DC,Central,Bhopal,India,MGR0066,P00183,Cold,9709,110495,55245,50.0,66,44,29,3.61,36,204,Evening,Temporarily Closed,2025-02-03,79.36,21,No,2025-01-06
DC0007,Distribution Center 07,Cold Storage DC,South,Bengaluru,India,MGR0092,P00091,Frozen,20373,126504,76000,60.08,70,3,209,7.15,24,494,Night,Active,2025-02-03,78.12,12,No,2025-01-11
DC0007,Distribution Center 07,Cross-Dock Center,South,Bengaluru,India,MGR0079,P00170,Ambient,10119,143787,36360,25.29,51,73,25,18.03,44,209,Evening,Maintenance,2025-02-03,99.35,0,No,2025-01-04
DC0011,Distribution Center 11,Cold Storage DC,North,Jaipur,India,MGR0070,P00210,Hazardous,7600,99487,34922,35.1,9,33,346,9.77,34,187,Morning,Active,2025-02-03,92.46,19,No,2025-01-06
DC0012,Distribution Center 12,Regional DC,South,Hyderabad,India,MGR0056,P00194,Ambient,5327,82686,66240,80.11,49,37,354,23.39,14,182,Evening,Active,2025-02-03,78.54,41,No,2025-01-14
DC0014,Distribution Center 14,Cross-Dock Center,West,Ahmedabad,India,MGR0073,P00236,Ambient,24834,72406,35967,49.67,12,81,64,7.21,23,245,Night,Active,2025-02-03,81.34,20,No,2025-01-21
DC0021,Distribution Center 21,Cold Storage DC,North,Delhi,India,MGR0065,P00157,Ambient,5495,113055,81044,71.69,54,8,318,11.94,30,276,Night,Temporarily Closed,2025-02-03,91.34,47,No,2025-02-02
DC0023,Distribution Center 23,Cross-Dock Center,East,Kolkata,India,MGR0067,P00013,Ambient,7127,87155,80111,91.92,70,95,480,19.74,45,43,Morning,Active,2025-02-03,98.45,10,No,2025-01-30
DC0023,Distribution Center 23,Fulfillment Center,East,Kolkata,India,MGR0061,P00050,Ambient,20064,69414,51322,73.94,11,24,165,10.87,9,303,Night,Maintenance,2025-02-03,96.09,9,No,2025-01-17
DC0023,Distribution Center 23,Regional DC,East,Kolkata,India,MGR0017,P00095,Ambient,23726,82140,61837,75.28,20,1,176,6.44,35,54,Morning,Active,2025-02-03,98.69,4,No,2025-01-08
DC0025,Distribution Center 25,Fulfillment Center,Central,Bhopal,India,MGR0064,P00120,Ambient,12929,21397,7055,32.97,45,55,288,9.46,14,133,Night,Active,2025-02-03,92.79,36,No,2025-01-20
DC0030,Distribution Center 30,Cold Storage DC,Central,Nagpur,India,MGR0094,P00069,Ambient,3251,100385,92480,92.13,30,41,393,10.61,49,490,Night,Active,2025-02-03,78.82,18,No,2025-01-19
DC0030,Distribution Center 30,Cold Storage DC,Central,Nagpur,India,MGR0069,P00160,Ambient,12613,131172,91289,69.59,24,11,278,8.41,18,439,Morning,Active,2025-02-03,94.66,3,No,2025-01-29
DC0008,Distribution Center 08,Fulfillment Center,East,Bhubaneswar,India,MGR0067,P00124,Frozen,10456,30502,25126,82.37,19,19,399,6.11,37,224,Morning,Maintenance,2025-02-04,84.73,46,No,2025-01-22
DC0012,Distribution Center 12,Cold Storage DC,South,Hyderabad,India,MGR0089,P00049,Ambient,21334,147076,107866,73.34,50,83,370,5.02,40,38,Evening,Active,2025-02-04,80.35,40,No,2025-01-21
DC0014,Distribution Center 14,Regional DC,West,Ahmedabad,India,MGR0094,P00008,Ambient,19410,98346,62708,63.76,53,22,230,16.37,34,248,Night,Active,2025-02-04,77.26,36,No,2025-01-16
DC0017,Distribution Center 17,Fulfillment Center,South,Kochi,India,MGR0097,P00084,Ambient,1497,139912,94573,67.59,36,51,302,1.69,44,368,Night,Temporarily Closed,2025-02-04,95.99,47,No,2025-01-24
DC0020,Distribution Center 20,Cold Storage DC,Central,Raipur,India,MGR0011,P00003,Ambient,14066,144394,102420,70.93,35,6,243,3.11,42,397,Night,Temporarily Closed,2025-02-04,91.14,48,No,2025-01-20
DC0020,Distribution Center 20,Cross-Dock Center,Central,Raipur,India,MGR0021,P00021,Frozen,5910,134946,88644,65.69,21,99,374,14.37,50,488,Evening,Active,2025-02-04,98.13,28,No,2025-01-13
DC0028,Distribution Center 28,Cold Storage DC,East,Bhubaneswar,India,MGR0078,P00209,Cold,12525,95190,70823,74.4,2,40,100,21.16,43,51,Evening,Maintenance,2025-02-04,86.36,8,No,2025-01-24
DC0030,Distribution Center 30,Cross-Dock Center,Central,Nagpur,India,MGR0013,P00246,Hazardous,7539,111634,91557,82.02,4,55,228,4.11,30,217,Morning,Maintenance,2025-02-04,87.17,42,No,2025-01-26
DC0005,Distribution Center 05,Cross-Dock Center,Central,Bhopal,India,MGR0021,P00117,Ambient,17241,94600,68924,72.86,6,52,288,16.0,29,160,Evening,Temporarily Closed,2025-02-05,89.12,17,No,2025-01-27
DC0011,Distribution Center 11,Regional DC,North,Jaipur,India,MGR0077,P00017,Hazardous,8869,39958,34979,87.54,76,7,138,21.72,34,108,Night,Active,2025-02-05,80.0,43,No,2025-01-08
DC0022,Distribution Center 22,Cold Storage DC,South,Chennai,India,MGR0077,P00011,Ambient,13688,87098,23475,26.95,18,56,170,4.28,50,307,Night,Temporarily Closed,2025-02-05,81.53,6,No,2025-01-07
DC0023,Distribution Center 23,Fulfillment Center,East,Kolkata,India,MGR0100,P00025,Ambient,8791,53071,19076,35.94,46,1,127,12.12,31,333,Night,Active,2025-02-05,92.9,44,No,2025-01-08
DC0024,Distribution Center 24,Cold Storage DC,West,Mumbai,India,MGR0074,P00239,Ambient,18811,51197,34905,68.18,67,80,162,19.52,43,88,Night,Active,2025-02-05,97.2,13,No,2025-02-03
DC0027,Distribution Center 27,Cold Storage DC,South,Bengaluru,India,MGR0065,P00010,Ambient,17933,45625,23449,51.4,49,46,330,5.9,46,418,Morning,Temporarily Closed,2025-02-05,96.46,43,No,2025-01-24
DC0003,Distribution Center 03,Cross-Dock Center,East,Kolkata,India,MGR0073,P00219,Ambient,7699,90070,47803,53.07,48,99,141,4.69,24,215,Evening,Active,2025-02-06,93.3,6,No,2025-01-11
DC0005,Distribution Center 05,Fulfillment Center,Central,Bhopal,India,MGR0092,P00051,Ambient,11874,80284,23222,28.92,46,90,142,17.96,46,419,Night,Maintenance,2025-02-06,96.72,27,No,2025-01-18
DC0006,Distribution Center 06,Regional DC,North,Chandigarh,India,MGR0025,P00158,Ambient,5496,38534,33446,86.8,78,56,322,17.01,30,186,Morning,Active,2025-02-06,97.11,30,No,2025-01-20
DC0006,Distribution Center 06,Fulfillment Center,North,Chandigarh,India,MGR0047,P00233,Ambient,7564,85278,31454,36.88,62,93,341,14.33,30,361,Evening,Active,2025-02-06,81.23,29,No,2025-01-19
DC0007,Distribution Center 07,Fulfillment Center,South,Bengaluru,India,MGR0056,P00214,Ambient,15674,53692,13496,25.14,63,7,188,16.56,7,316,Evening,Maintenance,2025-02-06,96.51,2,No,2025-01-27
DC0008,Distribution Center 08,Regional DC,East,Bhubaneswar,India,MGR0066,P00136,Ambient,24057,100030,71994,71.97,70,43,56,13.53,22,271,Evening,Maintenance,2025-02-06,88.17,37,No,2025-01-14
DC0012,Distribution Center 12,Cross-Dock Center,South,Hyderabad,India,MGR0007,P00173,Cold,18810,77768,45779,58.87,61,50,447,6.1,25,243,Morning,Maintenance,2025-02-06,87.89,21,No,2025-02-06
DC0015,Distribution Center 15,Cross-Dock Center,Central,Indore,India,MGR0081,P00203,Ambient,16754,56972,49448,86.79,37,16,295,8.36,32,307,Morning,Maintenance,2025-02-06,99.34,48,No,2025-02-05
DC0016,Distribution Center 16,Cross-Dock Center,North,Lucknow,India,MGR0024,P00095,Ambient,8952,97462,54898,56.33,6,45,477,13.48,34,147,Morning,Temporarily Closed,2025-02-06,82.52,0,No,2025-01-13
DC0025,Distribution Center 25,Cold Storage DC,Central,Bhopal,India,MGR0047,P00032,Ambient,22173,74832,60718,81.14,4,83,10,17.29,30,158,Morning,Active,2025-02-06,77.92,18,No,2025-01-25
DC0025,Distribution Center 25,Regional DC,Central,Bhopal,India,MGR0097,P00180,Ambient,24120,64384,55524,86.24,13,10,226,22.13,45,78,Night,Maintenance,2025-02-06,85.71,40,No,2025-01-30
DC0002,Distribution Center 02,Cross-Dock Center,South,Chennai,India,MGR0020,P00108,Ambient,21510,55680,45527,81.77,65,34,457,5.34,33,223,Evening,Active,2025-02-07,91.19,48,No,2025-02-04
DC0002,Distribution Center 02,Fulfillment Center,South,Chennai,India,MGR0042,P00218,Frozen,1252,69105,54172,78.39,64,97,338,22.47,42,327,Night,Active,2025-02-07,98.41,0,No,2025-01-13
DC0004,Distribution Center 04,Regional DC,West,Mumbai,India,MGR0032,P00148,Ambient,12243,47130,33739,71.59,19,42,68,4.05,24,185,Evening,Active,2025-02-07,78.73,23,No,2025-01-19
DC0006,Distribution Center 06,Fulfillment Center,North,Chandigarh,India,MGR0095,P00122,Frozen,17305,50928,39073,76.72,33,2,7,12.45,38,206,Morning,Maintenance,2025-02-07,73.49,28,No,2025-01-21
DC0016,Distribution Center 16,Fulfillment Center,North,Lucknow,India,MGR0052,P00040,Cold,16714,27644,13849,50.1,72,40,109,12.43,5,498,Evening,Maintenance,2025-02-07,84.19,18,No,2025-01-13
DC0017,Distribution Center 17,Fulfillment Center,South,Kochi,India,MGR0037,P00041,Ambient,13011,54426,37780,69.42,48,81,423,21.21,44,21,Night,Maintenance,2025-02-07,91.88,30,No,2025-02-05
DC0023,Distribution Center 23,Cold Storage DC,East,Kolkata,India,MGR0034,P00121,Ambient,18012,128982,82887,64.26,18,73,471,5.51,30,428,Night,Maintenance,2025-02-07,89.11,41,No,2025-01-29
DC0026,Distribution Center 26,Fulfillment Center,North,Chandigarh,India,MGR0050,P00115,Cold,557,40315,33696,83.58,56,9,107,21.31,41,87,Night,Active,2025-02-07,90.06,4,No,2025-01-08
DC0027,Distribution Center 27,Cold Storage DC,South,Bengaluru,India,MGR0038,P00250,Ambient,21247,123781,116643,94.23,4,66,458,1.98,47,439,Evening,Active,2025-02-07,72.95,17,No,2025-01-18
DC0028,Distribution Center 28,Cold Storage DC,East,Bhubaneswar,India,MGR0054,P00103,Ambient,5997,46454,15280,32.89,25,94,279,8.72,19,334,Morning,Temporarily Closed,2025-02-07,73.34,26,No,2025-01-13
DC0030,Distribution Center 30,Fulfillment Center,Central,Nagpur,India,MGR0032,P00016,Ambient,18321,148995,107890,72.41,10,73,175,15.69,26,50,Evening,Temporarily Closed,2025-02-07,73.48,11,No,2025-01-12
DC0030,Distribution Center 30,Fulfillment Center,Central,Nagpur,India,MGR0086,P00137,Hazardous,16954,78160,39431,50.45,35,16,321,19.49,26,308,Morning,Temporarily Closed,2025-02-07,91.43,43,No,2025-01-26
DC0014,Distribution Center 14,Cold Storage DC,West,Ahmedabad,India,MGR0027,P00189,Ambient,24668,79043,55319,69.99,34,42,265,14.13,17,470,Morning,Active,2025-02-08,94.83,36,No,2025-01-15
DC0016,Distribution Center 16,Fulfillment Center,North,Lucknow,India,MGR0082,P00222,Ambient,9763,50979,47220,92.63,64,29,321,7.03,34,224,Morning,Active,2025-02-08,97.47,30,No,2025-01-17
DC0019,Distribution Center 19,Cold Storage DC,West,Surat,India,MGR0035,P00149,Cold,3584,124084,73864,59.53,67,90,15,10.36,4,105,Evening,Active,2025-02-08,72.63,26,No,2025-01-12
DC0024,Distribution Center 24,Regional DC,West,Mumbai,India,MGR0012,P00067,Cold,11907,128077,40464,31.59,10,31,355,17.96,17,267,Night,Active,2025-02-08,99.73,45,No,2025-01-27
DC0027,Distribution Center 27,Cold Storage DC,South,Bengaluru,India,MGR0014,P00040,Cold,1981,91112,87481,96.01,20,46,65,23.63,36,234,Evening,Maintenance,2025-02-08,94.4,44,No,2025-02-03
DC0028,Distribution Center 28,Cold Storage DC,East,Bhubaneswar,India,MGR0044,P00216,Ambient,18428,68630,28419,41.41,35,41,314,8.5,48,214,Morning,Active,2025-02-08,94.53,12,No,2025-01-10
DC0002,Distribution Center 02,Fulfillment Center,South,Chennai,India,MGR0009,P00188,Ambient,18386,129565,43571,33.63,20,80,303,19.68,39,44,Morning,Active,2025-02-09,76.98,41,No,2025-01-20
DC0003,Distribution Center 03,Fulfillment Center,East,Kolkata,India,MGR0081,P00006,Cold,13718,80282,66255,82.53,8,40,14,21.98,44,174,Evening,Active,2025-02-09,92.57,23,No,2025-01-29
DC0005,Distribution Center 05,Cold Storage DC,Central,Bhopal,India,MGR0092,P00225,Ambient,19751,146524,141209,96.37,5,76,486,15.18,18,261,Morning,Maintenance,2025-02-09,87.7,17,No,2025-01-11
DC0006,Distribution Center 06,Cold Storage DC,North,Chandigarh,India,MGR0100,P00172,Ambient,5221,40051,23121,57.73,11,69,117,14.32,9,37,Evening,Temporarily Closed,2025-02-09,80.22,46,No,2025-01-14
DC0011,Distribution Center 11,Cross-Dock Center,North,Jaipur,India,MGR0095,P00198,Ambient,20517,93231,40035,42.94,53,68,343,15.88,39,240,Night,Active,2025-02-09,86.9,17,No,2025-02-08
DC0024,Distribution Center 24,Regional DC,West,Mumbai,India,MGR0015,P00215,Ambient,17454,132717,37718,28.42,12,16,84,13.15,19,484,Morning,Temporarily Closed,2025-02-09,96.91,0,No,2025-02-04
DC0025,Distribution Center 25,Fulfillment Center,Central,Bhopal,India,MGR0042,P00068,Ambient,21107,35584,16372,46.01,15,32,492,4.28,16,417,Morning,Temporarily Closed,2025-02-09,73.39,16,No,2025-02-07
DC0030,Distribution Center 30,Cold Storage DC,Central,Nagpur,India,MGR0060,P00001,Hazardous,13302,63062,58926,93.44,31,94,366,22.56,41,23,Night,Active,2025-02-09,96.8,2,No,2025-01-21
DC0030,Distribution Center 30,Cross-Dock Center,Central,Nagpur,India,MGR0018,P00148,Cold,7850,103243,88738,85.95,11,31,73,22.9,11,471,Night,Active,2025-02-09,96.23,20,No,2025-01-18
DC0004,Distribution Center 04,Regional DC,West,Mumbai,India,MGR0070,P00110,Ambient,1502,42151,15084,35.79,33,18,146,18.7,4,383,Morning,Maintenance,2025-02-10,90.72,28,No,2025-01-22
DC0005,Distribution Center 05,Regional DC,Central,Bhopal,India,MGR0083,P00151,Ambient,8944,133731,88285,66.02,71,8,376,2.35,26,152,Morning,Active,2025-02-10,78.92,28,No,2025-01-19
DC0010,Distribution Center 10,Cross-Dock Center,Central,Nagpur,India,MGR0048,P00010,Ambient,22630,91132,40077,43.98,46,94,34,9.89,44,189,Night,Active,2025-02-10,89.12,2,No,2025-02-10
DC0010,Distribution Center 10,Cold Storage DC,Central,Nagpur,India,MGR0051,P00153,Ambient,16899,99546,81671,82.04,35,79,271,12.21,17,373,Evening,Active,2025-02-10,84.96,28,No,2025-01-17
DC0015,Distribution Center 15,Cross-Dock Center,Central,Indore,India,MGR0006,P00128,Ambient,14869,134691,65477,48.61,17,29,478,1.6,8,370,Night,Maintenance,2025-02-10,73.34,2,No,2025-02-08
DC0018,Distribution Center 18,Cross-Dock Center,East,Patna,India,MGR0071,P00246,Hazardous,7738,119776,104622,87.35,58,29,343,14.87,26,26,Morning,Maintenance,2025-02-10,74.73,32,No,2025-02-08
DC0023,Distribution Center 23,Cold Storage DC,East,Kolkata,India,MGR0074,P00057,Ambient,6481,89684,81106,90.44,16,49,450,23.6,40,38,Night,Active,2025-02-10,79.18,47,No,2025-01-13
DC0023,Distribution Center 23,Cold Storage DC,East,Kolkata,India,MGR0056,P00186,Ambient,8660,21528,13229,61.45,57,35,334,6.76,50,116,Night,Active,2025-02-10,91.11,35,No,2025-01-11
DC0002,Distribution Center 02,Cold Storage DC,South,Chennai,India,MGR0093,P00144,Ambient,11991,41353,22459,54.31,4,23,347,12.8,15,349,Evening,Active,2025-02-11,89.49,36,No,2025-01-12
DC0004,Distribution Center 04,Cold Storage DC,West,Mumbai,India,MGR0011,P00107,Ambient,4651,89847,85577,95.25,17,59,82,10.72,23,280,Night,Temporarily Closed,2025-02-11,98.49,22,No,2025-01-27
DC0008,Distribution Center 08,Regional DC,East,Bhubaneswar,India,MGR0083,P00206,Ambient,24885,40148,19792,49.3,79,77,372,12.86,10,223,Night,Maintenance,2025-02-11,85.6,37,No,2025-01-27
DC0008,Distribution Center 08,Cold Storage DC,East,Bhubaneswar,India,MGR0011,P00235,Hazardous,18513,88612,22763,25.69,12,83,257,21.4,47,236,Morning,Maintenance,2025-02-11,74.28,3,No,2025-01-13
DC0016,Distribution Center 16,Cross-Dock Center,North,Lucknow,India,MGR0040,P00009,Ambient,17405,71755,49201,68.57,32,58,104,7.6,11,236,Morning,Maintenance,2025-02-11,84.88,44,No,2025-01-28
DC0017,Distribution Center 17,Fulfillment Center,South,Kochi,India,MGR0091,P00030,Ambient,6918,140553,107830,76.72,54,2,474,22.93,16,411,Night,Active,2025-02-11,92.73,23,No,2025-01-19
DC0024,Distribution Center 24,Regional DC,West,Mumbai,India,MGR0073,P00179,Hazardous,14525,102598,38700,37.72,39,8,98,10.6,39,260,Morning,Maintenance,2025-02-11,73.46,42,No,2025-01-30
DC0026,Distribution Center 26,Cold Storage DC,North,Chandigarh,India,MGR0039,P00092,Ambient,23200,119414,72708,60.89,58,85,488,21.68,28,75,Night,Active,2025-02-11,73.27,20,No,2025-01-23
DC0027,Distribution Center 27,Cold Storage DC,South,Bengaluru,India,MGR0010,P00002,Ambient,14834,114884,96984,84.42,32,25,231,22.16,46,347,Night,Active,2025-02-11,96.05,39,No,2025-02-06
DC0001,Distribution Center 01,Cross-Dock Center,North,Delhi,India,MGR0007,P00230,Ambient,23576,58968,32177,54.57,28,72,96,2.21,18,75,Evening,Maintenance,2025-02-12,92.2,20,No,2025-02-04
DC0004,Distribution Center 04,Cross-Dock Center,West,Mumbai,India,MGR0072,P00196,Ambient,630,26043,9191,35.29,16,1,453,1.83,27,248,Morning,Maintenance,2025-02-12,72.61,46,No,2025-02-11
DC0013,Distribution Center 13,Cold Storage DC,East,Guwahati,India,MGR0060,P00105,Hazardous,372,33456,21990,65.73,40,32,152,16.83,32,474,Night,Temporarily Closed,2025-02-12,81.31,38,Yes,2025-02-02
DC0013,Distribution Center 13,Fulfillment Center,East,Guwahati,India,MGR0029,P00167,Ambient,12780,103272,92673,89.74,16,86,100,18.82,45,57,Morning,Temporarily Closed,2025-02-12,80.08,27,No,2025-01-28
DC0017,Distribution Center 17,Cold Storage DC,South,Kochi,India,MGR0008,P00121,Ambient,10143,60347,18075,29.95,25,78,499,8.92,50,298,Night,Active,2025-02-12,83.01,7,No,2025-02-06
DC0018,Distribution Center 18,Fulfillment Center,East,Patna,India,MGR0099,P00176,Ambient,16572,100163,39780,39.72,76,90,389,9.99,41,166,Evening,Temporarily Closed,2025-02-12,86.32,5,No,2025-01-25
DC0020,Distribution Center 20,Cross-Dock Center,Central,Raipur,India,MGR0001,P00204,Ambient,23509,132038,58781,44.52,24,93,289,22.36,40,352,Evening,Maintenance,2025-02-12,90.65,2,No,2025-02-07
DC0023,Distribution Center 23,Cross-Dock Center,East,Kolkata,India,MGR0048,P00016,Ambient,1535,48854,31056,63.57,37,22,79,10.86,14,100,Morning,Active,2025-02-12,81.31,27,No,2025-01-15
DC0030,Distribution Center 30,Fulfillment Center,Central,Nagpur,India,MGR0014,P00230,Hazardous,14850,61338,45264,73.79,4,81,173,21.65,45,74,Night,Maintenance,2025-02-12,85.72,11,No,2025-01-17
DC0004,Distribution Center 04,Fulfillment Center,West,Mumbai,India,MGR0064,P00112,Ambient,19939,57466,27327,47.55,11,52,266,17.27,37,387,Night,Active,2025-02-13,85.73,36,No,2025-01-30
DC0005,Distribution Center 05,Regional DC,Central,Bhopal,India,MGR0067,P00027,Ambient,688,26157,16267,62.19,34,41,325,5.34,25,280,Evening,Active,2025-02-13,75.52,4,No,2025-02-09
DC0009,Distribution Center 09,Regional DC,West,Pune,India,MGR0011,P00242,Ambient,22685,141629,50128,35.39,62,38,88,16.13,47,343,Night,Active,2025-02-13,82.08,13,No,2025-02-12
DC0014,Distribution Center 14,Regional DC,West,Ahmedabad,India,MGR0083,P00214,Ambient,22857,126803,51185,40.37,30,21,213,11.99,28,92,Morning,Active,2025-02-13,79.77,11,No,2025-02-08
DC0015,Distribution Center 15,Cold Storage DC,Central,Indore,India,MGR0051,P00127,Ambient,5906,28221,26798,94.96,22,2,339,8.15,20,208,Night,Maintenance,2025-02-13,90.58,6,No,2025-01-26
DC0020,Distribution Center 20,Cross-Dock Center,Central,Raipur,India,MGR0067,P00230,Ambient,11234,129774,55641,42.88,53,1,452,14.79,14,470,Evening,Active,2025-02-13,87.97,7,No,2025-01-23
DC0022,Distribution Center 22,Cross-Dock Center,South,Chennai,India,MGR0006,P00112,Hazardous,1050,55161,20430,37.04,49,75,388,16.69,40,313,Evening,Active,2025-02-13,80.3,11,No,2025-01-28
DC0024,Distribution Center 24,Fulfillment Center,West,Mumbai,India,MGR0059,P00157,Ambient,8370,37917,17519,46.2,9,5,47,2.05,26,252,Night,Active,2025-02-13,77.71,34,No,2025-02-04
DC0003,Distribution Center 03,Regional DC,East,Kolkata,India,MGR0081,P00078,Ambient,17075,88240,63201,71.62,75,65,173,14.03,41,358,Evening,Active,2025-02-14,96.66,35,No,2025-01-24
DC0004,Distribution Center 04,Cold Storage DC,West,Mumbai,India,MGR0067,P00008,Ambient,19926,66917,36897,55.14,50,2,264,15.45,9,291,Morning,Active,2025-02-14,73.28,18,No,2025-02-03
DC0005,Distribution Center 05,Cross-Dock Center,Central,Bhopal,India,MGR0081,P00131,Ambient,9709,29602,18804,63.52,28,69,305,17.34,12,458,Morning,Active,2025-02-14,78.0,16,No,2025-02-05
DC0009,Distribution Center 09,Cross-Dock Center,West,Pune,India,MGR0021,P00050,Ambient,10339,50313,39184,77.88,18,97,468,2.86,46,152,Night,Maintenance,2025-02-14,84.96,36,No,2025-01-21
DC0009,Distribution Center 09,Cold Storage DC,West,Pune,India,MGR0041,P00203,Ambient,1548,77691,25824,33.24,27,18,407,18.72,27,405,Night,Active,2025-02-14,78.23,30,No,2025-01-15
DC0018,Distribution Center 18,Fulfillment Center,East,Patna,India,MGR0050,P00137,Ambient,17058,73777,20638,27.97,49,18,247,16.41,31,339,Night,Active,2025-02-14,90.18,16,No,2025-01-23
DC0019,Distribution Center 19,Regional DC,West,Surat,India,MGR0043,P00093,Ambient,18707,112300,72839,64.86,59,4,35,2.16,13,420,Night,Maintenance,2025-02-14,94.94,9,No,2025-02-13
DC0022,Distribution Center 22,Cold Storage DC,South,Chennai,India,MGR0052,P00191,Ambient,18359,115837,64424,55.62,78,80,165,17.04,42,46,Morning,Temporarily Closed,2025-02-14,99.87,41,No,2025-02-13
DC0028,Distribution Center 28,Regional DC,East,Bhubaneswar,India,MGR0095,P00228,Ambient,17955,69754,28956,41.51,57,92,306,1.99,25,402,Night,Active,2025-02-14,99.42,28,No,2025-01-15
DC0004,Distribution Center 04,Cold Storage DC,West,Mumbai,India,MGR0021,P00128,Ambient,19005,123966,64786,52.26,24,43,279,14.51,28,190,Night,Active,2025-02-15,91.63,16,No,2025-01-16
DC0004,Distribution Center 04,Fulfillment Center,West,Mumbai,India,MGR0048,P00132,Ambient,4780,110037,64114,58.27,55,3,141,7.05,25,403,Evening,Temporarily Closed,2025-02-15,82.69,11,No,2025-01-26
DC0005,Distribution Center 05,Cross-Dock Center,Central,Bhopal,India,MGR0004,P00193,Ambient,5666,86670,64712,74.66,21,75,347,17.07,37,265,Night,Active,2025-02-15,82.84,2,No,2025-02-13
DC0006,Distribution Center 06,Fulfillment Center,North,Chandigarh,India,MGR0072,P00096,Frozen,17062,118199,47662,40.32,78,49,290,4.42,17,350,Evening,Active,2025-02-15,88.66,49,No,2025-01-29
DC0030,Distribution Center 30,Regional DC,Central,Nagpur,India,MGR0056,P00066,Ambient,12286,46900,27354,58.32,15,72,5,23.88,39,317,Morning,Temporarily Closed,2025-02-15,72.95,36,No,2025-02-15
DC0003,Distribution Center 03,Cross-Dock Center,East,Kolkata,India,MGR0032,P00133,Ambient,7669,40243,16626,41.31,1,82,283,18.48,21,490,Morning,Active,2025-02-16,94.97,45,No,2025-01-31
DC0012,Distribution Center 12,Fulfillment Center,South,Hyderabad,India,MGR0029,P00136,Ambient,23379,112322,91032,81.05,15,56,110,13.98,11,425,Evening,Active,2025-02-16,76.45,22,No,2025-02-02
DC0015,Distribution Center 15,Regional DC,Central,Indore,India,MGR0063,P00232,Cold,15045,61127,37896,62.0,13,31,92,7.35,32,325,Evening,Active,2025-02-16,77.51,5,No,2025-02-09
DC0016,Distribution Center 16,Regional DC,North,Lucknow,India,MGR0055,P00057,Hazardous,4413,109069,31552,28.93,16,28,187,4.07,43,59,Night,Temporarily Closed,2025-02-16,95.05,37,No,2025-02-01
DC0022,Distribution Center 22,Regional DC,South,Chennai,India,MGR0100,P00064,Frozen,8220,88641,50779,57.29,43,13,61,9.85,14,233,Morning,Active,2025-02-16,75.6,20,No,2025-02-05
DC0026,Distribution Center 26,Cross-Dock Center,North,Chandigarh,India,MGR0064,P00101,Cold,1201,36834,29691,80.61,37,92,463,17.33,15,156,Night,Active,2025-02-16,95.52,29,No,2025-01-30
DC0026,Distribution Center 26,Cross-Dock Center,North,Chandigarh,India,MGR0033,P00153,Ambient,22967,143667,109833,76.45,57,14,427,20.93,31,429,Evening,Active,2025-02-16,90.35,40,No,2025-02-11
DC0026,Distribution Center 26,Cross-Dock Center,North,Chandigarh,India,MGR0030,P00210,Ambient,5467,29204,19517,66.83,2,57,158,1.8,48,285,Morning,Active,2025-02-16,85.98,22,No,2025-02-11
DC0029,Distribution Center 29,Regional DC,West,Pune,India,MGR0019,P00092,Frozen,4222,82846,40028,48.32,65,10,207,11.64,7,390,Night,Temporarily Closed,2025-02-16,98.0,26,No,2025-02-02
DC0002,Distribution Center 02,Regional DC,South,Chennai,India,MGR0063,P00041,Ambient,11191,29749,9935,33.4,17,48,257,7.13,4,98,Night,Active,2025-02-17,92.1,17,No,2025-02-01
DC0013,Distribution Center 13,Regional DC,East,Guwahati,India,MGR0029,P00114,Ambient,6624,99769,61180,61.32,21,89,469,2.98,28,346,Morning,Active,2025-02-17,97.5,43,No,2025-01-29
DC0016,Distribution Center 16,Cold Storage DC,North,Lucknow,India,MGR0022,P00031,Hazardous,21086,47380,15873,33.5,54,64,314,17.13,38,246,Morning,Temporarily Closed,2025-02-17,98.13,9,No,2025-02-13
DC0017,Distribution Center 17,Regional DC,South,Kochi,India,MGR0073,P00227,Frozen,16703,119504,84409,70.63,42,9,129,3.21,21,246,Evening,Maintenance,2025-02-17,79.61,10,No,2025-02-02
DC0020,Distribution Center 20,Regional DC,Central,Raipur,India,MGR0089,P00014,Cold,16452,60240,16938,28.12,78,10,302,5.19,45,484,Morning,Temporarily Closed,2025-02-17,94.63,48,No,2025-02-16
DC0023,Distribution Center 23,Fulfillment Center,East,Kolkata,India,MGR0068,P00090,Ambient,10125,105650,64194,60.76,14,41,121,9.1,46,115,Night,Maintenance,2025-02-17,74.86,9,No,2025-01-18
DC0002,Distribution Center 02,Regional DC,South,Chennai,India,MGR0017,P00241,Cold,8216,45329,26952,59.46,73,85,325,10.1,22,104,Morning,Maintenance,2025-02-18,73.69,8,No,2025-02-16
DC0003,Distribution Center 03,Regional DC,East,Kolkata,India,MGR0016,P00196,Frozen,5109,23684,19030,80.35,15,16,72,15.75,16,454,Night,Temporarily Closed,2025-02-18,91.21,12,No,2025-02-06
DC0004,Distribution Center 04,Fulfillment Center,West,Mumbai,India,MGR0020,P00062,Ambient,23398,61687,27443,44.49,43,83,277,10.42,24,314,Morning,Maintenance,2025-02-18,84.22,33,No,2025-02-17
DC0004,Distribution Center 04,Fulfillment Center,West,Mumbai,India,MGR0049,P00155,Ambient,16298,48094,17581,36.56,9,4,42,17.47,42,83,Evening,Temporarily Closed,2025-02-18,75.93,45,No,2025-02-17
DC0007,Distribution Center 07,Fulfillment Center,South,Bengaluru,India,MGR0002,P00112,Ambient,18778,115956,71302,61.49,54,66,471,4.12,14,468,Evening,Active,2025-02-18,72.95,49,No,2025-02-08
DC0013,Distribution Center 13,Cold Storage DC,East,Guwahati,India,MGR0031,P00133,Hazardous,20225,44266,42227,95.39,7,39,441,11.63,20,273,Morning,Active,2025-02-18,80.4,16,No,2025-02-02
DC0024,Distribution Center 24,Fulfillment Center,West,Mumbai,India,MGR0075,P00178,Cold,16371,80463,48690,60.51,10,24,127,13.24,26,98,Morning,Active,2025-02-18,97.0,39,No,2025-02-09
DC0027,Distribution Center 27,Fulfillment Center,South,Bengaluru,India,MGR0016,P00140,Cold,7374,74621,19322,25.89,48,57,41,11.5,9,386,Night,Temporarily Closed,2025-02-18,82.23,14,No,2025-02-06
DC0030,Distribution Center 30,Regional DC,Central,Nagpur,India,MGR0048,P00114,Ambient,15480,41532,33993,81.85,43,31,104,21.4,38,456,Morning,Temporarily Closed,2025-02-18,86.15,31,No,2025-01-29
DC0006,Distribution Center 06,Cold Storage DC,North,Chandigarh,India,MGR0057,P00063,Ambient,2465,113765,42587,37.43,35,18,7,18.93,33,263,Evening,Active,2025-02-19,78.09,25,No,2025-01-21
DC0006,Distribution Center 06,Cold Storage DC,North,Chandigarh,India,MGR0058,P00160,Ambient,12356,56042,45045,80.38,7,86,237,18.46,29,158,Evening,Active,2025-02-19,81.54,20,No,2025-01-22
DC0020,Distribution Center 20,Fulfillment Center,Central,Raipur,India,MGR0098,P00041,Ambient,17665,141913,124760,87.91,52,60,431,23.3,20,317,Night,Active,2025-02-19,92.53,47,No,2025-02-16
DC0022,Distribution Center 22,Regional DC,South,Chennai,India,MGR0016,P00042,Cold,22977,97314,32051,32.94,27,46,59,5.96,12,285,Evening,Maintenance,2025-02-19,85.73,34,No,2025-02-06
DC0022,Distribution Center 22,Cross-Dock Center,South,Chennai,India,MGR0047,P00174,Ambient,24038,45336,23224,51.23,36,5,128,9.97,21,383,Morning,Active,2025-02-19,90.42,16,No,2025-02-02
DC0024,Distribution Center 24,Regional DC,West,Mumbai,India,MGR0051,P00103,Hazardous,10424,87842,22395,25.49,36,48,350,13.88,46,294,Night,Active,2025-02-19,80.36,49,No,2025-02-18
DC0029,Distribution Center 29,Cold Storage DC,West,Pune,India,MGR0058,P00162,Ambient,17817,142378,109162,76.67,13,2,338,12.07,49,311,Night,Active,2025-02-19,78.54,10,No,2025-02-08
DC0006,Distribution Center 06,Regional DC,North,Chandigarh,India,MGR0095,P00168,Ambient,13105,83316,76408,91.71,75,55,181,10.38,43,316,Night,Maintenance,2025-02-20,78.41,36,No,2025-02-07
DC0007,Distribution Center 07,Fulfillment Center,South,Bengaluru,India,MGR0095,P00009,Ambient,22717,92536,77301,83.54,56,18,311,20.82,4,181,Night,Temporarily Closed,2025-02-20,89.1,6,No,2025-02-19
DC0008,Distribution Center 08,Cross-Dock Center,East,Bhubaneswar,India,MGR0030,P00178,Ambient,17765,20860,6742,32.32,7,18,401,19.6,12,119,Morning,Active,2025-02-20,94.07,39,No,2025-01-30
DC0012,Distribution Center 12,Regional DC,South,Hyderabad,India,MGR0096,P00142,Cold,24698,51042,36987,72.46,71,48,497,5.06,5,460,Morning,Active,2025-02-20,79.44,15,No,2025-01-25
DC0014,Distribution Center 14,Fulfillment Center,West,Ahmedabad,India,MGR0037,P00171,Cold,21085,21856,17056,78.04,52,15,495,22.61,28,140,Night,Active,2025-02-20,80.61,35,No,2025-02-03
DC0020,Distribution Center 20,Fulfillment Center,Central,Raipur,India,MGR0039,P00092,Ambient,20407,120152,76670,63.81,35,4,361,6.39,16,310,Morning,Active,2025-02-20,95.1,3,No,2025-01-28
DC0028,Distribution Center 28,Cross-Dock Center,East,Bhubaneswar,India,MGR0001,P00095,Ambient,6303,84918,24370,28.7,66,7,459,2.68,36,401,Night,Active,2025-02-20,84.27,41,No,2025-02-02
DC0029,Distribution Center 29,Cold Storage DC,West,Pune,India,MGR0077,P00120,Ambient,16845,33780,31372,92.87,62,67,458,23.7,9,147,Night,Temporarily Closed,2025-02-20,88.95,35,No,2025-01-21
DC0006,Distribution Center 06,Regional DC,North,Chandigarh,India,MGR0088,P00078,Ambient,8492,126565,53808,42.51,53,18,257,15.57,40,50,Evening,Maintenance,2025-02-21,91.84,31,No,2025-02-01
DC0009,Distribution Center 09,Cross-Dock Center,West,Pune,India,MGR0056,P00213,Hazardous,4399,50570,25172,49.78,36,47,83,7.31,36,161,Morning,Active,2025-02-21,81.61,44,No,2025-02-17
DC0012,Distribution Center 12,Cold Storage DC,South,Hyderabad,India,MGR0020,P00158,Ambient,4788,86002,65492,76.15,67,99,62,22.03,44,319,Night,Active,2025-02-21,76.37,47,No,2025-02-04
DC0022,Distribution Center 22,Fulfillment Center,South,Chennai,India,MGR0064,P00029,Ambient,8869,74039,67851,91.64,29,42,234,20.14,10,171,Night,Active,2025-02-21,81.85,49,No,2025-02-02
DC0023,Distribution Center 23,Fulfillment Center,East,Kolkata,India,MGR0056,P00174,Ambient,3091,31392,19658,62.62,14,76,61,10.06,39,163,Morning,Temporarily Closed,2025-02-21,86.33,30,No,2025-01-28
DC0024,Distribution Center 24,Cold Storage DC,West,Mumbai,India,MGR0082,P00243,Ambient,8571,109753,81410,74.18,7,32,154,18.45,45,185,Morning,Active,2025-02-21,74.2,33,No,2025-01-30
DC0029,Distribution Center 29,Regional DC,West,Pune,India,MGR0094,P00183,Ambient,17159,144001,108311,75.22,62,7,102,22.47,15,377,Night,Maintenance,2025-02-21,73.97,45,No,2025-02-05
DC0001,Distribution Center 01,Regional DC,North,Delhi,India,MGR0027,P00195,Cold,8434,45714,38451,84.11,44,36,50,3.3,31,443,Evening,Maintenance,2025-02-22,83.47,0,No,2025-02-21
DC0004,Distribution Center 04,Regional DC,West,Mumbai,India,MGR0028,P00047,Ambient,16600,38070,17724,46.56,11,19,201,2.58,42,92,Night,Active,2025-02-22,98.99,8,No,2025-01-24
DC0007,Distribution Center 07,Cold Storage DC,South,Bengaluru,India,MGR0013,P00216,Cold,21171,56161,25360,45.16,73,95,228,12.14,48,177,Evening,Temporarily Closed,2025-02-22,98.86,28,No,2025-02-21
DC0010,Distribution Center 10,Cross-Dock Center,Central,Nagpur,India,MGR0040,P00233,Ambient,2262,114824,92611,80.65,39,26,267,18.9,26,121,Evening,Temporarily Closed,2025-02-22,76.83,13,No,2025-02-12
DC0013,Distribution Center 13,Fulfillment Center,East,Guwahati,India,MGR0053,P00101,Ambient,8536,99478,26850,26.99,41,98,451,16.48,8,84,Morning,Active,2025-02-22,79.46,27,No,2025-02-10
DC0013,Distribution Center 13,Cold Storage DC,East,Guwahati,India,MGR0045,P00146,Ambient,4859,51789,37271,71.97,3,76,177,11.31,15,316,Night,Temporarily Closed,2025-02-22,76.67,5,No,2025-01-29
DC0014,Distribution Center 14,Fulfillment Center,West,Ahmedabad,India,MGR0031,P00043,Cold,16712,20546,11170,54.37,23,58,135,12.27,15,360,Morning,Maintenance,2025-02-22,99.65,40,No,2025-02-21
DC0016,Distribution Center 16,Regional DC,North,Lucknow,India,MGR0038,P00049,Ambient,18959,103565,54982,53.09,2,68,267,14.17,26,138,Evening,Maintenance,2025-02-22,74.73,19,No,2025-01-27
DC0017,Distribution Center 17,Fulfillment Center,South,Kochi,India,MGR0020,P00056,Ambient,23841,93193,73815,79.21,37,96,157,23.08,4,276,Evening,Active,2025-02-22,93.94,34,No,2025-02-10
DC0021,Distribution Center 21,Cold Storage DC,North,Delhi,India,MGR0060,P00212,Frozen,2483,90582,43106,47.59,30,49,479,16.29,19,210,Night,Active,2025-02-22,84.64,45,No,2025-02-15
DC0023,Distribution Center 23,Cold Storage DC,East,Kolkata,India,MGR0100,P00113,Ambient,18470,23953,16591,69.26,72,66,96,16.15,11,446,Morning,Active,2025-02-22,78.42,31,No,2025-01-26
DC0026,Distribution Center 26,Regional DC,North,Chandigarh,India,MGR0097,P00057,Cold,13640,148262,122049,82.32,7,46,93,7.03,49,22,Morning,Active,2025-02-22,91.32,48,No,2025-01-26
DC0027,Distribution Center 27,Cross-Dock Center,South,Bengaluru,India,MGR0026,P00179,Hazardous,14266,61171,22290,36.44,63,96,456,13.68,31,324,Night,Active,2025-02-22,99.17,18,No,2025-02-15
DC0001,Distribution Center 01,Regional DC,North,Delhi,India,MGR0057,P00015,Hazardous,475,130025,85092,65.44,75,40,203,19.29,7,181,Evening,Temporarily Closed,2025-02-23,74.56,23,Yes,2025-02-23
DC0001,Distribution Center 01,Cold Storage DC,North,Delhi,India,MGR0079,P00049,Frozen,707,101346,70757,69.82,40,67,81,18.95,41,244,Night,Active,2025-02-23,89.38,41,No,2025-02-14
DC0003,Distribution Center 03,Cross-Dock Center,East,Kolkata,India,MGR0068,P00151,Ambient,22385,87271,46785,53.61,64,29,332,22.56,20,315,Morning,Temporarily Closed,2025-02-23,93.16,40,No,2025-01-30
DC0004,Distribution Center 04,Cold Storage DC,West,Mumbai,India,MGR0079,P00217,Ambient,4467,37237,35401,95.07,52,97,313,14.25,45,431,Morning,Maintenance,2025-02-23,76.56,0,No,2025-02-20
DC0011,Distribution Center 11,Cold Storage DC,North,Jaipur,India,MGR0052,P00117,Ambient,16037,78970,60486,76.59,6,61,122,22.27,20,115,Morning,Active,2025-02-23,84.34,17,No,2025-01-29
DC0012,Distribution Center 12,Cold Storage DC,South,Hyderabad,India,MGR0048,P00095,Cold,15345,92488,58800,63.58,2,95,297,12.36,10,292,Night,Maintenance,2025-02-23,79.55,11,No,2025-02-01
DC0019,Distribution Center 19,Cross-Dock Center,West,Surat,India,MGR0065,P00055,Cold,5636,38223,34453,90.14,71,21,260,1.93,5,36,Evening,Maintenance,2025-02-23,79.82,37,No,2025-02-17
DC0022,Distribution Center 22,Cross-Dock Center,South,Chennai,India,MGR0097,P00226,Ambient,18353,101465,42353,41.74,12,51,409,13.3,45,31,Morning,Active,2025-02-23,91.8,6,No,2025-02-09
DC0001,Distribution Center 01,Fulfillment Center,North,Delhi,India,MGR0078,P00130,Hazardous,1743,80515,69488,86.3,71,29,375,12.07,25,434,Morning,Active,2025-02-24,73.62,42,No,2025-01-25
DC0004,Distribution Center 04,Cold Storage DC,West,Mumbai,India,MGR0039,P00056,Cold,22495,123016,110157,89.55,12,77,487,3.33,44,381,Evening,Temporarily Closed,2025-02-24,76.65,20,No,2025-02-14
DC0011,Distribution Center 11,Regional DC,North,Jaipur,India,MGR0053,P00088,Ambient,9016,46956,30488,64.93,63,99,299,13.55,19,137,Night,Active,2025-02-24,80.17,18,No,2025-02-19
DC0020,Distribution Center 20,Cold Storage DC,Central,Raipur,India,MGR0026,P00150,Ambient,15145,36122,34758,96.22,52,58,444,13.36,45,278,Evening,Active,2025-02-24,86.05,22,No,2025-02-13
DC0023,Distribution Center 23,Fulfillment Center,East,Kolkata,India,MGR0082,P00058,Cold,9630,33879,32610,96.25,3,88,285,15.25,19,429,Night,Active,2025-02-24,95.89,2,No,2025-01-27
DC0025,Distribution Center 25,Cross-Dock Center,Central,Bhopal,India,MGR0053,P00194,Ambient,19711,148303,86392,58.25,22,85,3,3.47,4,291,Night,Maintenance,2025-02-24,90.7,28,No,2025-02-11
DC0026,Distribution Center 26,Fulfillment Center,North,Chandigarh,India,MGR0061,P00231,Ambient,11791,143565,117010,81.5,26,3,99,23.44,35,476,Morning,Active,2025-02-24,85.5,45,No,2025-02-12
DC0029,Distribution Center 29,Cross-Dock Center,West,Pune,India,MGR0028,P00082,Hazardous,15396,45314,42152,93.02,41,35,430,2.64,28,297,Evening,Maintenance,2025-02-24,86.73,23,No,2025-01-25
DC0010,Distribution Center 10,Cold Storage DC,Central,Nagpur,India,MGR0057,P00151,Frozen,653,33067,15661,47.36,9,50,405,19.93,41,390,Evening,Active,2025-02-25,95.96,32,No,2025-02-07
DC0014,Distribution Center 14,Cold Storage DC,West,Ahmedabad,India,MGR0079,P00063,Ambient,10270,23878,9698,40.61,22,55,268,18.13,7,280,Evening,Active,2025-02-25,83.63,45,No,2025-02-15
DC0018,Distribution Center 18,Cross-Dock Center,East,Patna,India,MGR0017,P00145,Frozen,8746,126316,41940,33.2,13,25,80,22.41,16,235,Evening,Active,2025-02-25,85.52,6,No,2025-02-01
DC0024,Distribution Center 24,Cold Storage DC,West,Mumbai,India,MGR0047,P00041,Hazardous,16076,36178,18091,50.01,50,28,89,10.4,38,204,Night,Temporarily Closed,2025-02-25,94.16,13,No,2025-02-01
DC0025,Distribution Center 25,Cold Storage DC,Central,Bhopal,India,MGR0073,P00196,Frozen,12351,56469,37764,66.88,77,57,194,9.21,48,76,Morning,Temporarily Closed,2025-02-25,96.19,47,No,2025-02-01
DC0001,Distribution Center 01,Cold Storage DC,North,Delhi,India,MGR0084,P00048,Ambient,7908,111157,84058,75.62,52,64,12,20.81,32,467,Night,Active,2025-02-26,79.71,24,No,2025-02-02
DC0008,Distribution Center 08,Regional DC,East,Bhubaneswar,India,MGR0048,P00042,Ambient,14961,95682,62257,65.07,35,9,390,18.77,45,378,Evening,Active,2025-02-26,91.01,2,No,2025-02-26
DC0009,Distribution Center 09,Cross-Dock Center,West,Pune,India,MGR0075,P00110,Hazardous,23957,99857,88292,88.42,41,34,3,17.99,42,245,Evening,Temporarily Closed,2025-02-26,91.48,37,No,2025-01-29
DC0013,Distribution Center 13,Cold Storage DC,East,Guwahati,India,MGR0076,P00118,Ambient,788,112721,101291,89.86,9,26,386,8.45,38,307,Evening,Active,2025-02-26,74.66,45,No,2025-02-03
DC0014,Distribution Center 14,Fulfillment Center,West,Ahmedabad,India,MGR0034,P00067,Ambient,24527,89722,53524,59.66,22,37,36,11.32,10,107,Morning,Active,2025-02-26,75.9,26,No,2025-02-22
DC0016,Distribution Center 16,Cross-Dock Center,North,Lucknow,India,MGR0080,P00083,Frozen,7948,64366,40240,62.52,15,18,248,20.55,28,92,Evening,Maintenance,2025-02-26,89.68,32,No,2025-02-17
DC0024,Distribution Center 24,Cold Storage DC,West,Mumbai,India,MGR0066,P00035,Frozen,19114,27447,7813,28.47,41,52,119,3.42,19,163,Night,Active,2025-02-26,72.9,25,No,2025-02-14
DC0001,Distribution Center 01,Fulfillment Center,North,Delhi,India,MGR0029,P00143,Ambient,117,118579,93263,78.65,54,31,208,3.92,42,204,Night,Maintenance,2025-02-27,86.22,24,Yes,2025-02-11
DC0004,Distribution Center 04,Cold Storage DC,West,Mumbai,India,MGR0030,P00013,Ambient,13004,85413,66974,78.41,7,78,103,18.31,24,292,Evening,Active,2025-02-27,98.58,42,No,2025-02-25
DC0004,Distribution Center 04,Cross-Dock Center,West,Mumbai,India,MGR0091,P00088,Ambient,20517,87062,65818,75.6,18,34,151,3.82,22,487,Evening,Active,2025-02-27,93.9,32,No,2025-02-09
DC0008,Distribution Center 08,Cross-Dock Center,East,Bhubaneswar,India,MGR0055,P00071,Cold,24463,124741,49442,39.64,20,88,175,21.12,21,376,Night,Active,2025-02-27,80.51,3,No,2025-02-19
DC0010,Distribution Center 10,Fulfillment Center,Central,Nagpur,India,MGR0050,P00047,Ambient,5737,32057,23497,73.3,36,24,122,15.46,31,341,Evening,Active,2025-02-27,90.66,16,No,2025-02-23
DC0014,Distribution Center 14,Cross-Dock Center,West,Ahmedabad,India,MGR0080,P00004,Ambient,15615,28418,26970,94.9,38,11,365,9.05,30,46,Evening,Temporarily Closed,2025-02-27,82.32,17,No,2025-02-27
DC0018,Distribution Center 18,Regional DC,East,Patna,India,MGR0088,P00075,Ambient,3749,66048,21826,33.05,79,11,290,18.31,22,194,Morning,Maintenance,2025-02-27,78.92,40,No,2025-02-23
DC0021,Distribution Center 21,Fulfillment Center,North,Delhi,India,MGR0077,P00018,Hazardous,20753,46598,13299,28.54,77,45,314,8.39,47,352,Night,Maintenance,2025-02-27,85.79,15,No,2025-02-01
DC0021,Distribution Center 21,Regional DC,North,Delhi,India,MGR0019,P00215,Cold,3696,135138,125322,92.74,23,64,26,21.66,35,116,Evening,Active,2025-02-27,79.0,26,No,2025-02-24
DC0023,Distribution Center 23,Cold Storage DC,East,Kolkata,India,MGR0028,P00001,Ambient,5701,142246,56014,39.38,63,58,134,7.54,45,233,Morning,Active,2025-02-27,88.32,26,No,2025-02-06
DC0029,Distribution Center 29,Fulfillment Center,West,Pune,India,MGR0034,P00024,Hazardous,19417,134506,71178,52.92,38,65,154,10.32,14,186,Night,Active,2025-02-27,79.99,23,No,2025-01-29
DC0029,Distribution Center 29,Regional DC,West,Pune,India,MGR0038,P00038,Ambient,11347,112251,37363,33.29,0,84,364,3.93,34,335,Evening,Temporarily Closed,2025-02-27,92.33,25,No,2025-02-24
DC0008,Distribution Center 08,Fulfillment Center,East,Bhubaneswar,India,MGR0046,P00112,Ambient,24359,53122,40868,76.93,74,38,473,12.58,27,415,Night,Active,2025-02-28,78.86,18,No,2025-02-26
DC0010,Distribution Center 10,Regional DC,Central,Nagpur,India,MGR0020,P00086,Ambient,22664,70817,26018,36.74,61,65,11,16.47,8,75,Evening,Active,2025-02-28,74.31,1,No,2025-02-11
DC0013,Distribution Center 13,Fulfillment Center,East,Guwahati,India,MGR0021,P00239,Ambient,8295,20107,12681,63.07,46,70,469,12.83,32,195,Night,Active,2025-02-28,89.35,11,No,2025-02-24
DC0016,Distribution Center 16,Regional DC,North,Lucknow,India,MGR0083,P00153,Ambient,21547,106471,63601,59.74,67,72,107,16.72,17,329,Morning,Active,2025-02-28,98.35,28,No,2025-01-30
DC0017,Distribution Center 17,Regional DC,South,Kochi,India,MGR0081,P00134,Ambient,11407,117075,66828,57.08,17,6,320,20.82,4,300,Night,Active,2025-02-28,97.66,18,No,2025-02-07
DC0019,Distribution Center 19,Regional DC,West,Surat,India,MGR0054,P00188,Ambient,21972,124900,99237,79.45,20,84,230,12.56,11,277,Evening,Active,2025-02-28,88.71,47,No,2025-02-01
DC0021,Distribution Center 21,Fulfillment Center,North,Delhi,India,MGR0012,P00173,Ambient,23563,122688,44510,36.28,40,92,43,17.46,10,451,Night,Active,2025-02-28,73.81,21,No,2025-02-26
DC0025,Distribution Center 25,Regional DC,Central,Bhopal,India,MGR0035,P00051,Ambient,19682,137144,79666,58.09,48,52,414,19.61,13,401,Morning,Active,2025-02-28,88.64,9,No,2025-02-28
DC0006,Distribution Center 06,Cold Storage DC,North,Chandigarh,India,MGR0098,P00164,Cold,6561,76071,48800,64.15,41,49,384,3.97,22,85,Night,Maintenance,2025-03-01,96.75,22,No,2025-02-09
DC0015,Distribution Center 15,Fulfillment Center,Central,Indore,India,MGR0087,P00110,Cold,13554,132690,43543,32.82,19,84,255,10.76,43,225,Morning,Active,2025-03-01,83.69,36,No,2025-02-18
DC0019,Distribution Center 19,Cross-Dock Center,West,Surat,India,MGR0050,P00061,Ambient,1453,51033,48771,95.57,64,72,242,22.51,25,285,Evening,Active,2025-03-01,94.01,39,No,2025-02-25
DC0030,Distribution Center 30,Cross-Dock Center,Central,Nagpur,India,MGR0001,P00087,Ambient,20019,109902,90613,82.45,37,50,2,6.39,13,409,Morning,Active,2025-03-01,72.04,33,No,2025-02-17
DC0008,Distribution Center 08,Regional DC,East,Bhubaneswar,India,MGR0069,P00102,Ambient,17286,92702,55499,59.87,44,28,327,19.39,16,190,Night,Active,2025-03-02,85.68,37,No,2025-02-02
DC0009,Distribution Center 09,Fulfillment Center,West,Pune,India,MGR0028,P00073,Hazardous,9986,73466,42912,58.41,79,62,91,16.12,46,216,Evening,Active,2025-03-02,97.86,29,No,2025-02-28
DC0026,Distribution Center 26,Cold Storage DC,North,Chandigarh,India,MGR0010,P00049,Ambient,15944,26061,13446,51.59,8,44,63,18.67,44,422,Evening,Temporarily Closed,2025-03-02,87.38,4,No,2025-02-02
DC0026,Distribution Center 26,Fulfillment Center,North,Chandigarh,India,MGR0042,P00164,Cold,4158,124088,76658,61.78,71,78,65,15.78,11,498,Morning,Active,2025-03-02,82.89,48,No,2025-02-12
DC0028,Distribution Center 28,Fulfillment Center,East,Bhubaneswar,India,MGR0003,P00194,Ambient,19696,51831,37754,72.84,58,35,202,16.77,43,228,Morning,Active,2025-03-02,90.25,37,No,2025-02-26
DC0002,Distribution Center 02,Fulfillment Center,South,Chennai,India,MGR0022,P00231,Ambient,4663,141639,110497,78.01,8,28,226,19.21,35,44,Evening,Active,2025-03-03,89.87,48,No,2025-02-09
DC0011,Distribution Center 11,Fulfillment Center,North,Jaipur,India,MGR0088,P00024,Ambient,9214,149287,76907,51.52,40,70,34,5.8,45,118,Night,Temporarily Closed,2025-03-03,94.02,9,No,2025-02-08
DC0012,Distribution Center 12,Cold Storage DC,South,Hyderabad,India,MGR0005,P00221,Ambient,16318,139373,134240,96.32,37,56,349,3.11,50,378,Night,Active,2025-03-03,78.98,19,No,2025-02-16
DC0020,Distribution Center 20,Fulfillment Center,Central,Raipur,India,MGR0013,P00105,Ambient,8890,66194,48985,74.0,72,27,297,3.2,48,210,Morning,Active,2025-03-03,99.5,11,No,2025-02-12
DC0028,Distribution Center 28,Regional DC,East,Bhubaneswar,India,MGR0051,P00065,Ambient,1847,45193,18099,40.05,25,40,225,12.44,48,157,Evening,Maintenance,2025-03-03,99.45,16,No,2025-02-10
DC0003,Distribution Center 03,Cold Storage DC,East,Kolkata,India,MGR0038,P00087,Ambient,15041,100604,54580,54.25,4,61,5,8.09,29,213,Morning,Maintenance,2025-03-04,77.12,13,No,2025-02-05
DC0006,Distribution Center 06,Cross-Dock Center,North,Chandigarh,India,MGR0031,P00002,Ambient,13292,109127,64563,59.16,11,32,213,19.54,23,191,Night,Active,2025-03-04,92.26,37,No,2025-02-20
DC0006,Distribution Center 06,Regional DC,North,Chandigarh,India,MGR0028,P00016,Ambient,3590,81900,63320,77.31,63,2,87,2.93,40,497,Evening,Active,2025-03-04,87.3,11,No,2025-03-04
DC0009,Distribution Center 09,Fulfillment Center,West,Pune,India,MGR0027,P00061,Ambient,1234,78669,71808,91.28,20,9,275,5.37,20,86,Evening,Maintenance,2025-03-04,79.18,26,No,2025-03-03
DC0011,Distribution Center 11,Fulfillment Center,North,Jaipur,India,MGR0022,P00119,Cold,5890,93901,60688,64.63,66,95,347,8.22,15,419,Evening,Active,2025-03-04,93.43,6,No,2025-02-13
DC0015,Distribution Center 15,Regional DC,Central,Indore,India,MGR0079,P00176,Frozen,6967,143945,97181,67.51,71,99,31,19.33,27,312,Night,Maintenance,2025-03-04,81.68,12,No,2025-02-25
DC0015,Distribution Center 15,Cold Storage DC,Central,Indore,India,MGR0010,P00188,Cold,11843,89700,62767,69.97,36,67,242,12.66,17,318,Night,Temporarily Closed,2025-03-04,84.92,18,No,2025-02-22
DC0017,Distribution Center 17,Regional DC,South,Kochi,India,MGR0002,P00066,Ambient,17761,136517,73248,53.65,36,60,69,11.45,37,380,Night,Temporarily Closed,2025-03-04,93.8,18,No,2025-03-04
DC0017,Distribution Center 17,Cold Storage DC,South,Kochi,India,MGR0083,P00184,Ambient,4978,58649,53434,91.11,8,38,444,13.68,37,215,Evening,Maintenance,2025-03-04,98.87,2,No,2025-03-03
DC0028,Distribution Center 28,Cold Storage DC,East,Bhubaneswar,India,MGR0086,P00224,Hazardous,11204,72009,30787,42.75,49,66,137,20.1,46,164,Evening,Active,2025-03-04,98.67,31,No,2025-02-12
DC0004,Distribution Center 04,Cold Storage DC,West,Mumbai,India,MGR0099,P00057,Cold,1060,117609,113451,96.46,77,79,288,7.64,50,267,Morning,Maintenance,2025-03-05,87.27,9,No,2025-02-06
DC0004,Distribution Center 04,Cold Storage DC,West,Mumbai,India,MGR0019,P00152,Ambient,19276,105711,72920,68.98,47,6,404,4.77,27,142,Night,Active,2025-03-05,81.49,43,No,2025-02-20
DC0015,Distribution Center 15,Cross-Dock Center,Central,Indore,India,MGR0006,P00212,Ambient,1106,60120,21181,35.23,16,70,246,23.89,40,308,Evening,Maintenance,2025-03-05,89.91,21,No,2025-02-18
DC0017,Distribution Center 17,Fulfillment Center,South,Kochi,India,MGR0098,P00180,Hazardous,851,28660,15095,52.67,56,41,45,11.78,19,357,Morning,Active,2025-03-05,86.45,31,No,2025-02-25
DC0023,Distribution Center 23,Regional DC,East,Kolkata,India,MGR0021,P00210,Ambient,2825,65538,23315,35.57,63,43,444,22.11,50,260,Morning,Active,2025-03-05,88.39,10,No,2025-02-21
DC0025,Distribution Center 25,Regional DC,Central,Bhopal,India,MGR0062,P00071,Ambient,7257,50507,29340,58.09,37,45,61,22.87,33,50,Night,Active,2025-03-05,90.74,45,No,2025-03-01
DC0026,Distribution Center 26,Regional DC,North,Chandigarh,India,MGR0034,P00086,Ambient,231,27598,15525,56.25,61,52,264,22.66,5,235,Evening,Active,2025-03-05,72.44,47,Yes,2025-02-26
DC0030,Distribution Center 30,Cross-Dock Center,Central,Nagpur,India,MGR0006,P00106,Cold,14175,63455,44613,70.31,62,62,121,10.51,20,259,Night,Temporarily Closed,2025-03-05,86.54,2,No,2025-02-15
DC0002,Distribution Center 02,Cross-Dock Center,South,Chennai,India,MGR0023,P00067,Hazardous,20961,137324,89393,65.1,71,3,416,9.99,15,395,Morning,Active,2025-03-06,89.11,40,No,2025-03-06
DC0009,Distribution Center 09,Fulfillment Center,West,Pune,India,MGR0095,P00200,Ambient,16931,42086,13365,31.76,23,55,275,12.96,27,109,Morning,Active,2025-03-06,76.51,19,No,2025-02-10
DC0020,Distribution Center 20,Cold Storage DC,Central,Raipur,India,MGR0043,P00055,Ambient,3237,20250,11337,55.99,6,24,88,3.2,47,69,Night,Temporarily Closed,2025-03-06,86.01,0,No,2025-02-19
DC0020,Distribution Center 20,Cold Storage DC,Central,Raipur,India,MGR0016,P00102,Frozen,4711,53174,33080,62.21,5,11,385,13.97,41,69,Night,Temporarily Closed,2025-03-06,75.53,4,No,2025-02-11
DC0025,Distribution Center 25,Regional DC,Central,Bhopal,India,MGR0012,P00207,Hazardous,8551,76809,71520,93.11,27,32,156,5.14,48,428,Morning,Active,2025-03-06,87.26,20,No,2025-02-16
DC0001,Distribution Center 01,Fulfillment Center,North,Delhi,India,MGR0074,P00044,Hazardous,18126,141798,36747,25.92,48,84,391,16.83,40,272,Night,Active,2025-03-07,87.07,16,No,2025-03-07
DC0004,Distribution Center 04,Regional DC,West,Mumbai,India,MGR0097,P00201,Ambient,9867,90648,62198,68.61,46,73,287,17.06,30,391,Morning,Active,2025-03-07,93.1,40,No,2025-02-09
DC0007,Distribution Center 07,Cold Storage DC,South,Bengaluru,India,MGR0060,P00079,Frozen,4322,111793,28996,25.94,60,72,91,19.96,24,360,Evening,Active,2025-03-07,92.92,8,No,2025-02-23
DC0013,Distribution Center 13,Regional DC,East,Guwahati,India,MGR0031,P00023,Cold,8225,74416,37695,50.65,6,62,163,8.16,47,222,Morning,Maintenance,2025-03-07,97.74,22,No,2025-02-22
DC0015,Distribution Center 15,Cold Storage DC,Central,Indore,India,MGR0028,P00029,Ambient,20342,106999,61157,57.16,13,4,90,17.26,7,418,Night,Active,2025-03-07,77.85,37,No,2025-02-11
DC0015,Distribution Center 15,Regional DC,Central,Indore,India,MGR0031,P00210,Cold,23575,33230,32374,97.42,3,72,281,21.39,30,25,Evening,Active,2025-03-07,77.88,10,No,2025-03-07
DC0017,Distribution Center 17,Cross-Dock Center,South,Kochi,India,MGR0066,P00052,Ambient,20582,57170,35618,62.3,15,94,2,21.8,22,107,Morning,Active,2025-03-07,83.03,28,No,2025-03-04
DC0019,Distribution Center 19,Fulfillment Center,West,Surat,India,MGR0042,P00221,Cold,9609,95689,87442,91.38,20,14,250,9.9,41,375,Morning,Active,2025-03-07,99.43,37,No,2025-02-12
DC0020,Distribution Center 20,Fulfillment Center,Central,Raipur,India,MGR0100,P00055,Hazardous,17896,116080,79081,68.13,57,98,369,6.39,19,147,Evening,Active,2025-03-07,98.39,14,No,2025-02-26
DC0026,Distribution Center 26,Fulfillment Center,North,Chandigarh,India,MGR0055,P00235,Ambient,4543,73030,69709,95.45,15,42,453,10.69,29,180,Night,Active,2025-03-07,85.1,46,No,2025-02-25
DC0003,Distribution Center 03,Fulfillment Center,East,Kolkata,India,MGR0009,P00184,Frozen,5554,76601,73594,96.07,58,75,2,21.63,38,176,Night,Active,2025-03-08,86.2,39,No,2025-02-10
DC0006,Distribution Center 06,Cold Storage DC,North,Chandigarh,India,MGR0088,P00071,Ambient,112,55248,46086,83.42,72,47,139,20.29,38,359,Morning,Active,2025-03-08,85.7,20,Yes,2025-02-21
DC0008,Distribution Center 08,Cold Storage DC,East,Bhubaneswar,India,MGR0049,P00195,Hazardous,8823,136559,96734,70.84,49,31,352,10.48,45,467,Morning,Maintenance,2025-03-08,96.84,45,No,2025-02-06
DC0012,Distribution Center 12,Regional DC,South,Hyderabad,India,MGR0069,P00027,Ambient,24264,130327,65459,50.23,73,84,28,10.61,41,131,Night,Active,2025-03-08,79.58,19,No,2025-02-08
DC0012,Distribution Center 12,Fulfillment Center,South,Hyderabad,India,MGR0078,P00168,Cold,13224,109504,49164,44.9,65,9,439,8.49,43,279,Morning,Active,2025-03-08,74.83,23,No,2025-03-07
DC0014,Distribution Center 14,Cold Storage DC,West,Ahmedabad,India,MGR0080,P00008,Ambient,10995,135264,43568,32.21,27,19,179,16.58,28,291,Morning,Active,2025-03-08,91.87,42,No,2025-03-05
DC0017,Distribution Center 17,Cross-Dock Center,South,Kochi,India,MGR0085,P00103,Ambient,9096,79991,46233,57.8,79,39,483,6.53,9,493,Morning,Maintenance,2025-03-08,91.15,1,No,2025-02-18
DC0003,Distribution Center 03,Cross-Dock Center,East,Kolkata,India,MGR0075,P00050,Ambient,2745,57117,35614,62.35,64,88,351,4.34,46,190,Night,Maintenance,2025-03-09,77.11,20,No,2025-03-07
DC0008,Distribution Center 08,Cross-Dock Center,East,Bhubaneswar,India,MGR0060,P00018,Ambient,1216,48994,24138,49.27,2,34,427,10.52,8,452,Morning,Temporarily Closed,2025-03-09,92.85,35,No,2025-02-08
DC0010,Distribution Center 10,Regional DC,Central,Nagpur,India,MGR0096,P00233,Hazardous,5060,139002,115798,83.31,52,41,65,4.95,41,332,Night,Maintenance,2025-03-09,73.34,1,No,2025-03-09
DC0011,Distribution Center 11,Cross-Dock Center,North,Jaipur,India,MGR0048,P00189,Ambient,18808,100138,35627,35.58,2,1,360,6.88,15,230,Night,Active,2025-03-09,72.77,2,No,2025-03-04
DC0028,Distribution Center 28,Cross-Dock Center,East,Bhubaneswar,India,MGR0028,P00132,Cold,3502,75308,23616,31.36,78,10,376,19.6,27,364,Night,Maintenance,2025-03-09,74.55,37,No,2025-02-12
DC0029,Distribution Center 29,Regional DC,West,Pune,India,MGR0047,P00045,Cold,23715,121480,88600,72.93,1,4,178,6.99,41,219,Morning,Active,2025-03-09,98.65,29,No,2025-02-19
DC0013,Distribution Center 13,Regional DC,East,Guwahati,India,MGR0031,P00028,Ambient,5147,120440,68759,57.09,66,45,492,19.69,20,71,Evening,Active,2025-03-10,83.83,30,No,2025-03-02
DC0016,Distribution Center 16,Regional DC,North,Lucknow,India,MGR0100,P00166,Ambient,2385,48982,19564,39.94,35,49,201,12.04,8,137,Night,Active,2025-03-10,74.15,33,No,2025-02-28
DC0020,Distribution Center 20,Regional DC,Central,Raipur,India,MGR0073,P00156,Frozen,6956,68610,31551,45.99,9,78,174,20.41,19,73,Evening,Maintenance,2025-03-10,87.06,47,No,2025-02-22
DC0028,Distribution Center 28,Cross-Dock Center,East,Bhubaneswar,India,MGR0082,P00105,Ambient,15632,68360,30036,43.94,37,42,363,4.58,24,131,Night,Temporarily Closed,2025-03-10,85.09,18,No,2025-03-09
DC0001,Distribution Center 01,Cross-Dock Center,North,Delhi,India,MGR0098,P00219,Ambient,17965,148831,141705,95.21,52,88,420,10.38,28,272,Morning,Temporarily Closed,2025-03-11,93.5,4,No,2025-03-01
DC0008,Distribution Center 08,Cold Storage DC,East,Bhubaneswar,India,MGR0081,P00069,Ambient,8849,102275,93881,91.79,78,43,319,14.55,33,155,Evening,Active,2025-03-11,97.35,1,No,2025-02-22
DC0019,Distribution Center 19,Fulfillment Center,West,Surat,India,MGR0025,P00051,Ambient,14062,109655,30707,28.0,61,31,459,12.08,33,486,Evening,Active,2025-03-11,74.79,19,No,2025-03-01
DC0020,Distribution Center 20,Cross-Dock Center,Central,Raipur,India,MGR0065,P00178,Ambient,21297,62220,40738,65.47,60,33,385,4.81,43,480,Evening,Active,2025-03-11,74.07,17,No,2025-02-27
DC0023,Distribution Center 23,Regional DC,East,Kolkata,India,MGR0005,P00127,Ambient,2792,53616,25237,47.07,3,76,493,2.07,15,247,Evening,Maintenance,2025-03-11,89.27,17,No,2025-02-18
DC0023,Distribution Center 23,Fulfillment Center,East,Kolkata,India,MGR0035,P00161,Ambient,19119,117247,101063,86.2,5,76,235,15.93,38,47,Morning,Temporarily Closed,2025-03-11,94.21,39,No,2025-02-19
DC0023,Distribution Center 23,Cross-Dock Center,East,Kolkata,India,MGR0056,P00165,Ambient,24110,25590,24370,95.23,66,80,248,20.96,30,23,Night,Active,2025-03-11,89.67,23,No,2025-03-03
DC0024,Distribution Center 24,Cold Storage DC,West,Mumbai,India,MGR0080,P00025,Ambient,9495,140404,136693,97.36,54,8,30,15.32,5,161,Night,Active,2025-03-11,75.91,27,No,2025-02-20
DC0026,Distribution Center 26,Cross-Dock Center,North,Chandigarh,India,MGR0068,P00128,Frozen,14168,127547,107993,84.67,25,86,272,5.63,29,490,Evening,Active,2025-03-11,87.2,32,No,2025-03-11
DC0028,Distribution Center 28,Cold Storage DC,East,Bhubaneswar,India,MGR0024,P00076,Cold,24850,64245,54906,85.46,69,71,249,17.86,9,145,Night,Active,2025-03-11,81.71,15,No,2025-02-23
DC0001,Distribution Center 01,Cross-Dock Center,North,Delhi,India,MGR0014,P00201,Hazardous,849,43625,21144,48.47,9,29,272,21.21,18,281,Evening,Maintenance,2025-03-12,83.2,32,No,2025-03-12
DC0006,Distribution Center 06,Fulfillment Center,North,Chandigarh,India,MGR0074,P00178,Ambient,5989,33123,20601,62.2,10,23,123,5.21,17,497,Morning,Active,2025-03-12,73.13,14,No,2025-03-09
DC0013,Distribution Center 13,Cold Storage DC,East,Guwahati,India,MGR0042,P00107,Ambient,21503,104795,30585,29.19,79,32,473,20.84,42,319,Morning,Active,2025-03-12,82.76,22,No,2025-02-28
DC0013,Distribution Center 13,Regional DC,East,Guwahati,India,MGR0017,P00134,Ambient,23810,118623,46565,39.25,16,99,97,22.88,7,303,Night,Maintenance,2025-03-12,83.1,3,No,2025-02-21
DC0013,Distribution Center 13,Regional DC,East,Guwahati,India,MGR0082,P00156,Frozen,17862,101392,85353,84.18,4,48,341,19.04,50,416,Night,Active,2025-03-12,79.64,14,No,2025-02-26
DC0013,Distribution Center 13,Cold Storage DC,East,Guwahati,India,MGR0041,P00220,Ambient,21119,83648,28059,33.54,23,61,175,10.47,16,361,Morning,Active,2025-03-12,76.98,27,No,2025-03-06
DC0014,Distribution Center 14,Cold Storage DC,West,Ahmedabad,India,MGR0061,P00056,Cold,18005,131376,97835,74.47,64,65,30,10.14,22,140,Night,Active,2025-03-12,73.29,8,No,2025-02-24
DC0020,Distribution Center 20,Fulfillment Center,Central,Raipur,India,MGR0025,P00204,Ambient,4577,90298,44785,49.6,67,23,43,5.12,13,194,Evening,Active,2025-03-12,73.28,9,No,2025-02-28
DC0021,Distribution Center 21,Fulfillment Center,North,Delhi,India,MGR0038,P00250,Cold,23651,75248,34736,46.16,58,63,64,7.91,21,119,Night,Maintenance,2025-03-12,86.55,48,No,2025-03-09
DC0023,Distribution Center 23,Cold Storage DC,East,Kolkata,India,MGR0025,P00178,Ambient,24309,101001,58203,57.63,25,16,111,23.86,23,196,Night,Maintenance,2025-03-12,72.64,1,No,2025-02-23
DC0024,Distribution Center 24,Cold Storage DC,West,Mumbai,India,MGR0078,P00055,Ambient,18245,90426,82854,91.63,14,83,350,18.8,35,135,Morning,Maintenance,2025-03-12,76.85,1,No,2025-02-12
DC0025,Distribution Center 25,Fulfillment Center,Central,Bhopal,India,MGR0019,P00145,Ambient,18629,105285,39855,37.85,66,94,281,1.59,18,498,Morning,Active,2025-03-12,73.32,36,No,2025-02-23
DC0027,Distribution Center 27,Fulfillment Center,South,Bengaluru,India,MGR0035,P00123,Ambient,13866,145368,99755,68.62,13,94,31,14.41,48,162,Morning,Active,2025-03-12,74.47,3,No,2025-02-15
DC0028,Distribution Center 28,Cold Storage DC,East,Bhubaneswar,India,MGR0075,P00132,Ambient,18246,56271,39433,70.08,53,45,220,8.79,8,282,Morning,Active,2025-03-12,99.58,38,No,2025-02-14
DC0029,Distribution Center 29,Cross-Dock Center,West,Pune,India,MGR0077,P00127,Ambient,19197,76290,42494,55.7,79,88,105,10.65,40,298,Night,Temporarily Closed,2025-03-12,75.94,12,No,2025-03-10
DC0030,Distribution Center 30,Fulfillment Center,Central,Nagpur,India,MGR0082,P00162,Ambient,11377,89841,76580,85.24,33,67,151,15.38,27,95,Evening,Active,2025-03-12,96.79,39,No,2025-03-09
DC0007,Distribution Center 07,Fulfillment Center,South,Bengaluru,India,MGR0023,P00067,Ambient,17653,50449,15826,31.37,30,42,316,3.04,17,384,Night,Maintenance,2025-03-13,78.79,44,No,2025-02-20
DC0012,Distribution Center 12,Regional DC,South,Hyderabad,India,MGR0025,P00146,Ambient,14961,102670,53297,51.91,46,63,356,2.94,28,22,Morning,Active,2025-03-13,75.94,36,No,2025-02-24
DC0015,Distribution Center 15,Fulfillment Center,Central,Indore,India,MGR0029,P00015,Ambient,15182,121802,103819,85.24,17,1,26,11.95,37,422,Evening,Maintenance,2025-03-13,94.62,40,No,2025-03-02
DC0015,Distribution Center 15,Fulfillment Center,Central,Indore,India,MGR0053,P00103,Hazardous,9399,92388,78383,84.84,16,76,486,3.86,23,180,Evening,Active,2025-03-13,76.9,29,No,2025-03-09
DC0016,Distribution Center 16,Fulfillment Center,North,Lucknow,India,MGR0065,P00002,Cold,10908,129577,118552,91.49,0,38,284,4.97,23,459,Evening,Temporarily Closed,2025-03-13,92.89,30,No,2025-03-06
DC0020,Distribution Center 20,Fulfillment Center,Central,Raipur,India,MGR0071,P00030,Ambient,16902,93350,80619,86.36,22,60,192,6.85,7,213,Evening,Active,2025-03-13,91.8,9,No,2025-02-18
DC0021,Distribution Center 21,Fulfillment Center,North,Delhi,India,MGR0070,P00242,Cold,12570,130556,89525,68.57,73,42,401,21.77,19,265,Morning,Temporarily Closed,2025-03-13,89.57,14,No,2025-02-21
DC0022,Distribution Center 22,Fulfillment Center,South,Chennai,India,MGR0069,P00246,Hazardous,12439,97429,36286,37.24,70,88,142,9.02,13,147,Evening,Active,2025-03-13,76.35,47,No,2025-03-05
DC0030,Distribution Center 30,Cross-Dock Center,Central,Nagpur,India,MGR0082,P00062,Ambient,2219,62375,36982,59.29,35,32,410,4.41,20,451,Morning,Active,2025-03-13,94.78,47,No,2025-03-11
DC0006,Distribution Center 06,Fulfillment Center,North,Chandigarh,India,MGR0006,P00178,Ambient,5576,60208,24008,39.88,2,16,203,12.63,16,192,Morning,Active,2025-03-14,75.33,37,No,2025-02-17
DC0010,Distribution Center 10,Fulfillment Center,Central,Nagpur,India,MGR0008,P00055,Ambient,2747,52477,49027,93.43,39,31,384,1.52,9,363,Evening,Temporarily Closed,2025-03-14,96.61,25,No,2025-03-02
DC0026,Distribution Center 26,Regional DC,North,Chandigarh,India,MGR0086,P00008,Ambient,13544,79435,74212,93.42,12,27,161,2.79,40,489,Morning,Temporarily Closed,2025-03-14,74.77,29,No,2025-02-27
DC0027,Distribution Center 27,Cross-Dock Center,South,Bengaluru,India,MGR0032,P00207,Ambient,10767,64819,37711,58.18,56,12,389,20.72,19,146,Evening,Active,2025-03-14,97.03,26,No,2025-02-17
DC0030,Distribution Center 30,Fulfillment Center,Central,Nagpur,India,MGR0032,P00211,Hazardous,6526,65809,62568,95.08,73,23,350,5.58,46,132,Night,Active,2025-03-14,72.98,33,No,2025-02-12
DC0001,Distribution Center 01,Regional DC,North,Delhi,India,MGR0030,P00167,Ambient,10641,27907,22561,80.84,56,48,18,8.24,50,84,Night,Maintenance,2025-03-15,89.0,3,No,2025-02-20
DC0002,Distribution Center 02,Regional DC,South,Chennai,India,MGR0003,P00031,Cold,20508,88012,56735,64.46,57,53,317,5.76,19,243,Evening,Temporarily Closed,2025-03-15,92.39,39,No,2025-02-24
DC0003,Distribution Center 03,Fulfillment Center,East,Kolkata,India,MGR0036,P00186,Ambient,23501,37788,28270,74.81,65,23,85,6.22,19,451,Evening,Temporarily Closed,2025-03-15,90.47,15,No,2025-02-28
DC0005,Distribution Center 05,Regional DC,Central,Bhopal,India,MGR0063,P00050,Ambient,22321,96202,26779,27.84,74,89,354,6.01,28,451,Morning,Active,2025-03-15,79.46,22,No,2025-03-07
DC0008,Distribution Center 08,Fulfillment Center,East,Bhubaneswar,India,MGR0032,P00243,Ambient,11269,57270,35234,61.52,56,83,483,14.94,39,265,Evening,Active,2025-03-15,73.23,21,No,2025-02-25
DC0019,Distribution Center 19,Cold Storage DC,West,Surat,India,MGR0047,P00004,Ambient,1217,127186,69889,54.95,27,56,208,5.93,6,431,Night,Temporarily Closed,2025-03-15,81.43,20,No,2025-02-17
DC0019,Distribution Center 19,Fulfillment Center,West,Surat,India,MGR0012,P00124,Hazardous,16419,24226,17372,71.71,34,16,170,9.61,37,463,Night,Active,2025-03-15,83.7,35,No,2025-02-14
DC0019,Distribution Center 19,Regional DC,West,Surat,India,MGR0090,P00170,Ambient,5892,99523,90992,91.43,79,67,378,7.36,41,274,Morning,Active,2025-03-15,93.02,49,No,2025-02-13
DC0021,Distribution Center 21,Fulfillment Center,North,Delhi,India,MGR0018,P00088,Ambient,5127,132843,96676,72.77,42,81,27,14.74,29,380,Night,Maintenance,2025-03-15,94.07,19,No,2025-03-05
DC0022,Distribution Center 22,Cold Storage DC,South,Chennai,India,MGR0100,P00247,Hazardous,17660,85161,79975,93.91,26,47,218,18.67,33,132,Night,Active,2025-03-15,88.8,33,No,2025-03-01
DC0023,Distribution Center 23,Regional DC,East,Kolkata,India,MGR0070,P00009,Ambient,9764,65447,20161,30.81,75,63,375,16.67,9,479,Night,Active,2025-03-15,95.01,16,No,2025-02-17
DC0030,Distribution Center 30,Regional DC,Central,Nagpur,India,MGR0084,P00086,Ambient,5882,89256,58329,65.35,65,42,300,2.86,46,144,Morning,Active,2025-03-15,96.39,49,No,2025-03-01
DC0008,Distribution Center 08,Regional DC,East,Bhubaneswar,India,MGR0070,P00049,Ambient,16295,63767,18909,29.65,27,36,91,21.0,33,230,Morning,Active,2025-03-16,76.54,9,No,2025-03-08
DC0014,Distribution Center 14,Cold Storage DC,West,Ahmedabad,India,MGR0011,P00228,Ambient,5773,114697,108595,94.68,33,48,345,21.88,35,204,Morning,Active,2025-03-16,86.18,2,No,2025-02-26
DC0023,Distribution Center 23,Cross-Dock Center,East,Kolkata,India,MGR0058,P00017,Ambient,23046,99407,47643,47.93,59,20,472,18.3,39,318,Night,Maintenance,2025-03-16,91.09,35,No,2025-02-21
DC0023,Distribution Center 23,Regional DC,East,Kolkata,India,MGR0044,P00097,Hazardous,15124,125508,43816,34.91,76,32,268,13.45,19,78,Morning,Active,2025-03-16,78.54,13,No,2025-02-24
DC0024,Distribution Center 24,Cross-Dock Center,West,Mumbai,India,MGR0001,P00189,Ambient,14487,36675,19019,51.86,32,34,228,14.63,5,288,Night,Active,2025-03-16,98.97,31,No,2025-03-08
DC0028,Distribution Center 28,Regional DC,East,Bhubaneswar,India,MGR0100,P00024,Ambient,10152,76561,19274,25.17,30,83,175,5.25,27,450,Night,Active,2025-03-16,72.54,45,No,2025-03-08
DC0002,Distribution Center 02,Fulfillment Center,South,Chennai,India,MGR0055,P00181,Hazardous,21986,28625,15212,53.14,17,61,379,10.7,20,88,Night,Active,2025-03-17,72.14,49,No,2025-02-18
DC0004,Distribution Center 04,Fulfillment Center,West,Mumbai,India,MGR0002,P00183,Ambient,8399,58169,43078,74.06,8,2,70,15.48,11,145,Morning,Temporarily Closed,2025-03-17,94.12,8,No,2025-02-19
DC0004,Distribution Center 04,Regional DC,West,Mumbai,India,MGR0008,P00231,Cold,11982,59466,49987,84.06,60,73,327,7.88,43,497,Night,Temporarily Closed,2025-03-17,89.73,42,No,2025-02-28
DC0004,Distribution Center 04,Cold Storage DC,West,Mumbai,India,MGR0096,P00233,Ambient,11966,58358,15576,26.69,5,90,332,3.87,21,137,Night,Temporarily Closed,2025-03-17,72.16,9,No,2025-02-15
DC0010,Distribution Center 10,Fulfillment Center,Central,Nagpur,India,MGR0052,P00219,Cold,828,57032,47161,82.69,23,78,460,17.28,49,172,Evening,Active,2025-03-17,75.92,23,No,2025-02-18
DC0012,Distribution Center 12,Fulfillment Center,South,Hyderabad,India,MGR0009,P00178,Frozen,20946,67468,48540,71.95,3,95,215,9.14,35,81,Morning,Active,2025-03-17,72.32,47,No,2025-02-27
DC0013,Distribution Center 13,Regional DC,East,Guwahati,India,MGR0068,P00058,Ambient,8918,40044,28183,70.38,33,15,267,19.21,16,412,Night,Active,2025-03-17,81.63,4,No,2025-02-20
DC0017,Distribution Center 17,Regional DC,South,Kochi,India,MGR0004,P00088,Ambient,361,31216,13179,42.22,18,82,248,22.29,26,169,Morning,Active,2025-03-17,76.79,9,Yes,2025-03-12
DC0018,Distribution Center 18,Cross-Dock Center,East,Patna,India,MGR0091,P00038,Ambient,4694,97319,42718,43.89,76,5,21,17.62,15,193,Morning,Active,2025-03-17,78.5,36,No,2025-03-06
DC0018,Distribution Center 18,Cross-Dock Center,East,Patna,India,MGR0099,P00245,Ambient,1180,51896,42119,81.16,62,87,442,4.98,18,487,Morning,Active,2025-03-17,97.18,1,No,2025-03-04
DC0020,Distribution Center 20,Cold Storage DC,Central,Raipur,India,MGR0078,P00127,Ambient,5459,134033,48157,35.93,28,46,468,22.77,50,315,Evening,Active,2025-03-17,91.81,11,No,2025-02-19
DC0021,Distribution Center 21,Cross-Dock Center,North,Delhi,India,MGR0070,P00021,Ambient,24484,92764,50126,54.04,34,31,165,19.44,48,334,Morning,Temporarily Closed,2025-03-17,94.97,2,No,2025-02-18
DC0022,Distribution Center 22,Fulfillment Center,South,Chennai,India,MGR0092,P00072,Hazardous,5076,113341,45464,40.11,14,89,137,2.24,18,232,Evening,Active,2025-03-17,74.22,40,No,2025-02-21
DC0029,Distribution Center 29,Fulfillment Center,West,Pune,India,MGR0024,P00227,Ambient,20261,32163,19075,59.31,43,86,464,4.48,47,250,Night,Active,2025-03-17,91.89,24,No,2025-02-16
DC0004,Distribution Center 04,Cold Storage DC,West,Mumbai,India,MGR0016,P00081,Ambient,14159,131781,41127,31.21,66,34,489,7.66,31,43,Night,Active,2025-03-18,84.29,41,No,2025-03-05
DC0008,Distribution Center 08,Cold Storage DC,East,Bhubaneswar,India,MGR0037,P00149,Ambient,23810,91989,44194,48.04,39,77,422,20.4,50,231,Night,Active,2025-03-18,83.38,37,No,2025-02-24
DC0014,Distribution Center 14,Fulfillment Center,West,Ahmedabad,India,MGR0044,P00129,Cold,7031,20572,9273,45.08,39,28,418,10.12,43,227,Evening,Active,2025-03-18,97.43,16,No,2025-02-22
DC0016,Distribution Center 16,Fulfillment Center,North,Lucknow,India,MGR0043,P00139,Hazardous,429,114889,33062,28.78,74,52,113,19.87,43,437,Evening,Active,2025-03-18,91.14,6,Yes,2025-03-10
DC0022,Distribution Center 22,Cold Storage DC,South,Chennai,India,MGR0066,P00101,Ambient,13237,136848,45270,33.08,72,84,455,3.85,45,247,Night,Active,2025-03-18,79.28,3,No,2025-03-16
DC0024,Distribution Center 24,Fulfillment Center,West,Mumbai,India,MGR0010,P00035,Cold,17781,38050,32888,86.43,77,5,419,6.67,42,230,Evening,Active,2025-03-18,84.19,7,No,2025-02-17
DC0027,Distribution Center 27,Cross-Dock Center,South,Bengaluru,India,MGR0095,P00208,Hazardous,13179,71672,64469,89.95,58,64,36,13.54,25,66,Night,Active,2025-03-18,87.04,25,No,2025-02-23
DC0030,Distribution Center 30,Cross-Dock Center,Central,Nagpur,India,MGR0071,P00069,Ambient,2324,86680,34496,39.8,62,30,481,13.75,34,24,Night,Active,2025-03-18,86.37,34,No,2025-03-01
DC0030,Distribution Center 30,Cross-Dock Center,Central,Nagpur,India,MGR0096,P00070,Ambient,7620,39689,16460,41.47,26,6,467,10.57,46,429,Morning,Temporarily Closed,2025-03-18,76.42,22,No,2025-02-28
DC0006,Distribution Center 06,Fulfillment Center,North,Chandigarh,India,MGR0014,P00153,Ambient,15394,110324,42478,38.5,67,39,98,13.19,38,155,Evening,Active,2025-03-19,77.79,27,No,2025-02-24
DC0010,Distribution Center 10,Cold Storage DC,Central,Nagpur,India,MGR0099,P00047,Ambient,12902,118264,101129,85.51,16,9,212,22.76,32,394,Morning,Active,2025-03-19,89.68,43,No,2025-03-18
DC0011,Distribution Center 11,Cold Storage DC,North,Jaipur,India,MGR0049,P00224,Hazardous,11700,56219,29182,51.91,42,34,421,3.87,28,160,Evening,Active,2025-03-19,83.41,15,No,2025-03-12
DC0015,Distribution Center 15,Cold Storage DC,Central,Indore,India,MGR0021,P00138,Ambient,22971,39716,21140,53.23,41,27,359,5.06,38,490,Morning,Active,2025-03-19,81.45,15,No,2025-02-17
DC0018,Distribution Center 18,Cold Storage DC,East,Patna,India,MGR0093,P00201,Ambient,2768,76473,43557,56.96,65,57,74,1.56,9,291,Evening,Maintenance,2025-03-19,84.9,24,No,2025-02-25
DC0021,Distribution Center 21,Fulfillment Center,North,Delhi,India,MGR0013,P00209,Ambient,13638,95290,78171,82.03,10,20,353,6.09,50,88,Morning,Active,2025-03-19,76.31,48,No,2025-02-23
DC0024,Distribution Center 24,Fulfillment Center,West,Mumbai,India,MGR0082,P00148,Ambient,1193,133376,92658,69.47,69,90,422,5.2,49,423,Night,Active,2025-03-19,72.08,0,No,2025-02-17
DC0026,Distribution Center 26,Fulfillment Center,North,Chandigarh,India,MGR0061,P00051,Hazardous,17660,34878,14700,42.15,36,64,239,4.24,19,373,Evening,Active,2025-03-19,84.57,2,No,2025-03-12
DC0029,Distribution Center 29,Cross-Dock Center,West,Pune,India,MGR0081,P00045,Cold,10497,47584,32432,68.16,36,93,487,3.66,36,467,Morning,Active,2025-03-19,95.98,35,No,2025-03-16
DC0029,Distribution Center 29,Fulfillment Center,West,Pune,India,MGR0093,P00158,Hazardous,10284,50458,13790,27.33,64,33,373,20.42,4,381,Night,Active,2025-03-19,93.98,13,No,2025-03-12
DC0006,Distribution Center 06,Fulfillment Center,North,Chandigarh,India,MGR0004,P00145,Ambient,23720,96376,85624,88.84,9,50,420,3.8,41,212,Evening,Active,2025-03-20,80.36,48,No,2025-02-24
DC0007,Distribution Center 07,Regional DC,South,Bengaluru,India,MGR0051,P00110,Frozen,5309,107324,57536,53.61,71,96,147,10.01,37,168,Morning,Temporarily Closed,2025-03-20,79.39,24,No,2025-02-27
DC0028,Distribution Center 28,Fulfillment Center,East,Bhubaneswar,India,MGR0056,P00104,Ambient,15628,149599,121581,81.27,12,42,246,20.43,50,311,Morning,Maintenance,2025-03-20,93.94,37,No,2025-03-14
DC0002,Distribution Center 02,Cross-Dock Center,South,Chennai,India,MGR0013,P00001,Cold,13592,130340,41607,31.92,50,76,437,23.4,49,58,Morning,Active,2025-03-21,73.53,37,No,2025-02-26
DC0002,Distribution Center 02,Fulfillment Center,South,Chennai,India,MGR0059,P00214,Hazardous,8572,83561,59269,70.93,35,81,53,14.14,31,245,Night,Active,2025-03-21,75.4,32,No,2025-03-09
DC0003,Distribution Center 03,Cross-Dock Center,East,Kolkata,India,MGR0091,P00090,Cold,4701,107682,103235,95.87,2,93,222,16.91,44,329,Evening,Active,2025-03-21,80.33,33,No,2025-03-02
DC0005,Distribution Center 05,Fulfillment Center,Central,Bhopal,India,MGR0086,P00116,Ambient,4330,65692,23651,36.0,74,51,326,2.56,22,110,Night,Temporarily Closed,2025-03-21,97.95,12,No,2025-03-02
DC0010,Distribution Center 10,Cross-Dock Center,Central,Nagpur,India,MGR0056,P00197,Ambient,14567,44565,20692,46.43,59,95,405,21.51,7,247,Morning,Active,2025-03-21,75.77,39,No,2025-02-24
DC0012,Distribution Center 12,Fulfillment Center,South,Hyderabad,India,MGR0037,P00199,Ambient,1120,146098,92897,63.59,78,75,334,7.9,50,183,Night,Maintenance,2025-03-21,81.35,42,No,2025-03-16
DC0016,Distribution Center 16,Regional DC,North,Lucknow,India,MGR0016,P00205,Frozen,18155,134470,116068,86.32,17,91,374,20.99,43,158,Morning,Temporarily Closed,2025-03-21,86.12,48,No,2025-03-15
DC0019,Distribution Center 19,Cold Storage DC,West,Surat,India,MGR0017,P00176,Ambient,4292,29252,16291,55.69,24,83,144,16.65,32,190,Evening,Active,2025-03-21,97.98,32,No,2025-02-22
DC0027,Distribution Center 27,Cold Storage DC,South,Bengaluru,India,MGR0093,P00171,Ambient,10307,87711,27389,31.23,19,79,113,22.65,14,204,Evening,Active,2025-03-21,90.03,42,No,2025-02-19
DC0028,Distribution Center 28,Cold Storage DC,East,Bhubaneswar,India,MGR0007,P00001,Ambient,5069,116524,90489,77.66,16,6,223,14.6,44,455,Evening,Active,2025-03-21,96.97,8,No,2025-03-18
DC0028,Distribution Center 28,Fulfillment Center,East,Bhubaneswar,India,MGR0059,P00157,Ambient,2870,57280,39289,68.59,15,84,433,6.52,30,482,Morning,Active,2025-03-21,81.78,35,No,2025-03-09
DC0030,Distribution Center 30,Cold Storage DC,Central,Nagpur,India,MGR0072,P00115,Ambient,11423,80119,53286,66.51,53,53,171,11.65,4,75,Evening,Temporarily Closed,2025-03-21,95.64,28,No,2025-03-08
DC0001,Distribution Center 01,Fulfillment Center,North,Delhi,India,MGR0005,P00046,Ambient,10924,141341,35631,25.21,40,16,63,8.77,49,204,Evening,Maintenance,2025-03-22,96.44,15,No,2025-03-12
DC0006,Distribution Center 06,Cold Storage DC,North,Chandigarh,India,MGR0063,P00034,Ambient,17368,83841,24848,29.64,31,38,39,22.43,11,485,Morning,Temporarily Closed,2025-03-22,86.78,4,No,2025-03-15
DC0011,Distribution Center 11,Regional DC,North,Jaipur,India,MGR0004,P00014,Cold,11954,28715,20035,69.77,21,33,100,11.33,25,49,Morning,Active,2025-03-22,85.43,48,No,2025-03-04
DC0014,Distribution Center 14,Fulfillment Center,West,Ahmedabad,India,MGR0100,P00045,Ambient,17568,100999,73880,73.15,1,60,213,16.04,36,80,Night,Temporarily Closed,2025-03-22,74.52,18,No,2025-03-05
DC0014,Distribution Center 14,Cold Storage DC,West,Ahmedabad,India,MGR0080,P00227,Hazardous,11403,103501,95346,92.12,23,97,305,20.45,42,321,Morning,Active,2025-03-22,81.49,24,No,2025-03-10
DC0025,Distribution Center 25,Cold Storage DC,Central,Bhopal,India,MGR0067,P00073,Frozen,23433,76156,19511,25.62,27,93,277,14.39,47,463,Morning,Active,2025-03-22,96.6,6,No,2025-03-17
DC0028,Distribution Center 28,Fulfillment Center,East,Bhubaneswar,India,MGR0041,P00156,Cold,14374,45975,38884,84.58,38,64,468,16.63,23,316,Evening,Active,2025-03-22,87.58,36,No,2025-03-07
DC0002,Distribution Center 02,Regional DC,South,Chennai,India,MGR0011,P00200,Ambient,13223,106688,76291,71.51,8,82,345,13.65,46,145,Evening,Active,2025-03-23,96.1,29,No,2025-03-11
DC0004,Distribution Center 04,Fulfillment Center,West,Mumbai,India,MGR0040,P00035,Ambient,10612,136023,106225,78.09,40,66,445,19.03,35,31,Night,Active,2025-03-23,85.87,1,No,2025-03-21
DC0005,Distribution Center 05,Cross-Dock Center,Central,Bhopal,India,MGR0044,P00228,Ambient,10294,52542,51026,97.11,25,2,325,13.81,45,415,Evening,Active,2025-03-23,72.85,28,No,2025-02-26
DC0006,Distribution Center 06,Regional DC,North,Chandigarh,India,MGR0021,P00113,Ambient,15889,90630,24165,26.66,27,62,472,17.79,35,102,Morning,Temporarily Closed,2025-03-23,82.07,36,No,2025-03-14
DC0010,Distribution Center 10,Fulfillment Center,Central,Nagpur,India,MGR0086,P00046,Cold,7429,52441,50192,95.71,9,53,47,4.13,22,313,Evening,Active,2025-03-23,85.88,2,No,2025-03-20
DC0011,Distribution Center 11,Regional DC,North,Jaipur,India,MGR0071,P00111,Ambient,12618,139378,98151,70.42,59,48,383,16.5,31,475,Evening,Active,2025-03-23,98.33,5,No,2025-03-13
DC0015,Distribution Center 15,Fulfillment Center,Central,Indore,India,MGR0005,P00076,Ambient,7242,60777,49414,81.3,32,84,147,23.65,12,31,Night,Active,2025-03-23,85.67,28,No,2025-03-16
DC0015,Distribution Center 15,Cross-Dock Center,Central,Indore,India,MGR0064,P00124,Ambient,20829,120004,52715,43.93,28,93,272,23.38,7,170,Night,Temporarily Closed,2025-03-23,95.3,28,No,2025-02-23
DC0016,Distribution Center 16,Fulfillment Center,North,Lucknow,India,MGR0094,P00088,Ambient,7890,110120,85057,77.24,23,94,300,9.47,40,300,Night,Active,2025-03-23,77.47,18,No,2025-02-28
DC0016,Distribution Center 16,Regional DC,North,Lucknow,India,MGR0051,P00169,Hazardous,2687,122899,80984,65.89,69,67,305,10.8,21,402,Evening,Active,2025-03-23,77.65,44,No,2025-03-18
DC0021,Distribution Center 21,Regional DC,North,Delhi,India,MGR0052,P00035,Ambient,8756,49109,22839,46.51,49,55,219,23.43,30,331,Morning,Active,2025-03-23,72.82,21,No,2025-03-16
DC0021,Distribution Center 21,Cold Storage DC,North,Delhi,India,MGR0033,P00118,Ambient,9578,47864,44271,92.49,53,6,289,13.01,22,380,Night,Active,2025-03-23,74.51,48,No,2025-03-11
DC0028,Distribution Center 28,Cross-Dock Center,East,Bhubaneswar,India,MGR0053,P00056,Ambient,11709,95356,64533,67.68,65,41,433,11.33,19,44,Evening,Active,2025-03-23,73.3,27,No,2025-03-01
DC0030,Distribution Center 30,Cold Storage DC,Central,Nagpur,India,MGR0098,P00011,Ambient,11798,53385,18543,34.73,76,25,488,22.32,32,165,Night,Active,2025-03-23,91.1,7,No,2025-02-28
DC0009,Distribution Center 09,Cross-Dock Center,West,Pune,India,MGR0015,P00112,Ambient,19161,134611,118423,87.97,31,19,103,9.91,17,39,Morning,Maintenance,2025-03-24,97.18,15,No,2025-03-23
DC0014,Distribution Center 14,Regional DC,West,Ahmedabad,India,MGR0033,P00022,Cold,5206,85935,47624,55.42,51,97,423,22.91,33,258,Evening,Temporarily Closed,2025-03-24,76.59,17,No,2025-03-07
DC0025,Distribution Center 25,Fulfillment Center,Central,Bhopal,India,MGR0061,P00232,Hazardous,6934,65927,60530,91.81,16,91,266,9.46,23,162,Evening,Active,2025-03-24,75.73,10,No,2025-03-20
DC0003,Distribution Center 03,Fulfillment Center,East,Kolkata,India,MGR0036,P00059,Ambient,21530,21998,14706,66.85,28,60,489,10.51,28,20,Morning,Active,2025-03-25,94.1,11,No,2025-03-09
DC0006,Distribution Center 06,Fulfillment Center,North,Chandigarh,India,MGR0073,P00119,Ambient,496,106916,94160,88.07,68,11,108,22.14,45,469,Morning,Active,2025-03-25,85.22,22,Yes,2025-03-16
DC0011,Distribution Center 11,Cold Storage DC,North,Jaipur,India,MGR0066,P00143,Frozen,24112,80981,50020,61.77,22,68,4,11.61,13,251,Evening,Active,2025-03-25,82.97,1,No,2025-03-03
DC0013,Distribution Center 13,Fulfillment Center,East,Guwahati,India,MGR0073,P00060,Ambient,24017,113660,68160,59.97,9,66,295,3.04,17,498,Evening,Maintenance,2025-03-25,73.81,20,No,2025-03-13
DC0015,Distribution Center 15,Cold Storage DC,Central,Indore,India,MGR0032,P00054,Ambient,18476,129581,48906,37.74,28,95,215,20.01,8,34,Night,Active,2025-03-25,84.87,1,No,2025-03-24
DC0017,Distribution Center 17,Regional DC,South,Kochi,India,MGR0058,P00055,Cold,24971,59725,16114,26.98,72,74,311,12.27,6,395,Morning,Active,2025-03-25,85.94,41,No,2025-03-04
DC0027,Distribution Center 27,Cross-Dock Center,South,Bengaluru,India,MGR0097,P00066,Ambient,23230,76635,26885,35.08,67,55,65,5.9,47,252,Morning,Active,2025-03-25,92.53,45,No,2025-02-24
DC0004,Distribution Center 04,Cold Storage DC,West,Mumbai,India,MGR0088,P00244,Ambient,306,55179,47556,86.18,49,36,367,19.02,43,400,Evening,Active,2025-03-26,87.28,10,Yes,2025-03-05
DC0009,Distribution Center 09,Fulfillment Center,West,Pune,India,MGR0040,P00046,Ambient,1391,93740,57151,60.97,67,41,90,3.09,27,362,Night,Temporarily Closed,2025-03-26,78.39,42,No,2025-03-09
DC0012,Distribution Center 12,Regional DC,South,Hyderabad,India,MGR0001,P00166,Ambient,2100,25264,14589,57.75,11,80,414,10.93,22,56,Morning,Maintenance,2025-03-26,77.5,32,No,2025-03-21
DC0021,Distribution Center 21,Regional DC,North,Delhi,India,MGR0088,P00097,Ambient,10404,44422,22567,50.8,8,24,366,5.18,10,444,Night,Active,2025-03-26,77.54,16,No,2025-03-17
DC0022,Distribution Center 22,Cold Storage DC,South,Chennai,India,MGR0088,P00174,Frozen,17816,93156,32618,35.01,42,70,40,12.32,34,437,Morning,Active,2025-03-26,99.35,4,No,2025-03-15
DC0023,Distribution Center 23,Cross-Dock Center,East,Kolkata,India,MGR0095,P00163,Hazardous,272,42343,23460,55.4,60,49,494,18.37,21,81,Night,Maintenance,2025-03-26,79.92,43,Yes,2025-03-14
DC0024,Distribution Center 24,Cold Storage DC,West,Mumbai,India,MGR0012,P00187,Ambient,16513,110060,88043,80.0,12,38,242,3.59,5,86,Morning,Active,2025-03-26,93.33,12,No,2025-03-02
DC0025,Distribution Center 25,Regional DC,Central,Bhopal,India,MGR0089,P00068,Ambient,3445,98296,29191,29.7,59,85,260,13.58,13,457,Evening,Active,2025-03-26,89.49,27,No,2025-03-12
DC0028,Distribution Center 28,Cold Storage DC,East,Bhubaneswar,India,MGR0042,P00163,Hazardous,5486,62941,54977,87.35,0,97,197,18.78,44,468,Night,Active,2025-03-26,97.23,8,No,2025-03-25
DC0030,Distribution Center 30,Fulfillment Center,Central,Nagpur,India,MGR0059,P00148,Ambient,17331,57189,15992,27.96,6,61,360,13.8,31,198,Evening,Active,2025-03-26,77.55,20,No,2025-03-13
DC0004,Distribution Center 04,Regional DC,West,Mumbai,India,MGR0051,P00047,Ambient,3681,73818,62629,84.84,49,85,93,15.39,18,72,Evening,Active,2025-03-27,96.45,41,No,2025-03-24
DC0005,Distribution Center 05,Cross-Dock Center,Central,Bhopal,India,MGR0001,P00032,Frozen,20574,74914,21588,28.82,18,39,346,15.12,44,123,Morning,Temporarily Closed,2025-03-27,83.54,13,No,2025-03-05
DC0011,Distribution Center 11,Cold Storage DC,North,Jaipur,India,MGR0097,P00150,Ambient,3781,130430,111196,85.25,72,17,137,13.18,39,111,Evening,Active,2025-03-27,88.47,11,No,2025-03-10
DC0011,Distribution Center 11,Fulfillment Center,North,Jaipur,India,MGR0039,P00201,Cold,20146,23741,19609,82.6,72,95,357,17.61,48,431,Morning,Temporarily Closed,2025-03-27,78.23,20,No,2025-03-16
DC0019,Distribution Center 19,Regional DC,West,Surat,India,MGR0047,P00245,Ambient,2473,28582,18651,65.25,41,31,411,9.37,43,376,Night,Active,2025-03-27,77.12,33,No,2025-02-25
DC0020,Distribution Center 20,Cold Storage DC,Central,Raipur,India,MGR0096,P00145,Ambient,5763,53233,46127,86.65,56,24,449,3.78,44,140,Evening,Active,2025-03-27,96.64,6,No,2025-03-21
DC0020,Distribution Center 20,Cold Storage DC,Central,Raipur,India,MGR0007,P00148,Ambient,14260,47508,32982,69.42,28,56,422,9.52,4,77,Night,Active,2025-03-27,99.18,33,No,2025-03-15
DC0023,Distribution Center 23,Cold Storage DC,East,Kolkata,India,MGR0003,P00202,Ambient,2275,63187,55961,88.56,67,84,390,8.24,47,68,Evening,Active,2025-03-27,73.7,33,No,2025-03-01
DC0005,Distribution Center 05,Regional DC,Central,Bhopal,India,MGR0023,P00085,Ambient,6072,39934,14442,36.16,18,61,37,15.72,28,431,Evening,Active,2025-03-28,98.11,14,No,2025-03-12
DC0006,Distribution Center 06,Fulfillment Center,North,Chandigarh,India,MGR0022,P00073,Cold,9872,96741,52964,54.75,25,51,428,8.75,28,387,Evening,Maintenance,2025-03-28,73.04,35,No,2025-03-27
DC0013,Distribution Center 13,Cross-Dock Center,East,Guwahati,India,MGR0024,P00077,Cold,13009,99003,63042,63.68,25,18,18,10.29,20,129,Night,Temporarily Closed,2025-03-28,83.17,8,No,2025-03-25
DC0016,Distribution Center 16,Cold Storage DC,North,Lucknow,India,MGR0017,P00128,Hazardous,9063,75633,25111,33.2,52,20,370,6.83,20,414,Night,Maintenance,2025-03-28,90.81,38,No,2025-03-13
DC0019,Distribution Center 19,Cross-Dock Center,West,Surat,India,MGR0013,P00191,Ambient,16178,113353,52043,45.91,3,90,335,13.74,13,451,Morning,Active,2025-03-28,76.67,15,No,2025-03-19
DC0020,Distribution Center 20,Cold Storage DC,Central,Raipur,India,MGR0032,P00164,Frozen,17695,127727,108216,84.72,24,14,46,20.87,19,170,Morning,Temporarily Closed,2025-03-28,73.77,1,No,2025-03-16
DC0022,Distribution Center 22,Fulfillment Center,South,Chennai,India,MGR0022,P00024,Ambient,9960,82299,26182,31.81,67,36,477,2.44,50,251,Morning,Active,2025-03-28,72.11,18,No,2025-03-13
DC0028,Distribution Center 28,Regional DC,East,Bhubaneswar,India,MGR0098,P00152,Hazardous,2953,64030,28817,45.01,65,14,167,8.88,13,105,Night,Active,2025-03-28,83.93,40,No,2025-03-23
DC0006,Distribution Center 06,Cold Storage DC,North,Chandigarh,India,MGR0090,P00101,Frozen,18141,76981,40279,52.32,43,24,278,23.57,5,41,Night,Active,2025-03-29,82.16,23,No,2025-03-21
DC0008,Distribution Center 08,Regional DC,East,Bhubaneswar,India,MGR0074,P00124,Ambient,15443,113115,44612,39.44,55,25,480,17.94,26,186,Evening,Active,2025-03-29,72.27,28,No,2025-03-24
DC0009,Distribution Center 09,Cold Storage DC,West,Pune,India,MGR0059,P00182,Ambient,10145,106904,81463,76.2,66,5,192,6.19,45,349,Evening,Temporarily Closed,2025-03-29,83.38,41,No,2025-03-16
DC0012,Distribution Center 12,Regional DC,South,Hyderabad,India,MGR0031,P00237,Cold,16738,74816,19451,26.0,50,40,455,18.96,39,168,Night,Maintenance,2025-03-29,87.35,44,No,2025-03-02
DC0026,Distribution Center 26,Cold Storage DC,North,Chandigarh,India,MGR0012,P00018,Cold,6188,112619,61168,54.31,61,69,109,19.99,19,293,Morning,Maintenance,2025-03-29,84.61,28,No,2025-02-27
DC0006,Distribution Center 06,Regional DC,North,Chandigarh,India,MGR0010,P00091,Ambient,918,20955,18502,88.29,56,24,471,23.75,19,309,Morning,Active,2025-03-30,83.65,48,No,2025-03-01
DC0009,Distribution Center 09,Fulfillment Center,West,Pune,India,MGR0093,P00150,Ambient,10046,24061,18102,75.23,19,84,59,15.55,46,369,Night,Active,2025-03-30,78.03,36,No,2025-03-10
DC0014,Distribution Center 14,Cross-Dock Center,West,Ahmedabad,India,MGR0023,P00125,Hazardous,23650,72170,25569,35.43,26,20,427,18.52,10,478,Night,Maintenance,2025-03-30,86.93,0,No,2025-03-24
DC0015,Distribution Center 15,Cross-Dock Center,Central,Indore,India,MGR0055,P00121,Cold,18836,48393,45372,93.76,48,74,115,7.81,40,397,Morning,Active,2025-03-30,94.18,49,No,2025-03-06
DC0018,Distribution Center 18,Cold Storage DC,East,Patna,India,MGR0013,P00185,Ambient,13107,134072,63461,47.33,48,44,316,6.51,29,208,Evening,Active,2025-03-30,96.37,6,No,2025-03-21
DC0024,Distribution Center 24,Regional DC,West,Mumbai,India,MGR0096,P00069,Ambient,17420,80986,44080,54.43,19,43,491,1.58,50,307,Morning,Active,2025-03-30,93.42,24,No,2025-03-25
DC0026,Distribution Center 26,Fulfillment Center,North,Chandigarh,India,MGR0061,P00050,Ambient,13197,107740,56472,52.42,72,98,431,15.05,28,345,Morning,Active,2025-03-30,99.72,18,No,2025-03-06
DC0003,Distribution Center 03,Cross-Dock Center,East,Kolkata,India,MGR0077,P00178,Ambient,19171,60090,24649,41.02,69,32,146,16.39,6,455,Evening,Active,2025-03-31,75.13,23,No,2025-03-02
DC0021,Distribution Center 21,Cold Storage DC,North,Delhi,India,MGR0027,P00194,Ambient,10570,88305,29966,33.93,23,43,176,19.5,4,462,Night,Active,2025-03-31,75.77,49,No,2025-03-06
DC0029,Distribution Center 29,Cross-Dock Center,West,Pune,India,MGR0017,P00040,Cold,6007,125768,75396,59.95,8,47,90,9.79,18,99,Morning,Active,2025-03-31,96.18,5,No,2025-03-10
DC0004,Distribution Center 04,Fulfillment Center,West,Mumbai,India,MGR0033,P00233,Ambient,20886,52367,31572,60.29,51,49,467,22.94,42,196,Morning,Maintenance,2025-04-01,93.88,8,No,2025-03-21
DC0006,Distribution Center 06,Cold Storage DC,North,Chandigarh,India,MGR0045,P00084,Ambient,9186,104078,30752,29.55,35,13,336,3.87,23,324,Evening,Active,2025-04-01,92.2,47,No,2025-03-08
DC0006,Distribution Center 06,Fulfillment Center,North,Chandigarh,India,MGR0027,P00192,Ambient,21564,77046,73135,94.92,30,8,61,8.75,36,143,Night,Maintenance,2025-04-01,94.14,28,No,2025-03-10
DC0008,Distribution Center 08,Cross-Dock Center,East,Bhubaneswar,India,MGR0008,P00155,Frozen,5686,51541,45239,87.77,76,78,335,13.68,13,337,Morning,Temporarily Closed,2025-04-01,92.81,45,No,2025-03-22
DC0013,Distribution Center 13,Cold Storage DC,East,Guwahati,India,MGR0015,P00057,Cold,16260,111199,72533,65.23,22,90,254,21.22,7,432,Night,Temporarily Closed,2025-04-01,78.32,22,No,2025-03-24
DC0016,Distribution Center 16,Regional DC,North,Lucknow,India,MGR0039,P00173,Frozen,18931,46300,41545,89.73,79,21,182,10.1,9,475,Evening,Active,2025-04-01,75.53,31,No,2025-03-13
DC0018,Distribution Center 18,Regional DC,East,Patna,India,MGR0041,P00070,Frozen,20134,116103,74524,64.19,76,46,130,18.71,44,399,Night,Active,2025-04-01,90.58,9,No,2025-04-01
DC0004,Distribution Center 04,Regional DC,West,Mumbai,India,MGR0053,P00039,Cold,11420,39877,19511,48.93,69,25,72,23.3,48,31,Evening,Active,2025-04-02,97.76,48,No,2025-03-06
DC0006,Distribution Center 06,Regional DC,North,Chandigarh,India,MGR0074,P00072,Ambient,8774,96129,55803,58.05,70,74,325,21.24,22,366,Morning,Active,2025-04-02,88.37,46,No,2025-03-04
DC0008,Distribution Center 08,Regional DC,East,Bhubaneswar,India,MGR0025,P00103,Ambient,19553,106403,35776,33.62,33,47,34,22.69,26,379,Night,Maintenance,2025-04-02,89.99,43,No,2025-03-26
DC0008,Distribution Center 08,Regional DC,East,Bhubaneswar,India,MGR0081,P00181,Ambient,183,59236,30642,51.73,50,49,7,19.04,15,340,Morning,Active,2025-04-02,72.29,1,Yes,2025-03-03
DC0012,Distribution Center 12,Cross-Dock Center,South,Hyderabad,India,MGR0095,P00123,Ambient,7199,90092,87121,96.7,3,12,188,20.05,45,35,Night,Active,2025-04-02,81.35,32,No,2025-03-29
DC0013,Distribution Center 13,Cold Storage DC,East,Guwahati,India,MGR0016,P00093,Cold,3156,94659,77332,81.7,43,57,389,15.15,9,450,Night,Active,2025-04-02,83.69,11,No,2025-03-13
DC0017,Distribution Center 17,Regional DC,South,Kochi,India,MGR0084,P00237,Ambient,21122,126614,106401,84.04,0,90,199,13.19,43,157,Night,Active,2025-04-02,98.31,30,No,2025-03-24
DC0021,Distribution Center 21,Fulfillment Center,North,Delhi,India,MGR0097,P00191,Ambient,1635,97770,87430,89.42,48,45,281,4.42,25,296,Night,Active,2025-04-02,83.71,35,No,2025-03-18
DC0024,Distribution Center 24,Regional DC,West,Mumbai,India,MGR0067,P00003,Ambient,4912,47908,42807,89.35,14,62,212,9.84,15,280,Evening,Maintenance,2025-04-02,75.1,47,No,2025-03-14
DC0026,Distribution Center 26,Cold Storage DC,North,Chandigarh,India,MGR0005,P00017,Ambient,10588,96459,65054,67.44,18,27,390,23.72,8,167,Night,Active,2025-04-02,96.95,17,No,2025-03-25
DC0001,Distribution Center 01,Regional DC,North,Delhi,India,MGR0002,P00080,Ambient,14865,75177,58603,77.95,57,13,58,11.14,5,404,Morning,Active,2025-04-03,89.94,4,No,2025-03-23
DC0002,Distribution Center 02,Cold Storage DC,South,Chennai,India,MGR0093,P00161,Ambient,14651,59936,38312,63.92,23,64,244,8.17,33,368,Night,Temporarily Closed,2025-04-03,98.84,29,No,2025-03-18
DC0003,Distribution Center 03,Cold Storage DC,East,Kolkata,India,MGR0006,P00202,Ambient,20446,148499,90191,60.74,63,30,384,22.88,17,489,Evening,Active,2025-04-03,92.22,0,No,2025-03-08
DC0010,Distribution Center 10,Fulfillment Center,Central,Nagpur,India,MGR0063,P00049,Ambient,6991,115369,40574,35.17,33,53,395,17.72,26,443,Night,Temporarily Closed,2025-04-03,86.04,35,No,2025-03-31
DC0010,Distribution Center 10,Cold Storage DC,Central,Nagpur,India,MGR0087,P00098,Ambient,11180,51612,37950,73.53,29,90,323,2.68,11,180,Night,Active,2025-04-03,90.21,16,No,2025-03-10
DC0015,Distribution Center 15,Cold Storage DC,Central,Indore,India,MGR0088,P00183,Ambient,22799,122422,53869,44.0,67,68,448,13.85,29,64,Night,Maintenance,2025-04-03,89.32,38,No,2025-03-26
DC0018,Distribution Center 18,Cold Storage DC,East,Patna,India,MGR0056,P00011,Frozen,17700,104126,72005,69.15,57,22,391,15.47,40,495,Morning,Maintenance,2025-04-03,79.6,35,No,2025-03-23
DC0019,Distribution Center 19,Fulfillment Center,West,Surat,India,MGR0067,P00101,Ambient,17012,116887,45697,39.1,56,88,263,3.61,46,182,Morning,Active,2025-04-03,84.19,43,No,2025-03-07
DC0019,Distribution Center 19,Cold Storage DC,West,Surat,India,MGR0064,P00223,Ambient,20316,125998,112223,89.07,38,20,51,10.31,31,43,Evening,Active,2025-04-03,95.68,42,No,2025-03-08
DC0026,Distribution Center 26,Cross-Dock Center,North,Chandigarh,India,MGR0012,P00084,Frozen,10892,95289,53331,55.97,55,51,467,10.56,31,384,Morning,Maintenance,2025-04-03,97.96,46,No,2025-03-19
DC0028,Distribution Center 28,Regional DC,East,Bhubaneswar,India,MGR0100,P00074,Ambient,739,105567,35386,33.52,36,96,56,13.67,43,414,Night,Active,2025-04-03,74.33,0,No,2025-03-17
DC0003,Distribution Center 03,Fulfillment Center,East,Kolkata,India,MGR0009,P00133,Ambient,19323,106451,68899,64.72,33,42,8,20.5,41,242,Morning,Temporarily Closed,2025-04-04,89.72,29,No,2025-03-11
DC0004,Distribution Center 04,Cold Storage DC,West,Mumbai,India,MGR0091,P00068,Hazardous,24895,91803,71439,77.82,23,91,130,20.52,40,434,Morning,Temporarily Closed,2025-04-04,93.32,35,No,2025-03-16
DC0016,Distribution Center 16,Regional DC,North,Lucknow,India,MGR0047,P00050,Ambient,13256,141545,123286,87.1,41,89,31,13.39,30,341,Morning,Active,2025-04-04,93.62,48,No,2025-03-17
DC0017,Distribution Center 17,Regional DC,South,Kochi,India,MGR0056,P00035,Hazardous,11135,116796,44881,38.43,74,57,288,5.93,8,296,Evening,Maintenance,2025-04-04,87.88,38,No,2025-04-01
DC0029,Distribution Center 29,Regional DC,West,Pune,India,MGR0079,P00212,Cold,20426,28765,23906,83.11,28,55,314,16.89,40,359,Evening,Temporarily Closed,2025-04-04,95.73,19,No,2025-03-14
DC0008,Distribution Center 08,Fulfillment Center,East,Bhubaneswar,India,MGR0078,P00058,Ambient,20007,83201,53072,63.79,51,46,221,14.68,5,315,Night,Temporarily Closed,2025-04-05,85.61,8,No,2025-03-13
DC0009,Distribution Center 09,Cold Storage DC,West,Pune,India,MGR0054,P00144,Ambient,12466,91274,60439,66.22,55,13,344,21.47,38,20,Morning,Active,2025-04-05,79.9,16,No,2025-03-10
DC0016,Distribution Center 16,Cold Storage DC,North,Lucknow,India,MGR0093,P00143,Ambient,14179,50847,33684,66.25,37,28,342,12.95,19,376,Night,Active,2025-04-05,88.49,20,No,2025-03-08
DC0018,Distribution Center 18,Cross-Dock Center,East,Patna,India,MGR0090,P00124,Ambient,7821,87965,59111,67.2,72,35,386,13.73,40,391,Morning,Active,2025-04-05,75.04,44,No,2025-03-16
DC0019,Distribution Center 19,Cold Storage DC,West,Surat,India,MGR0013,P00145,Hazardous,6200,63802,19085,29.91,51,25,480,20.07,48,135,Morning,Active,2025-04-05,74.65,9,No,2025-03-16
DC0023,Distribution Center 23,Fulfillment Center,East,Kolkata,India,MGR0097,P00137,Hazardous,6138,123924,57368,46.29,6,24,125,14.86,46,332,Night,Temporarily Closed,2025-04-05,83.08,21,No,2025-03-10
DC0001,Distribution Center 01,Cross-Dock Center,North,Delhi,India,MGR0014,P00235,Ambient,22348,22370,7671,34.29,33,8,411,20.52,32,404,Evening,Active,2025-04-06,85.89,36,No,2025-03-09
DC0005,Distribution Center 05,Fulfillment Center,Central,Bhopal,India,MGR0027,P00016,Cold,16005,125599,52167,41.53,7,26,98,7.68,34,44,Night,Active,2025-04-06,96.73,15,No,2025-03-20
DC0011,Distribution Center 11,Regional DC,North,Jaipur,India,MGR0075,P00209,Cold,2517,110717,103876,93.82,46,16,316,8.89,40,171,Night,Maintenance,2025-04-06,83.42,45,No,2025-03-31
DC0012,Distribution Center 12,Cross-Dock Center,South,Hyderabad,India,MGR0026,P00109,Hazardous,21175,98336,95251,96.86,18,73,328,19.27,15,271,Morning,Maintenance,2025-04-06,98.79,18,No,2025-03-28
DC0014,Distribution Center 14,Fulfillment Center,West,Ahmedabad,India,MGR0021,P00140,Hazardous,1662,143100,128208,89.59,14,85,336,2.37,8,87,Evening,Maintenance,2025-04-06,72.97,32,No,2025-03-20
DC0016,Distribution Center 16,Cold Storage DC,North,Lucknow,India,MGR0061,P00076,Frozen,6775,82770,71806,86.75,61,85,419,17.41,14,43,Evening,Maintenance,2025-04-06,78.45,24,No,2025-03-14
DC0024,Distribution Center 24,Cross-Dock Center,West,Mumbai,India,MGR0048,P00013,Cold,17041,61020,51499,84.4,21,59,426,10.42,7,70,Morning,Temporarily Closed,2025-04-06,88.8,26,No,2025-03-09
DC0030,Distribution Center 30,Cross-Dock Center,Central,Nagpur,India,MGR0088,P00142,Ambient,5575,75780,45344,59.84,40,10,30,4.2,13,440,Evening,Active,2025-04-06,82.24,12,No,2025-03-21
DC0006,Distribution Center 06,Regional DC,North,Chandigarh,India,MGR0048,P00143,Ambient,16353,30787,28632,93.0,65,65,204,19.73,38,135,Night,Maintenance,2025-04-07,98.28,46,No,2025-03-13
DC0010,Distribution Center 10,Regional DC,Central,Nagpur,India,MGR0033,P00009,Ambient,22845,36624,33290,90.9,11,82,127,7.07,26,373,Night,Maintenance,2025-04-07,86.43,3,No,2025-04-02
DC0010,Distribution Center 10,Cold Storage DC,Central,Nagpur,India,MGR0011,P00034,Cold,3771,131355,49588,37.75,20,54,108,5.65,32,272,Morning,Temporarily Closed,2025-04-07,78.78,19,No,2025-03-29
DC0013,Distribution Center 13,Regional DC,East,Guwahati,India,MGR0060,P00178,Ambient,5077,71071,32469,45.69,23,80,88,22.18,13,389,Night,Maintenance,2025-04-07,81.78,8,No,2025-04-05
DC0014,Distribution Center 14,Cold Storage DC,West,Ahmedabad,India,MGR0022,P00057,Hazardous,7513,140212,55026,39.24,59,75,119,2.58,29,237,Morning,Active,2025-04-07,95.0,6,No,2025-03-24
DC0017,Distribution Center 17,Cross-Dock Center,South,Kochi,India,MGR0081,P00192,Ambient,13453,124912,96636,77.36,0,6,388,15.78,19,472,Evening,Active,2025-04-07,73.66,33,No,2025-03-25
DC0020,Distribution Center 20,Regional DC,Central,Raipur,India,MGR0068,P00036,Cold,18946,111572,86610,77.63,27,59,395,12.71,26,185,Night,Active,2025-04-07,97.93,40,No,2025-03-25
DC0022,Distribution Center 22,Fulfillment Center,South,Chennai,India,MGR0041,P00062,Cold,346,85115,74726,87.79,8,76,416,20.57,44,176,Morning,Maintenance,2025-04-07,76.28,47,Yes,2025-03-31
DC0023,Distribution Center 23,Cross-Dock Center,East,Kolkata,India,MGR0030,P00102,Ambient,8538,118839,92747,78.04,53,65,275,10.03,28,327,Night,Active,2025-04-07,76.79,4,No,2025-03-24
DC0027,Distribution Center 27,Regional DC,South,Bengaluru,India,MGR0013,P00063,Cold,8937,140501,108392,77.15,5,43,18,15.59,4,117,Night,Active,2025-04-07,97.75,35,No,2025-03-21
DC0014,Distribution Center 14,Fulfillment Center,West,Ahmedabad,India,MGR0019,P00224,Cold,1455,78241,19759,25.25,43,7,276,12.3,25,470,Morning,Active,2025-04-08,91.09,39,No,2025-03-13
DC0016,Distribution Center 16,Fulfillment Center,North,Lucknow,India,MGR0063,P00167,Ambient,7461,64961,61456,94.6,32,46,346,8.98,18,295,Night,Active,2025-04-08,84.87,10,No,2025-03-17
DC0021,Distribution Center 21,Fulfillment Center,North,Delhi,India,MGR0082,P00145,Ambient,13349,101522,28317,27.89,56,88,471,16.41,50,275,Evening,Active,2025-04-08,84.22,2,No,2025-03-16
DC0023,Distribution Center 23,Fulfillment Center,East,Kolkata,India,MGR0035,P00103,Ambient,21778,54015,41749,77.29,67,2,171,17.61,36,463,Night,Active,2025-04-08,96.18,29,No,2025-03-15
DC0026,Distribution Center 26,Cold Storage DC,North,Chandigarh,India,MGR0073,P00099,Frozen,24013,63495,46590,73.38,72,42,314,9.42,16,255,Morning,Active,2025-04-08,76.48,14,No,2025-03-14
DC0028,Distribution Center 28,Regional DC,East,Bhubaneswar,India,MGR0096,P00240,Ambient,12911,89057,63882,71.73,20,61,409,3.44,40,477,Morning,Active,2025-04-08,77.04,33,No,2025-04-02
DC0030,Distribution Center 30,Cross-Dock Center,Central,Nagpur,India,MGR0029,P00144,Cold,23029,27069,19018,70.26,56,41,391,18.38,10,443,Evening,Active,2025-04-08,81.72,17,No,2025-04-04
DC0001,Distribution Center 01,Cross-Dock Center,North,Delhi,India,MGR0055,P00169,Ambient,24520,104942,51395,48.97,62,37,78,14.3,46,342,Evening,Active,2025-04-09,84.3,40,No,2025-04-04
DC0003,Distribution Center 03,Cold Storage DC,East,Kolkata,India,MGR0049,P00076,Frozen,10611,97589,45195,46.31,68,0,177,5.96,13,101,Night,Active,2025-04-09,84.75,16,No,2025-04-09
DC0004,Distribution Center 04,Cold Storage DC,West,Mumbai,India,MGR0011,P00138,Cold,13036,109163,78455,71.87,43,31,122,7.83,12,197,Morning,Active,2025-04-09,95.1,21,No,2025-04-08
DC0005,Distribution Center 05,Regional DC,Central,Bhopal,India,MGR0034,P00056,Hazardous,15504,40044,39114,97.68,3,82,487,17.18,35,226,Night,Temporarily Closed,2025-04-09,88.61,24,No,2025-03-23
DC0010,Distribution Center 10,Fulfillment Center,Central,Nagpur,India,MGR0060,P00051,Ambient,8848,28738,13095,45.57,54,68,62,18.15,5,126,Morning,Maintenance,2025-04-09,96.25,46,No,2025-03-23
DC0013,Distribution Center 13,Fulfillment Center,East,Guwahati,India,MGR0099,P00030,Ambient,6024,57276,52361,91.42,51,13,227,14.85,38,450,Morning,Temporarily Closed,2025-04-09,82.64,10,No,2025-03-11
DC0013,Distribution Center 13,Cross-Dock Center,East,Guwahati,India,MGR0063,P00245,Ambient,168,59092,42639,72.16,31,84,309,17.24,6,116,Evening,Active,2025-04-09,87.27,35,Yes,2025-03-30
DC0014,Distribution Center 14,Cold Storage DC,West,Ahmedabad,India,MGR0051,P00171,Ambient,20038,20662,11148,53.95,39,37,62,2.49,8,116,Evening,Active,2025-04-09,88.58,20,No,2025-03-24
DC0015,Distribution Center 15,Cross-Dock Center,Central,Indore,India,MGR0073,P00083,Ambient,22798,106180,71279,67.13,9,41,449,22.17,46,407,Morning,Maintenance,2025-04-09,78.65,21,No,2025-03-31
DC0025,Distribution Center 25,Fulfillment Center,Central,Bhopal,India,MGR0039,P00002,Ambient,1735,29976,15511,51.74,19,3,252,17.7,20,292,Night,Active,2025-04-09,73.86,18,No,2025-04-04
DC0025,Distribution Center 25,Cross-Dock Center,Central,Bhopal,India,MGR0071,P00003,Ambient,24734,37010,10388,28.07,46,17,60,14.54,5,277,Morning,Active,2025-04-09,93.07,1,No,2025-03-16
DC0002,Distribution Center 02,Cross-Dock Center,South,Chennai,India,MGR0068,P00024,Ambient,872,40237,31805,79.04,53,45,153,12.03,21,134,Morning,Maintenance,2025-04-10,89.45,13,No,2025-03-28
DC0004,Distribution Center 04,Cross-Dock Center,West,Mumbai,India,MGR0096,P00245,Cold,16318,108900,76130,69.91,63,45,214,20.23,29,364,Night,Active,2025-04-10,97.92,37,No,2025-03-23
DC0008,Distribution Center 08,Cross-Dock Center,East,Bhubaneswar,India,MGR0011,P00227,Ambient,14941,124601,85358,68.51,58,49,221,20.12,17,215,Night,Active,2025-04-10,92.77,36,No,2025-04-04
DC0009,Distribution Center 09,Cold Storage DC,West,Pune,India,MGR0093,P00223,Cold,22726,87364,75771,86.73,2,33,112,19.29,24,239,Evening,Active,2025-04-10,72.31,39,No,2025-04-07
DC0015,Distribution Center 15,Cold Storage DC,Central,Indore,India,MGR0075,P00102,Frozen,18947,107112,42892,40.04,60,74,198,3.57,43,341,Evening,Active,2025-04-10,94.26,38,No,2025-04-09
DC0018,Distribution Center 18,Cold Storage DC,East,Patna,India,MGR0032,P00067,Frozen,22168,132474,122609,92.55,63,63,31,3.1,41,423,Morning,Temporarily Closed,2025-04-10,76.68,10,No,2025-03-13
DC0022,Distribution Center 22,Cold Storage DC,South,Chennai,India,MGR0072,P00120,Ambient,9033,108960,74102,68.01,75,53,317,11.16,18,455,Morning,Maintenance,2025-04-10,97.2,3,No,2025-04-02
DC0023,Distribution Center 23,Cross-Dock Center,East,Kolkata,India,MGR0041,P00103,Ambient,6423,31902,29222,91.6,50,28,408,12.39,17,266,Night,Active,2025-04-10,73.86,36,No,2025-04-04
DC0026,Distribution Center 26,Cross-Dock Center,North,Chandigarh,India,MGR0045,P00023,Ambient,8039,121480,69162,56.93,51,17,423,22.88,25,107,Evening,Active,2025-04-10,81.24,10,No,2025-04-08
DC0030,Distribution Center 30,Cross-Dock Center,Central,Nagpur,India,MGR0096,P00092,Ambient,20966,68177,22298,32.71,4,94,185,5.71,16,58,Evening,Active,2025-04-10,79.41,6,No,2025-03-18
DC0001,Distribution Center 01,Regional DC,North,Delhi,India,MGR0064,P00154,Ambient,3020,92366,67305,72.87,41,53,451,6.11,16,34,Evening,Active,2025-04-11,79.48,48,No,2025-04-07
DC0003,Distribution Center 03,Cold Storage DC,East,Kolkata,India,MGR0094,P00020,Frozen,12719,81324,78164,96.11,23,93,10,5.31,6,46,Night,Active,2025-04-11,88.86,27,No,2025-04-04
DC0004,Distribution Center 04,Fulfillment Center,West,Mumbai,India,MGR0085,P00026,Cold,10134,77238,62884,81.42,58,76,446,18.06,14,278,Night,Active,2025-04-11,99.21,23,No,2025-04-05
DC0011,Distribution Center 11,Cold Storage DC,North,Jaipur,India,MGR0040,P00003,Ambient,8058,51139,17684,34.58,19,24,71,22.38,40,239,Morning,Active,2025-04-11,72.43,40,No,2025-03-29
DC0012,Distribution Center 12,Cross-Dock Center,South,Hyderabad,India,MGR0036,P00226,Ambient,7285,24539,16471,67.12,70,86,164,1.9,15,287,Evening,Active,2025-04-11,80.43,17,No,2025-03-28
DC0015,Distribution Center 15,Regional DC,Central,Indore,India,MGR0065,P00162,Ambient,20559,92087,61657,66.96,13,42,71,16.31,43,395,Morning,Active,2025-04-11,88.26,19,No,2025-03-29
DC0019,Distribution Center 19,Cold Storage DC,West,Surat,India,MGR0051,P00093,Ambient,23874,87688,42843,48.86,20,22,41,23.59,42,392,Evening,Maintenance,2025-04-11,79.13,31,No,2025-04-01
DC0021,Distribution Center 21,Cross-Dock Center,North,Delhi,India,MGR0003,P00072,Ambient,9578,133703,40246,30.1,32,54,482,18.43,44,311,Morning,Temporarily Closed,2025-04-11,72.15,19,No,2025-03-12
DC0021,Distribution Center 21,Fulfillment Center,North,Delhi,India,MGR0056,P00078,Cold,320,131597,59688,45.36,49,28,427,2.28,37,311,Morning,Temporarily Closed,2025-04-11,86.6,42,Yes,2025-04-10
DC0026,Distribution Center 26,Cold Storage DC,North,Chandigarh,India,MGR0038,P00218,Ambient,20759,74575,38305,51.36,51,66,232,4.34,50,261,Evening,Active,2025-04-11,77.13,32,No,2025-03-21
DC0030,Distribution Center 30,Regional DC,Central,Nagpur,India,MGR0037,P00049,Ambient,12934,69507,65048,93.58,25,99,144,6.43,7,266,Morning,Active,2025-04-11,98.12,14,No,2025-03-15
DC0001,Distribution Center 01,Regional DC,North,Delhi,India,MGR0055,P00232,Cold,10652,133572,120096,89.91,40,79,381,7.1,37,169,Night,Temporarily Closed,2025-04-12,82.89,4,No,2025-04-11
DC0005,Distribution Center 05,Cross-Dock Center,Central,Bhopal,India,MGR0056,P00067,Cold,1208,82021,51216,62.44,40,63,291,22.23,50,55,Evening,Active,2025-04-12,83.21,37,No,2025-04-12
DC0011,Distribution Center 11,Fulfillment Center,North,Jaipur,India,MGR0085,P00018,Ambient,8920,28962,28060,96.89,2,41,165,17.07,31,413,Morning,Active,2025-04-12,97.46,4,No,2025-04-08
DC0011,Distribution Center 11,Cold Storage DC,North,Jaipur,India,MGR0028,P00024,Ambient,6855,57205,25310,44.24,61,79,137,16.89,26,321,Evening,Active,2025-04-12,75.1,13,No,2025-04-11
DC0014,Distribution Center 14,Regional DC,West,Ahmedabad,India,MGR0055,P00218,Frozen,9342,60909,37445,61.48,39,31,60,20.25,21,338,Evening,Temporarily Closed,2025-04-12,98.61,39,No,2025-03-31
DC0015,Distribution Center 15,Regional DC,Central,Indore,India,MGR0054,P00075,Hazardous,10196,77170,58087,75.27,40,39,339,12.59,9,348,Night,Active,2025-04-12,91.56,1,No,2025-03-17
DC0018,Distribution Center 18,Cross-Dock Center,East,Patna,India,MGR0052,P00207,Ambient,2009,107922,78495,72.73,35,46,251,17.82,4,304,Night,Active,2025-04-12,84.58,22,No,2025-04-07
DC0020,Distribution Center 20,Cold Storage DC,Central,Raipur,India,MGR0062,P00005,Ambient,15143,143923,93675,65.09,7,95,428,21.47,14,456,Morning,Active,2025-04-12,84.31,35,No,2025-03-21
DC0021,Distribution Center 21,Cross-Dock Center,North,Delhi,India,MGR0090,P00187,Hazardous,8009,21588,7832,36.28,0,27,347,7.15,10,112,Evening,Active,2025-04-12,94.7,1,No,2025-03-20
DC0023,Distribution Center 23,Cold Storage DC,East,Kolkata,India,MGR0007,P00069,Cold,3171,128891,87173,67.63,29,55,301,8.41,44,166,Morning,Maintenance,2025-04-12,94.56,14,No,2025-03-31
DC0024,Distribution Center 24,Fulfillment Center,West,Mumbai,India,MGR0035,P00091,Cold,13116,100330,92528,92.22,62,45,364,22.13,43,49,Evening,Temporarily Closed,2025-04-12,91.44,38,No,2025-03-26
DC0029,Distribution Center 29,Regional DC,West,Pune,India,MGR0002,P00208,Ambient,23288,65915,58286,88.43,61,14,488,1.66,44,396,Evening,Active,2025-04-12,78.72,23,No,2025-03-14
DC0030,Distribution Center 30,Cold Storage DC,Central,Nagpur,India,MGR0090,P00220,Cold,20890,53965,39784,73.72,20,1,109,15.32,9,32,Morning,Active,2025-04-12,83.67,44,No,2025-03-14
DC0002,Distribution Center 02,Fulfillment Center,South,Chennai,India,MGR0045,P00077,Ambient,12162,49471,44716,90.39,57,3,316,21.59,25,349,Evening,Temporarily Closed,2025-04-13,73.48,40,No,2025-03-27
DC0004,Distribution Center 04,Regional DC,West,Mumbai,India,MGR0066,P00127,Ambient,5823,91916,41130,44.75,22,55,498,4.6,27,472,Morning,Active,2025-04-13,76.17,5,No,2025-04-07
DC0009,Distribution Center 09,Fulfillment Center,West,Pune,India,MGR0099,P00029,Ambient,10755,112576,97719,86.8,42,20,253,22.75,40,494,Morning,Active,2025-04-13,88.21,43,No,2025-04-10
DC0011,Distribution Center 11,Cold Storage DC,North,Jaipur,India,MGR0077,P00130,Ambient,6797,49455,46909,94.85,17,17,343,1.57,49,481,Evening,Active,2025-04-13,80.22,19,No,2025-03-22
DC0013,Distribution Center 13,Regional DC,East,Guwahati,India,MGR0009,P00120,Ambient,11778,31354,23656,75.45,31,70,394,4.29,28,27,Evening,Temporarily Closed,2025-04-13,72.59,35,No,2025-03-28
DC0024,Distribution Center 24,Cross-Dock Center,West,Mumbai,India,MGR0001,P00006,Ambient,21836,23822,16030,67.29,58,3,77,2.9,7,184,Morning,Active,2025-04-13,97.69,26,No,2025-03-22
DC0024,Distribution Center 24,Cold Storage DC,West,Mumbai,India,MGR0040,P00021,Ambient,13377,131275,90101,68.64,23,31,156,10.23,33,264,Evening,Active,2025-04-13,82.25,47,No,2025-04-09
DC0026,Distribution Center 26,Regional DC,North,Chandigarh,India,MGR0002,P00232,Hazardous,11626,112892,40257,35.66,66,12,116,1.54,5,101,Evening,Active,2025-04-13,96.84,33,No,2025-04-05
DC0002,Distribution Center 02,Cold Storage DC,South,Chennai,India,MGR0072,P00144,Cold,14120,89743,48658,54.22,14,11,189,22.74,17,343,Evening,Active,2025-04-14,92.11,33,No,2025-04-14
DC0003,Distribution Center 03,Cross-Dock Center,East,Kolkata,India,MGR0067,P00025,Ambient,23970,72891,41797,57.34,65,30,10,19.93,23,301,Morning,Active,2025-04-14,89.27,26,No,2025-03-24
DC0009,Distribution Center 09,Cold Storage DC,West,Pune,India,MGR0014,P00020,Ambient,22375,118347,70833,59.85,68,37,330,10.75,38,419,Night,Maintenance,2025-04-14,96.33,45,No,2025-04-10
DC0009,Distribution Center 09,Cross-Dock Center,West,Pune,India,MGR0095,P00231,Ambient,24130,129437,123290,95.25,0,3,381,19.41,28,149,Morning,Active,2025-04-14,78.41,7,No,2025-04-13
DC0013,Distribution Center 13,Cross-Dock Center,East,Guwahati,India,MGR0050,P00239,Hazardous,19245,78375,67431,86.04,4,68,20,3.24,25,23,Morning,Active,2025-04-14,80.63,7,No,2025-04-01
DC0015,Distribution Center 15,Cross-Dock Center,Central,Indore,India,MGR0046,P00088,Cold,8407,56956,42986,75.47,50,28,110,5.94,47,434,Evening,Temporarily Closed,2025-04-14,99.13,24,No,2025-03-28
DC0023,Distribution Center 23,Regional DC,East,Kolkata,India,MGR0025,P00248,Frozen,22330,93134,72720,78.08,38,25,15,7.12,49,150,Evening,Active,2025-04-14,90.09,25,No,2025-03-31
DC0024,Distribution Center 24,Regional DC,West,Mumbai,India,MGR0057,P00019,Cold,18684,57090,20329,35.61,36,48,301,17.33,44,334,Night,Maintenance,2025-04-14,81.33,42,No,2025-04-13
DC0026,Distribution Center 26,Cold Storage DC,North,Chandigarh,India,MGR0049,P00055,Ambient,11245,35411,23062,65.13,43,38,133,19.22,16,150,Morning,Active,2025-04-14,97.73,49,No,2025-03-26
DC0018,Distribution Center 18,Cross-Dock Center,East,Patna,India,MGR0024,P00046,Cold,6668,87727,83176,94.81,8,93,462,10.72,9,365,Evening,Active,2025-04-15,81.28,47,No,2025-04-15
DC0020,Distribution Center 20,Cold Storage DC,Central,Raipur,India,MGR0021,P00232,Ambient,9245,102121,39514,38.69,19,44,303,3.17,26,452,Morning,Maintenance,2025-04-15,90.3,5,No,2025-04-06
DC0021,Distribution Center 21,Fulfillment Center,North,Delhi,India,MGR0052,P00172,Hazardous,2438,100297,56678,56.51,5,30,195,10.96,19,73,Night,Temporarily Closed,2025-04-15,82.57,5,No,2025-04-08
DC0021,Distribution Center 21,Regional DC,North,Delhi,India,MGR0007,P00208,Ambient,7318,140504,70712,50.33,5,35,116,6.39,47,441,Evening,Temporarily Closed,2025-04-15,83.47,8,No,2025-03-25
DC0027,Distribution Center 27,Cold Storage DC,South,Bengaluru,India,MGR0077,P00137,Cold,20409,142004,103574,72.94,27,32,491,23.01,16,404,Morning,Active,2025-04-15,90.74,32,No,2025-04-09
DC0028,Distribution Center 28,Regional DC,East,Bhubaneswar,India,MGR0026,P00032,Ambient,15865,84151,53389,63.44,2,55,80,14.1,4,220,Night,Active,2025-04-15,91.11,21,No,2025-04-04
DC0029,Distribution Center 29,Cross-Dock Center,West,Pune,India,MGR0041,P00080,Ambient,11073,139406,115418,82.79,54,49,112,22.96,15,358,Night,Maintenance,2025-04-15,92.1,17,No,2025-04-03
DC0029,Distribution Center 29,Regional DC,West,Pune,India,MGR0074,P00168,Cold,537,20175,17170,85.11,13,49,349,7.07,38,35,Evening,Active,2025-04-15,88.41,43,No,2025-04-03
DC0030,Distribution Center 30,Regional DC,Central,Nagpur,India,MGR0091,P00030,Hazardous,19603,39465,10952,27.75,18,66,139,11.38,32,44,Night,Maintenance,2025-04-15,82.36,40,No,2025-03-18
DC0030,Distribution Center 30,Fulfillment Center,Central,Nagpur,India,MGR0019,P00176,Cold,20092,87196,73477,84.27,42,77,300,21.55,6,281,Evening,Active,2025-04-15,84.01,24,No,2025-04-12
DC0026,Distribution Center 26,Fulfillment Center,North,Chandigarh,India,MGR0075,P00003,Cold,3666,112224,35315,31.47,6,30,24,21.08,26,35,Night,Active,2025-04-16,96.2,23,No,2025-04-16
DC0029,Distribution Center 29,Regional DC,West,Pune,India,MGR0012,P00215,Ambient,11094,108083,81812,75.69,79,81,417,15.12,45,400,Morning,Active,2025-04-16,90.65,1,No,2025-04-14
DC0002,Distribution Center 02,Cross-Dock Center,South,Chennai,India,MGR0024,P00029,Ambient,22625,83676,71742,85.74,78,72,27,17.57,47,387,Morning,Active,2025-04-17,92.45,39,No,2025-04-03
DC0003,Distribution Center 03,Cold Storage DC,East,Kolkata,India,MGR0046,P00246,Frozen,9120,27737,11076,39.93,28,98,226,3.34,39,324,Morning,Active,2025-04-17,96.19,33,No,2025-04-17
DC0007,Distribution Center 07,Regional DC,South,Bengaluru,India,MGR0061,P00118,Ambient,4700,41748,15841,37.94,59,44,397,23.26,47,446,Night,Active,2025-04-17,89.68,14,No,2025-03-25
DC0011,Distribution Center 11,Regional DC,North,Jaipur,India,MGR0027,P00077,Ambient,11702,55871,20022,35.84,67,91,64,11.32,27,219,Night,Active,2025-04-17,75.9,14,No,2025-03-25
DC0011,Distribution Center 11,Fulfillment Center,North,Jaipur,India,MGR0035,P00215,Ambient,15910,123461,91454,74.08,28,1,221,17.96,16,108,Night,Maintenance,2025-04-17,81.57,28,No,2025-04-14
DC0015,Distribution Center 15,Fulfillment Center,Central,Indore,India,MGR0025,P00053,Ambient,9969,134190,39096,29.13,56,32,172,18.68,39,160,Night,Active,2025-04-17,80.04,33,No,2025-04-02
DC0021,Distribution Center 21,Fulfillment Center,North,Delhi,India,MGR0034,P00081,Hazardous,7270,82778,28910,34.92,63,81,10,5.81,22,353,Night,Maintenance,2025-04-17,75.74,49,No,2025-03-28
DC0021,Distribution Center 21,Fulfillment Center,North,Delhi,India,MGR0073,P00219,Ambient,3037,48427,45733,94.44,40,32,258,13.78,39,423,Evening,Temporarily Closed,2025-04-17,89.21,6,No,2025-04-06
DC0023,Distribution Center 23,Cold Storage DC,East,Kolkata,India,MGR0094,P00125,Ambient,20544,132788,60605,45.64,18,8,370,10.67,34,27,Night,Maintenance,2025-04-17,72.38,34,No,2025-04-17
DC0027,Distribution Center 27,Fulfillment Center,South,Bengaluru,India,MGR0063,P00164,Ambient,5619,97809,76041,77.74,11,12,405,5.54,45,96,Night,Active,2025-04-17,87.25,17,No,2025-04-17
DC0028,Distribution Center 28,Regional DC,East,Bhubaneswar,India,MGR0034,P00013,Cold,21235,77184,74564,96.61,51,72,149,22.0,46,171,Morning,Temporarily Closed,2025-04-17,72.2,33,No,2025-04-10
DC0028,Distribution Center 28,Fulfillment Center,East,Bhubaneswar,India,MGR0002,P00091,Cold,14975,24369,13887,56.99,59,31,351,5.37,28,232,Evening,Maintenance,2025-04-17,78.2,23,No,2025-04-01
DC0002,Distribution Center 02,Cold Storage DC,South,Chennai,India,MGR0060,P00191,Cold,16115,20735,18424,88.85,55,99,280,20.34,24,329,Night,Maintenance,2025-04-18,74.68,18,No,2025-03-22
DC0004,Distribution Center 04,Cross-Dock Center,West,Mumbai,India,MGR0087,P00071,Ambient,8605,139444,77811,55.8,60,11,120,22.54,28,111,Morning,Temporarily Closed,2025-04-18,78.83,23,No,2025-03-30
DC0010,Distribution Center 10,Fulfillment Center,Central,Nagpur,India,MGR0017,P00187,Hazardous,3414,69138,49339,71.36,0,31,360,17.72,16,65,Evening,Active,2025-04-18,78.67,41,No,2025-03-27
DC0011,Distribution Center 11,Cold Storage DC,North,Jaipur,India,MGR0013,P00202,Ambient,16440,73387,39400,53.69,71,54,225,15.15,35,105,Morning,Maintenance,2025-04-18,95.09,38,No,2025-03-21
DC0013,Distribution Center 13,Regional DC,East,Guwahati,India,MGR0083,P00182,Ambient,10822,29234,20992,71.81,41,87,194,4.31,44,86,Evening,Temporarily Closed,2025-04-18,91.59,47,No,2025-04-01
DC0014,Distribution Center 14,Regional DC,West,Ahmedabad,India,MGR0057,P00026,Ambient,3045,89987,36388,40.44,64,23,174,4.94,46,128,Morning,Active,2025-04-18,83.74,34,No,2025-03-27
DC0014,Distribution Center 14,Fulfillment Center,West,Ahmedabad,India,MGR0095,P00033,Ambient,9587,128338,122006,95.07,16,33,244,4.21,27,178,Morning,Active,2025-04-18,76.26,33,No,2025-04-12
DC0018,Distribution Center 18,Regional DC,East,Patna,India,MGR0027,P00032,Frozen,2894,77829,23831,30.62,75,63,282,10.69,31,352,Morning,Temporarily Closed,2025-04-18,97.99,37,No,2025-04-13
DC0022,Distribution Center 22,Regional DC,South,Chennai,India,MGR0039,P00061,Cold,18043,97178,92506,95.19,31,63,358,15.16,29,466,Evening,Temporarily Closed,2025-04-18,74.51,48,No,2025-04-11
DC0025,Distribution Center 25,Cold Storage DC,Central,Bhopal,India,MGR0093,P00053,Hazardous,19506,111396,107788,96.76,58,8,284,17.12,38,316,Morning,Maintenance,2025-04-18,75.97,18,No,2025-04-02
DC0026,Distribution Center 26,Regional DC,North,Chandigarh,India,MGR0049,P00139,Ambient,9486,131306,126089,96.03,15,5,265,12.26,33,103,Morning,Maintenance,2025-04-18,88.96,2,No,2025-04-16
DC0027,Distribution Center 27,Fulfillment Center,South,Bengaluru,India,MGR0025,P00035,Ambient,4790,137344,50058,36.45,36,50,70,13.63,43,58,Morning,Active,2025-04-18,77.35,2,No,2025-04-02
DC0030,Distribution Center 30,Regional DC,Central,Nagpur,India,MGR0001,P00169,Frozen,5664,48714,13777,28.28,68,46,358,16.1,37,197,Night,Temporarily Closed,2025-04-18,75.34,8,No,2025-04-08
DC0004,Distribution Center 04,Fulfillment Center,West,Mumbai,India,MGR0064,P00077,Cold,6050,71469,68326,95.6,66,84,479,5.46,37,49,Night,Active,2025-04-19,83.26,18,No,2025-03-24
DC0008,Distribution Center 08,Cold Storage DC,East,Bhubaneswar,India,MGR0074,P00144,Ambient,14489,33009,16339,49.5,50,31,427,8.1,40,352,Evening,Active,2025-04-19,91.67,22,No,2025-03-26
DC0015,Distribution Center 15,Cold Storage DC,Central,Indore,India,MGR0030,P00151,Ambient,601,53368,46683,87.47,54,9,176,10.05,29,179,Morning,Maintenance,2025-04-19,94.42,2,No,2025-04-11
DC0015,Distribution Center 15,Fulfillment Center,Central,Indore,India,MGR0069,P00210,Ambient,24274,137936,77214,55.98,55,33,486,21.5,9,24,Evening,Active,2025-04-19,95.42,43,No,2025-04-02
DC0016,Distribution Center 16,Cold Storage DC,North,Lucknow,India,MGR0012,P00081,Ambient,18522,144668,65165,45.04,25,85,306,4.26,15,132,Night,Active,2025-04-19,91.29,46,No,2025-03-28
DC0016,Distribution Center 16,Cross-Dock Center,North,Lucknow,India,MGR0006,P00131,Cold,24694,109945,83329,75.79,59,83,101,5.3,40,163,Evening,Active,2025-04-19,80.37,39,No,2025-04-18
DC0018,Distribution Center 18,Regional DC,East,Patna,India,MGR0014,P00110,Ambient,4784,108142,88022,81.39,44,68,203,23.88,39,110,Night,Active,2025-04-19,80.02,41,No,2025-03-22
DC0021,Distribution Center 21,Cross-Dock Center,North,Delhi,India,MGR0011,P00001,Ambient,8773,36752,10538,28.67,30,15,38,17.26,37,251,Night,Maintenance,2025-04-19,72.2,32,No,2025-04-12
DC0022,Distribution Center 22,Cross-Dock Center,South,Chennai,India,MGR0021,P00019,Cold,19323,44721,23357,52.23,63,79,450,5.27,38,416,Night,Maintenance,2025-04-19,84.07,37,No,2025-04-03
DC0024,Distribution Center 24,Fulfillment Center,West,Mumbai,India,MGR0002,P00078,Frozen,22619,91458,46793,51.16,28,50,230,3.52,21,136,Evening,Temporarily Closed,2025-04-19,92.46,19,No,2025-04-02
DC0004,Distribution Center 04,Cold Storage DC,West,Mumbai,India,MGR0028,P00159,Ambient,497,149619,44236,29.57,11,15,375,23.72,6,47,Evening,Maintenance,2025-04-20,76.1,27,Yes,2025-03-21
DC0010,Distribution Center 10,Fulfillment Center,Central,Nagpur,India,MGR0047,P00186,Ambient,4235,32993,9582,29.04,60,80,60,20.8,27,105,Morning,Active,2025-04-20,94.32,9,No,2025-04-10
DC0012,Distribution Center 12,Regional DC,South,Hyderabad,India,MGR0051,P00134,Ambient,7916,118067,81176,68.75,12,11,195,10.27,45,43,Morning,Active,2025-04-20,77.26,35,No,2025-04-07
DC0015,Distribution Center 15,Cross-Dock Center,Central,Indore,India,MGR0046,P00060,Ambient,3823,93936,42682,45.44,44,68,143,1.78,48,136,Night,Active,2025-04-20,98.44,28,No,2025-03-25
DC0025,Distribution Center 25,Cross-Dock Center,Central,Bhopal,India,MGR0059,P00118,Ambient,15561,142714,127870,89.6,53,34,312,4.4,27,234,Morning,Active,2025-04-20,90.63,8,No,2025-04-01
DC0029,Distribution Center 29,Fulfillment Center,West,Pune,India,MGR0031,P00085,Cold,24247,37056,29680,80.09,43,39,41,1.9,27,269,Night,Maintenance,2025-04-20,86.31,5,No,2025-04-02
DC0004,Distribution Center 04,Fulfillment Center,West,Mumbai,India,MGR0004,P00084,Ambient,22253,139992,37981,27.13,6,12,404,4.45,25,469,Morning,Active,2025-04-21,97.92,40,No,2025-04-02
DC0013,Distribution Center 13,Fulfillment Center,East,Guwahati,India,MGR0072,P00190,Frozen,14984,138121,71505,51.77,59,41,154,12.42,46,335,Night,Active,2025-04-21,98.94,33,No,2025-04-17
DC0013,Distribution Center 13,Cold Storage DC,East,Guwahati,India,MGR0062,P00213,Cold,3665,71731,46679,65.08,54,16,231,21.9,49,59,Night,Active,2025-04-21,85.9,15,No,2025-04-09
DC0015,Distribution Center 15,Cross-Dock Center,Central,Indore,India,MGR0066,P00064,Ambient,17137,118798,47020,39.58,48,85,167,14.02,35,206,Morning,Maintenance,2025-04-21,76.29,14,No,2025-03-22
DC0016,Distribution Center 16,Fulfillment Center,North,Lucknow,India,MGR0078,P00224,Cold,8002,59041,31925,54.07,74,84,345,16.11,21,300,Night,Temporarily Closed,2025-04-21,83.05,28,No,2025-04-13
DC0019,Distribution Center 19,Fulfillment Center,West,Surat,India,MGR0086,P00013,Ambient,20432,59101,18609,31.49,23,96,280,6.44,37,277,Night,Active,2025-04-21,96.18,45,No,2025-04-16
DC0020,Distribution Center 20,Regional DC,Central,Raipur,India,MGR0055,P00073,Ambient,3715,76077,45270,59.51,1,6,337,3.7,12,294,Morning,Temporarily Closed,2025-04-21,92.68,35,No,2025-04-20
DC0020,Distribution Center 20,Cross-Dock Center,Central,Raipur,India,MGR0042,P00115,Ambient,17341,116093,31584,27.21,16,52,402,23.68,49,348,Morning,Active,2025-04-21,79.41,20,No,2025-04-04
DC0028,Distribution Center 28,Fulfillment Center,East,Bhubaneswar,India,MGR0048,P00070,Ambient,14707,84553,36160,42.77,47,88,483,10.44,26,231,Morning,Temporarily Closed,2025-04-21,93.88,32,No,2025-03-28
DC0030,Distribution Center 30,Cross-Dock Center,Central,Nagpur,India,MGR0076,P00124,Ambient,5781,113191,51377,45.39,56,30,211,4.03,15,397,Night,Active,2025-04-21,88.11,34,No,2025-04-20
DC0030,Distribution Center 30,Cross-Dock Center,Central,Nagpur,India,MGR0008,P00130,Ambient,16185,49111,47285,96.28,54,34,375,21.44,23,268,Morning,Temporarily Closed,2025-04-21,87.47,26,No,2025-04-04
DC0001,Distribution Center 01,Cold Storage DC,North,Delhi,India,MGR0054,P00075,Ambient,24966,136949,88756,64.81,23,47,197,19.13,25,300,Evening,Maintenance,2025-04-22,79.28,27,No,2025-03-29
DC0005,Distribution Center 05,Cold Storage DC,Central,Bhopal,India,MGR0099,P00126,Hazardous,1627,133172,54788,41.14,71,4,239,3.94,4,290,Evening,Temporarily Closed,2025-04-22,96.61,0,No,2025-03-26
DC0011,Distribution Center 11,Cold Storage DC,North,Jaipur,India,MGR0034,P00228,Ambient,11631,34530,33838,98.0,24,4,495,14.81,38,426,Morning,Maintenance,2025-04-22,98.05,22,No,2025-03-27
DC0012,Distribution Center 12,Regional DC,South,Hyderabad,India,MGR0059,P00006,Ambient,3066,25223,20358,80.71,11,97,288,4.83,19,342,Evening,Active,2025-04-22,97.06,39,No,2025-04-11
DC0015,Distribution Center 15,Fulfillment Center,Central,Indore,India,MGR0050,P00160,Ambient,7353,74924,32848,43.84,1,9,369,12.12,15,204,Morning,Maintenance,2025-04-22,80.11,40,No,2025-04-19
DC0023,Distribution Center 23,Cold Storage DC,East,Kolkata,India,MGR0024,P00032,Ambient,23687,124490,71902,57.76,79,26,463,12.41,35,430,Morning,Active,2025-04-22,88.32,8,No,2025-04-18
DC0023,Distribution Center 23,Regional DC,East,Kolkata,India,MGR0023,P00201,Cold,6153,42202,32780,77.67,73,90,337,18.66,9,235,Evening,Active,2025-04-22,92.72,32,No,2025-04-14
DC0025,Distribution Center 25,Cross-Dock Center,Central,Bhopal,India,MGR0099,P00211,Cold,21654,80834,43390,53.68,14,14,155,2.09,5,294,Morning,Active,2025-04-22,86.05,23,No,2025-04-14
DC0026,Distribution Center 26,Regional DC,North,Chandigarh,India,MGR0068,P00250,Frozen,15164,56076,43119,76.89,60,57,10,21.06,33,66,Evening,Maintenance,2025-04-22,77.66,39,No,2025-04-14
DC0029,Distribution Center 29,Fulfillment Center,West,Pune,India,MGR0096,P00145,Ambient,14229,57740,56245,97.41,52,34,214,9.43,32,419,Evening,Active,2025-04-22,98.25,11,No,2025-04-04
DC0030,Distribution Center 30,Fulfillment Center,Central,Nagpur,India,MGR0009,P00234,Ambient,21882,57807,51248,88.65,36,80,227,16.68,18,146,Morning,Maintenance,2025-04-22,86.34,16,No,2025-04-02
DC0001,Distribution Center 01,Regional DC,North,Delhi,India,MGR0100,P00090,Ambient,14579,119244,40513,33.97,1,49,276,14.01,18,20,Night,Active,2025-04-23,77.34,30,No,2025-04-22
DC0001,Distribution Center 01,Cross-Dock Center,North,Delhi,India,MGR0056,P00160,Ambient,21137,58990,15632,26.5,48,46,353,6.54,31,71,Evening,Temporarily Closed,2025-04-23,72.9,15,No,2025-03-24
DC0002,Distribution Center 02,Fulfillment Center,South,Chennai,India,MGR0048,P00005,Ambient,17276,90877,66399,73.06,60,4,308,16.13,34,247,Morning,Active,2025-04-23,74.3,28,No,2025-04-12
DC0005,Distribution Center 05,Cross-Dock Center,Central,Bhopal,India,MGR0049,P00003,Cold,21047,51261,20731,40.44,73,40,437,5.86,9,277,Morning,Active,2025-04-23,80.01,18,No,2025-03-31
DC0008,Distribution Center 08,Cold Storage DC,East,Bhubaneswar,India,MGR0041,P00200,Ambient,11955,112319,93758,83.47,10,1,29,11.2,34,113,Evening,Active,2025-04-23,85.06,45,No,2025-04-20
DC0010,Distribution Center 10,Cross-Dock Center,Central,Nagpur,India,MGR0083,P00042,Frozen,19187,99416,53051,53.36,47,37,368,3.16,14,308,Evening,Maintenance,2025-04-23,95.2,18,No,2025-04-05
DC0010,Distribution Center 10,Regional DC,Central,Nagpur,India,MGR0020,P00092,Ambient,10657,130534,93009,71.25,3,12,126,8.04,18,69,Morning,Active,2025-04-23,91.74,7,No,2025-04-11
DC0022,Distribution Center 22,Cold Storage DC,South,Chennai,India,MGR0058,P00086,Ambient,9674,94858,61762,65.11,26,38,234,11.17,45,420,Morning,Maintenance,2025-04-23,98.67,5,No,2025-04-09
DC0006,Distribution Center 06,Cross-Dock Center,North,Chandigarh,India,MGR0082,P00073,Ambient,4214,118586,89039,75.08,50,54,230,17.46,20,464,Night,Temporarily Closed,2025-04-24,98.6,22,No,2025-04-21
DC0010,Distribution Center 10,Regional DC,Central,Nagpur,India,MGR0052,P00065,Ambient,2949,56464,38795,68.71,64,48,125,3.52,43,46,Evening,Active,2025-04-24,93.14,4,No,2025-03-30
DC0010,Distribution Center 10,Fulfillment Center,Central,Nagpur,India,MGR0091,P00189,Ambient,21208,111418,42842,38.45,69,65,18,17.72,12,206,Morning,Active,2025-04-24,78.86,8,No,2025-03-28
DC0010,Distribution Center 10,Cold Storage DC,Central,Nagpur,India,MGR0020,P00234,Ambient,18678,96983,86367,89.05,15,17,160,15.34,28,117,Night,Temporarily Closed,2025-04-24,88.41,40,No,2025-04-16
DC0011,Distribution Center 11,Regional DC,North,Jaipur,India,MGR0020,P00051,Ambient,1038,126814,65035,51.28,17,86,333,3.83,32,192,Night,Active,2025-04-24,97.29,30,No,2025-03-28
DC0015,Distribution Center 15,Cold Storage DC,Central,Indore,India,MGR0032,P00225,Ambient,175,140748,80898,57.48,52,7,132,18.7,37,100,Morning,Maintenance,2025-04-24,81.25,39,Yes,2025-04-18
DC0026,Distribution Center 26,Regional DC,North,Chandigarh,India,MGR0003,P00149,Ambient,370,134371,71830,53.46,64,92,299,19.01,34,65,Evening,Active,2025-04-24,82.81,38,Yes,2025-03-25
DC0027,Distribution Center 27,Fulfillment Center,South,Bengaluru,India,MGR0029,P00035,Ambient,13310,148815,42810,28.77,30,23,124,13.56,20,161,Evening,Active,2025-04-24,85.21,21,No,2025-04-08
DC0028,Distribution Center 28,Fulfillment Center,East,Bhubaneswar,India,MGR0070,P00080,Ambient,21069,116306,92542,79.57,51,32,140,16.16,12,181,Night,Temporarily Closed,2025-04-24,97.33,21,No,2025-03-31
DC0007,Distribution Center 07,Cold Storage DC,South,Bengaluru,India,MGR0018,P00146,Frozen,12027,54189,39527,72.94,44,12,105,16.84,39,336,Morning,Active,2025-04-25,73.11,43,No,2025-04-07
DC0008,Distribution Center 08,Regional DC,East,Bhubaneswar,India,MGR0076,P00012,Ambient,17201,128475,115117,89.6,49,74,245,18.21,27,371,Night,Active,2025-04-25,87.23,4,No,2025-04-18
DC0008,Distribution Center 08,Cold Storage DC,East,Bhubaneswar,India,MGR0078,P00099,Hazardous,503,138497,51740,37.36,12,32,19,20.84,14,297,Morning,Active,2025-04-25,76.16,48,No,2025-04-11
DC0009,Distribution Center 09,Cross-Dock Center,West,Pune,India,MGR0006,P00128,Ambient,10542,67676,25858,38.21,54,4,489,3.91,22,139,Morning,Temporarily Closed,2025-04-25,88.72,0,No,2025-03-27
DC0009,Distribution Center 09,Cross-Dock Center,West,Pune,India,MGR0080,P00191,Hazardous,18925,71566,54630,76.34,9,86,34,5.21,35,400,Morning,Active,2025-04-25,95.67,26,No,2025-03-29
DC0012,Distribution Center 12,Regional DC,South,Hyderabad,India,MGR0024,P00045,Ambient,20945,124757,53661,43.01,60,76,247,11.26,34,465,Morning,Temporarily Closed,2025-04-25,83.24,26,No,2025-04-09
DC0013,Distribution Center 13,Fulfillment Center,East,Guwahati,India,MGR0032,P00009,Ambient,13247,124047,90371,72.85,32,62,480,6.38,20,238,Morning,Temporarily Closed,2025-04-25,76.71,32,No,2025-04-05
DC0015,Distribution Center 15,Cross-Dock Center,Central,Indore,India,MGR0051,P00208,Hazardous,3527,43636,28919,66.27,27,98,125,11.72,14,23,Evening,Temporarily Closed,2025-04-25,80.24,47,No,2025-04-07
DC0018,Distribution Center 18,Regional DC,East,Patna,India,MGR0089,P00055,Ambient,23156,139098,50742,36.48,21,26,83,19.52,20,463,Morning,Active,2025-04-25,94.86,8,No,2025-04-19
DC0023,Distribution Center 23,Cold Storage DC,East,Kolkata,India,MGR0100,P00012,Ambient,9489,85919,21947,25.54,40,85,27,8.35,33,382,Evening,Temporarily Closed,2025-04-25,72.24,21,No,2025-04-03
DC0023,Distribution Center 23,Fulfillment Center,East,Kolkata,India,MGR0071,P00234,Ambient,8130,98285,66440,67.6,2,88,306,12.74,32,261,Evening,Maintenance,2025-04-25,83.37,0,No,2025-04-21
DC0025,Distribution Center 25,Fulfillment Center,Central,Bhopal,India,MGR0052,P00037,Cold,18218,118589,94466,79.66,75,9,453,16.94,43,236,Evening,Temporarily Closed,2025-04-25,94.71,27,No,2025-04-25
DC0025,Distribution Center 25,Regional DC,Central,Bhopal,India,MGR0061,P00114,Hazardous,6721,22587,20118,89.07,41,10,437,11.45,42,249,Evening,Active,2025-04-25,85.17,6,No,2025-04-02
DC0029,Distribution Center 29,Cross-Dock Center,West,Pune,India,MGR0072,P00043,Ambient,10418,55704,18029,32.37,45,41,64,12.17,31,157,Evening,Active,2025-04-25,76.36,1,No,2025-04-23
DC0003,Distribution Center 03,Fulfillment Center,East,Kolkata,India,MGR0062,P00115,Frozen,1215,145771,62389,42.8,28,14,419,23.52,36,44,Morning,Active,2025-04-26,76.8,10,No,2025-04-20
DC0005,Distribution Center 05,Cold Storage DC,Central,Bhopal,India,MGR0056,P00178,Ambient,24155,125545,43697,34.81,8,7,59,5.26,39,490,Night,Active,2025-04-26,94.69,39,No,2025-04-17
DC0005,Distribution Center 05,Fulfillment Center,Central,Bhopal,India,MGR0045,P00222,Cold,3530,57287,37524,65.5,46,85,480,12.8,8,252,Morning,Active,2025-04-26,76.64,19,No,2025-04-14
DC0006,Distribution Center 06,Cross-Dock Center,North,Chandigarh,India,MGR0008,P00018,Cold,16735,140007,101764,72.68,19,35,145,14.2,49,392,Night,Maintenance,2025-04-26,95.81,33,No,2025-04-26
DC0013,Distribution Center 13,Regional DC,East,Guwahati,India,MGR0057,P00239,Ambient,18928,59880,33417,55.81,22,44,230,12.5,5,466,Night,Active,2025-04-26,72.53,43,No,2025-04-25
DC0017,Distribution Center 17,Cold Storage DC,South,Kochi,India,MGR0039,P00006,Cold,14561,74171,42041,56.68,38,97,299,15.83,48,247,Morning,Maintenance,2025-04-26,75.79,6,No,2025-04-01
DC0026,Distribution Center 26,Regional DC,North,Chandigarh,India,MGR0085,P00184,Ambient,9447,117631,106339,90.4,44,95,88,3.01,40,419,Evening,Maintenance,2025-04-26,93.37,24,No,2025-04-20
DC0011,Distribution Center 11,Regional DC,North,Jaipur,India,MGR0044,P00100,Ambient,4247,149670,108374,72.41,10,90,352,13.09,49,162,Evening,Temporarily Closed,2025-04-27,77.53,45,No,2025-04-02
DC0013,Distribution Center 13,Cold Storage DC,East,Guwahati,India,MGR0036,P00220,Cold,4617,75406,71097,94.29,56,64,123,16.2,19,410,Evening,Maintenance,2025-04-27,75.82,35,No,2025-04-07
DC0015,Distribution Center 15,Cross-Dock Center,Central,Indore,India,MGR0069,P00229,Ambient,2020,73936,34607,46.81,36,22,376,2.79,39,98,Morning,Temporarily Closed,2025-04-27,89.33,18,No,2025-04-06
DC0018,Distribution Center 18,Fulfillment Center,East,Patna,India,MGR0012,P00146,Ambient,7357,31525,25191,79.91,56,58,425,15.15,38,101,Night,Active,2025-04-27,96.97,30,No,2025-04-06
DC0026,Distribution Center 26,Cold Storage DC,North,Chandigarh,India,MGR0008,P00194,Cold,13135,42726,36455,85.32,52,42,290,22.68,43,151,Evening,Temporarily Closed,2025-04-27,96.74,39,No,2025-04-11
DC0029,Distribution Center 29,Cross-Dock Center,West,Pune,India,MGR0098,P00040,Ambient,20776,101496,64481,63.53,78,28,43,21.2,5,253,Evening,Temporarily Closed,2025-04-27,83.08,28,No,2025-04-09
DC0008,Distribution Center 08,Regional DC,East,Bhubaneswar,India,MGR0033,P00144,Ambient,19586,118996,29958,25.18,44,4,22,14.18,34,73,Night,Active,2025-04-28,94.66,21,No,2025-04-18
DC0009,Distribution Center 09,Cross-Dock Center,West,Pune,India,MGR0083,P00082,Ambient,15915,116914,33223,28.42,14,97,155,15.23,31,225,Evening,Active,2025-04-28,75.55,20,No,2025-04-22
DC0013,Distribution Center 13,Regional DC,East,Guwahati,India,MGR0053,P00026,Cold,20054,51327,44308,86.32,73,53,217,21.73,32,303,Evening,Active,2025-04-28,77.14,13,No,2025-03-30
DC0014,Distribution Center 14,Regional DC,West,Ahmedabad,India,MGR0078,P00101,Hazardous,12002,80555,55441,68.82,61,15,19,19.17,21,52,Morning,Active,2025-04-28,78.56,39,No,2025-04-07
DC0023,Distribution Center 23,Regional DC,East,Kolkata,India,MGR0032,P00115,Hazardous,9743,132979,58337,43.87,49,84,136,22.91,49,493,Night,Active,2025-04-28,76.19,46,No,2025-04-18
DC0024,Distribution Center 24,Cold Storage DC,West,Mumbai,India,MGR0044,P00024,Cold,2503,113900,69146,60.71,55,11,125,15.77,30,40,Morning,Active,2025-04-28,99.55,44,No,2025-04-14
DC0024,Distribution Center 24,Fulfillment Center,West,Mumbai,India,MGR0012,P00131,Ambient,21082,92789,63323,68.24,47,9,79,22.81,43,120,Morning,Maintenance,2025-04-28,92.36,24,No,2025-04-07
DC0027,Distribution Center 27,Regional DC,South,Bengaluru,India,MGR0055,P00138,Ambient,12350,134224,81566,60.77,9,94,414,16.9,13,248,Morning,Active,2025-04-28,93.92,5,No,2025-04-24
DC0002,Distribution Center 02,Fulfillment Center,South,Chennai,India,MGR0057,P00100,Ambient,16371,52340,46580,89.0,79,6,361,6.33,36,360,Night,Active,2025-04-29,76.77,25,No,2025-04-26
DC0008,Distribution Center 08,Cold Storage DC,East,Bhubaneswar,India,MGR0055,P00010,Ambient,6360,149976,75119,50.09,6,16,111,7.2,10,84,Evening,Temporarily Closed,2025-04-29,86.89,27,No,2025-04-04
DC0009,Distribution Center 09,Regional DC,West,Pune,India,MGR0081,P00096,Ambient,13165,137675,99375,72.18,79,15,8,13.86,23,243,Night,Temporarily Closed,2025-04-29,73.82,10,No,2025-04-23
DC0015,Distribution Center 15,Cold Storage DC,Central,Indore,India,MGR0081,P00053,Ambient,6481,45607,20955,45.95,1,69,272,10.03,48,116,Evening,Temporarily Closed,2025-04-29,74.7,17,No,2025-04-09
DC0020,Distribution Center 20,Fulfillment Center,Central,Raipur,India,MGR0070,P00040,Ambient,16762,87325,62463,71.53,21,97,350,9.01,29,311,Night,Maintenance,2025-04-29,91.34,5,No,2025-04-02
DC0020,Distribution Center 20,Cross-Dock Center,Central,Raipur,India,MGR0064,P00046,Ambient,13131,125332,64064,51.12,74,70,449,7.78,20,68,Evening,Temporarily Closed,2025-04-29,83.18,9,No,2025-04-28
DC0004,Distribution Center 04,Fulfillment Center,West,Mumbai,India,MGR0021,P00195,Ambient,7304,114848,69897,60.86,68,26,190,2.73,25,384,Morning,Temporarily Closed,2025-04-30,81.25,45,No,2025-04-02
DC0008,Distribution Center 08,Regional DC,East,Bhubaneswar,India,MGR0055,P00128,Ambient,17102,108847,43478,39.94,2,81,272,4.02,48,164,Evening,Active,2025-04-30,91.23,0,No,2025-04-09
DC0008,Distribution Center 08,Cold Storage DC,East,Bhubaneswar,India,MGR0023,P00128,Ambient,19422,61527,49299,80.13,5,90,387,21.09,37,198,Evening,Active,2025-04-30,97.6,0,No,2025-04-04
DC0010,Distribution Center 10,Fulfillment Center,Central,Nagpur,India,MGR0014,P00093,Cold,17472,100227,36821,36.74,33,12,4,6.11,44,102,Evening,Active,2025-04-30,74.42,9,No,2025-04-15
DC0013,Distribution Center 13,Cross-Dock Center,East,Guwahati,India,MGR0029,P00205,Ambient,23028,58734,20740,35.31,49,59,492,6.13,7,59,Evening,Active,2025-04-30,89.04,32,No,2025-04-22
DC0024,Distribution Center 24,Cross-Dock Center,West,Mumbai,India,MGR0095,P00119,Cold,22702,104397,73647,70.55,44,88,302,16.32,7,313,Morning,Active,2025-04-30,85.03,20,No,2025-04-13
DC0024,Distribution Center 24,Fulfillment Center,West,Mumbai,India,MGR0085,P00243,Cold,1115,40766,21040,51.61,25,79,355,15.88,23,295,Night,Maintenance,2025-04-30,89.15,18,No,2025-04-12
DC0026,Distribution Center 26,Cold Storage DC,North,Chandigarh,India,MGR0055,P00137,Ambient,8971,49253,30893,62.72,63,73,188,23.3,31,233,Evening,Active,2025-04-30,88.5,4,No,2025-04-01
DC0028,Distribution Center 28,Regional DC,East,Bhubaneswar,India,MGR0015,P00056,Ambient,2705,149325,114007,76.35,33,48,294,20.15,40,176,Night,Temporarily Closed,2025-04-30,89.87,29,No,2025-04-10
DC0003,Distribution Center 03,Regional DC,East,Kolkata,India,MGR0012,P00243,Frozen,15580,120775,52297,43.3,69,46,467,13.68,10,182,Evening,Maintenance,2025-05-01,86.2,44,No,2025-04-17
DC0016,Distribution Center 16,Cold Storage DC,North,Lucknow,India,MGR0022,P00150,Cold,23732,77070,58403,75.78,79,56,144,21.62,34,398,Evening,Maintenance,2025-05-01,83.14,33,No,2025-04-24
DC0019,Distribution Center 19,Fulfillment Center,West,Surat,India,MGR0063,P00053,Frozen,15309,70838,21319,30.1,36,63,472,17.85,5,94,Evening,Temporarily Closed,2025-05-01,83.63,5,No,2025-04-11
DC0019,Distribution Center 19,Cold Storage DC,West,Surat,India,MGR0088,P00139,Ambient,21040,46815,41108,87.81,51,57,264,12.02,4,121,Night,Active,2025-05-01,79.51,7,No,2025-04-08
DC0027,Distribution Center 27,Cross-Dock Center,South,Bengaluru,India,MGR0051,P00115,Cold,20799,53766,39752,73.94,27,96,365,1.54,8,201,Morning,Maintenance,2025-05-01,82.55,13,No,2025-04-02
DC0027,Distribution Center 27,Cross-Dock Center,South,Bengaluru,India,MGR0067,P00200,Frozen,16890,107346,96765,90.14,15,22,492,11.67,17,371,Evening,Active,2025-05-01,75.5,15,No,2025-04-15
DC0027,Distribution Center 27,Cross-Dock Center,South,Bengaluru,India,MGR0079,P00229,Hazardous,12701,119771,112320,93.78,5,58,285,5.85,35,320,Morning,Active,2025-05-01,94.52,39,No,2025-04-01
DC0006,Distribution Center 06,Cross-Dock Center,North,Chandigarh,India,MGR0075,P00202,Frozen,19628,33432,31122,93.09,34,55,113,20.3,7,203,Evening,Active,2025-05-02,77.79,35,No,2025-04-07
DC0011,Distribution Center 11,Fulfillment Center,North,Jaipur,India,MGR0090,P00135,Hazardous,642,60902,33599,55.17,5,8,444,12.82,34,94,Evening,Active,2025-05-02,86.56,29,No,2025-04-04
DC0012,Distribution Center 12,Regional DC,South,Hyderabad,India,MGR0042,P00125,Ambient,20851,97368,30500,31.32,48,31,24,19.19,27,102,Night,Maintenance,2025-05-02,76.6,35,No,2025-04-09
DC0016,Distribution Center 16,Cold Storage DC,North,Lucknow,India,MGR0077,P00055,Ambient,6239,69031,41999,60.84,9,31,474,22.2,24,28,Evening,Temporarily Closed,2025-05-02,87.74,6,No,2025-04-05
DC0019,Distribution Center 19,Fulfillment Center,West,Surat,India,MGR0096,P00119,Ambient,3111,79140,43683,55.2,28,9,145,20.34,30,45,Night,Maintenance,2025-05-02,90.11,33,No,2025-04-19
DC0026,Distribution Center 26,Fulfillment Center,North,Chandigarh,India,MGR0004,P00160,Hazardous,8512,56866,21510,37.83,63,30,16,22.76,39,81,Night,Temporarily Closed,2025-05-02,76.23,46,No,2025-04-22
DC0028,Distribution Center 28,Regional DC,East,Bhubaneswar,India,MGR0039,P00099,Hazardous,22195,57075,17160,30.07,39,48,343,21.08,26,213,Night,Active,2025-05-02,90.69,20,No,2025-04-12
DC0004,Distribution Center 04,Cross-Dock Center,West,Mumbai,India,MGR0042,P00089,Hazardous,15078,73794,35018,47.45,2,48,80,10.52,12,67,Night,Maintenance,2025-05-03,94.28,30,No,2025-04-30
DC0005,Distribution Center 05,Cold Storage DC,Central,Bhopal,India,MGR0020,P00165,Cold,17939,22187,18904,85.2,33,24,25,15.07,43,93,Morning,Active,2025-05-03,91.05,25,No,2025-04-27
DC0007,Distribution Center 07,Fulfillment Center,South,Bengaluru,India,MGR0062,P00225,Ambient,5372,122778,74722,60.86,51,14,408,15.4,18,370,Night,Maintenance,2025-05-03,73.34,49,No,2025-04-28
DC0008,Distribution Center 08,Fulfillment Center,East,Bhubaneswar,India,MGR0081,P00044,Hazardous,24921,58380,50807,87.03,63,28,156,22.82,42,181,Night,Active,2025-05-03,88.42,39,No,2025-04-12
DC0011,Distribution Center 11,Regional DC,North,Jaipur,India,MGR0052,P00233,Ambient,3495,51793,48034,92.74,57,28,458,2.48,15,451,Night,Active,2025-05-03,81.15,23,No,2025-04-15
DC0019,Distribution Center 19,Regional DC,West,Surat,India,MGR0036,P00042,Ambient,8381,38496,23871,62.01,28,53,380,16.66,20,187,Evening,Active,2025-05-03,73.68,30,No,2025-04-20
DC0023,Distribution Center 23,Regional DC,East,Kolkata,India,MGR0030,P00193,Ambient,24686,49180,25964,52.79,77,38,319,8.18,8,415,Morning,Active,2025-05-03,96.03,31,No,2025-04-04
DC0023,Distribution Center 23,Cross-Dock Center,East,Kolkata,India,MGR0071,P00212,Cold,19534,116773,67023,57.4,10,72,197,18.75,43,452,Morning,Temporarily Closed,2025-05-03,78.72,8,No,2025-04-19
DC0024,Distribution Center 24,Regional DC,West,Mumbai,India,MGR0052,P00002,Ambient,23295,88601,85611,96.63,23,50,152,17.18,22,106,Evening,Maintenance,2025-05-03,98.17,8,No,2025-04-11
DC0028,Distribution Center 28,Regional DC,East,Bhubaneswar,India,MGR0031,P00161,Ambient,16517,144442,57019,39.48,37,41,11,17.26,7,106,Morning,Active,2025-05-03,88.33,17,No,2025-04-14
DC0029,Distribution Center 29,Cold Storage DC,West,Pune,India,MGR0083,P00198,Ambient,12976,78280,41012,52.39,2,22,384,6.99,49,172,Night,Temporarily Closed,2025-05-03,94.86,2,No,2025-04-15
DC0029,Distribution Center 29,Regional DC,West,Pune,India,MGR0053,P00231,Ambient,10001,141537,102755,72.6,75,70,392,11.75,21,50,Evening,Active,2025-05-03,76.41,43,No,2025-04-19
DC0008,Distribution Center 08,Regional DC,East,Bhubaneswar,India,MGR0002,P00025,Frozen,17698,91946,41492,45.13,7,94,435,20.9,28,444,Evening,Temporarily Closed,2025-05-04,73.58,19,No,2025-04-26
DC0009,Distribution Center 09,Cold Storage DC,West,Pune,India,MGR0061,P00045,Ambient,7557,148679,37203,25.02,69,41,4,7.36,40,417,Evening,Maintenance,2025-05-04,86.89,10,No,2025-04-29
DC0011,Distribution Center 11,Cold Storage DC,North,Jaipur,India,MGR0021,P00011,Frozen,7878,144506,55824,38.63,61,61,410,3.41,27,416,Evening,Active,2025-05-04,80.69,14,No,2025-04-30
DC0015,Distribution Center 15,Regional DC,Central,Indore,India,MGR0031,P00219,Frozen,7464,130814,74875,57.24,18,37,35,11.77,11,171,Evening,Maintenance,2025-05-04,84.15,23,No,2025-04-22
DC0017,Distribution Center 17,Fulfillment Center,South,Kochi,India,MGR0003,P00191,Hazardous,6742,100558,25522,25.38,35,85,154,18.11,13,459,Night,Maintenance,2025-05-04,99.53,38,No,2025-05-03
DC0019,Distribution Center 19,Fulfillment Center,West,Surat,India,MGR0051,P00034,Cold,2961,111476,104708,93.93,75,16,200,4.56,31,385,Morning,Active,2025-05-04,87.39,17,No,2025-05-02
DC0024,Distribution Center 24,Fulfillment Center,West,Mumbai,India,MGR0097,P00224,Ambient,22423,109538,58106,53.05,44,91,259,15.31,20,308,Night,Active,2025-05-04,87.37,12,No,2025-04-04
DC0025,Distribution Center 25,Cross-Dock Center,Central,Bhopal,India,MGR0076,P00142,Ambient,11896,114752,63486,55.32,73,78,47,3.77,8,141,Evening,Temporarily Closed,2025-05-04,87.84,49,No,2025-04-26
DC0027,Distribution Center 27,Cross-Dock Center,South,Bengaluru,India,MGR0098,P00075,Ambient,23915,139120,91317,65.64,34,86,238,23.16,45,210,Morning,Maintenance,2025-05-04,99.23,43,No,2025-04-15
DC0030,Distribution Center 30,Cold Storage DC,Central,Nagpur,India,MGR0008,P00195,Ambient,7733,72749,46715,64.21,12,20,470,10.82,38,389,Night,Active,2025-05-04,98.01,8,No,2025-04-18
DC0002,Distribution Center 02,Fulfillment Center,South,Chennai,India,MGR0095,P00121,Ambient,10236,85128,62157,73.02,60,73,192,15.27,44,36,Evening,Maintenance,2025-05-05,79.19,28,No,2025-04-25
DC0003,Distribution Center 03,Fulfillment Center,East,Kolkata,India,MGR0031,P00140,Ambient,11839,50568,19683,38.92,65,99,419,12.13,44,338,Night,Active,2025-05-05,76.28,8,No,2025-04-17
DC0024,Distribution Center 24,Cold Storage DC,West,Mumbai,India,MGR0040,P00215,Ambient,20915,31722,30367,95.73,18,2,266,6.62,12,96,Evening,Active,2025-05-05,88.33,31,No,2025-04-30
DC0029,Distribution Center 29,Fulfillment Center,West,Pune,India,MGR0098,P00102,Cold,24394,69494,47002,67.63,17,80,294,15.51,7,152,Night,Active,2025-05-05,86.16,49,No,2025-04-05
DC0029,Distribution Center 29,Cold Storage DC,West,Pune,India,MGR0029,P00110,Ambient,10124,80746,40209,49.8,57,60,489,17.73,38,315,Morning,Maintenance,2025-05-05,98.32,31,No,2025-04-21
DC0003,Distribution Center 03,Regional DC,East,Kolkata,India,MGR0083,P00053,Ambient,6208,26486,21858,82.53,36,80,267,5.23,37,458,Night,Maintenance,2025-05-06,77.16,0,No,2025-05-01
DC0004,Distribution Center 04,Cold Storage DC,West,Mumbai,India,MGR0033,P00028,Ambient,19572,78596,74984,95.4,73,73,449,22.86,23,424,Morning,Active,2025-05-06,86.01,11,No,2025-04-21
DC0004,Distribution Center 04,Fulfillment Center,West,Mumbai,India,MGR0098,P00036,Ambient,18852,149963,126659,84.46,14,86,41,6.78,10,391,Morning,Active,2025-05-06,95.79,33,No,2025-04-28
DC0008,Distribution Center 08,Cross-Dock Center,East,Bhubaneswar,India,MGR0042,P00099,Cold,15199,108920,30676,28.16,64,24,93,15.77,8,395,Morning,Temporarily Closed,2025-05-06,84.72,47,No,2025-05-05
DC0019,Distribution Center 19,Regional DC,West,Surat,India,MGR0072,P00132,Hazardous,19535,96475,43444,45.03,34,41,481,14.57,9,32,Evening,Active,2025-05-06,97.87,48,No,2025-04-06
DC0023,Distribution Center 23,Regional DC,East,Kolkata,India,MGR0050,P00180,Ambient,20112,100790,83157,82.51,75,55,476,7.96,19,435,Morning,Active,2025-05-06,81.29,39,No,2025-04-22
DC0004,Distribution Center 04,Fulfillment Center,West,Mumbai,India,MGR0035,P00029,Ambient,5847,115913,42091,36.31,9,16,487,11.21,33,312,Morning,Maintenance,2025-05-07,95.3,14,No,2025-04-27
DC0005,Distribution Center 05,Fulfillment Center,Central,Bhopal,India,MGR0027,P00035,Ambient,5309,25316,21730,85.84,14,49,486,22.12,24,276,Night,Maintenance,2025-05-07,92.16,12,No,2025-04-27
DC0005,Distribution Center 05,Fulfillment Center,Central,Bhopal,India,MGR0088,P00140,Ambient,13207,32022,16816,52.51,58,89,432,20.03,6,474,Night,Active,2025-05-07,97.73,27,No,2025-04-25
DC0009,Distribution Center 09,Cross-Dock Center,West,Pune,India,MGR0072,P00186,Ambient,12403,145828,92199,63.22,36,77,194,20.01,27,61,Night,Active,2025-05-07,91.43,5,No,2025-04-28
DC0010,Distribution Center 10,Cross-Dock Center,Central,Nagpur,India,MGR0027,P00083,Ambient,21593,101604,77899,76.67,29,85,356,6.81,45,171,Morning,Maintenance,2025-05-07,78.96,36,No,2025-05-02
DC0016,Distribution Center 16,Cross-Dock Center,North,Lucknow,India,MGR0089,P00088,Ambient,20425,100622,38233,38.0,62,1,205,5.41,29,222,Night,Active,2025-05-07,73.26,0,No,2025-04-10
DC0019,Distribution Center 19,Fulfillment Center,West,Surat,India,MGR0091,P00110,Ambient,20696,112802,82729,73.34,69,57,10,7.2,28,298,Evening,Maintenance,2025-05-07,94.49,14,No,2025-04-19
DC0021,Distribution Center 21,Cold Storage DC,North,Delhi,India,MGR0076,P00036,Hazardous,11166,41466,15265,36.81,63,41,365,10.77,22,172,Morning,Active,2025-05-07,94.55,47,No,2025-04-26
DC0025,Distribution Center 25,Fulfillment Center,Central,Bhopal,India,MGR0085,P00034,Hazardous,679,51517,35985,69.85,77,30,415,12.48,14,188,Evening,Active,2025-05-07,90.87,3,No,2025-04-28
DC0029,Distribution Center 29,Fulfillment Center,West,Pune,India,MGR0051,P00232,Frozen,11888,50667,15747,31.08,63,87,230,4.57,4,143,Morning,Active,2025-05-07,72.94,37,No,2025-04-22
DC0005,Distribution Center 05,Fulfillment Center,Central,Bhopal,India,MGR0072,P00184,Ambient,674,133402,50294,37.7,73,52,164,12.46,35,108,Night,Active,2025-05-08,82.23,20,No,2025-05-07
DC0011,Distribution Center 11,Cold Storage DC,North,Jaipur,India,MGR0006,P00213,Ambient,9571,56888,27269,47.93,6,4,92,7.92,32,409,Evening,Active,2025-05-08,96.99,42,No,2025-05-03
DC0015,Distribution Center 15,Regional DC,Central,Indore,India,MGR0078,P00088,Hazardous,17120,52132,45238,86.78,58,73,393,20.9,15,232,Morning,Active,2025-05-08,81.92,14,No,2025-04-30
DC0021,Distribution Center 21,Regional DC,North,Delhi,India,MGR0073,P00078,Ambient,4656,107417,62007,57.73,54,78,4,8.65,49,420,Morning,Active,2025-05-08,83.44,13,No,2025-05-03
DC0022,Distribution Center 22,Cold Storage DC,South,Chennai,India,MGR0048,P00217,Ambient,14536,97648,62263,63.76,55,7,144,22.51,39,180,Night,Temporarily Closed,2025-05-08,94.86,48,No,2025-04-27
DC0001,Distribution Center 01,Regional DC,North,Delhi,India,MGR0032,P00091,Ambient,9372,102977,79413,77.12,23,56,74,14.62,29,295,Night,Active,2025-05-09,92.05,33,No,2025-05-03
DC0001,Distribution Center 01,Fulfillment Center,North,Delhi,India,MGR0047,P00171,Cold,2068,50792,22086,43.48,24,91,285,18.36,43,411,Morning,Active,2025-05-09,92.35,16,No,2025-05-02
DC0004,Distribution Center 04,Fulfillment Center,West,Mumbai,India,MGR0009,P00075,Ambient,8907,56707,35391,62.41,1,8,354,15.88,49,395,Night,Active,2025-05-09,99.44,27,No,2025-04-22
DC0004,Distribution Center 04,Fulfillment Center,West,Mumbai,India,MGR0011,P00097,Ambient,5975,61806,22923,37.09,8,85,217,8.74,15,381,Morning,Maintenance,2025-05-09,91.35,26,No,2025-05-03
DC0004,Distribution Center 04,Cross-Dock Center,West,Mumbai,India,MGR0051,P00113,Ambient,19368,43895,26880,61.24,10,14,329,9.41,50,208,Morning,Active,2025-05-09,85.0,6,No,2025-05-01
DC0009,Distribution Center 09,Cold Storage DC,West,Pune,India,MGR0087,P00177,Ambient,6653,33105,24183,73.05,23,19,468,8.33,22,163,Night,Maintenance,2025-05-09,83.33,43,No,2025-04-27
DC0023,Distribution Center 23,Fulfillment Center,East,Kolkata,India,MGR0079,P00037,Ambient,8600,94485,59051,62.5,76,94,470,17.74,48,250,Morning,Active,2025-05-09,93.93,34,No,2025-04-19
DC0023,Distribution Center 23,Regional DC,East,Kolkata,India,MGR0033,P00053,Ambient,5250,35819,13517,37.74,3,23,331,12.95,22,276,Morning,Active,2025-05-09,97.65,17,No,2025-04-17
DC0025,Distribution Center 25,Cross-Dock Center,Central,Bhopal,India,MGR0090,P00129,Ambient,10792,95356,49294,51.69,50,7,344,15.49,35,158,Morning,Maintenance,2025-05-09,74.39,17,No,2025-04-15
DC0003,Distribution Center 03,Fulfillment Center,East,Kolkata,India,MGR0035,P00208,Ambient,994,116771,79359,67.96,51,90,490,13.92,29,20,Morning,Active,2025-05-10,80.58,26,No,2025-04-17
DC0005,Distribution Center 05,Cold Storage DC,Central,Bhopal,India,MGR0034,P00206,Ambient,3514,37772,26669,70.61,3,52,428,9.49,27,118,Morning,Active,2025-05-10,74.75,47,No,2025-04-15
DC0008,Distribution Center 08,Cold Storage DC,East,Bhubaneswar,India,MGR0052,P00037,Hazardous,23009,79377,22862,28.8,43,76,380,4.89,21,405,Night,Active,2025-05-10,91.98,7,No,2025-05-02
DC0011,Distribution Center 11,Fulfillment Center,North,Jaipur,India,MGR0046,P00169,Ambient,2730,30451,26346,86.52,13,24,176,21.57,14,32,Evening,Active,2025-05-10,83.93,43,No,2025-04-25
DC0012,Distribution Center 12,Cold Storage DC,South,Hyderabad,India,MGR0069,P00109,Cold,4302,116503,74089,63.59,39,33,327,13.26,9,109,Morning,Active,2025-05-10,91.95,13,No,2025-04-12
DC0013,Distribution Center 13,Cross-Dock Center,East,Guwahati,India,MGR0064,P00122,Cold,15786,61870,49674,80.29,65,53,96,1.66,45,83,Evening,Active,2025-05-10,85.84,30,No,2025-04-16
DC0015,Distribution Center 15,Cross-Dock Center,Central,Indore,India,MGR0069,P00204,Ambient,4531,104960,52635,50.15,27,99,351,23.03,8,286,Night,Maintenance,2025-05-10,82.77,17,No,2025-04-16
DC0022,Distribution Center 22,Cross-Dock Center,South,Chennai,India,MGR0062,P00156,Ambient,17483,148296,111126,74.94,73,9,377,14.51,14,360,Evening,Active,2025-05-10,83.35,15,No,2025-04-30
DC0025,Distribution Center 25,Cross-Dock Center,Central,Bhopal,India,MGR0038,P00187,Hazardous,9806,108699,40620,37.37,4,47,133,17.73,8,54,Morning,Active,2025-05-10,94.51,32,No,2025-04-12
DC0005,Distribution Center 05,Cold Storage DC,Central,Bhopal,India,MGR0014,P00053,Hazardous,19688,119796,30229,25.23,34,62,37,6.88,10,148,Night,Maintenance,2025-05-11,74.74,39,No,2025-04-30
DC0010,Distribution Center 10,Cold Storage DC,Central,Nagpur,India,MGR0062,P00095,Cold,11093,84069,29463,35.05,55,39,281,6.74,50,385,Night,Active,2025-05-11,79.33,6,No,2025-04-29
DC0014,Distribution Center 14,Fulfillment Center,West,Ahmedabad,India,MGR0071,P00102,Ambient,15373,56149,54481,97.03,53,25,29,7.87,34,378,Morning,Maintenance,2025-05-11,87.73,23,No,2025-05-06
DC0016,Distribution Center 16,Cross-Dock Center,North,Lucknow,India,MGR0093,P00045,Cold,10765,61226,24025,39.24,11,60,223,1.66,21,422,Morning,Temporarily Closed,2025-05-11,78.68,48,No,2025-04-28
DC0020,Distribution Center 20,Regional DC,Central,Raipur,India,MGR0015,P00081,Hazardous,15546,40281,22009,54.64,4,15,7,7.49,10,402,Morning,Active,2025-05-11,99.13,14,No,2025-04-30
DC0005,Distribution Center 05,Cold Storage DC,Central,Bhopal,India,MGR0008,P00133,Hazardous,19557,29177,25064,85.9,14,99,289,15.49,32,432,Morning,Active,2025-05-12,97.03,31,No,2025-04-21
DC0010,Distribution Center 10,Cold Storage DC,Central,Nagpur,India,MGR0005,P00122,Ambient,10584,20923,6712,32.08,52,8,133,5.05,16,61,Evening,Active,2025-05-12,84.64,49,No,2025-04-25
DC0011,Distribution Center 11,Cold Storage DC,North,Jaipur,India,MGR0017,P00026,Ambient,12810,98998,79175,79.98,27,61,409,12.69,7,494,Morning,Active,2025-05-12,75.53,48,No,2025-04-24
DC0012,Distribution Center 12,Cold Storage DC,South,Hyderabad,India,MGR0012,P00010,Ambient,22794,117348,90224,76.89,37,57,140,2.82,49,490,Night,Active,2025-05-12,89.68,16,No,2025-05-03
DC0016,Distribution Center 16,Regional DC,North,Lucknow,India,MGR0024,P00093,Cold,24410,45140,41968,92.97,78,31,317,15.31,16,227,Evening,Temporarily Closed,2025-05-12,77.08,38,No,2025-04-19
DC0016,Distribution Center 16,Regional DC,North,Lucknow,India,MGR0058,P00123,Frozen,10384,137885,70551,51.17,44,9,77,2.31,25,438,Morning,Maintenance,2025-05-12,88.57,29,No,2025-05-09
DC0020,Distribution Center 20,Cold Storage DC,Central,Raipur,India,MGR0060,P00026,Ambient,6404,106608,53937,50.59,52,55,436,4.31,13,370,Night,Maintenance,2025-05-12,99.12,26,No,2025-05-02
DC0020,Distribution Center 20,Regional DC,Central,Raipur,India,MGR0092,P00188,Ambient,1140,99876,89140,89.25,74,58,376,22.42,38,351,Morning,Maintenance,2025-05-12,94.74,23,No,2025-04-29
DC0002,Distribution Center 02,Fulfillment Center,South,Chennai,India,MGR0008,P00126,Ambient,14751,52501,47068,89.65,74,59,412,6.36,23,320,Night,Active,2025-05-13,81.29,12,No,2025-04-29
DC0006,Distribution Center 06,Cross-Dock Center,North,Chandigarh,India,MGR0022,P00010,Ambient,14831,144656,46894,32.42,9,59,334,7.61,40,494,Evening,Active,2025-05-13,89.42,43,No,2025-04-23
DC0007,Distribution Center 07,Cold Storage DC,South,Bengaluru,India,MGR0065,P00136,Ambient,24006,126173,90916,72.06,72,45,109,22.47,31,449,Night,Active,2025-05-13,97.03,41,No,2025-05-03
DC0008,Distribution Center 08,Cold Storage DC,East,Bhubaneswar,India,MGR0022,P00100,Ambient,6386,77098,50147,65.04,21,48,399,4.8,39,480,Evening,Temporarily Closed,2025-05-13,76.51,16,No,2025-05-08
DC0016,Distribution Center 16,Cross-Dock Center,North,Lucknow,India,MGR0001,P00093,Hazardous,13383,106705,57332,53.73,39,96,77,23.36,23,400,Night,Active,2025-05-13,92.6,9,No,2025-04-17
DC0028,Distribution Center 28,Cross-Dock Center,East,Bhubaneswar,India,MGR0063,P00081,Hazardous,14673,124769,70167,56.24,3,71,280,4.66,45,236,Evening,Active,2025-05-13,79.41,18,No,2025-04-19
DC0029,Distribution Center 29,Cold Storage DC,West,Pune,India,MGR0028,P00104,Hazardous,17026,143473,88295,61.54,44,46,85,19.32,46,458,Morning,Temporarily Closed,2025-05-13,93.14,10,No,2025-04-25
DC0003,Distribution Center 03,Fulfillment Center,East,Kolkata,India,MGR0086,P00142,Ambient,24944,117219,42410,36.18,69,87,462,20.76,22,242,Evening,Active,2025-05-14,98.02,32,No,2025-04-16
DC0003,Distribution Center 03,Cross-Dock Center,East,Kolkata,India,MGR0030,P00180,Ambient,7423,28300,27576,97.44,18,54,107,3.1,5,428,Night,Active,2025-05-14,81.34,8,No,2025-04-18
DC0013,Distribution Center 13,Fulfillment Center,East,Guwahati,India,MGR0018,P00047,Ambient,18177,86820,54215,62.45,54,70,354,2.56,4,334,Night,Maintenance,2025-05-14,77.05,28,No,2025-05-05
DC0018,Distribution Center 18,Cold Storage DC,East,Patna,India,MGR0025,P00108,Hazardous,11613,54195,14096,26.01,12,55,452,2.2,17,144,Evening,Active,2025-05-14,84.64,27,No,2025-04-19
DC0018,Distribution Center 18,Cold Storage DC,East,Patna,India,MGR0098,P00230,Ambient,13802,50352,18376,36.5,2,96,363,17.24,10,350,Morning,Temporarily Closed,2025-05-14,96.17,19,No,2025-04-19
DC0019,Distribution Center 19,Cold Storage DC,West,Surat,India,MGR0089,P00172,Ambient,22463,106793,30670,28.72,23,0,47,8.09,36,190,Evening,Active,2025-05-14,94.94,16,No,2025-04-14
DC0024,Distribution Center 24,Cross-Dock Center,West,Mumbai,India,MGR0028,P00181,Ambient,13249,49612,43512,87.7,63,90,378,20.09,49,61,Evening,Active,2025-05-14,85.88,8,No,2025-05-12
DC0026,Distribution Center 26,Cold Storage DC,North,Chandigarh,India,MGR0092,P00100,Ambient,4881,41394,10512,25.39,27,22,268,21.61,23,227,Evening,Maintenance,2025-05-14,89.82,31,No,2025-05-14
DC0002,Distribution Center 02,Regional DC,South,Chennai,India,MGR0017,P00008,Ambient,14399,64347,59267,92.11,39,2,326,10.85,11,437,Morning,Active,2025-05-15,78.47,13,No,2025-05-09
DC0002,Distribution Center 02,Fulfillment Center,South,Chennai,India,MGR0066,P00158,Frozen,5025,120386,90383,75.08,28,49,252,1.75,7,224,Evening,Temporarily Closed,2025-05-15,89.1,29,No,2025-05-14
DC0009,Distribution Center 09,Cold Storage DC,West,Pune,India,MGR0033,P00198,Ambient,4532,76498,21811,28.51,30,2,153,13.24,26,203,Evening,Temporarily Closed,2025-05-15,73.4,5,No,2025-05-01
DC0013,Distribution Center 13,Cross-Dock Center,East,Guwahati,India,MGR0031,P00015,Frozen,11121,126999,72320,56.95,76,61,170,22.19,46,172,Evening,Active,2025-05-15,81.93,48,No,2025-04-22
DC0019,Distribution Center 19,Cold Storage DC,West,Surat,India,MGR0096,P00214,Cold,18815,138732,47079,33.94,59,2,375,4.89,32,22,Morning,Temporarily Closed,2025-05-15,79.99,2,No,2025-05-10
DC0020,Distribution Center 20,Regional DC,Central,Raipur,India,MGR0055,P00002,Ambient,24543,23382,7990,34.17,66,60,0,22.53,47,70,Morning,Active,2025-05-15,84.86,29,No,2025-04-21
DC0021,Distribution Center 21,Cold Storage DC,North,Delhi,India,MGR0080,P00171,Ambient,5974,123268,57743,46.84,21,41,496,8.18,37,478,Morning,Active,2025-05-15,98.67,28,No,2025-04-23
DC0024,Distribution Center 24,Cold Storage DC,West,Mumbai,India,MGR0017,P00024,Cold,23641,131071,116392,88.8,3,35,285,22.9,41,341,Morning,Active,2025-05-15,72.38,44,No,2025-04-24
DC0026,Distribution Center 26,Cold Storage DC,North,Chandigarh,India,MGR0046,P00233,Ambient,21838,105053,32188,30.64,39,2,148,11.68,12,299,Evening,Active,2025-05-15,86.61,5,No,2025-04-26
DC0001,Distribution Center 01,Cold Storage DC,North,Delhi,India,MGR0039,P00080,Frozen,7803,25018,7338,29.33,42,80,493,18.19,10,421,Evening,Maintenance,2025-05-16,94.17,21,No,2025-04-25
DC0004,Distribution Center 04,Fulfillment Center,West,Mumbai,India,MGR0047,P00201,Ambient,22350,84024,45544,54.2,46,2,57,21.07,4,192,Evening,Active,2025-05-16,83.39,12,No,2025-04-30
DC0008,Distribution Center 08,Fulfillment Center,East,Bhubaneswar,India,MGR0046,P00061,Ambient,13940,137586,66248,48.15,59,83,401,20.58,12,166,Morning,Temporarily Closed,2025-05-16,73.15,44,No,2025-04-21
DC0009,Distribution Center 09,Fulfillment Center,West,Pune,India,MGR0091,P00235,Ambient,9108,52742,20718,39.28,16,84,31,4.86,24,108,Night,Active,2025-05-16,78.22,36,No,2025-05-07
DC0010,Distribution Center 10,Fulfillment Center,Central,Nagpur,India,MGR0016,P00040,Ambient,2650,27449,26566,96.78,79,5,420,13.97,20,385,Morning,Temporarily Closed,2025-05-16,81.04,3,No,2025-05-03
DC0016,Distribution Center 16,Cold Storage DC,North,Lucknow,India,MGR0068,P00054,Cold,13885,69522,43264,62.23,79,38,447,20.37,40,325,Evening,Temporarily Closed,2025-05-16,85.94,28,No,2025-05-09
DC0019,Distribution Center 19,Regional DC,West,Surat,India,MGR0057,P00070,Ambient,515,56848,44851,78.9,77,37,303,8.33,19,59,Night,Active,2025-05-16,92.5,28,No,2025-04-17
DC0028,Distribution Center 28,Fulfillment Center,East,Bhubaneswar,India,MGR0079,P00181,Cold,19007,130804,81001,61.93,34,93,66,16.94,16,481,Evening,Maintenance,2025-05-16,96.95,17,No,2025-04-24
DC0030,Distribution Center 30,Regional DC,Central,Nagpur,India,MGR0068,P00006,Ambient,1177,24830,15197,61.2,23,95,158,18.92,47,220,Morning,Active,2025-05-16,95.35,2,No,2025-05-02
DC0002,Distribution Center 02,Cold Storage DC,South,Chennai,India,MGR0043,P00014,Cold,6099,32781,9981,30.45,38,96,9,5.13,5,120,Evening,Active,2025-05-17,98.43,35,No,2025-04-22
DC0014,Distribution Center 14,Fulfillment Center,West,Ahmedabad,India,MGR0019,P00013,Ambient,6454,149027,128207,86.03,63,18,55,22.03,4,472,Morning,Temporarily Closed,2025-05-17,85.7,11,No,2025-05-08
DC0014,Distribution Center 14,Regional DC,West,Ahmedabad,India,MGR0065,P00033,Ambient,19214,97446,47536,48.78,35,43,330,22.73,18,377,Night,Active,2025-05-17,83.72,6,No,2025-04-25
DC0014,Distribution Center 14,Cold Storage DC,West,Ahmedabad,India,MGR0046,P00180,Cold,19119,126601,36326,28.69,72,2,159,10.47,47,53,Morning,Temporarily Closed,2025-05-17,92.52,29,No,2025-05-15
DC0015,Distribution Center 15,Fulfillment Center,Central,Indore,India,MGR0026,P00169,Ambient,4444,97039,87889,90.57,20,83,221,17.81,5,365,Night,Maintenance,2025-05-17,83.39,34,No,2025-05-09
DC0016,Distribution Center 16,Fulfillment Center,North,Lucknow,India,MGR0032,P00003,Cold,11688,48599,44500,91.57,75,15,487,8.84,10,374,Evening,Temporarily Closed,2025-05-17,88.31,18,No,2025-05-07
DC0016,Distribution Center 16,Cross-Dock Center,North,Lucknow,India,MGR0049,P00052,Ambient,23079,64849,34273,52.85,28,84,6,23.4,36,308,Morning,Active,2025-05-17,95.07,46,No,2025-04-29
DC0017,Distribution Center 17,Cross-Dock Center,South,Kochi,India,MGR0084,P00014,Ambient,21831,36864,31970,86.72,71,39,192,9.11,47,410,Morning,Active,2025-05-17,76.09,17,No,2025-05-14
DC0019,Distribution Center 19,Cross-Dock Center,West,Surat,India,MGR0073,P00239,Ambient,15028,67078,42159,62.85,36,95,127,4.04,49,455,Evening,Active,2025-05-17,78.88,38,No,2025-04-19
DC0002,Distribution Center 02,Cross-Dock Center,South,Chennai,India,MGR0074,P00184,Ambient,4825,92075,82956,90.1,8,68,1,4.08,34,292,Evening,Active,2025-05-18,88.54,24,No,2025-05-12
DC0003,Distribution Center 03,Cross-Dock Center,East,Kolkata,India,MGR0065,P00176,Ambient,21102,30781,16739,54.38,5,55,166,7.7,18,203,Morning,Active,2025-05-18,75.05,47,No,2025-04-22
DC0004,Distribution Center 04,Fulfillment Center,West,Mumbai,India,MGR0021,P00217,Ambient,19785,52722,37588,71.29,7,63,311,23.78,8,173,Night,Active,2025-05-18,74.11,22,No,2025-05-16
DC0006,Distribution Center 06,Regional DC,North,Chandigarh,India,MGR0056,P00080,Ambient,3333,46683,26172,56.06,61,6,384,2.98,47,321,Evening,Maintenance,2025-05-18,76.55,43,No,2025-05-10
DC0008,Distribution Center 08,Fulfillment Center,East,Bhubaneswar,India,MGR0042,P00242,Cold,5700,120490,76078,63.14,79,47,168,9.76,17,283,Evening,Temporarily Closed,2025-05-18,87.61,19,No,2025-04-19
DC0010,Distribution Center 10,Fulfillment Center,Central,Nagpur,India,MGR0069,P00040,Ambient,17562,140276,74424,53.06,31,4,465,23.46,28,81,Night,Maintenance,2025-05-18,83.08,23,No,2025-05-17
DC0014,Distribution Center 14,Regional DC,West,Ahmedabad,India,MGR0082,P00036,Ambient,22119,123745,61928,50.04,52,46,289,20.8,19,453,Night,Temporarily Closed,2025-05-18,73.99,15,No,2025-04-26
DC0018,Distribution Center 18,Cold Storage DC,East,Patna,India,MGR0026,P00237,Cold,1018,125732,54078,43.01,79,84,100,13.19,43,236,Evening,Maintenance,2025-05-18,79.24,30,No,2025-05-13
DC0019,Distribution Center 19,Fulfillment Center,West,Surat,India,MGR0071,P00040,Ambient,9181,43978,38323,87.14,22,33,452,7.81,33,434,Morning,Maintenance,2025-05-18,72.44,15,No,2025-04-22
DC0022,Distribution Center 22,Fulfillment Center,South,Chennai,India,MGR0083,P00238,Cold,1448,70952,23652,33.34,31,55,117,8.3,47,252,Evening,Active,2025-05-18,93.87,9,No,2025-04-28
DC0023,Distribution Center 23,Cold Storage DC,East,Kolkata,India,MGR0027,P00105,Ambient,11711,61348,34074,55.54,79,63,208,13.49,7,177,Morning,Maintenance,2025-05-18,86.22,33,No,2025-04-30
DC0027,Distribution Center 27,Cross-Dock Center,South,Bengaluru,India,MGR0054,P00139,Ambient,15171,131738,91326,69.32,8,35,486,19.88,42,500,Night,Active,2025-05-18,97.97,21,No,2025-04-27
DC0030,Distribution Center 30,Cold Storage DC,Central,Nagpur,India,MGR0034,P00177,Ambient,7562,56056,45848,81.79,59,78,320,14.88,21,266,Morning,Active,2025-05-18,77.41,39,No,2025-05-16
DC0001,Distribution Center 01,Regional DC,North,Delhi,India,MGR0084,P00206,Cold,4089,110378,72218,65.43,4,11,29,5.64,40,188,Night,Maintenance,2025-05-19,86.65,8,No,2025-05-15
DC0004,Distribution Center 04,Cold Storage DC,West,Mumbai,India,MGR0010,P00170,Ambient,18766,34540,17766,51.44,34,13,356,21.27,26,451,Evening,Active,2025-05-19,97.11,1,No,2025-05-16
DC0006,Distribution Center 06,Regional DC,North,Chandigarh,India,MGR0025,P00036,Frozen,2819,55401,17054,30.78,57,42,215,17.84,15,400,Morning,Temporarily Closed,2025-05-19,79.6,46,No,2025-04-24
DC0014,Distribution Center 14,Cross-Dock Center,West,Ahmedabad,India,MGR0020,P00089,Hazardous,3071,134862,75755,56.17,25,14,168,21.21,40,314,Evening,Active,2025-05-19,74.44,18,No,2025-04-21
DC0016,Distribution Center 16,Cold Storage DC,North,Lucknow,India,MGR0088,P00002,Frozen,9579,29927,21797,72.83,36,11,217,17.94,9,198,Evening,Temporarily Closed,2025-05-19,90.98,39,No,2025-05-15
DC0021,Distribution Center 21,Cross-Dock Center,North,Delhi,India,MGR0087,P00009,Ambient,24224,99226,36838,37.13,30,61,477,23.58,32,464,Evening,Active,2025-05-19,86.65,6,No,2025-04-30
DC0026,Distribution Center 26,Fulfillment Center,North,Chandigarh,India,MGR0008,P00136,Ambient,18152,137176,69794,50.88,35,67,326,22.38,27,418,Morning,Maintenance,2025-05-19,96.15,1,No,2025-05-05
DC0030,Distribution Center 30,Regional DC,Central,Nagpur,India,MGR0072,P00049,Ambient,22036,103098,95159,92.3,0,65,186,22.57,50,436,Night,Active,2025-05-19,85.86,46,No,2025-05-12
DC0004,Distribution Center 04,Regional DC,West,Mumbai,India,MGR0072,P00171,Ambient,23476,121591,117766,96.85,51,9,442,5.33,47,79,Evening,Maintenance,2025-05-20,74.2,22,No,2025-05-05
DC0018,Distribution Center 18,Cross-Dock Center,East,Patna,India,MGR0054,P00089,Ambient,4101,139084,84393,60.68,26,68,467,11.92,41,137,Evening,Maintenance,2025-05-20,76.26,44,No,2025-05-12
DC0019,Distribution Center 19,Cold Storage DC,West,Surat,India,MGR0048,P00009,Ambient,2299,117614,100569,85.51,2,22,493,22.4,47,323,Morning,Active,2025-05-20,81.02,11,No,2025-04-25
DC0020,Distribution Center 20,Cross-Dock Center,Central,Raipur,India,MGR0021,P00005,Cold,24512,21836,6956,31.86,9,8,289,13.54,8,30,Evening,Temporarily Closed,2025-05-20,94.97,31,No,2025-04-28
DC0023,Distribution Center 23,Fulfillment Center,East,Kolkata,India,MGR0060,P00204,Ambient,24878,30964,19820,64.01,5,5,141,13.62,46,236,Night,Active,2025-05-20,92.17,24,No,2025-05-06
DC0013,Distribution Center 13,Cold Storage DC,East,Guwahati,India,MGR0080,P00055,Ambient,22558,108447,95656,88.21,26,20,194,20.86,29,410,Night,Temporarily Closed,2025-05-21,79.31,12,No,2025-05-13
DC0018,Distribution Center 18,Cold Storage DC,East,Patna,India,MGR0044,P00068,Ambient,7292,32870,14551,44.27,45,21,250,17.35,18,458,Morning,Active,2025-05-21,84.21,35,No,2025-05-14
DC0019,Distribution Center 19,Cross-Dock Center,West,Surat,India,MGR0099,P00191,Ambient,24685,117915,70365,59.67,39,69,93,2.97,37,142,Evening,Maintenance,2025-05-21,78.36,11,No,2025-05-07
DC0020,Distribution Center 20,Fulfillment Center,Central,Raipur,India,MGR0075,P00069,Ambient,19344,95242,41888,43.98,7,24,282,17.57,49,145,Morning,Active,2025-05-21,85.55,3,No,2025-05-02
DC0023,Distribution Center 23,Regional DC,East,Kolkata,India,MGR0031,P00090,Cold,17705,127799,85049,66.55,52,63,48,12.42,12,286,Night,Temporarily Closed,2025-05-21,94.03,11,No,2025-05-19
DC0023,Distribution Center 23,Cold Storage DC,East,Kolkata,India,MGR0036,P00235,Cold,8027,85234,42903,50.34,36,91,305,16.48,44,250,Night,Active,2025-05-21,91.2,27,No,2025-05-11
DC0026,Distribution Center 26,Fulfillment Center,North,Chandigarh,India,MGR0041,P00217,Cold,13959,76815,25531,33.24,72,82,245,14.71,24,246,Night,Active,2025-05-21,97.63,5,No,2025-05-10
DC0029,Distribution Center 29,Fulfillment Center,West,Pune,India,MGR0085,P00119,Ambient,24300,123762,59840,48.35,75,89,315,10.61,5,252,Night,Active,2025-05-21,85.17,16,No,2025-04-30
DC0001,Distribution Center 01,Cross-Dock Center,North,Delhi,India,MGR0068,P00161,Ambient,7901,75717,64542,85.24,17,50,247,17.07,21,223,Night,Active,2025-05-22,97.23,44,No,2025-05-08
DC0004,Distribution Center 04,Regional DC,West,Mumbai,India,MGR0002,P00215,Cold,9196,127389,98626,77.42,57,16,491,11.3,14,470,Night,Temporarily Closed,2025-05-22,83.37,2,No,2025-04-30
DC0005,Distribution Center 05,Regional DC,Central,Bhopal,India,MGR0048,P00102,Hazardous,15774,93911,77025,82.02,71,50,296,22.1,44,98,Night,Temporarily Closed,2025-05-22,85.93,5,No,2025-05-09
DC0005,Distribution Center 05,Cross-Dock Center,Central,Bhopal,India,MGR0085,P00220,Ambient,20600,147399,43774,29.7,57,75,139,22.67,36,220,Morning,Temporarily Closed,2025-05-22,73.77,13,No,2025-05-16
DC0009,Distribution Center 09,Cross-Dock Center,West,Pune,India,MGR0063,P00245,Ambient,14477,44900,37401,83.3,71,81,335,15.86,9,111,Night,Temporarily Closed,2025-05-22,73.41,7,No,2025-05-02
DC0010,Distribution Center 10,Fulfillment Center,Central,Nagpur,India,MGR0074,P00026,Cold,18175,139884,133758,95.62,6,44,80,23.05,50,331,Evening,Active,2025-05-22,83.28,38,No,2025-05-15
DC0013,Distribution Center 13,Fulfillment Center,East,Guwahati,India,MGR0015,P00121,Frozen,4117,22647,21777,96.16,5,52,27,3.58,27,145,Morning,Active,2025-05-22,92.83,20,No,2025-05-02
DC0019,Distribution Center 19,Regional DC,West,Surat,India,MGR0033,P00027,Ambient,23369,141977,46654,32.86,39,59,305,18.7,18,84,Evening,Temporarily Closed,2025-05-22,83.24,2,No,2025-04-27
DC0023,Distribution Center 23,Cold Storage DC,East,Kolkata,India,MGR0009,P00185,Frozen,10280,42739,29732,69.57,4,47,396,11.38,14,111,Night,Active,2025-05-22,72.13,32,No,2025-04-30
DC0030,Distribution Center 30,Regional DC,Central,Nagpur,India,MGR0077,P00215,Hazardous,351,74979,59206,78.96,59,82,398,14.0,44,80,Morning,Active,2025-05-22,92.6,9,Yes,2025-05-05
DC0002,Distribution Center 02,Cold Storage DC,South,Chennai,India,MGR0061,P00051,Frozen,16753,22078,19382,87.79,8,24,95,18.0,9,342,Evening,Maintenance,2025-05-23,72.24,12,No,2025-05-18
DC0006,Distribution Center 06,Cold Storage DC,North,Chandigarh,India,MGR0019,P00172,Hazardous,4038,128617,106023,82.43,72,46,303,19.05,8,440,Night,Active,2025-05-23,93.18,5,No,2025-05-17
DC0006,Distribution Center 06,Regional DC,North,Chandigarh,India,MGR0060,P00250,Ambient,22481,35272,10385,29.44,24,95,100,20.82,28,60,Night,Maintenance,2025-05-23,72.8,7,No,2025-05-14
DC0010,Distribution Center 10,Cross-Dock Center,Central,Nagpur,India,MGR0040,P00151,Ambient,11410,47134,25272,53.62,52,22,13,14.97,46,483,Evening,Maintenance,2025-05-23,99.18,26,No,2025-05-08
DC0011,Distribution Center 11,Fulfillment Center,North,Jaipur,India,MGR0083,P00026,Hazardous,16774,116408,46841,40.24,19,3,174,8.09,26,50,Night,Maintenance,2025-05-23,87.07,35,No,2025-05-14
DC0013,Distribution Center 13,Regional DC,East,Guwahati,India,MGR0015,P00211,Ambient,5893,105165,70200,66.75,23,28,191,11.14,30,171,Night,Maintenance,2025-05-23,90.0,33,No,2025-05-07
DC0014,Distribution Center 14,Regional DC,West,Ahmedabad,India,MGR0095,P00091,Ambient,20714,142116,108546,76.38,75,52,56,3.68,43,82,Morning,Maintenance,2025-05-23,72.96,45,No,2025-05-09
DC0018,Distribution Center 18,Fulfillment Center,East,Patna,India,MGR0080,P00227,Ambient,15938,47458,39379,82.98,21,88,415,19.28,31,223,Evening,Active,2025-05-23,95.44,45,No,2025-04-28
DC0021,Distribution Center 21,Regional DC,North,Delhi,India,MGR0083,P00065,Ambient,12241,21648,16038,74.09,79,60,185,19.08,40,444,Evening,Temporarily Closed,2025-05-23,90.02,17,No,2025-05-12
DC0023,Distribution Center 23,Cross-Dock Center,East,Kolkata,India,MGR0014,P00133,Ambient,3622,38393,15052,39.21,76,71,238,4.13,39,196,Night,Temporarily Closed,2025-05-23,76.35,15,No,2025-05-15
DC0025,Distribution Center 25,Fulfillment Center,Central,Bhopal,India,MGR0013,P00197,Ambient,5046,86470,41662,48.18,24,82,12,21.43,14,382,Evening,Active,2025-05-23,95.41,23,No,2025-05-16
DC0026,Distribution Center 26,Cross-Dock Center,North,Chandigarh,India,MGR0056,P00025,Cold,14719,42870,29712,69.31,32,89,255,10.39,26,325,Evening,Active,2025-05-23,77.07,36,No,2025-05-05
DC0030,Distribution Center 30,Fulfillment Center,Central,Nagpur,India,MGR0030,P00049,Ambient,22377,47960,15539,32.4,40,55,463,17.03,38,381,Evening,Active,2025-05-23,84.14,5,No,2025-05-22
DC0030,Distribution Center 30,Cross-Dock Center,Central,Nagpur,India,MGR0086,P00052,Ambient,193,83618,70467,84.27,25,24,210,6.86,40,422,Night,Active,2025-05-23,76.65,44,Yes,2025-04-30
DC0011,Distribution Center 11,Regional DC,North,Jaipur,India,MGR0066,P00250,Ambient,2337,49968,28018,56.07,53,17,301,7.1,50,486,Night,Active,2025-05-24,87.33,17,No,2025-05-19
DC0015,Distribution Center 15,Cold Storage DC,Central,Indore,India,MGR0028,P00149,Ambient,1656,80984,20669,25.52,66,45,188,6.91,14,163,Night,Temporarily Closed,2025-05-24,80.92,28,No,2025-05-07
DC0019,Distribution Center 19,Regional DC,West,Surat,India,MGR0062,P00173,Ambient,1712,71604,32776,45.77,78,1,3,12.45,33,48,Evening,Active,2025-05-24,90.76,46,No,2025-05-17
DC0029,Distribution Center 29,Cross-Dock Center,West,Pune,India,MGR0051,P00014,Ambient,12741,118886,113354,95.35,43,17,326,18.28,27,277,Morning,Active,2025-05-24,79.39,7,No,2025-05-22
DC0001,Distribution Center 01,Regional DC,North,Delhi,India,MGR0098,P00152,Ambient,1210,106474,51156,48.05,66,29,130,17.81,28,44,Morning,Temporarily Closed,2025-05-25,85.43,18,No,2025-05-19
DC0004,Distribution Center 04,Cold Storage DC,West,Mumbai,India,MGR0004,P00172,Ambient,9877,142526,114008,79.99,52,66,150,18.51,22,397,Evening,Temporarily Closed,2025-05-25,86.51,39,No,2025-05-18
DC0005,Distribution Center 05,Cross-Dock Center,Central,Bhopal,India,MGR0033,P00063,Cold,5303,127782,88160,68.99,15,11,129,9.7,39,402,Morning,Maintenance,2025-05-25,96.07,40,No,2025-05-21
DC0011,Distribution Center 11,Fulfillment Center,North,Jaipur,India,MGR0017,P00069,Ambient,11877,107533,59911,55.71,47,20,141,9.22,18,72,Evening,Active,2025-05-25,93.0,17,No,2025-05-01
DC0012,Distribution Center 12,Cross-Dock Center,South,Hyderabad,India,MGR0007,P00074,Frozen,2847,58002,28113,48.47,41,17,60,6.12,16,228,Evening,Active,2025-05-25,73.7,17,No,2025-05-16
DC0013,Distribution Center 13,Regional DC,East,Guwahati,India,MGR0099,P00030,Ambient,12375,42650,24656,57.81,52,87,355,6.39,11,179,Evening,Maintenance,2025-05-25,79.54,27,No,2025-05-24
DC0013,Distribution Center 13,Regional DC,East,Guwahati,India,MGR0051,P00196,Ambient,11341,34854,17274,49.56,79,88,231,13.68,37,410,Morning,Active,2025-05-25,96.17,5,No,2025-05-17
DC0014,Distribution Center 14,Regional DC,West,Ahmedabad,India,MGR0089,P00023,Ambient,19772,44424,39689,89.34,36,82,309,17.6,48,306,Evening,Active,2025-05-25,88.07,43,No,2025-04-26
DC0017,Distribution Center 17,Regional DC,South,Kochi,India,MGR0075,P00228,Ambient,13621,64200,34392,53.57,38,6,296,2.03,18,420,Evening,Active,2025-05-25,79.09,26,No,2025-05-25
DC0027,Distribution Center 27,Cold Storage DC,South,Bengaluru,India,MGR0017,P00164,Ambient,2692,123916,68825,55.54,62,35,307,11.54,31,358,Night,Active,2025-05-25,93.4,13,No,2025-05-04
DC0002,Distribution Center 02,Cross-Dock Center,South,Chennai,India,MGR0047,P00114,Ambient,22903,29331,13813,47.09,23,34,186,7.72,42,363,Morning,Temporarily Closed,2025-05-26,98.13,38,No,2025-05-15
DC0003,Distribution Center 03,Regional DC,East,Kolkata,India,MGR0061,P00043,Ambient,18535,60202,18240,30.3,64,39,254,19.11,31,134,Night,Maintenance,2025-05-26,78.42,42,No,2025-05-03
DC0004,Distribution Center 04,Cold Storage DC,West,Mumbai,India,MGR0037,P00016,Hazardous,10402,36984,21361,57.76,58,13,96,11.88,17,269,Morning,Active,2025-05-26,74.7,7,No,2025-05-16
DC0008,Distribution Center 08,Cold Storage DC,East,Bhubaneswar,India,MGR0096,P00246,Frozen,24775,122344,79511,64.99,23,43,464,8.52,12,350,Morning,Temporarily Closed,2025-05-26,87.83,16,No,2025-05-16
DC0009,Distribution Center 09,Cross-Dock Center,West,Pune,India,MGR0091,P00004,Frozen,16359,29963,10791,36.01,26,47,243,1.62,25,232,Morning,Maintenance,2025-05-26,75.8,21,No,2025-05-19
DC0011,Distribution Center 11,Cold Storage DC,North,Jaipur,India,MGR0035,P00006,Ambient,17545,72370,32553,44.98,40,75,295,17.01,50,319,Evening,Active,2025-05-26,98.67,42,No,2025-04-27
DC0011,Distribution Center 11,Cold Storage DC,North,Jaipur,India,MGR0053,P00015,Ambient,22135,49696,41349,83.2,33,26,116,21.51,27,429,Morning,Maintenance,2025-05-26,96.49,14,No,2025-05-08
DC0013,Distribution Center 13,Regional DC,East,Guwahati,India,MGR0012,P00219,Ambient,5004,48333,14739,30.49,8,50,391,11.06,21,110,Morning,Temporarily Closed,2025-05-26,94.62,45,No,2025-05-14
DC0015,Distribution Center 15,Cold Storage DC,Central,Indore,India,MGR0072,P00087,Ambient,13929,104736,37034,35.36,41,98,388,15.33,44,311,Evening,Temporarily Closed,2025-05-26,76.86,14,No,2025-05-23
DC0016,Distribution Center 16,Cold Storage DC,North,Lucknow,India,MGR0077,P00124,Hazardous,14794,139427,99156,71.12,6,32,57,23.14,45,266,Morning,Active,2025-05-26,86.86,30,No,2025-05-22
DC0023,Distribution Center 23,Fulfillment Center,East,Kolkata,India,MGR0016,P00246,Cold,2760,92878,65715,70.75,76,24,85,9.9,25,60,Night,Temporarily Closed,2025-05-26,84.64,27,No,2025-05-05
DC0002,Distribution Center 02,Fulfillment Center,South,Chennai,India,MGR0033,P00030,Ambient,19575,118561,111756,94.26,32,40,347,15.74,23,399,Evening,Active,2025-05-27,72.68,29,No,2025-05-21
DC0003,Distribution Center 03,Fulfillment Center,East,Kolkata,India,MGR0060,P00093,Cold,20672,42323,12014,28.39,6,34,374,22.36,23,415,Night,Active,2025-05-27,87.92,42,No,2025-05-22
DC0008,Distribution Center 08,Fulfillment Center,East,Bhubaneswar,India,MGR0014,P00046,Ambient,24749,90173,77729,86.2,31,75,288,19.47,38,224,Evening,Maintenance,2025-05-27,75.99,25,No,2025-05-07
DC0011,Distribution Center 11,Cold Storage DC,North,Jaipur,India,MGR0046,P00105,Ambient,21809,50305,39162,77.85,2,38,34,19.92,42,287,Night,Maintenance,2025-05-27,79.91,43,No,2025-05-14
DC0017,Distribution Center 17,Regional DC,South,Kochi,India,MGR0067,P00224,Ambient,11622,78300,30395,38.82,71,64,16,10.48,42,393,Morning,Temporarily Closed,2025-05-27,86.77,47,No,2025-05-03
DC0024,Distribution Center 24,Regional DC,West,Mumbai,India,MGR0002,P00021,Hazardous,17613,80024,76677,95.82,25,51,223,22.98,29,234,Night,Active,2025-05-27,72.84,2,No,2025-05-24
DC0028,Distribution Center 28,Cross-Dock Center,East,Bhubaneswar,India,MGR0041,P00160,Ambient,4160,28307,17333,61.23,69,99,287,21.46,39,392,Night,Maintenance,2025-05-27,75.41,35,No,2025-05-07
DC0030,Distribution Center 30,Fulfillment Center,Central,Nagpur,India,MGR0093,P00171,Ambient,5800,96573,84773,87.78,3,51,344,13.1,23,234,Night,Active,2025-05-27,72.91,25,No,2025-05-02
DC0003,Distribution Center 03,Cold Storage DC,East,Kolkata,India,MGR0024,P00077,Ambient,2546,88767,29041,32.72,1,98,70,22.05,9,187,Evening,Active,2025-05-28,86.75,2,No,2025-04-29
DC0003,Distribution Center 03,Fulfillment Center,East,Kolkata,India,MGR0062,P00196,Frozen,15543,49424,19320,39.09,1,35,305,6.7,11,416,Evening,Active,2025-05-28,76.05,47,No,2025-05-22
DC0004,Distribution Center 04,Regional DC,West,Mumbai,India,MGR0045,P00076,Ambient,20808,23779,14846,62.43,37,53,150,20.55,34,429,Night,Active,2025-05-28,85.25,35,No,2025-05-09
DC0004,Distribution Center 04,Cross-Dock Center,West,Mumbai,India,MGR0061,P00243,Cold,14734,78058,64402,82.51,70,48,21,21.43,36,149,Morning,Maintenance,2025-05-28,86.73,48,No,2025-05-16
DC0010,Distribution Center 10,Cross-Dock Center,Central,Nagpur,India,MGR0032,P00116,Frozen,20259,27027,18208,67.37,26,0,206,10.87,46,239,Night,Temporarily Closed,2025-05-28,87.78,17,No,2025-05-16
DC0013,Distribution Center 13,Regional DC,East,Guwahati,India,MGR0098,P00215,Ambient,16354,128706,93139,72.37,37,88,274,22.2,50,38,Morning,Maintenance,2025-05-28,82.57,22,No,2025-05-19
DC0014,Distribution Center 14,Cold Storage DC,West,Ahmedabad,India,MGR0042,P00113,Ambient,23035,149717,99677,66.58,30,59,441,11.12,29,32,Evening,Active,2025-05-28,92.21,32,No,2025-05-04
DC0022,Distribution Center 22,Cross-Dock Center,South,Chennai,India,MGR0028,P00146,Hazardous,13432,109784,68255,62.17,23,55,65,7.04,20,192,Morning,Active,2025-05-28,94.88,37,No,2025-05-19
DC0024,Distribution Center 24,Cold Storage DC,West,Mumbai,India,MGR0044,P00245,Ambient,10067,62064,45696,73.63,29,93,117,4.37,25,351,Evening,Active,2025-05-28,97.33,0,No,2025-05-09
DC0026,Distribution Center 26,Fulfillment Center,North,Chandigarh,India,MGR0055,P00182,Ambient,3921,131454,90073,68.52,79,17,129,11.53,49,197,Night,Active,2025-05-28,74.48,28,No,2025-05-12
DC0027,Distribution Center 27,Fulfillment Center,South,Bengaluru,India,MGR0059,P00045,Ambient,18629,38470,13677,35.55,69,96,335,13.16,37,373,Evening,Active,2025-05-28,82.19,38,No,2025-04-30
DC0028,Distribution Center 28,Cross-Dock Center,East,Bhubaneswar,India,MGR0066,P00177,Ambient,12059,130909,92105,70.36,4,41,306,3.98,11,94,Morning,Temporarily Closed,2025-05-28,90.17,13,No,2025-05-18
DC0005,Distribution Center 05,Cold Storage DC,Central,Bhopal,India,MGR0087,P00247,Hazardous,19362,81618,42493,52.06,48,73,206,11.83,28,61,Night,Active,2025-05-29,98.19,13,No,2025-05-22
DC0019,Distribution Center 19,Fulfillment Center,West,Surat,India,MGR0006,P00047,Cold,7314,148741,85001,57.15,79,80,106,12.23,9,420,Evening,Active,2025-05-29,80.47,16,No,2025-04-29
DC0020,Distribution Center 20,Cold Storage DC,Central,Raipur,India,MGR0015,P00076,Ambient,13302,146867,137232,93.44,56,82,318,4.3,9,137,Morning,Active,2025-05-29,77.97,17,No,2025-05-28
DC0024,Distribution Center 24,Regional DC,West,Mumbai,India,MGR0018,P00035,Ambient,18328,140919,107383,76.2,8,49,77,10.68,35,410,Evening,Active,2025-05-29,94.71,43,No,2025-05-08
DC0026,Distribution Center 26,Cross-Dock Center,North,Chandigarh,India,MGR0053,P00028,Ambient,15903,22522,9127,40.52,6,87,157,21.97,14,25,Evening,Active,2025-05-29,73.64,43,No,2025-05-23
DC0030,Distribution Center 30,Cross-Dock Center,Central,Nagpur,India,MGR0067,P00107,Cold,6609,21566,13670,63.39,73,61,188,11.82,26,410,Night,Maintenance,2025-05-29,73.57,43,No,2025-05-13
DC0002,Distribution Center 02,Regional DC,South,Chennai,India,MGR0048,P00066,Ambient,2451,54379,52585,96.7,69,74,147,8.55,9,427,Morning,Temporarily Closed,2025-05-30,90.63,3,No,2025-05-20
DC0004,Distribution Center 04,Fulfillment Center,West,Mumbai,India,MGR0059,P00136,Cold,1034,120206,56925,47.36,5,17,190,1.91,42,52,Evening,Active,2025-05-30,82.47,13,No,2025-05-18
DC0006,Distribution Center 06,Cross-Dock Center,North,Chandigarh,India,MGR0013,P00002,Hazardous,8621,24481,14579,59.55,2,44,159,10.93,26,218,Evening,Active,2025-05-30,80.73,42,No,2025-05-05
DC0012,Distribution Center 12,Fulfillment Center,South,Hyderabad,India,MGR0005,P00067,Ambient,4662,68112,56971,83.64,28,15,437,11.48,32,425,Morning,Active,2025-05-30,78.19,11,No,2025-05-27
DC0012,Distribution Center 12,Regional DC,South,Hyderabad,India,MGR0024,P00120,Ambient,23440,78318,53931,68.86,59,96,337,2.21,26,479,Morning,Active,2025-05-30,89.57,3,No,2025-05-26
DC0023,Distribution Center 23,Fulfillment Center,East,Kolkata,India,MGR0064,P00135,Hazardous,13765,139427,99828,71.6,22,3,76,16.43,40,46,Night,Active,2025-05-30,92.06,44,No,2025-05-23
DC0024,Distribution Center 24,Fulfillment Center,West,Mumbai,India,MGR0007,P00123,Ambient,18384,29554,25204,85.28,23,34,47,6.43,36,324,Morning,Active,2025-05-30,87.18,22,No,2025-05-25
DC0001,Distribution Center 01,Regional DC,North,Delhi,India,MGR0057,P00168,Hazardous,3738,72027,29110,40.42,37,9,298,7.71,28,78,Night,Active,2025-05-31,74.11,44,No,2025-05-01
DC0002,Distribution Center 02,Cross-Dock Center,South,Chennai,India,MGR0041,P00124,Hazardous,4022,54207,44391,81.89,29,30,189,16.49,41,308,Night,Active,2025-05-31,77.04,2,No,2025-05-16
DC0004,Distribution Center 04,Cross-Dock Center,West,Mumbai,India,MGR0033,P00176,Frozen,19928,24029,16928,70.45,51,95,480,11.16,41,47,Morning,Maintenance,2025-05-31,93.08,21,No,2025-05-13
DC0012,Distribution Center 12,Cold Storage DC,South,Hyderabad,India,MGR0056,P00188,Cold,2976,36173,32674,90.33,58,31,118,18.21,47,321,Evening,Active,2025-05-31,79.08,24,No,2025-05-28
DC0014,Distribution Center 14,Regional DC,West,Ahmedabad,India,MGR0008,P00006,Frozen,5079,40555,35252,86.92,42,50,318,3.2,31,46,Evening,Active,2025-05-31,95.95,44,No,2025-05-21
DC0015,Distribution Center 15,Fulfillment Center,Central,Indore,India,MGR0062,P00050,Ambient,11274,55087,16021,29.08,57,67,348,4.0,22,29,Night,Active,2025-05-31,97.34,14,No,2025-05-18
DC0017,Distribution Center 17,Cross-Dock Center,South,Kochi,India,MGR0044,P00153,Ambient,23387,111273,29892,26.86,5,45,290,7.73,41,432,Night,Maintenance,2025-05-31,84.91,36,No,2025-05-16
DC0020,Distribution Center 20,Cold Storage DC,Central,Raipur,India,MGR0044,P00072,Ambient,7624,138085,108178,78.34,58,42,228,6.48,41,106,Morning,Active,2025-05-31,83.39,44,No,2025-05-17
DC0024,Distribution Center 24,Regional DC,West,Mumbai,India,MGR0004,P00175,Ambient,8350,135754,56171,41.38,34,48,160,13.32,10,47,Morning,Maintenance,2025-05-31,87.78,23,No,2025-05-01
DC0001,Distribution Center 01,Cross-Dock Center,North,Delhi,India,MGR0083,P00098,Ambient,15793,24719,7891,31.92,21,28,400,19.44,12,459,Night,Active,2025-06-01,88.98,40,No,2025-05-07
DC0001,Distribution Center 01,Cross-Dock Center,North,Delhi,India,MGR0095,P00189,Ambient,12718,99642,86412,86.72,34,42,339,3.1,50,130,Night,Active,2025-06-01,91.03,40,No,2025-05-11
DC0015,Distribution Center 15,Cold Storage DC,Central,Indore,India,MGR0065,P00219,Cold,21044,83567,56808,67.98,66,67,424,8.41,49,168,Night,Maintenance,2025-06-01,80.36,23,No,2025-05-02
DC0016,Distribution Center 16,Cold Storage DC,North,Lucknow,India,MGR0006,P00066,Ambient,7891,35825,17507,48.87,3,26,100,19.5,44,268,Evening,Active,2025-06-01,88.25,4,No,2025-05-16
DC0023,Distribution Center 23,Cold Storage DC,East,Kolkata,India,MGR0086,P00046,Hazardous,12210,78136,28135,36.01,56,99,156,13.06,22,437,Evening,Maintenance,2025-06-01,98.86,29,No,2025-05-14
DC0026,Distribution Center 26,Cold Storage DC,North,Chandigarh,India,MGR0047,P00027,Cold,20244,52354,16156,30.86,31,64,295,18.52,15,406,Night,Active,2025-06-01,92.43,8,No,2025-05-05
DC0026,Distribution Center 26,Cross-Dock Center,North,Chandigarh,India,MGR0009,P00030,Ambient,15391,22450,13625,60.69,32,7,155,3.81,46,46,Night,Temporarily Closed,2025-06-01,81.38,47,No,2025-05-28
DC0028,Distribution Center 28,Cross-Dock Center,East,Bhubaneswar,India,MGR0006,P00082,Cold,3020,50849,15039,29.58,71,32,204,5.65,5,168,Morning,Maintenance,2025-06-01,98.11,2,No,2025-05-16
DC0029,Distribution Center 29,Fulfillment Center,West,Pune,India,MGR0083,P00176,Hazardous,20413,46479,38314,82.43,45,67,273,12.77,31,461,Evening,Active,2025-06-01,76.06,49,No,2025-05-19
DC0001,Distribution Center 01,Cross-Dock Center,North,Delhi,India,MGR0002,P00004,Ambient,22144,83897,47467,56.58,51,38,240,5.79,30,153,Morning,Active,2025-06-02,82.62,12,No,2025-05-08
DC0003,Distribution Center 03,Cross-Dock Center,East,Kolkata,India,MGR0035,P00114,Hazardous,5531,45723,33557,73.39,59,48,173,22.59,41,160,Morning,Maintenance,2025-06-02,83.55,44,No,2025-05-04
DC0008,Distribution Center 08,Cross-Dock Center,East,Bhubaneswar,India,MGR0051,P00068,Ambient,11215,144759,133726,92.38,75,33,158,14.51,6,256,Evening,Active,2025-06-02,83.0,44,No,2025-05-28
DC0008,Distribution Center 08,Cold Storage DC,East,Bhubaneswar,India,MGR0036,P00171,Cold,15110,65683,25727,39.17,10,92,392,17.62,45,401,Night,Active,2025-06-02,89.84,46,No,2025-05-17
DC0013,Distribution Center 13,Cold Storage DC,East,Guwahati,India,MGR0035,P00231,Ambient,10348,134129,38210,28.49,2,73,378,11.45,11,59,Morning,Maintenance,2025-06-02,96.34,22,No,2025-05-30
DC0015,Distribution Center 15,Cross-Dock Center,Central,Indore,India,MGR0009,P00184,Ambient,17925,81443,78706,96.64,43,90,216,18.17,36,70,Morning,Maintenance,2025-06-02,79.49,41,No,2025-05-11
DC0018,Distribution Center 18,Cross-Dock Center,East,Patna,India,MGR0040,P00206,Cold,22651,51371,37248,72.51,68,40,157,5.95,12,347,Evening,Temporarily Closed,2025-06-02,80.21,10,No,2025-05-14
DC0025,Distribution Center 25,Regional DC,Central,Bhopal,India,MGR0025,P00058,Hazardous,5653,131638,101682,77.24,17,89,47,12.77,22,133,Evening,Active,2025-06-02,76.71,8,No,2025-05-07
DC0025,Distribution Center 25,Fulfillment Center,Central,Bhopal,India,MGR0026,P00163,Hazardous,10993,44654,14772,33.08,49,36,484,7.47,13,147,Evening,Active,2025-06-02,93.42,26,No,2025-05-11
DC0030,Distribution Center 30,Cross-Dock Center,Central,Nagpur,India,MGR0008,P00103,Ambient,922,26368,22353,84.77,73,88,113,17.55,23,109,Evening,Temporarily Closed,2025-06-02,77.11,13,No,2025-05-24
DC0003,Distribution Center 03,Fulfillment Center,East,Kolkata,India,MGR0028,P00161,Hazardous,1105,141924,88264,62.19,8,1,150,4.46,7,455,Evening,Active,2025-06-03,92.39,18,No,2025-05-28
DC0009,Distribution Center 09,Fulfillment Center,West,Pune,India,MGR0050,P00231,Ambient,7814,29721,21138,71.12,57,24,59,22.59,23,391,Morning,Temporarily Closed,2025-06-03,95.22,10,No,2025-05-31
DC0010,Distribution Center 10,Fulfillment Center,Central,Nagpur,India,MGR0058,P00178,Cold,1890,109959,99969,90.91,24,42,444,19.16,45,462,Morning,Maintenance,2025-06-03,92.89,5,No,2025-05-07
DC0011,Distribution Center 11,Regional DC,North,Jaipur,India,MGR0090,P00216,Cold,15945,46753,34415,73.61,45,73,188,17.85,43,72,Evening,Temporarily Closed,2025-06-03,88.12,9,No,2025-05-05
DC0016,Distribution Center 16,Cross-Dock Center,North,Lucknow,India,MGR0027,P00111,Cold,20560,21884,5816,26.58,38,71,107,23.9,39,48,Morning,Temporarily Closed,2025-06-03,78.89,8,No,2025-05-30
DC0018,Distribution Center 18,Regional DC,East,Patna,India,MGR0071,P00245,Ambient,10847,95418,39560,41.46,76,15,434,2.11,13,297,Evening,Active,2025-06-03,92.47,39,No,2025-05-10
DC0025,Distribution Center 25,Cross-Dock Center,Central,Bhopal,India,MGR0092,P00152,Cold,21530,60493,15319,25.32,54,15,295,6.83,9,412,Morning,Maintenance,2025-06-03,90.58,22,No,2025-05-20
DC0001,Distribution Center 01,Regional DC,North,Delhi,India,MGR0075,P00063,Ambient,15231,122012,113484,93.01,49,30,207,18.11,30,99,Evening,Active,2025-06-04,81.26,25,No,2025-05-17
DC0006,Distribution Center 06,Cross-Dock Center,North,Chandigarh,India,MGR0033,P00170,Ambient,8246,135574,109486,80.76,44,88,195,9.29,34,362,Evening,Temporarily Closed,2025-06-04,87.13,8,No,2025-05-10
DC0009,Distribution Center 09,Regional DC,West,Pune,India,MGR0032,P00163,Ambient,1824,76527,65722,85.88,70,88,169,3.22,47,369,Night,Active,2025-06-04,89.11,41,No,2025-05-13
DC0011,Distribution Center 11,Regional DC,North,Jaipur,India,MGR0082,P00013,Ambient,10053,47124,38821,82.38,6,74,341,20.89,49,441,Morning,Active,2025-06-04,81.36,42,No,2025-05-07
DC0011,Distribution Center 11,Cold Storage DC,North,Jaipur,India,MGR0031,P00158,Ambient,20934,76785,33184,43.22,4,10,232,2.66,44,396,Night,Maintenance,2025-06-04,76.43,44,No,2025-05-26
DC0011,Distribution Center 11,Cold Storage DC,North,Jaipur,India,MGR0084,P00209,Ambient,5836,104755,97760,93.32,77,7,239,22.67,49,119,Night,Maintenance,2025-06-04,95.01,23,No,2025-05-29
DC0016,Distribution Center 16,Cross-Dock Center,North,Lucknow,India,MGR0053,P00032,Ambient,24349,50467,13842,27.43,38,72,107,4.82,15,416,Night,Maintenance,2025-06-04,81.93,13,No,2025-05-06
DC0016,Distribution Center 16,Fulfillment Center,North,Lucknow,India,MGR0067,P00048,Ambient,10788,86826,40896,47.1,54,73,14,22.64,37,109,Evening,Active,2025-06-04,92.44,17,No,2025-05-20
DC0016,Distribution Center 16,Cold Storage DC,North,Lucknow,India,MGR0088,P00186,Ambient,4921,89810,40830,45.46,51,94,406,6.21,46,133,Night,Maintenance,2025-06-04,80.11,16,No,2025-05-19
DC0016,Distribution Center 16,Cross-Dock Center,North,Lucknow,India,MGR0062,P00208,Ambient,21607,39061,32148,82.3,18,75,329,6.6,23,450,Evening,Active,2025-06-04,99.84,43,No,2025-05-19
DC0023,Distribution Center 23,Cold Storage DC,East,Kolkata,India,MGR0048,P00233,Hazardous,14553,59434,31759,53.44,42,79,414,2.49,26,305,Morning,Active,2025-06-04,93.39,13,No,2025-05-09
DC0002,Distribution Center 02,Cross-Dock Center,South,Chennai,India,MGR0016,P00076,Ambient,12214,89939,32799,36.47,28,58,191,17.95,29,162,Morning,Active,2025-06-05,90.74,0,No,2025-05-13
DC0005,Distribution Center 05,Fulfillment Center,Central,Bhopal,India,MGR0070,P00190,Ambient,10864,75032,28104,37.46,60,23,196,8.9,22,268,Evening,Maintenance,2025-06-05,80.69,31,No,2025-05-20
DC0014,Distribution Center 14,Cold Storage DC,West,Ahmedabad,India,MGR0003,P00007,Hazardous,10133,40077,13400,33.44,48,36,402,7.89,22,315,Night,Active,2025-06-05,86.82,26,No,2025-05-19
DC0017,Distribution Center 17,Cross-Dock Center,South,Kochi,India,MGR0069,P00204,Hazardous,17500,103688,71267,68.73,45,39,90,12.96,15,386,Morning,Active,2025-06-05,98.34,38,No,2025-05-27
DC0029,Distribution Center 29,Regional DC,West,Pune,India,MGR0079,P00118,Ambient,14844,122418,42091,34.38,14,10,483,21.66,25,21,Evening,Maintenance,2025-06-05,93.58,29,No,2025-05-07
DC0007,Distribution Center 07,Fulfillment Center,South,Bengaluru,India,MGR0041,P00131,Ambient,21450,22324,19685,88.18,33,90,43,9.34,41,347,Morning,Active,2025-06-06,89.01,21,No,2025-05-18
DC0009,Distribution Center 09,Cross-Dock Center,West,Pune,India,MGR0029,P00208,Ambient,12347,24003,17451,72.7,4,90,304,6.69,21,341,Morning,Active,2025-06-06,92.94,28,No,2025-05-09
DC0017,Distribution Center 17,Fulfillment Center,South,Kochi,India,MGR0067,P00022,Ambient,19314,72340,28742,39.73,8,72,437,3.68,50,102,Evening,Maintenance,2025-06-06,87.67,45,No,2025-06-06
DC0024,Distribution Center 24,Cross-Dock Center,West,Mumbai,India,MGR0040,P00080,Frozen,11131,82207,41069,49.96,64,55,235,20.24,4,307,Night,Temporarily Closed,2025-06-06,73.98,16,No,2025-06-05
DC0028,Distribution Center 28,Cold Storage DC,East,Bhubaneswar,India,MGR0075,P00109,Cold,5464,33403,11419,34.19,74,76,123,17.86,36,156,Night,Active,2025-06-06,96.08,19,No,2025-05-14
DC0009,Distribution Center 09,Cross-Dock Center,West,Pune,India,MGR0033,P00149,Ambient,4253,48793,20441,41.89,75,22,356,6.79,4,452,Morning,Active,2025-06-07,83.81,7,No,2025-05-18
DC0016,Distribution Center 16,Fulfillment Center,North,Lucknow,India,MGR0050,P00156,Hazardous,13266,31165,21609,69.34,33,40,406,12.6,38,350,Night,Active,2025-06-07,78.17,37,No,2025-05-13
DC0018,Distribution Center 18,Cross-Dock Center,East,Patna,India,MGR0011,P00133,Cold,5517,76736,73683,96.02,41,74,334,3.56,45,471,Morning,Maintenance,2025-06-07,88.83,3,No,2025-06-07
DC0019,Distribution Center 19,Cold Storage DC,West,Surat,India,MGR0078,P00092,Ambient,24227,38386,10451,27.23,72,33,468,4.62,9,257,Evening,Temporarily Closed,2025-06-07,74.98,49,No,2025-06-04
DC0028,Distribution Center 28,Cross-Dock Center,East,Bhubaneswar,India,MGR0018,P00246,Ambient,13047,54779,14733,26.9,45,81,418,19.77,37,342,Night,Active,2025-06-07,92.16,6,No,2025-05-13
DC0001,Distribution Center 01,Cold Storage DC,North,Delhi,India,MGR0027,P00105,Ambient,1988,111536,98190,88.03,45,18,145,22.4,37,417,Night,Maintenance,2025-06-08,74.56,16,No,2025-05-17
DC0003,Distribution Center 03,Fulfillment Center,East,Kolkata,India,MGR0038,P00015,Ambient,10244,78348,26266,33.52,26,34,442,14.82,28,33,Night,Active,2025-06-08,94.72,19,No,2025-05-23
DC0009,Distribution Center 09,Cross-Dock Center,West,Pune,India,MGR0045,P00139,Ambient,22735,74108,58671,79.17,15,60,391,3.53,45,404,Evening,Active,2025-06-08,87.4,32,No,2025-05-28
DC0010,Distribution Center 10,Regional DC,Central,Nagpur,India,MGR0099,P00164,Frozen,13381,113371,67996,59.98,59,56,130,18.4,28,328,Night,Active,2025-06-08,89.97,21,No,2025-05-21
DC0019,Distribution Center 19,Regional DC,West,Surat,India,MGR0096,P00004,Ambient,23299,81506,64685,79.36,20,56,497,19.33,8,204,Evening,Temporarily Closed,2025-06-08,85.4,33,No,2025-06-03
DC0001,Distribution Center 01,Regional DC,North,Delhi,India,MGR0074,P00018,Ambient,5771,131628,57187,43.45,31,37,237,16.37,7,286,Evening,Active,2025-06-09,78.68,26,No,2025-05-11
DC0007,Distribution Center 07,Regional DC,South,Bengaluru,India,MGR0059,P00127,Ambient,3700,143512,48492,33.79,53,35,177,17.08,17,288,Night,Active,2025-06-09,83.68,35,No,2025-06-03
DC0011,Distribution Center 11,Cold Storage DC,North,Jaipur,India,MGR0082,P00167,Hazardous,12874,22113,7075,31.99,13,29,149,19.46,50,427,Night,Active,2025-06-09,86.48,27,No,2025-06-08
DC0012,Distribution Center 12,Fulfillment Center,South,Hyderabad,India,MGR0009,P00147,Hazardous,13383,134253,70557,52.56,73,83,334,14.82,4,409,Evening,Temporarily Closed,2025-06-09,94.65,34,No,2025-05-31
DC0017,Distribution Center 17,Cold Storage DC,South,Kochi,India,MGR0083,P00132,Ambient,4044,76220,68582,89.98,9,40,163,18.56,47,357,Evening,Active,2025-06-09,72.93,7,No,2025-05-23
DC0017,Distribution Center 17,Cold Storage DC,South,Kochi,India,MGR0053,P00173,Ambient,10236,24982,12574,50.33,51,94,202,18.88,37,354,Morning,Active,2025-06-09,97.26,44,No,2025-05-20
DC0019,Distribution Center 19,Regional DC,West,Surat,India,MGR0043,P00031,Ambient,12300,96194,76457,79.48,21,78,197,14.31,24,371,Morning,Active,2025-06-09,76.78,3,No,2025-06-09
DC0019,Distribution Center 19,Regional DC,West,Surat,India,MGR0065,P00077,Ambient,11619,89901,78706,87.55,78,68,39,19.01,42,113,Evening,Active,2025-06-09,83.33,46,No,2025-05-21
DC0021,Distribution Center 21,Fulfillment Center,North,Delhi,India,MGR0034,P00043,Hazardous,1604,132279,88294,66.75,62,97,216,5.07,24,365,Evening,Active,2025-06-09,91.61,24,No,2025-05-30
DC0021,Distribution Center 21,Regional DC,North,Delhi,India,MGR0051,P00114,Ambient,20467,32551,25560,78.52,30,53,163,17.54,37,231,Morning,Active,2025-06-09,93.67,3,No,2025-06-02
DC0024,Distribution Center 24,Fulfillment Center,West,Mumbai,India,MGR0094,P00078,Ambient,12461,107883,57054,52.89,2,12,88,9.64,13,263,Evening,Active,2025-06-09,97.16,30,No,2025-05-23
DC0025,Distribution Center 25,Fulfillment Center,Central,Bhopal,India,MGR0020,P00242,Ambient,12512,108526,86008,79.25,1,28,435,17.79,35,212,Night,Active,2025-06-09,83.69,23,No,2025-05-28
DC0002,Distribution Center 02,Regional DC,South,Chennai,India,MGR0004,P00178,Cold,4658,47647,25577,53.68,21,28,322,15.78,9,89,Evening,Active,2025-06-10,90.17,9,No,2025-05-27
DC0002,Distribution Center 02,Fulfillment Center,South,Chennai,India,MGR0044,P00228,Ambient,5380,59232,46022,77.7,28,71,242,9.56,25,313,Night,Maintenance,2025-06-10,73.58,15,No,2025-05-29
DC0004,Distribution Center 04,Cross-Dock Center,West,Mumbai,India,MGR0017,P00002,Ambient,23357,34080,26530,77.85,19,53,475,18.78,44,208,Night,Active,2025-06-10,88.98,14,No,2025-05-20
DC0007,Distribution Center 07,Cold Storage DC,South,Bengaluru,India,MGR0006,P00010,Ambient,13867,120781,38147,31.58,1,3,439,10.87,46,297,Evening,Temporarily Closed,2025-06-10,82.89,18,No,2025-05-21
DC0012,Distribution Center 12,Cold Storage DC,South,Hyderabad,India,MGR0033,P00147,Ambient,14651,44607,27013,60.56,28,78,283,8.96,17,423,Morning,Active,2025-06-10,83.55,31,No,2025-05-20
DC0014,Distribution Center 14,Fulfillment Center,West,Ahmedabad,India,MGR0010,P00063,Cold,18290,122589,102264,83.42,78,34,188,3.93,13,210,Evening,Temporarily Closed,2025-06-10,99.28,8,No,2025-06-01
DC0020,Distribution Center 20,Fulfillment Center,Central,Raipur,India,MGR0019,P00224,Ambient,23758,64911,57728,88.93,39,79,431,20.13,50,429,Morning,Maintenance,2025-06-10,91.86,6,No,2025-05-19
DC0021,Distribution Center 21,Cross-Dock Center,North,Delhi,India,MGR0073,P00007,Ambient,4734,93208,79522,85.32,23,84,367,14.57,23,201,Night,Active,2025-06-10,81.45,39,No,2025-05-23
DC0022,Distribution Center 22,Cold Storage DC,South,Chennai,India,MGR0063,P00236,Ambient,1491,23442,6158,26.27,72,96,449,6.6,25,258,Evening,Temporarily Closed,2025-06-10,89.0,14,No,2025-05-26
DC0025,Distribution Center 25,Cross-Dock Center,Central,Bhopal,India,MGR0025,P00049,Ambient,7515,110647,76257,68.92,60,95,280,7.74,13,427,Evening,Active,2025-06-10,77.62,8,No,2025-06-08
DC0001,Distribution Center 01,Regional DC,North,Delhi,India,MGR0060,P00117,Ambient,13753,57288,14557,25.41,79,66,389,2.3,20,465,Evening,Active,2025-06-11,99.25,13,No,2025-05-17
DC0002,Distribution Center 02,Cold Storage DC,South,Chennai,India,MGR0016,P00181,Ambient,4824,109291,53331,48.8,4,69,132,23.33,20,21,Night,Active,2025-06-11,94.58,38,No,2025-06-10
DC0004,Distribution Center 04,Cross-Dock Center,West,Mumbai,India,MGR0053,P00061,Ambient,21448,22086,7171,32.47,62,38,33,7.29,18,29,Evening,Active,2025-06-11,81.41,23,No,2025-05-28
DC0004,Distribution Center 04,Regional DC,West,Mumbai,India,MGR0097,P00197,Ambient,3387,120922,63642,52.63,11,9,316,21.69,41,350,Night,Active,2025-06-11,99.29,22,No,2025-05-26
DC0006,Distribution Center 06,Regional DC,North,Chandigarh,India,MGR0039,P00210,Frozen,4330,39629,26066,65.78,35,29,432,9.4,8,382,Evening,Active,2025-06-11,81.16,43,No,2025-06-04
DC0007,Distribution Center 07,Regional DC,South,Bengaluru,India,MGR0062,P00216,Ambient,22187,117004,84628,72.33,6,50,231,14.44,21,163,Morning,Active,2025-06-11,98.44,34,No,2025-06-01
DC0013,Distribution Center 13,Cross-Dock Center,East,Guwahati,India,MGR0034,P00180,Ambient,11150,138177,63615,46.04,7,2,190,10.15,49,142,Morning,Maintenance,2025-06-11,85.85,23,No,2025-05-25
DC0015,Distribution Center 15,Cold Storage DC,Central,Indore,India,MGR0019,P00024,Cold,5033,148947,84780,56.92,47,49,282,5.65,41,338,Evening,Maintenance,2025-06-11,73.98,35,No,2025-05-31
DC0015,Distribution Center 15,Fulfillment Center,Central,Indore,India,MGR0086,P00241,Ambient,14449,94053,74153,78.84,10,50,63,11.05,7,73,Morning,Active,2025-06-11,99.12,30,No,2025-06-04
DC0021,Distribution Center 21,Cross-Dock Center,North,Delhi,India,MGR0001,P00232,Ambient,2673,136285,108085,79.31,11,0,286,14.22,49,386,Night,Active,2025-06-11,81.77,12,No,2025-05-20
DC0025,Distribution Center 25,Fulfillment Center,Central,Bhopal,India,MGR0020,P00067,Ambient,7747,36090,21721,60.19,73,25,10,16.52,32,446,Evening,Active,2025-06-11,93.63,23,No,2025-05-29
DC0030,Distribution Center 30,Cold Storage DC,Central,Nagpur,India,MGR0024,P00049,Ambient,3060,58936,35984,61.06,9,43,125,22.18,21,77,Evening,Active,2025-06-11,95.42,25,No,2025-05-25
DC0003,Distribution Center 03,Fulfillment Center,East,Kolkata,India,MGR0080,P00044,Ambient,16346,130470,36258,27.79,46,10,433,12.76,44,307,Evening,Active,2025-06-12,89.37,33,No,2025-06-05
DC0004,Distribution Center 04,Regional DC,West,Mumbai,India,MGR0007,P00016,Ambient,19515,61304,44437,72.49,77,24,397,22.26,19,65,Night,Temporarily Closed,2025-06-12,74.2,19,No,2025-05-31
DC0004,Distribution Center 04,Fulfillment Center,West,Mumbai,India,MGR0050,P00031,Cold,17629,73966,62086,83.94,34,25,130,17.42,5,321,Evening,Active,2025-06-12,86.49,14,No,2025-06-05
DC0007,Distribution Center 07,Cross-Dock Center,South,Bengaluru,India,MGR0063,P00214,Ambient,1604,146693,125231,85.37,53,73,138,6.34,23,356,Morning,Active,2025-06-12,75.84,10,No,2025-05-14
DC0010,Distribution Center 10,Fulfillment Center,Central,Nagpur,India,MGR0072,P00025,Ambient,4175,85278,69462,81.45,21,63,443,2.26,31,247,Night,Temporarily Closed,2025-06-12,96.95,36,No,2025-06-11
DC0011,Distribution Center 11,Regional DC,North,Jaipur,India,MGR0084,P00102,Ambient,658,37977,26598,70.04,10,59,254,4.39,4,500,Evening,Maintenance,2025-06-12,84.8,44,No,2025-06-07
DC0011,Distribution Center 11,Cold Storage DC,North,Jaipur,India,MGR0033,P00207,Ambient,7038,49615,19723,39.75,60,52,212,18.63,33,344,Morning,Active,2025-06-12,78.72,37,No,2025-05-24
DC0025,Distribution Center 25,Regional DC,Central,Bhopal,India,MGR0016,P00235,Frozen,5147,50676,33620,66.34,26,28,141,5.89,42,316,Night,Active,2025-06-12,95.33,23,No,2025-05-18
DC0030,Distribution Center 30,Cold Storage DC,Central,Nagpur,India,MGR0074,P00013,Ambient,22965,62173,16793,27.01,77,14,202,2.57,50,464,Evening,Active,2025-06-12,98.55,33,No,2025-06-05
DC0007,Distribution Center 07,Cross-Dock Center,South,Bengaluru,India,MGR0039,P00026,Hazardous,7041,65857,52488,79.7,69,17,343,4.6,29,362,Night,Temporarily Closed,2025-06-13,81.64,11,No,2025-06-13
DC0008,Distribution Center 08,Cross-Dock Center,East,Bhubaneswar,India,MGR0065,P00096,Ambient,4314,43167,20958,48.55,0,92,76,19.35,26,371,Night,Active,2025-06-13,78.75,0,No,2025-05-29
DC0009,Distribution Center 09,Regional DC,West,Pune,India,MGR0086,P00014,Hazardous,22969,82259,46277,56.26,55,12,498,12.13,44,271,Night,Active,2025-06-13,88.09,21,No,2025-06-03
DC0012,Distribution Center 12,Fulfillment Center,South,Hyderabad,India,MGR0060,P00060,Ambient,14254,111709,53840,48.2,61,34,375,4.34,48,250,Morning,Maintenance,2025-06-13,76.51,19,No,2025-05-27
DC0023,Distribution Center 23,Cross-Dock Center,East,Kolkata,India,MGR0032,P00163,Ambient,9955,97856,76342,78.01,12,71,84,23.33,18,174,Night,Maintenance,2025-06-13,84.1,30,No,2025-05-24
DC0029,Distribution Center 29,Cross-Dock Center,West,Pune,India,MGR0070,P00119,Cold,11001,80372,42498,52.88,47,77,88,14.75,37,151,Morning,Active,2025-06-13,89.87,29,No,2025-06-05
DC0002,Distribution Center 02,Cold Storage DC,South,Chennai,India,MGR0071,P00192,Cold,3835,86322,22670,26.26,57,27,184,10.84,32,426,Evening,Active,2025-06-14,93.69,26,No,2025-06-04
DC0009,Distribution Center 09,Fulfillment Center,West,Pune,India,MGR0019,P00110,Ambient,8422,32412,23903,73.75,29,83,222,7.41,14,270,Night,Temporarily Closed,2025-06-14,74.66,47,No,2025-05-24
DC0014,Distribution Center 14,Cross-Dock Center,West,Ahmedabad,India,MGR0031,P00045,Ambient,12592,56378,50470,89.52,65,66,292,16.18,48,115,Night,Maintenance,2025-06-14,90.03,5,No,2025-05-16
DC0016,Distribution Center 16,Cross-Dock Center,North,Lucknow,India,MGR0064,P00054,Frozen,19828,43831,33123,75.57,17,11,461,13.67,39,67,Morning,Active,2025-06-14,88.74,37,No,2025-06-13
DC0009,Distribution Center 09,Fulfillment Center,West,Pune,India,MGR0085,P00216,Hazardous,20243,29522,19007,64.38,57,84,100,17.68,28,393,Morning,Temporarily Closed,2025-06-15,95.66,24,No,2025-05-23
DC0011,Distribution Center 11,Regional DC,North,Jaipur,India,MGR0036,P00115,Ambient,6738,115112,44170,38.37,31,14,57,5.56,23,374,Evening,Maintenance,2025-06-15,79.06,30,No,2025-05-17
DC0014,Distribution Center 14,Cold Storage DC,West,Ahmedabad,India,MGR0015,P00146,Ambient,5030,20212,8026,39.71,33,44,388,5.19,15,316,Night,Temporarily Closed,2025-06-15,97.34,21,No,2025-06-11
DC0016,Distribution Center 16,Cold Storage DC,North,Lucknow,India,MGR0044,P00197,Ambient,4608,27300,16524,60.53,54,45,180,23.14,13,317,Morning,Maintenance,2025-06-15,83.56,17,No,2025-06-07
DC0017,Distribution Center 17,Fulfillment Center,South,Kochi,India,MGR0088,P00185,Ambient,493,95755,72430,75.64,31,12,102,7.41,49,37,Night,Maintenance,2025-06-15,92.93,44,Yes,2025-06-12
DC0030,Distribution Center 30,Cold Storage DC,Central,Nagpur,India,MGR0080,P00045,Hazardous,12141,128330,36742,28.63,24,59,142,18.64,36,395,Night,Maintenance,2025-06-15,98.26,47,No,2025-06-08
DC0014,Distribution Center 14,Regional DC,West,Ahmedabad,India,MGR0074,P00107,Hazardous,18062,76993,33991,44.15,49,63,95,23.47,15,148,Evening,Active,2025-06-16,83.42,20,No,2025-05-30
DC0023,Distribution Center 23,Regional DC,East,Kolkata,India,MGR0046,P00140,Ambient,7649,125934,55438,44.02,16,6,129,8.61,20,381,Morning,Active,2025-06-16,91.36,47,No,2025-06-14
DC0029,Distribution Center 29,Cold Storage DC,West,Pune,India,MGR0079,P00173,Cold,6256,24050,10801,44.91,37,21,47,4.08,50,103,Morning,Active,2025-06-16,73.91,47,No,2025-05-22
DC0005,Distribution Center 05,Cross-Dock Center,Central,Bhopal,India,MGR0010,P00237,Ambient,18295,81652,43823,53.67,25,47,432,13.71,28,213,Morning,Active,2025-06-17,91.1,26,No,2025-06-04
DC0006,Distribution Center 06,Fulfillment Center,North,Chandigarh,India,MGR0022,P00083,Ambient,6982,63591,40454,63.62,27,81,60,22.94,47,52,Night,Active,2025-06-17,73.21,45,No,2025-05-19
DC0014,Distribution Center 14,Fulfillment Center,West,Ahmedabad,India,MGR0061,P00136,Ambient,24812,55832,37404,66.99,50,70,44,10.45,11,416,Night,Maintenance,2025-06-17,73.03,38,No,2025-05-31
DC0019,Distribution Center 19,Fulfillment Center,West,Surat,India,MGR0089,P00169,Ambient,23987,80712,66234,82.06,54,43,289,3.78,26,30,Morning,Active,2025-06-17,89.57,23,No,2025-05-30
DC0020,Distribution Center 20,Cross-Dock Center,Central,Raipur,India,MGR0063,P00065,Ambient,1687,52896,48740,92.14,63,40,312,18.43,26,72,Night,Active,2025-06-17,78.97,30,No,2025-06-09
DC0005,Distribution Center 05,Cross-Dock Center,Central,Bhopal,India,MGR0081,P00215,Ambient,4714,24709,18774,75.98,39,18,470,23.25,48,493,Morning,Active,2025-06-18,74.17,6,No,2025-05-26
DC0012,Distribution Center 12,Fulfillment Center,South,Hyderabad,India,MGR0069,P00180,Ambient,9383,73315,18566,25.32,16,92,339,9.01,31,53,Night,Active,2025-06-18,73.62,21,No,2025-05-31
DC0013,Distribution Center 13,Cross-Dock Center,East,Guwahati,India,MGR0027,P00224,Ambient,10008,86460,82742,95.7,69,87,378,13.96,45,478,Evening,Active,2025-06-18,85.55,37,No,2025-06-10
DC0013,Distribution Center 13,Fulfillment Center,East,Guwahati,India,MGR0058,P00229,Hazardous,15474,77632,47747,61.5,56,11,143,13.17,49,204,Evening,Maintenance,2025-06-18,80.64,11,No,2025-06-02
DC0017,Distribution Center 17,Cold Storage DC,South,Kochi,India,MGR0087,P00118,Cold,3890,92885,81087,87.3,6,18,343,4.61,31,457,Evening,Active,2025-06-18,94.16,6,No,2025-06-09
DC0027,Distribution Center 27,Cold Storage DC,South,Bengaluru,India,MGR0064,P00161,Hazardous,20139,104928,70182,66.89,43,69,75,21.96,34,57,Evening,Maintenance,2025-06-18,83.11,21,No,2025-06-10
DC0005,Distribution Center 05,Cross-Dock Center,Central,Bhopal,India,MGR0079,P00060,Ambient,16795,51735,33685,65.11,67,70,244,20.93,17,52,Morning,Active,2025-06-19,85.49,2,No,2025-06-06
DC0012,Distribution Center 12,Regional DC,South,Hyderabad,India,MGR0049,P00109,Ambient,19971,53774,23828,44.31,29,56,87,11.67,4,369,Evening,Temporarily Closed,2025-06-19,99.82,46,No,2025-06-04
DC0016,Distribution Center 16,Cold Storage DC,North,Lucknow,India,MGR0017,P00190,Ambient,15390,119103,103056,86.53,15,9,140,4.15,16,40,Night,Temporarily Closed,2025-06-19,90.12,49,No,2025-05-30
DC0021,Distribution Center 21,Cross-Dock Center,North,Delhi,India,MGR0032,P00201,Hazardous,6495,132773,113308,85.34,34,10,124,2.19,40,350,Night,Temporarily Closed,2025-06-19,72.37,36,No,2025-06-01
DC0026,Distribution Center 26,Fulfillment Center,North,Chandigarh,India,MGR0005,P00131,Ambient,1384,62792,60482,96.32,71,88,240,10.43,44,453,Morning,Active,2025-06-19,91.82,35,No,2025-06-11
DC0001,Distribution Center 01,Regional DC,North,Delhi,India,MGR0030,P00124,Hazardous,23192,36168,25022,69.18,31,71,144,5.16,10,25,Night,Active,2025-06-20,76.25,34,No,2025-06-04
DC0003,Distribution Center 03,Cross-Dock Center,East,Kolkata,India,MGR0097,P00220,Ambient,16663,94857,61578,64.92,51,82,77,2.72,12,198,Evening,Active,2025-06-20,87.42,21,No,2025-06-02
DC0006,Distribution Center 06,Cold Storage DC,North,Chandigarh,India,MGR0004,P00234,Ambient,19558,91789,29421,32.05,19,90,476,19.6,27,367,Evening,Temporarily Closed,2025-06-20,74.26,19,No,2025-06-17
DC0007,Distribution Center 07,Cross-Dock Center,South,Bengaluru,India,MGR0039,P00014,Ambient,20658,127656,104009,81.48,53,19,486,22.21,28,117,Evening,Active,2025-06-20,90.47,38,No,2025-05-27
DC0007,Distribution Center 07,Regional DC,South,Bengaluru,India,MGR0065,P00099,Ambient,20898,86942,24805,28.53,18,95,138,22.74,33,248,Morning,Temporarily Closed,2025-06-20,83.64,48,No,2025-05-25
DC0012,Distribution Center 12,Cold Storage DC,South,Hyderabad,India,MGR0100,P00250,Ambient,12523,53251,49046,92.1,58,84,43,3.09,48,246,Night,Temporarily Closed,2025-06-20,81.31,27,No,2025-06-14
DC0015,Distribution Center 15,Cross-Dock Center,Central,Indore,India,MGR0018,P00038,Ambient,13438,144552,67195,46.49,42,21,462,10.22,10,274,Night,Active,2025-06-20,73.02,38,No,2025-05-24
DC0015,Distribution Center 15,Cross-Dock Center,Central,Indore,India,MGR0096,P00167,Ambient,3085,23857,22971,96.29,15,55,385,15.98,39,144,Night,Active,2025-06-20,87.01,3,No,2025-06-18
DC0025,Distribution Center 25,Regional DC,Central,Bhopal,India,MGR0005,P00133,Ambient,765,90555,86948,96.02,39,29,428,16.82,18,377,Night,Temporarily Closed,2025-06-20,80.54,12,No,2025-06-03
DC0027,Distribution Center 27,Fulfillment Center,South,Bengaluru,India,MGR0087,P00003,Ambient,19828,22726,8969,39.47,9,59,24,16.71,28,89,Morning,Temporarily Closed,2025-06-20,79.61,1,No,2025-05-22
DC0004,Distribution Center 04,Cold Storage DC,West,Mumbai,India,MGR0067,P00055,Ambient,14625,93186,89554,96.1,5,85,227,17.47,44,416,Evening,Active,2025-06-21,87.81,18,No,2025-06-02
DC0005,Distribution Center 05,Regional DC,Central,Bhopal,India,MGR0013,P00040,Cold,156,48922,29819,60.95,35,45,312,14.76,44,45,Evening,Maintenance,2025-06-21,84.24,36,Yes,2025-06-03
DC0008,Distribution Center 08,Cross-Dock Center,East,Bhubaneswar,India,MGR0085,P00137,Ambient,8430,117955,40331,34.19,16,65,81,8.74,6,337,Evening,Temporarily Closed,2025-06-21,81.57,48,No,2025-05-25
DC0008,Distribution Center 08,Fulfillment Center,East,Bhubaneswar,India,MGR0062,P00168,Ambient,13057,20129,15984,79.41,52,21,340,18.67,46,195,Night,Maintenance,2025-06-21,81.35,2,No,2025-05-29
DC0008,Distribution Center 08,Cross-Dock Center,East,Bhubaneswar,India,MGR0002,P00237,Ambient,16162,124615,32932,26.43,54,22,175,4.43,9,431,Morning,Temporarily Closed,2025-06-21,85.04,44,No,2025-06-11
DC0012,Distribution Center 12,Regional DC,South,Hyderabad,India,MGR0082,P00246,Ambient,10790,93724,23807,25.4,63,80,322,7.94,45,468,Morning,Active,2025-06-21,84.52,17,No,2025-06-20
DC0013,Distribution Center 13,Regional DC,East,Guwahati,India,MGR0070,P00140,Ambient,20904,56618,14660,25.89,73,18,459,7.99,43,308,Morning,Temporarily Closed,2025-06-21,96.53,14,No,2025-06-04
DC0013,Distribution Center 13,Cold Storage DC,East,Guwahati,India,MGR0089,P00177,Ambient,24828,37512,32330,86.19,0,1,128,9.78,37,56,Night,Maintenance,2025-06-21,74.82,40,No,2025-05-23
DC0017,Distribution Center 17,Cross-Dock Center,South,Kochi,India,MGR0022,P00249,Ambient,16141,112567,32133,28.55,40,67,370,17.65,38,350,Morning,Active,2025-06-21,91.37,29,No,2025-06-13
DC0018,Distribution Center 18,Fulfillment Center,East,Patna,India,MGR0087,P00024,Ambient,23285,95562,59488,62.25,48,22,377,18.36,23,32,Morning,Temporarily Closed,2025-06-21,87.25,49,No,2025-05-22
DC0018,Distribution Center 18,Regional DC,East,Patna,India,MGR0046,P00087,Ambient,4489,76425,54155,70.86,35,72,438,20.2,9,494,Night,Temporarily Closed,2025-06-21,93.52,43,No,2025-06-04
DC0022,Distribution Center 22,Fulfillment Center,South,Chennai,India,MGR0047,P00035,Ambient,17449,74376,46704,62.79,60,18,82,10.8,14,67,Evening,Temporarily Closed,2025-06-21,83.7,8,No,2025-06-19
DC0028,Distribution Center 28,Cold Storage DC,East,Bhubaneswar,India,MGR0032,P00043,Ambient,7246,135734,52944,39.01,57,95,390,2.11,27,77,Evening,Temporarily Closed,2025-06-21,95.89,16,No,2025-06-09
DC0028,Distribution Center 28,Cold Storage DC,East,Bhubaneswar,India,MGR0004,P00147,Ambient,21591,116178,77272,66.51,60,40,153,4.0,25,340,Night,Active,2025-06-21,93.24,48,No,2025-05-26
DC0002,Distribution Center 02,Cold Storage DC,South,Chennai,India,MGR0080,P00040,Ambient,9555,27777,23456,84.44,26,6,287,13.84,24,430,Morning,Active,2025-06-22,81.61,30,No,2025-06-01
DC0005,Distribution Center 05,Cold Storage DC,Central,Bhopal,India,MGR0088,P00092,Ambient,19680,122283,35562,29.08,50,19,304,22.1,17,227,Morning,Active,2025-06-22,89.11,8,No,2025-05-31
DC0010,Distribution Center 10,Regional DC,Central,Nagpur,India,MGR0035,P00211,Ambient,6496,67674,39254,58.0,2,13,465,17.27,6,165,Evening,Temporarily Closed,2025-06-22,79.65,45,No,2025-06-18
DC0014,Distribution Center 14,Regional DC,West,Ahmedabad,India,MGR0060,P00205,Ambient,14494,74611,41197,55.22,75,80,480,23.16,49,98,Night,Active,2025-06-22,96.02,32,No,2025-06-16
DC0017,Distribution Center 17,Cross-Dock Center,South,Kochi,India,MGR0046,P00209,Cold,9184,148993,145213,97.46,67,12,366,20.84,41,285,Night,Maintenance,2025-06-22,97.8,40,No,2025-06-10
DC0025,Distribution Center 25,Fulfillment Center,Central,Bhopal,India,MGR0020,P00146,Ambient,1968,120303,92029,76.5,31,61,160,23.95,33,131,Night,Active,2025-06-22,90.31,7,No,2025-06-11
DC0027,Distribution Center 27,Regional DC,South,Bengaluru,India,MGR0068,P00127,Ambient,24333,39042,10026,25.68,21,22,377,10.11,13,157,Night,Maintenance,2025-06-22,85.61,19,No,2025-06-09
DC0005,Distribution Center 05,Regional DC,Central,Bhopal,India,MGR0029,P00018,Cold,20490,110909,37758,34.04,45,27,142,23.18,49,485,Evening,Maintenance,2025-06-23,72.14,28,No,2025-06-03
DC0005,Distribution Center 05,Fulfillment Center,Central,Bhopal,India,MGR0028,P00077,Ambient,22748,100611,38141,37.91,42,21,22,22.0,27,446,Morning,Active,2025-06-23,78.1,41,No,2025-06-14
DC0010,Distribution Center 10,Cold Storage DC,Central,Nagpur,India,MGR0078,P00114,Ambient,18061,78083,73575,94.23,1,66,416,3.41,31,316,Morning,Active,2025-06-23,80.51,21,No,2025-06-21
DC0014,Distribution Center 14,Regional DC,West,Ahmedabad,India,MGR0035,P00163,Ambient,9095,78308,52071,66.5,43,77,211,17.17,50,290,Night,Active,2025-06-23,84.68,9,No,2025-05-30
DC0015,Distribution Center 15,Regional DC,Central,Indore,India,MGR0034,P00034,Ambient,24358,52618,43351,82.39,71,79,218,9.04,15,307,Night,Temporarily Closed,2025-06-23,78.34,24,No,2025-05-31
DC0019,Distribution Center 19,Cold Storage DC,West,Surat,India,MGR0033,P00137,Ambient,13334,133789,114826,85.83,48,74,154,3.8,19,385,Evening,Active,2025-06-23,85.44,2,No,2025-06-16
DC0021,Distribution Center 21,Regional DC,North,Delhi,India,MGR0050,P00238,Hazardous,16298,43385,38352,88.4,55,15,479,4.37,29,189,Night,Active,2025-06-23,95.12,33,No,2025-06-19
DC0021,Distribution Center 21,Fulfillment Center,North,Delhi,India,MGR0048,P00248,Ambient,927,96231,79980,83.11,44,70,159,12.76,44,234,Evening,Active,2025-06-23,90.43,39,No,2025-05-30
DC0022,Distribution Center 22,Cold Storage DC,South,Chennai,India,MGR0038,P00112,Ambient,10035,101780,52393,51.48,8,79,56,5.09,39,121,Night,Temporarily Closed,2025-06-23,74.38,31,No,2025-06-12
DC0027,Distribution Center 27,Cross-Dock Center,South,Bengaluru,India,MGR0007,P00130,Ambient,24473,121759,51517,42.31,53,26,335,18.56,11,141,Night,Active,2025-06-23,93.26,29,No,2025-05-29
DC0013,Distribution Center 13,Regional DC,East,Guwahati,India,MGR0005,P00007,Ambient,8137,144612,43070,29.78,72,88,472,8.11,38,232,Night,Temporarily Closed,2025-06-24,82.07,48,No,2025-05-25
DC0013,Distribution Center 13,Fulfillment Center,East,Guwahati,India,MGR0055,P00042,Hazardous,9268,80987,28980,35.78,48,57,119,14.95,9,211,Night,Active,2025-06-24,78.07,17,No,2025-06-04
DC0015,Distribution Center 15,Cross-Dock Center,Central,Indore,India,MGR0056,P00115,Frozen,5142,116994,71752,61.33,43,58,151,6.27,25,262,Morning,Active,2025-06-24,99.35,34,No,2025-06-24
DC0019,Distribution Center 19,Fulfillment Center,West,Surat,India,MGR0028,P00133,Hazardous,14747,137255,41082,29.93,19,87,358,20.69,40,321,Morning,Maintenance,2025-06-24,73.07,15,No,2025-06-15
DC0021,Distribution Center 21,Cold Storage DC,North,Delhi,India,MGR0025,P00158,Ambient,19572,58907,45539,77.31,64,89,28,8.86,23,257,Evening,Active,2025-06-24,98.55,30,No,2025-05-26
DC0028,Distribution Center 28,Fulfillment Center,East,Bhubaneswar,India,MGR0007,P00095,Ambient,16018,141062,87655,62.14,33,55,476,9.3,17,256,Evening,Temporarily Closed,2025-06-24,81.86,19,No,2025-06-10
DC0006,Distribution Center 06,Fulfillment Center,North,Chandigarh,India,MGR0021,P00016,Frozen,23998,39321,19066,48.49,21,74,18,1.88,24,289,Evening,Maintenance,2025-06-25,96.94,8,No,2025-06-12
DC0008,Distribution Center 08,Cross-Dock Center,East,Bhubaneswar,India,MGR0035,P00102,Cold,11370,135726,95658,70.48,8,46,363,17.9,33,288,Morning,Active,2025-06-25,89.17,23,No,2025-06-15
DC0010,Distribution Center 10,Cross-Dock Center,Central,Nagpur,India,MGR0068,P00060,Ambient,14141,29747,19923,66.97,60,75,397,23.39,33,376,Night,Active,2025-06-25,97.07,39,No,2025-06-10
DC0010,Distribution Center 10,Fulfillment Center,Central,Nagpur,India,MGR0027,P00108,Ambient,20143,93134,50216,53.92,44,15,293,6.54,10,363,Morning,Active,2025-06-25,86.66,32,No,2025-06-10
DC0011,Distribution Center 11,Fulfillment Center,North,Jaipur,India,MGR0068,P00021,Hazardous,21733,26466,19905,75.21,3,63,230,3.42,30,22,Night,Active,2025-06-25,77.73,49,No,2025-06-06
DC0014,Distribution Center 14,Regional DC,West,Ahmedabad,India,MGR0005,P00138,Cold,5070,128923,84243,65.34,53,13,415,14.59,4,246,Evening,Active,2025-06-25,95.21,35,No,2025-06-17
DC0016,Distribution Center 16,Fulfillment Center,North,Lucknow,India,MGR0085,P00218,Hazardous,4720,58043,25869,44.57,11,41,224,12.89,26,301,Evening,Active,2025-06-25,90.69,17,No,2025-06-24
DC0017,Distribution Center 17,Cross-Dock Center,South,Kochi,India,MGR0032,P00141,Hazardous,11773,85488,53261,62.3,26,12,399,6.39,22,108,Evening,Temporarily Closed,2025-06-25,90.7,0,No,2025-06-11
DC0027,Distribution Center 27,Cross-Dock Center,South,Bengaluru,India,MGR0069,P00128,Ambient,954,23491,8845,37.65,36,36,270,12.19,19,20,Evening,Temporarily Closed,2025-06-25,86.7,14,No,2025-06-22
DC0028,Distribution Center 28,Regional DC,East,Bhubaneswar,India,MGR0054,P00052,Ambient,4553,143293,40702,28.4,33,22,233,8.54,7,356,Evening,Active,2025-06-25,80.2,4,No,2025-06-02
DC0029,Distribution Center 29,Fulfillment Center,West,Pune,India,MGR0069,P00012,Ambient,5952,71052,29905,42.09,6,79,283,5.28,11,441,Evening,Active,2025-06-25,90.14,3,No,2025-06-25
DC0003,Distribution Center 03,Cross-Dock Center,East,Kolkata,India,MGR0036,P00012,Ambient,23269,89760,39558,44.07,4,40,52,11.7,39,155,Evening,Active,2025-06-26,76.13,39,No,2025-06-04
DC0004,Distribution Center 04,Fulfillment Center,West,Mumbai,India,MGR0092,P00018,Cold,7828,30413,20130,66.19,30,60,307,10.28,31,58,Evening,Active,2025-06-26,84.31,26,No,2025-06-06
DC0010,Distribution Center 10,Cross-Dock Center,Central,Nagpur,India,MGR0081,P00208,Ambient,7085,139957,54879,39.21,40,55,130,2.15,41,289,Morning,Active,2025-06-26,90.02,1,No,2025-06-14
DC0013,Distribution Center 13,Regional DC,East,Guwahati,India,MGR0087,P00197,Ambient,6746,23519,21147,89.91,23,54,261,2.23,16,22,Morning,Temporarily Closed,2025-06-26,73.31,49,No,2025-06-21
DC0014,Distribution Center 14,Fulfillment Center,West,Ahmedabad,India,MGR0053,P00029,Ambient,3468,51819,23807,45.94,65,69,209,16.06,23,328,Morning,Active,2025-06-26,92.14,14,No,2025-05-27
DC0019,Distribution Center 19,Cold Storage DC,West,Surat,India,MGR0074,P00148,Ambient,22133,81332,38082,46.82,43,39,335,10.18,17,36,Night,Active,2025-06-26,89.02,44,No,2025-06-19
DC0020,Distribution Center 20,Cross-Dock Center,Central,Raipur,India,MGR0063,P00076,Cold,17446,25478,13225,51.91,50,21,32,8.27,48,66,Morning,Temporarily Closed,2025-06-26,85.43,30,No,2025-05-31
DC0021,Distribution Center 21,Cross-Dock Center,North,Delhi,India,MGR0095,P00238,Ambient,20652,127401,67040,52.62,29,79,474,21.57,14,176,Morning,Maintenance,2025-06-26,80.0,1,No,2025-06-15
DC0023,Distribution Center 23,Cross-Dock Center,East,Kolkata,India,MGR0062,P00180,Ambient,18148,63771,39199,61.47,61,54,286,6.61,21,140,Night,Maintenance,2025-06-26,92.38,23,No,2025-06-23
DC0028,Distribution Center 28,Regional DC,East,Bhubaneswar,India,MGR0097,P00159,Ambient,19660,81598,59906,73.42,65,35,77,5.71,32,377,Morning,Temporarily Closed,2025-06-26,94.49,22,No,2025-06-04
DC0030,Distribution Center 30,Cold Storage DC,Central,Nagpur,India,MGR0053,P00068,Ambient,4143,70965,62493,88.06,42,1,188,2.66,47,197,Evening,Temporarily Closed,2025-06-26,82.14,20,No,2025-06-01
DC0003,Distribution Center 03,Cross-Dock Center,East,Kolkata,India,MGR0096,P00016,Ambient,3515,123223,112513,91.31,47,12,224,14.29,43,186,Morning,Temporarily Closed,2025-06-27,82.67,8,No,2025-06-24
DC0003,Distribution Center 03,Fulfillment Center,East,Kolkata,India,MGR0025,P00037,Ambient,2976,125759,57310,45.57,54,96,245,20.29,42,147,Morning,Active,2025-06-27,76.64,12,No,2025-06-20
DC0003,Distribution Center 03,Cross-Dock Center,East,Kolkata,India,MGR0089,P00233,Ambient,24262,102466,70704,69.0,78,26,151,14.81,14,74,Night,Temporarily Closed,2025-06-27,76.14,43,No,2025-06-21
DC0004,Distribution Center 04,Regional DC,West,Mumbai,India,MGR0004,P00083,Ambient,3791,86385,65414,75.72,49,64,375,13.49,43,136,Evening,Maintenance,2025-06-27,90.84,45,No,2025-06-22
DC0010,Distribution Center 10,Cold Storage DC,Central,Nagpur,India,MGR0095,P00201,Ambient,17788,122561,114424,93.36,61,70,257,19.36,36,77,Evening,Active,2025-06-27,76.05,10,No,2025-05-30
DC0015,Distribution Center 15,Regional DC,Central,Indore,India,MGR0070,P00233,Ambient,23125,46865,18482,39.44,1,38,207,22.65,31,376,Morning,Maintenance,2025-06-27,80.12,7,No,2025-06-26
DC0016,Distribution Center 16,Cold Storage DC,North,Lucknow,India,MGR0023,P00244,Cold,12064,124558,56025,44.98,11,92,131,8.37,35,404,Night,Temporarily Closed,2025-06-27,81.89,9,No,2025-06-21
DC0021,Distribution Center 21,Cross-Dock Center,North,Delhi,India,MGR0082,P00217,Ambient,5442,57935,55940,96.56,56,98,56,22.21,18,165,Night,Temporarily Closed,2025-06-27,88.89,36,No,2025-06-20
DC0023,Distribution Center 23,Regional DC,East,Kolkata,India,MGR0077,P00085,Frozen,16269,130089,33360,25.64,8,3,302,4.32,8,135,Morning,Maintenance,2025-06-27,76.84,42,No,2025-06-05
DC0023,Distribution Center 23,Regional DC,East,Kolkata,India,MGR0009,P00179,Ambient,20380,109158,72919,66.8,61,22,154,20.77,22,30,Morning,Active,2025-06-27,93.98,39,No,2025-06-01
DC0026,Distribution Center 26,Cross-Dock Center,North,Chandigarh,India,MGR0079,P00223,Frozen,17961,59447,24747,41.63,40,54,74,9.08,29,354,Night,Maintenance,2025-06-27,75.51,15,No,2025-06-06
DC0030,Distribution Center 30,Cross-Dock Center,Central,Nagpur,India,MGR0029,P00030,Ambient,17945,41460,12155,29.32,30,10,244,17.1,12,109,Morning,Active,2025-06-27,85.63,42,No,2025-06-27
DC0002,Distribution Center 02,Cold Storage DC,South,Chennai,India,MGR0062,P00116,Ambient,10307,75876,32247,42.5,51,95,273,15.89,34,90,Morning,Active,2025-06-28,95.14,31,No,2025-06-22
DC0005,Distribution Center 05,Cold Storage DC,Central,Bhopal,India,MGR0099,P00026,Ambient,18522,48183,38766,80.46,29,82,8,3.21,6,451,Evening,Maintenance,2025-06-28,72.25,33,No,2025-06-03
DC0007,Distribution Center 07,Fulfillment Center,South,Bengaluru,India,MGR0045,P00062,Cold,1069,53152,28315,53.27,52,77,404,13.81,22,422,Night,Active,2025-06-28,90.77,18,No,2025-06-27
DC0010,Distribution Center 10,Cold Storage DC,Central,Nagpur,India,MGR0014,P00100,Hazardous,12330,126539,73938,58.43,8,68,271,10.8,22,445,Morning,Active,2025-06-28,74.98,34,No,2025-06-14
DC0019,Distribution Center 19,Cross-Dock Center,West,Surat,India,MGR0068,P00119,Ambient,20668,143453,37060,25.83,68,7,358,8.56,45,430,Evening,Maintenance,2025-06-28,99.19,40,No,2025-06-08
DC0024,Distribution Center 24,Regional DC,West,Mumbai,India,MGR0016,P00124,Ambient,15376,141884,113124,79.73,47,53,496,23.47,18,400,Night,Active,2025-06-28,95.02,5,No,2025-06-12
DC0026,Distribution Center 26,Cross-Dock Center,North,Chandigarh,India,MGR0044,P00038,Ambient,13922,132982,111364,83.74,15,15,338,12.97,8,386,Evening,Active,2025-06-28,77.77,11,No,2025-06-19
DC0027,Distribution Center 27,Fulfillment Center,South,Bengaluru,India,MGR0087,P00175,Ambient,14760,101401,37128,36.62,71,65,89,13.12,26,332,Evening,Maintenance,2025-06-28,88.03,13,No,2025-06-14
DC0011,Distribution Center 11,Fulfillment Center,North,Jaipur,India,MGR0071,P00188,Ambient,11504,44277,28752,64.94,65,35,137,2.09,8,77,Night,Maintenance,2025-06-29,97.53,8,No,2025-05-31
DC0014,Distribution Center 14,Regional DC,West,Ahmedabad,India,MGR0033,P00215,Hazardous,22208,88574,33477,37.8,77,7,186,20.96,48,312,Night,Temporarily Closed,2025-06-29,97.62,45,No,2025-06-04
DC0004,Distribution Center 04,Regional DC,West,Mumbai,India,MGR0038,P00026,Hazardous,24177,29522,19829,67.17,4,45,41,18.37,34,410,Evening,Maintenance,2025-06-30,73.95,34,No,2025-06-28
DC0014,Distribution Center 14,Regional DC,West,Ahmedabad,India,MGR0092,P00013,Cold,11395,112716,108330,96.11,47,33,130,18.81,24,350,Night,Active,2025-06-30,78.99,14,No,2025-06-27
DC0022,Distribution Center 22,Cold Storage DC,South,Chennai,India,MGR0068,P00227,Ambient,19292,117448,76953,65.52,41,73,365,23.58,28,400,Morning,Active,2025-06-30,90.59,22,No,2025-06-05
DC0030,Distribution Center 30,Cross-Dock Center,Central,Nagpur,India,MGR0096,P00050,Ambient,14819,29163,17517,60.07,46,93,344,13.89,8,55,Evening,Temporarily Closed,2025-06-30,82.59,29,No,2025-06-03
DC0008,Distribution Center 08,Cold Storage DC,East,Bhubaneswar,India,MGR0093,P00039,Hazardous,13731,122559,84837,69.22,9,49,499,2.6,50,333,Morning,Active,2025-07-01,78.71,25,No,2025-06-16
DC0016,Distribution Center 16,Regional DC,North,Lucknow,India,MGR0055,P00068,Ambient,18515,75692,43544,57.53,68,80,364,21.92,32,301,Evening,Maintenance,2025-07-01,91.26,25,No,2025-06-24
DC0018,Distribution Center 18,Regional DC,East,Patna,India,MGR0001,P00130,Frozen,13934,91062,69035,75.81,76,89,198,5.64,28,440,Night,Active,2025-07-01,96.42,2,No,2025-06-30
DC0020,Distribution Center 20,Cross-Dock Center,Central,Raipur,India,MGR0099,P00217,Cold,19356,36233,28264,78.01,64,34,109,23.36,15,37,Evening,Maintenance,2025-07-01,95.35,33,No,2025-06-07
DC0021,Distribution Center 21,Cold Storage DC,North,Delhi,India,MGR0086,P00057,Ambient,14572,140519,45969,32.71,6,4,442,10.96,49,252,Morning,Active,2025-07-01,78.28,36,No,2025-06-29
DC0023,Distribution Center 23,Cross-Dock Center,East,Kolkata,India,MGR0052,P00060,Ambient,16004,25300,20990,82.96,38,58,428,8.86,27,314,Evening,Active,2025-07-01,90.67,19,No,2025-06-08
DC0023,Distribution Center 23,Cold Storage DC,East,Kolkata,India,MGR0063,P00135,Hazardous,6325,82005,41409,50.5,9,57,494,17.81,4,198,Morning,Active,2025-07-01,88.0,25,No,2025-06-02
DC0024,Distribution Center 24,Cold Storage DC,West,Mumbai,India,MGR0057,P00113,Ambient,17839,101391,48948,48.28,1,28,31,5.47,36,212,Morning,Active,2025-07-01,90.99,14,No,2025-06-13
DC0027,Distribution Center 27,Regional DC,South,Bengaluru,India,MGR0084,P00074,Hazardous,10143,119054,96289,80.88,49,41,115,3.21,27,463,Morning,Active,2025-07-01,82.85,37,No,2025-06-09
DC0028,Distribution Center 28,Fulfillment Center,East,Bhubaneswar,India,MGR0076,P00218,Hazardous,4621,114078,42834,37.55,6,6,99,16.33,8,308,Night,Active,2025-07-01,74.07,20,No,2025-06-12
DC0006,Distribution Center 06,Cold Storage DC,North,Chandigarh,India,MGR0050,P00184,Ambient,12861,44541,25724,57.75,4,86,359,9.72,23,178,Morning,Active,2025-07-02,91.13,20,No,2025-06-28
DC0007,Distribution Center 07,Cross-Dock Center,South,Bengaluru,India,MGR0092,P00241,Cold,14553,140180,48356,34.5,56,52,380,14.38,40,81,Morning,Active,2025-07-02,97.05,7,No,2025-06-04
DC0011,Distribution Center 11,Regional DC,North,Jaipur,India,MGR0003,P00196,Hazardous,15465,110951,32283,29.1,76,72,340,13.1,12,305,Evening,Active,2025-07-02,80.59,15,No,2025-06-18
DC0016,Distribution Center 16,Cross-Dock Center,North,Lucknow,India,MGR0015,P00008,Cold,5646,23556,10309,43.76,72,88,216,10.82,28,212,Evening,Maintenance,2025-07-02,78.27,23,No,2025-07-02
DC0025,Distribution Center 25,Fulfillment Center,Central,Bhopal,India,MGR0035,P00091,Ambient,16043,69249,66774,96.43,34,34,91,3.81,34,35,Night,Active,2025-07-02,75.83,17,No,2025-06-09
DC0025,Distribution Center 25,Fulfillment Center,Central,Bhopal,India,MGR0090,P00207,Ambient,18209,47449,26165,55.14,31,45,356,17.45,27,347,Evening,Active,2025-07-02,90.38,8,No,2025-06-03
DC0027,Distribution Center 27,Cross-Dock Center,South,Bengaluru,India,MGR0061,P00216,Cold,19589,61269,54604,89.12,37,61,193,19.04,11,149,Evening,Active,2025-07-02,87.45,21,No,2025-06-24
DC0029,Distribution Center 29,Regional DC,West,Pune,India,MGR0043,P00028,Frozen,18665,73344,47108,64.23,38,94,24,20.15,38,358,Night,Active,2025-07-02,75.96,3,No,2025-06-07
DC0002,Distribution Center 02,Cross-Dock Center,South,Chennai,India,MGR0060,P00021,Ambient,5862,94258,56544,59.99,50,39,9,10.84,23,415,Evening,Temporarily Closed,2025-07-03,99.46,28,No,2025-06-25
DC0002,Distribution Center 02,Cross-Dock Center,South,Chennai,India,MGR0070,P00057,Ambient,17931,91411,46919,51.33,54,19,460,4.2,7,260,Evening,Temporarily Closed,2025-07-03,81.9,9,No,2025-06-13
DC0003,Distribution Center 03,Cold Storage DC,East,Kolkata,India,MGR0081,P00207,Ambient,4293,33937,9274,27.33,2,31,362,16.77,16,127,Morning,Maintenance,2025-07-03,85.6,36,No,2025-07-03
DC0008,Distribution Center 08,Cross-Dock Center,East,Bhubaneswar,India,MGR0030,P00041,Ambient,17674,102913,75482,73.35,45,62,29,16.8,24,223,Night,Active,2025-07-03,80.26,28,No,2025-06-03
DC0008,Distribution Center 08,Regional DC,East,Bhubaneswar,India,MGR0059,P00083,Ambient,15585,81687,76732,93.93,0,3,233,3.56,4,353,Night,Temporarily Closed,2025-07-03,89.77,38,No,2025-06-04
DC0009,Distribution Center 09,Regional DC,West,Pune,India,MGR0001,P00200,Ambient,3301,134641,43147,32.05,62,63,51,3.05,32,142,Night,Maintenance,2025-07-03,92.55,26,No,2025-06-12
DC0018,Distribution Center 18,Fulfillment Center,East,Patna,India,MGR0096,P00064,Ambient,7870,72845,45912,63.03,21,85,304,22.08,41,244,Evening,Active,2025-07-03,77.17,11,No,2025-06-20
DC0018,Distribution Center 18,Fulfillment Center,East,Patna,India,MGR0020,P00239,Frozen,5507,125909,97936,77.78,60,64,425,18.1,31,407,Night,Active,2025-07-03,88.74,15,No,2025-06-23
DC0020,Distribution Center 20,Cross-Dock Center,Central,Raipur,India,MGR0089,P00248,Cold,18492,125626,62411,49.68,64,30,84,14.05,26,338,Morning,Temporarily Closed,2025-07-03,94.92,48,No,2025-06-06
DC0025,Distribution Center 25,Fulfillment Center,Central,Bhopal,India,MGR0067,P00105,Ambient,22456,40629,39512,97.25,67,92,464,15.51,21,486,Morning,Temporarily Closed,2025-07-03,81.35,5,No,2025-07-01
DC0027,Distribution Center 27,Regional DC,South,Bengaluru,India,MGR0099,P00041,Frozen,21812,56597,15998,28.27,58,75,408,6.07,26,492,Night,Maintenance,2025-07-03,81.68,12,No,2025-06-29
DC0004,Distribution Center 04,Regional DC,West,Mumbai,India,MGR0090,P00058,Frozen,14048,60541,33456,55.26,62,53,327,5.08,25,290,Morning,Active,2025-07-04,83.65,0,No,2025-07-01
DC0009,Distribution Center 09,Fulfillment Center,West,Pune,India,MGR0046,P00077,Cold,13059,33957,30474,89.74,14,70,109,22.51,7,423,Morning,Temporarily Closed,2025-07-04,87.19,9,No,2025-06-28
DC0015,Distribution Center 15,Regional DC,Central,Indore,India,MGR0080,P00107,Hazardous,5651,46222,41024,88.75,66,86,475,16.27,27,475,Morning,Temporarily Closed,2025-07-04,93.25,44,No,2025-06-25
DC0020,Distribution Center 20,Cold Storage DC,Central,Raipur,India,MGR0071,P00141,Ambient,11419,134628,59634,44.3,9,90,96,6.36,8,490,Evening,Temporarily Closed,2025-07-04,82.37,42,No,2025-06-04
DC0022,Distribution Center 22,Fulfillment Center,South,Chennai,India,MGR0062,P00124,Frozen,8895,52915,27321,51.63,13,38,117,12.8,7,336,Night,Active,2025-07-04,75.93,9,No,2025-06-14
DC0023,Distribution Center 23,Cross-Dock Center,East,Kolkata,India,MGR0048,P00134,Ambient,2186,90021,73576,81.73,31,46,460,6.44,17,99,Evening,Maintenance,2025-07-04,99.75,31,No,2025-06-15
DC0024,Distribution Center 24,Regional DC,West,Mumbai,India,MGR0034,P00199,Ambient,2654,124296,95842,77.11,41,7,291,5.43,7,443,Evening,Active,2025-07-04,96.21,13,No,2025-07-04
DC0025,Distribution Center 25,Regional DC,Central,Bhopal,India,MGR0038,P00103,Cold,21448,122704,65724,53.56,65,53,440,15.71,36,313,Night,Maintenance,2025-07-04,94.85,43,No,2025-06-13
DC0030,Distribution Center 30,Fulfillment Center,Central,Nagpur,India,MGR0087,P00142,Ambient,7186,48314,46691,96.64,41,11,223,14.96,11,31,Morning,Maintenance,2025-07-04,85.06,47,No,2025-06-12
DC0030,Distribution Center 30,Fulfillment Center,Central,Nagpur,India,MGR0042,P00235,Ambient,19180,120068,68027,56.66,57,24,133,23.65,13,71,Evening,Active,2025-07-04,85.2,36,No,2025-06-10
DC0003,Distribution Center 03,Cross-Dock Center,East,Kolkata,India,MGR0046,P00076,Ambient,6005,55791,28488,51.06,33,76,58,21.84,49,315,Evening,Temporarily Closed,2025-07-05,72.8,7,No,2025-06-14
DC0006,Distribution Center 06,Fulfillment Center,North,Chandigarh,India,MGR0031,P00013,Cold,16928,32584,14108,43.3,37,22,242,9.02,24,125,Night,Active,2025-07-05,98.15,1,No,2025-06-13
DC0009,Distribution Center 09,Cross-Dock Center,West,Pune,India,MGR0057,P00167,Cold,5337,44035,39143,88.89,41,94,179,4.46,22,126,Morning,Active,2025-07-05,84.48,28,No,2025-06-12
DC0020,Distribution Center 20,Cold Storage DC,Central,Raipur,India,MGR0098,P00029,Cold,14498,58233,53205,91.37,72,72,206,16.55,50,495,Morning,Active,2025-07-05,87.2,10,No,2025-07-03
DC0022,Distribution Center 22,Fulfillment Center,South,Chennai,India,MGR0042,P00185,Ambient,20978,116532,64217,55.11,62,46,326,10.39,32,100,Night,Active,2025-07-05,74.75,42,No,2025-06-12
DC0023,Distribution Center 23,Cross-Dock Center,East,Kolkata,India,MGR0001,P00066,Hazardous,23367,28545,16409,57.48,18,98,144,7.88,46,131,Night,Maintenance,2025-07-05,94.7,42,No,2025-06-24
DC0024,Distribution Center 24,Cold Storage DC,West,Mumbai,India,MGR0062,P00046,Ambient,5454,31277,21806,69.72,58,20,89,7.39,41,94,Evening,Active,2025-07-05,77.69,4,No,2025-06-15
DC0024,Distribution Center 24,Fulfillment Center,West,Mumbai,India,MGR0026,P00079,Cold,12699,122577,111528,90.99,60,9,355,15.74,20,164,Night,Active,2025-07-05,74.84,22,No,2025-06-13
DC0006,Distribution Center 06,Fulfillment Center,North,Chandigarh,India,MGR0039,P00055,Ambient,9373,79658,38428,48.24,46,71,52,5.87,37,153,Evening,Active,2025-07-06,82.41,36,No,2025-06-17
DC0009,Distribution Center 09,Fulfillment Center,West,Pune,India,MGR0100,P00102,Ambient,17229,26326,8838,33.57,49,82,476,11.79,25,27,Night,Temporarily Closed,2025-07-06,79.21,40,No,2025-07-06
DC0009,Distribution Center 09,Fulfillment Center,West,Pune,India,MGR0030,P00185,Frozen,9784,120676,52237,43.29,72,25,250,12.58,44,417,Night,Active,2025-07-06,91.64,14,No,2025-06-06
DC0011,Distribution Center 11,Regional DC,North,Jaipur,India,MGR0022,P00021,Ambient,3504,105017,53748,51.18,42,36,458,13.38,46,480,Evening,Active,2025-07-06,82.04,0,No,2025-06-23
DC0011,Distribution Center 11,Cold Storage DC,North,Jaipur,India,MGR0096,P00188,Ambient,5676,54749,41237,75.32,53,17,183,20.27,11,119,Night,Active,2025-07-06,97.03,47,No,2025-06-21
DC0016,Distribution Center 16,Cold Storage DC,North,Lucknow,India,MGR0046,P00191,Ambient,10231,34808,31356,90.08,10,54,343,1.83,36,345,Evening,Active,2025-07-06,95.66,9,No,2025-06-23
DC0009,Distribution Center 09,Cross-Dock Center,West,Pune,India,MGR0058,P00179,Ambient,15093,107372,35305,32.88,6,32,391,16.39,32,484,Night,Active,2025-07-07,96.97,42,No,2025-06-17
DC0011,Distribution Center 11,Cross-Dock Center,North,Jaipur,India,MGR0076,P00181,Ambient,13078,93103,48499,52.09,63,6,275,4.99,11,407,Night,Active,2025-07-07,75.14,48,No,2025-06-19
DC0014,Distribution Center 14,Fulfillment Center,West,Ahmedabad,India,MGR0037,P00091,Cold,22341,23255,7794,33.52,28,44,421,8.45,21,478,Night,Active,2025-07-07,79.13,19,No,2025-06-28
DC0015,Distribution Center 15,Fulfillment Center,Central,Indore,India,MGR0084,P00219,Ambient,10281,109913,34094,31.02,78,61,427,18.36,33,125,Evening,Active,2025-07-07,78.63,46,No,2025-06-16
DC0016,Distribution Center 16,Regional DC,North,Lucknow,India,MGR0017,P00217,Ambient,5862,58497,55838,95.45,31,53,166,21.25,33,198,Night,Active,2025-07-07,83.21,20,No,2025-07-04
DC0017,Distribution Center 17,Cross-Dock Center,South,Kochi,India,MGR0016,P00021,Cold,3964,40491,27208,67.2,24,7,297,22.3,16,323,Evening,Maintenance,2025-07-07,94.02,34,No,2025-06-15
DC0017,Distribution Center 17,Cross-Dock Center,South,Kochi,India,MGR0006,P00226,Frozen,8907,112675,88012,78.11,61,92,18,3.33,15,152,Night,Active,2025-07-07,89.63,26,No,2025-06-09
DC0018,Distribution Center 18,Fulfillment Center,East,Patna,India,MGR0065,P00044,Ambient,13940,137898,130387,94.55,65,0,259,18.45,26,486,Evening,Active,2025-07-07,97.35,43,No,2025-06-26
DC0021,Distribution Center 21,Cross-Dock Center,North,Delhi,India,MGR0004,P00094,Ambient,13926,141165,70820,50.17,63,79,79,12.9,13,84,Evening,Active,2025-07-07,93.25,20,No,2025-06-26
DC0024,Distribution Center 24,Regional DC,West,Mumbai,India,MGR0036,P00190,Ambient,16668,92011,66152,71.9,4,1,307,12.52,9,498,Morning,Active,2025-07-07,87.58,6,No,2025-06-22
DC0028,Distribution Center 28,Cold Storage DC,East,Bhubaneswar,India,MGR0015,P00175,Ambient,22975,148693,101743,68.42,49,26,9,14.95,19,408,Morning,Active,2025-07-07,86.61,30,No,2025-06-29
DC0030,Distribution Center 30,Cross-Dock Center,Central,Nagpur,India,MGR0003,P00118,Ambient,13166,69039,45631,66.09,21,82,0,21.37,11,371,Morning,Active,2025-07-07,91.36,27,No,2025-06-29
DC0001,Distribution Center 01,Cross-Dock Center,North,Delhi,India,MGR0006,P00080,Hazardous,7729,33591,30304,90.21,8,75,5,4.37,48,40,Evening,Active,2025-07-08,92.63,16,No,2025-06-23
DC0002,Distribution Center 02,Regional DC,South,Chennai,India,MGR0065,P00022,Ambient,20859,68145,65682,96.39,20,53,172,11.41,21,111,Morning,Active,2025-07-08,99.28,8,No,2025-07-04
DC0003,Distribution Center 03,Cold Storage DC,East,Kolkata,India,MGR0064,P00219,Ambient,7507,40923,29333,71.68,37,72,173,10.88,48,383,Evening,Active,2025-07-08,90.64,41,No,2025-06-26
DC0005,Distribution Center 05,Cold Storage DC,Central,Bhopal,India,MGR0065,P00208,Ambient,738,47705,43643,91.49,19,17,217,2.84,29,308,Evening,Temporarily Closed,2025-07-08,91.53,45,No,2025-06-27
DC0011,Distribution Center 11,Cross-Dock Center,North,Jaipur,India,MGR0072,P00116,Cold,13157,139616,105315,75.43,68,97,378,11.88,24,31,Night,Maintenance,2025-07-08,89.23,43,No,2025-06-20
DC0013,Distribution Center 13,Cross-Dock Center,East,Guwahati,India,MGR0016,P00073,Ambient,17511,121601,70810,58.23,57,67,311,2.46,34,450,Night,Maintenance,2025-07-08,96.2,47,No,2025-06-26
DC0014,Distribution Center 14,Cold Storage DC,West,Ahmedabad,India,MGR0024,P00029,Ambient,9396,95355,65512,68.7,59,44,267,5.62,9,391,Morning,Active,2025-07-08,91.98,28,No,2025-06-11
DC0018,Distribution Center 18,Cold Storage DC,East,Patna,India,MGR0054,P00074,Ambient,10985,120477,47091,39.09,13,96,373,9.77,26,176,Night,Maintenance,2025-07-08,89.16,46,No,2025-06-11
DC0024,Distribution Center 24,Cold Storage DC,West,Mumbai,India,MGR0042,P00142,Ambient,19354,86465,70609,81.66,32,13,244,2.36,10,162,Night,Active,2025-07-08,91.65,7,No,2025-06-22
DC0024,Distribution Center 24,Regional DC,West,Mumbai,India,MGR0015,P00164,Ambient,3353,149695,89754,59.96,79,89,8,18.17,29,357,Morning,Maintenance,2025-07-08,85.53,30,No,2025-06-09
DC0028,Distribution Center 28,Cold Storage DC,East,Bhubaneswar,India,MGR0056,P00030,Ambient,23823,86452,22558,26.09,79,22,161,19.94,15,60,Morning,Active,2025-07-08,76.76,32,No,2025-06-16
DC0001,Distribution Center 01,Fulfillment Center,North,Delhi,India,MGR0009,P00247,Ambient,5406,113299,108579,95.83,66,52,431,1.65,11,445,Night,Temporarily Closed,2025-07-09,75.73,37,No,2025-06-09
DC0004,Distribution Center 04,Cold Storage DC,West,Mumbai,India,MGR0066,P00066,Ambient,19206,52971,23458,44.28,12,94,273,5.99,13,255,Night,Temporarily Closed,2025-07-09,94.59,34,No,2025-06-20
DC0004,Distribution Center 04,Regional DC,West,Mumbai,India,MGR0058,P00214,Hazardous,15499,123101,40856,33.19,52,8,332,14.35,18,314,Night,Temporarily Closed,2025-07-09,85.81,27,No,2025-07-05
DC0005,Distribution Center 05,Cross-Dock Center,Central,Bhopal,India,MGR0087,P00220,Cold,12264,46135,32231,69.86,51,26,381,7.27,31,74,Evening,Temporarily Closed,2025-07-09,73.04,36,No,2025-06-17
DC0009,Distribution Center 09,Cross-Dock Center,West,Pune,India,MGR0087,P00032,Ambient,16423,76712,23154,30.18,16,24,435,14.95,46,168,Night,Active,2025-07-09,96.55,27,No,2025-07-02
DC0020,Distribution Center 20,Cold Storage DC,Central,Raipur,India,MGR0041,P00235,Cold,23085,144134,112734,78.21,69,43,442,18.5,38,428,Morning,Active,2025-07-09,88.39,8,No,2025-06-10
DC0023,Distribution Center 23,Cold Storage DC,East,Kolkata,India,MGR0071,P00170,Hazardous,20584,83247,22365,26.87,54,17,205,7.74,28,494,Evening,Active,2025-07-09,99.45,46,No,2025-06-12
DC0024,Distribution Center 24,Cross-Dock Center,West,Mumbai,India,MGR0066,P00137,Ambient,5173,106011,30731,28.99,73,53,162,18.16,29,411,Night,Active,2025-07-09,77.96,26,No,2025-06-19
DC0030,Distribution Center 30,Cross-Dock Center,Central,Nagpur,India,MGR0025,P00184,Ambient,20057,34255,18114,52.88,12,95,200,19.54,45,412,Morning,Temporarily Closed,2025-07-09,95.32,15,No,2025-06-25
DC0004,Distribution Center 04,Fulfillment Center,West,Mumbai,India,MGR0095,P00169,Ambient,19605,104036,66517,63.94,44,60,111,22.54,30,271,Morning,Active,2025-07-10,82.06,37,No,2025-07-08
DC0005,Distribution Center 05,Fulfillment Center,Central,Bhopal,India,MGR0008,P00081,Ambient,23809,67515,46738,69.23,41,39,462,21.25,28,307,Night,Temporarily Closed,2025-07-10,73.41,26,No,2025-06-30
DC0008,Distribution Center 08,Cross-Dock Center,East,Bhubaneswar,India,MGR0089,P00109,Frozen,8921,120832,84091,69.59,42,43,119,8.64,11,118,Evening,Maintenance,2025-07-10,78.49,46,No,2025-07-10
DC0011,Distribution Center 11,Fulfillment Center,North,Jaipur,India,MGR0048,P00102,Ambient,11169,64156,26915,41.95,11,55,440,14.49,30,38,Evening,Active,2025-07-10,75.67,0,No,2025-07-06
DC0013,Distribution Center 13,Cross-Dock Center,East,Guwahati,India,MGR0084,P00056,Ambient,11027,48615,28509,58.64,18,45,237,14.19,9,21,Morning,Maintenance,2025-07-10,72.35,45,No,2025-06-22
DC0014,Distribution Center 14,Fulfillment Center,West,Ahmedabad,India,MGR0046,P00157,Ambient,10186,68297,56584,82.85,73,45,133,9.4,26,83,Morning,Temporarily Closed,2025-07-10,87.67,11,No,2025-06-28
DC0014,Distribution Center 14,Cold Storage DC,West,Ahmedabad,India,MGR0100,P00208,Ambient,22398,139499,131499,94.27,11,41,307,4.82,10,77,Night,Active,2025-07-10,99.34,42,No,2025-06-19
DC0015,Distribution Center 15,Cold Storage DC,Central,Indore,India,MGR0003,P00002,Ambient,23366,28433,23591,82.97,75,56,328,22.72,47,223,Morning,Temporarily Closed,2025-07-10,83.06,45,No,2025-06-19
DC0016,Distribution Center 16,Regional DC,North,Lucknow,India,MGR0081,P00015,Ambient,2434,135543,62258,45.93,46,65,447,14.96,12,374,Night,Active,2025-07-10,76.55,37,No,2025-07-07
DC0023,Distribution Center 23,Cold Storage DC,East,Kolkata,India,MGR0088,P00056,Frozen,10056,54460,16694,30.65,3,64,437,19.02,15,181,Evening,Temporarily Closed,2025-07-10,88.34,39,No,2025-06-16
DC0024,Distribution Center 24,Regional DC,West,Mumbai,India,MGR0089,P00051,Hazardous,393,109668,95948,87.49,39,57,121,23.89,15,349,Night,Active,2025-07-10,97.84,32,Yes,2025-06-14
DC0030,Distribution Center 30,Regional DC,Central,Nagpur,India,MGR0031,P00125,Ambient,2966,44512,25016,56.2,4,42,475,2.44,43,345,Morning,Maintenance,2025-07-10,75.23,25,No,2025-06-30
DC0003,Distribution Center 03,Cross-Dock Center,East,Kolkata,India,MGR0035,P00110,Ambient,22833,146746,74552,50.8,56,67,438,12.36,43,189,Morning,Temporarily Closed,2025-07-11,90.94,28,No,2025-06-26
DC0006,Distribution Center 06,Regional DC,North,Chandigarh,India,MGR0069,P00230,Ambient,11649,104433,80941,77.51,64,46,7,10.43,7,484,Evening,Active,2025-07-11,79.53,28,No,2025-06-25
DC0009,Distribution Center 09,Cold Storage DC,West,Pune,India,MGR0029,P00231,Frozen,9096,109240,90360,82.72,20,80,439,8.87,33,412,Morning,Active,2025-07-11,84.45,36,No,2025-07-09
DC0010,Distribution Center 10,Cross-Dock Center,Central,Nagpur,India,MGR0019,P00249,Ambient,11012,115385,43590,37.78,38,78,477,4.55,41,35,Evening,Temporarily Closed,2025-07-11,75.68,28,No,2025-06-27
DC0029,Distribution Center 29,Fulfillment Center,West,Pune,India,MGR0057,P00241,Ambient,18133,52329,27710,52.95,9,49,316,7.08,49,168,Evening,Active,2025-07-11,81.84,2,No,2025-06-17
DC0030,Distribution Center 30,Fulfillment Center,Central,Nagpur,India,MGR0081,P00172,Ambient,21465,46763,44111,94.33,52,79,81,7.82,8,453,Morning,Active,2025-07-11,98.32,21,No,2025-06-13
DC0003,Distribution Center 03,Cold Storage DC,East,Kolkata,India,MGR0069,P00110,Cold,18888,84702,35438,41.84,47,99,189,15.81,32,40,Evening,Active,2025-07-12,83.83,33,No,2025-07-02
DC0004,Distribution Center 04,Cold Storage DC,West,Mumbai,India,MGR0029,P00043,Ambient,11027,81532,47112,57.78,65,60,499,8.03,42,375,Morning,Active,2025-07-12,76.88,18,No,2025-07-10
DC0004,Distribution Center 04,Cold Storage DC,West,Mumbai,India,MGR0006,P00084,Ambient,23890,117742,114770,97.48,47,16,278,12.56,49,120,Morning,Active,2025-07-12,86.72,1,No,2025-06-17
DC0010,Distribution Center 10,Fulfillment Center,Central,Nagpur,India,MGR0001,P00093,Ambient,15915,138274,130543,94.41,21,23,490,6.12,27,325,Evening,Maintenance,2025-07-12,91.25,19,No,2025-06-13
DC0011,Distribution Center 11,Regional DC,North,Jaipur,India,MGR0042,P00197,Cold,23784,98105,55811,56.89,28,44,85,23.18,41,191,Night,Active,2025-07-12,84.55,40,No,2025-06-15
DC0013,Distribution Center 13,Regional DC,East,Guwahati,India,MGR0095,P00013,Cold,20490,102457,51259,50.03,34,0,474,13.32,37,361,Evening,Maintenance,2025-07-12,92.87,46,No,2025-06-12
DC0014,Distribution Center 14,Cold Storage DC,West,Ahmedabad,India,MGR0083,P00235,Ambient,13989,108083,59194,54.77,52,61,409,11.89,46,83,Evening,Active,2025-07-12,76.2,1,No,2025-07-08
DC0019,Distribution Center 19,Fulfillment Center,West,Surat,India,MGR0012,P00160,Ambient,5849,135787,47581,35.04,13,86,176,10.62,34,490,Morning,Temporarily Closed,2025-07-12,78.25,1,No,2025-06-14
DC0022,Distribution Center 22,Fulfillment Center,South,Chennai,India,MGR0096,P00238,Ambient,7380,73986,40340,54.52,17,87,157,7.41,17,313,Night,Maintenance,2025-07-12,98.08,15,No,2025-06-23
DC0025,Distribution Center 25,Fulfillment Center,Central,Bhopal,India,MGR0004,P00202,Ambient,20920,68360,37226,54.46,37,3,1,23.62,33,439,Evening,Active,2025-07-12,88.8,6,No,2025-06-24
DC0028,Distribution Center 28,Regional DC,East,Bhubaneswar,India,MGR0096,P00137,Frozen,12759,105903,72474,68.43,34,80,52,19.25,9,343,Morning,Active,2025-07-12,74.52,22,No,2025-06-29
DC0006,Distribution Center 06,Cold Storage DC,North,Chandigarh,India,MGR0016,P00068,Ambient,3017,117227,38642,32.96,22,61,345,17.26,25,131,Morning,Active,2025-07-13,73.53,21,No,2025-07-01
DC0007,Distribution Center 07,Fulfillment Center,South,Bengaluru,India,MGR0056,P00140,Hazardous,13858,124520,47434,38.09,49,54,4,13.68,25,275,Morning,Active,2025-07-13,97.37,4,No,2025-07-02
DC0008,Distribution Center 08,Cold Storage DC,East,Bhubaneswar,India,MGR0047,P00153,Ambient,15685,108541,50343,46.38,78,23,119,12.75,12,381,Evening,Active,2025-07-13,80.98,3,No,2025-06-18
DC0009,Distribution Center 09,Cold Storage DC,West,Pune,India,MGR0047,P00161,Cold,22625,90836,51637,56.85,59,59,111,7.3,49,441,Night,Maintenance,2025-07-13,80.58,4,No,2025-06-24
DC0010,Distribution Center 10,Cross-Dock Center,Central,Nagpur,India,MGR0016,P00244,Hazardous,20850,57246,22957,40.1,77,26,494,9.68,7,157,Morning,Active,2025-07-13,79.39,26,No,2025-06-17
DC0013,Distribution Center 13,Cross-Dock Center,East,Guwahati,India,MGR0012,P00110,Frozen,5021,80907,57053,70.52,17,74,242,2.51,21,142,Night,Active,2025-07-13,76.91,38,No,2025-06-26
DC0026,Distribution Center 26,Cold Storage DC,North,Chandigarh,India,MGR0048,P00176,Cold,11837,32380,9406,29.05,38,31,448,4.1,36,478,Night,Maintenance,2025-07-13,88.42,40,No,2025-06-13
DC0028,Distribution Center 28,Fulfillment Center,East,Bhubaneswar,India,MGR0023,P00036,Ambient,7358,56426,48189,85.4,30,22,85,5.15,32,194,Morning,Temporarily Closed,2025-07-13,73.06,26,No,2025-06-18
DC0028,Distribution Center 28,Regional DC,East,Bhubaneswar,India,MGR0014,P00164,Ambient,2620,108454,49289,45.45,33,15,163,15.22,45,490,Evening,Active,2025-07-13,89.49,3,No,2025-06-16
DC0029,Distribution Center 29,Fulfillment Center,West,Pune,India,MGR0093,P00152,Frozen,22514,140031,75022,53.58,65,64,5,14.65,34,345,Night,Maintenance,2025-07-13,80.45,25,No,2025-07-12
DC0001,Distribution Center 01,Cross-Dock Center,North,Delhi,India,MGR0095,P00014,Ambient,11977,84721,79937,94.35,38,41,395,6.79,21,255,Night,Temporarily Closed,2025-07-14,78.55,23,No,2025-07-04
DC0001,Distribution Center 01,Cold Storage DC,North,Delhi,India,MGR0054,P00177,Hazardous,12470,58525,21486,36.71,67,78,146,17.46,16,48,Night,Maintenance,2025-07-14,74.75,32,No,2025-06-28
DC0001,Distribution Center 01,Cold Storage DC,North,Delhi,India,MGR0056,P00224,Ambient,2664,55423,39710,71.65,32,71,138,23.73,22,374,Evening,Maintenance,2025-07-14,83.73,48,No,2025-06-25
DC0002,Distribution Center 02,Cold Storage DC,South,Chennai,India,MGR0095,P00013,Ambient,6257,118400,71269,60.19,77,69,200,9.09,17,206,Night,Active,2025-07-14,81.66,5,No,2025-06-26
DC0002,Distribution Center 02,Cold Storage DC,South,Chennai,India,MGR0003,P00140,Frozen,22243,83045,26523,31.94,21,75,89,12.35,38,40,Evening,Active,2025-07-14,76.85,46,No,2025-07-03
DC0002,Distribution Center 02,Fulfillment Center,South,Chennai,India,MGR0039,P00210,Cold,8057,119426,64649,54.13,50,11,318,15.08,7,51,Morning,Active,2025-07-14,90.25,32,No,2025-07-09
DC0003,Distribution Center 03,Cold Storage DC,East,Kolkata,India,MGR0065,P00121,Ambient,22236,148582,111437,75.0,61,89,443,9.89,34,206,Evening,Temporarily Closed,2025-07-14,75.1,26,No,2025-07-07
DC0009,Distribution Center 09,Cross-Dock Center,West,Pune,India,MGR0019,P00100,Ambient,10826,88626,34927,39.41,55,99,287,12.84,36,60,Night,Maintenance,2025-07-14,74.75,40,No,2025-07-13
DC0009,Distribution Center 09,Cold Storage DC,West,Pune,India,MGR0053,P00167,Ambient,13481,47996,13013,27.11,10,82,33,18.23,24,494,Night,Temporarily Closed,2025-07-14,72.2,0,No,2025-06-16
DC0001,Distribution Center 01,Fulfillment Center,North,Delhi,India,MGR0078,P00009,Ambient,10556,64218,43890,68.35,55,52,109,23.61,22,328,Evening,Active,2025-07-15,74.78,19,No,2025-06-25
DC0001,Distribution Center 01,Cold Storage DC,North,Delhi,India,MGR0087,P00185,Cold,7138,117986,31426,26.64,76,60,28,13.28,11,402,Evening,Active,2025-07-15,90.86,27,No,2025-06-23
DC0001,Distribution Center 01,Fulfillment Center,North,Delhi,India,MGR0003,P00209,Hazardous,2386,96651,64660,66.9,40,0,244,17.14,33,45,Morning,Maintenance,2025-07-15,79.7,18,No,2025-06-29
DC0005,Distribution Center 05,Regional DC,Central,Bhopal,India,MGR0098,P00041,Ambient,24742,55507,50728,91.39,9,80,38,4.55,41,480,Evening,Temporarily Closed,2025-07-15,75.43,35,No,2025-06-19
DC0005,Distribution Center 05,Cold Storage DC,Central,Bhopal,India,MGR0011,P00096,Frozen,19109,81042,64410,79.48,54,71,461,10.54,34,96,Night,Active,2025-07-15,95.31,32,No,2025-06-20
DC0007,Distribution Center 07,Regional DC,South,Bengaluru,India,MGR0030,P00127,Ambient,1066,80893,39781,49.18,50,25,496,20.33,11,42,Morning,Temporarily Closed,2025-07-15,83.87,40,No,2025-07-14
DC0011,Distribution Center 11,Cross-Dock Center,North,Jaipur,India,MGR0026,P00236,Ambient,23149,145151,49033,33.78,67,52,359,6.48,34,471,Morning,Active,2025-07-15,95.28,47,No,2025-06-19
DC0019,Distribution Center 19,Fulfillment Center,West,Surat,India,MGR0079,P00099,Ambient,4199,90218,86087,95.42,53,90,343,9.24,22,115,Night,Maintenance,2025-07-15,95.03,3,No,2025-06-20
DC0023,Distribution Center 23,Regional DC,East,Kolkata,India,MGR0047,P00005,Ambient,15515,148783,47130,31.68,55,7,391,1.96,33,408,Morning,Active,2025-07-15,79.87,10,No,2025-07-10
DC0007,Distribution Center 07,Fulfillment Center,South,Bengaluru,India,MGR0055,P00040,Ambient,17451,133030,110556,83.11,30,82,282,11.45,45,155,Evening,Temporarily Closed,2025-07-16,81.98,32,No,2025-07-03
DC0013,Distribution Center 13,Cross-Dock Center,East,Guwahati,India,MGR0042,P00028,Ambient,15782,44239,31210,70.55,70,43,206,2.93,32,273,Evening,Temporarily Closed,2025-07-16,82.62,34,No,2025-07-09
DC0014,Distribution Center 14,Fulfillment Center,West,Ahmedabad,India,MGR0030,P00024,Ambient,22102,126060,59751,47.4,68,27,266,6.0,8,252,Night,Active,2025-07-16,76.1,9,No,2025-06-20
DC0017,Distribution Center 17,Fulfillment Center,South,Kochi,India,MGR0006,P00052,Ambient,11305,140648,69715,49.57,54,77,359,22.83,21,177,Evening,Temporarily Closed,2025-07-16,97.72,33,No,2025-07-13
DC0018,Distribution Center 18,Regional DC,East,Patna,India,MGR0025,P00161,Ambient,23577,144055,40637,28.21,64,84,273,21.71,4,38,Morning,Maintenance,2025-07-16,73.93,18,No,2025-06-27
DC0019,Distribution Center 19,Cross-Dock Center,West,Surat,India,MGR0041,P00045,Ambient,12358,79018,35966,45.52,49,93,386,8.58,34,412,Morning,Active,2025-07-16,75.81,31,No,2025-07-09
DC0027,Distribution Center 27,Regional DC,South,Bengaluru,India,MGR0017,P00131,Cold,21342,101873,94321,92.59,46,0,27,5.58,13,290,Evening,Active,2025-07-16,84.72,47,No,2025-07-10
DC0027,Distribution Center 27,Fulfillment Center,South,Bengaluru,India,MGR0086,P00149,Ambient,23864,63091,27179,43.08,60,26,82,15.04,24,64,Night,Maintenance,2025-07-16,86.64,48,No,2025-07-11
DC0027,Distribution Center 27,Cold Storage DC,South,Bengaluru,India,MGR0096,P00149,Ambient,15958,60934,47048,77.21,74,57,488,18.97,42,453,Night,Temporarily Closed,2025-07-16,90.22,36,No,2025-07-03
DC0028,Distribution Center 28,Cold Storage DC,East,Bhubaneswar,India,MGR0075,P00191,Hazardous,1301,127151,37115,29.19,27,81,12,13.41,23,247,Evening,Maintenance,2025-07-16,89.82,48,No,2025-07-03
DC0003,Distribution Center 03,Cross-Dock Center,East,Kolkata,India,MGR0043,P00185,Ambient,21738,94219,69259,73.51,17,29,65,6.0,29,182,Morning,Active,2025-07-17,86.41,29,No,2025-07-11
DC0003,Distribution Center 03,Cold Storage DC,East,Kolkata,India,MGR0027,P00221,Ambient,6943,104448,30772,29.46,43,25,309,1.91,47,417,Night,Temporarily Closed,2025-07-17,88.54,40,No,2025-07-04
DC0005,Distribution Center 05,Cold Storage DC,Central,Bhopal,India,MGR0084,P00010,Ambient,12536,20567,12768,62.08,72,74,278,6.63,20,89,Evening,Active,2025-07-17,76.98,20,No,2025-07-13
DC0016,Distribution Center 16,Cross-Dock Center,North,Lucknow,India,MGR0008,P00081,Ambient,22151,43346,13321,30.73,65,68,88,21.67,19,25,Evening,Active,2025-07-17,79.14,5,No,2025-07-17
DC0029,Distribution Center 29,Cold Storage DC,West,Pune,India,MGR0080,P00132,Ambient,18682,73559,35177,47.82,20,4,463,23.92,48,376,Morning,Maintenance,2025-07-17,85.89,42,No,2025-07-12
DC0006,Distribution Center 06,Fulfillment Center,North,Chandigarh,India,MGR0064,P00109,Ambient,3332,45301,15430,34.06,6,94,37,2.01,43,228,Morning,Maintenance,2025-07-18,87.04,35,No,2025-07-01
DC0007,Distribution Center 07,Fulfillment Center,South,Bengaluru,India,MGR0076,P00225,Ambient,13814,21832,19223,88.05,38,51,129,23.03,24,128,Evening,Active,2025-07-18,92.3,23,No,2025-07-04
DC0011,Distribution Center 11,Regional DC,North,Jaipur,India,MGR0034,P00104,Cold,17905,103035,74286,72.1,55,75,376,8.84,40,198,Night,Temporarily Closed,2025-07-18,75.34,43,No,2025-07-08
DC0012,Distribution Center 12,Cold Storage DC,South,Hyderabad,India,MGR0059,P00028,Cold,19720,52042,39257,75.43,31,29,233,22.12,32,489,Morning,Maintenance,2025-07-18,97.38,4,No,2025-06-27
DC0014,Distribution Center 14,Regional DC,West,Ahmedabad,India,MGR0055,P00108,Ambient,241,124026,32661,26.33,45,10,378,19.55,39,29,Morning,Maintenance,2025-07-18,93.35,32,Yes,2025-06-21
DC0015,Distribution Center 15,Regional DC,Central,Indore,India,MGR0012,P00015,Ambient,4906,24352,13218,54.28,76,85,16,18.09,46,372,Morning,Active,2025-07-18,74.19,10,No,2025-06-20
DC0015,Distribution Center 15,Cold Storage DC,Central,Indore,India,MGR0056,P00221,Ambient,11926,80678,69575,86.24,13,65,184,2.44,20,340,Night,Active,2025-07-18,82.15,49,No,2025-06-28
DC0019,Distribution Center 19,Regional DC,West,Surat,India,MGR0037,P00119,Ambient,14353,47024,32616,69.36,25,54,251,11.81,33,398,Evening,Active,2025-07-18,75.79,43,No,2025-06-29
DC0028,Distribution Center 28,Cold Storage DC,East,Bhubaneswar,India,MGR0029,P00181,Ambient,17899,102034,94400,92.52,31,9,377,14.68,27,272,Night,Active,2025-07-18,82.55,19,No,2025-07-15
DC0002,Distribution Center 02,Cold Storage DC,South,Chennai,India,MGR0036,P00162,Ambient,21247,90636,81348,89.75,35,43,78,15.18,21,420,Morning,Active,2025-07-19,74.87,43,No,2025-07-07
DC0006,Distribution Center 06,Cold Storage DC,North,Chandigarh,India,MGR0095,P00116,Ambient,6124,24272,23418,96.48,26,1,80,8.43,24,309,Morning,Maintenance,2025-07-19,83.87,48,No,2025-07-03
DC0008,Distribution Center 08,Cold Storage DC,East,Bhubaneswar,India,MGR0037,P00013,Ambient,223,126566,69627,55.01,13,1,250,19.96,15,283,Morning,Active,2025-07-19,84.92,9,Yes,2025-07-08
DC0019,Distribution Center 19,Cross-Dock Center,West,Surat,India,MGR0097,P00143,Hazardous,21366,52522,47597,90.62,58,25,306,12.48,35,22,Evening,Active,2025-07-19,80.68,2,No,2025-06-29
DC0024,Distribution Center 24,Fulfillment Center,West,Mumbai,India,MGR0019,P00124,Cold,5217,62097,55208,88.91,65,12,314,16.54,22,64,Evening,Temporarily Closed,2025-07-19,89.72,37,No,2025-07-11
DC0005,Distribution Center 05,Fulfillment Center,Central,Bhopal,India,MGR0044,P00098,Ambient,12325,58215,38490,66.12,55,19,482,13.55,38,409,Evening,Active,2025-07-20,85.02,6,No,2025-07-15
DC0012,Distribution Center 12,Cold Storage DC,South,Hyderabad,India,MGR0058,P00172,Hazardous,10754,92343,31792,34.43,11,18,232,22.02,34,335,Night,Maintenance,2025-07-20,80.35,44,No,2025-06-27
DC0017,Distribution Center 17,Cold Storage DC,South,Kochi,India,MGR0100,P00022,Cold,14353,75231,45076,59.92,63,83,357,21.52,12,81,Evening,Active,2025-07-20,76.49,22,No,2025-06-20
DC0018,Distribution Center 18,Cross-Dock Center,East,Patna,India,MGR0027,P00249,Cold,12629,53429,52066,97.45,18,89,248,2.94,31,56,Night,Temporarily Closed,2025-07-20,80.59,22,No,2025-07-04
DC0020,Distribution Center 20,Cold Storage DC,Central,Raipur,India,MGR0007,P00183,Ambient,4162,39394,20380,51.73,20,17,458,10.08,6,185,Morning,Active,2025-07-20,95.03,32,No,2025-06-26
DC0026,Distribution Center 26,Regional DC,North,Chandigarh,India,MGR0068,P00098,Ambient,14225,79546,33837,42.54,33,83,315,13.18,45,351,Evening,Active,2025-07-20,87.74,1,No,2025-06-30
DC0026,Distribution Center 26,Cross-Dock Center,North,Chandigarh,India,MGR0047,P00218,Frozen,16154,107720,72173,67.0,55,97,10,10.92,46,170,Night,Maintenance,2025-07-20,80.62,46,No,2025-07-12
DC0029,Distribution Center 29,Regional DC,West,Pune,India,MGR0076,P00160,Ambient,7892,135016,88572,65.6,66,35,271,14.75,31,428,Morning,Temporarily Closed,2025-07-20,87.25,39,No,2025-07-17
DC0001,Distribution Center 01,Regional DC,North,Delhi,India,MGR0056,P00088,Ambient,4470,68266,48962,71.72,38,69,336,3.5,5,109,Evening,Active,2025-07-21,85.52,28,No,2025-07-09
DC0003,Distribution Center 03,Cross-Dock Center,East,Kolkata,India,MGR0023,P00128,Frozen,16557,28573,24227,84.79,33,17,100,22.02,4,401,Night,Active,2025-07-21,93.28,28,No,2025-07-05
DC0003,Distribution Center 03,Regional DC,East,Kolkata,India,MGR0098,P00136,Ambient,6223,107813,74058,68.69,33,16,68,11.89,33,406,Evening,Active,2025-07-21,93.52,44,No,2025-07-06
DC0006,Distribution Center 06,Cold Storage DC,North,Chandigarh,India,MGR0090,P00112,Cold,21188,107401,40412,37.63,23,39,479,17.19,8,441,Morning,Active,2025-07-21,95.51,10,No,2025-06-22
DC0011,Distribution Center 11,Fulfillment Center,North,Jaipur,India,MGR0035,P00189,Ambient,13015,56468,23338,41.33,24,96,276,22.87,46,112,Night,Active,2025-07-21,93.47,13,No,2025-06-28
DC0014,Distribution Center 14,Cross-Dock Center,West,Ahmedabad,India,MGR0092,P00066,Ambient,3637,108976,46712,42.86,32,54,252,10.39,20,70,Evening,Maintenance,2025-07-21,91.57,20,No,2025-07-18
DC0015,Distribution Center 15,Cross-Dock Center,Central,Indore,India,MGR0049,P00218,Ambient,7586,100084,53528,53.48,15,71,107,4.96,29,173,Night,Active,2025-07-21,76.51,14,No,2025-06-27
DC0019,Distribution Center 19,Fulfillment Center,West,Surat,India,MGR0086,P00233,Ambient,1467,21454,10242,47.74,62,74,100,2.54,25,150,Morning,Active,2025-07-21,84.68,35,No,2025-07-12
DC0002,Distribution Center 02,Fulfillment Center,South,Chennai,India,MGR0041,P00008,Ambient,14532,99899,31161,31.19,31,31,226,18.13,24,61,Morning,Temporarily Closed,2025-07-22,86.41,30,No,2025-07-15
DC0004,Distribution Center 04,Cold Storage DC,West,Mumbai,India,MGR0009,P00031,Ambient,2371,56830,20847,36.68,5,70,261,11.44,20,333,Night,Active,2025-07-22,96.71,25,No,2025-06-27
DC0008,Distribution Center 08,Regional DC,East,Bhubaneswar,India,MGR0002,P00002,Ambient,366,100017,90573,90.56,71,83,320,12.49,27,66,Evening,Active,2025-07-22,97.92,22,Yes,2025-07-19
DC0009,Distribution Center 09,Fulfillment Center,West,Pune,India,MGR0031,P00056,Frozen,5648,46954,13413,28.57,24,91,493,7.76,46,399,Night,Temporarily Closed,2025-07-22,86.33,12,No,2025-07-20
DC0016,Distribution Center 16,Cold Storage DC,North,Lucknow,India,MGR0093,P00016,Ambient,6375,87700,64212,73.22,57,95,111,13.13,7,182,Night,Temporarily Closed,2025-07-22,97.14,2,No,2025-07-18
DC0030,Distribution Center 30,Fulfillment Center,Central,Nagpur,India,MGR0018,P00012,Ambient,8906,65546,33158,50.59,71,69,348,16.91,19,134,Evening,Active,2025-07-22,75.03,25,No,2025-07-18
DC0030,Distribution Center 30,Cold Storage DC,Central,Nagpur,India,MGR0046,P00221,Ambient,23515,44670,39993,89.53,69,87,161,18.48,45,430,Night,Active,2025-07-22,72.49,14,No,2025-07-16
DC0005,Distribution Center 05,Cross-Dock Center,Central,Bhopal,India,MGR0003,P00226,Frozen,2150,44403,32190,72.5,62,21,311,13.44,13,267,Evening,Active,2025-07-23,79.95,24,No,2025-07-13
DC0006,Distribution Center 06,Cross-Dock Center,North,Chandigarh,India,MGR0064,P00143,Frozen,21140,62851,26477,42.13,27,44,493,15.89,30,418,Morning,Active,2025-07-23,73.69,6,No,2025-07-02
DC0008,Distribution Center 08,Regional DC,East,Bhubaneswar,India,MGR0030,P00105,Ambient,2538,25015,20302,81.16,39,12,268,10.77,20,108,Morning,Maintenance,2025-07-23,72.51,22,No,2025-07-16
DC0011,Distribution Center 11,Cross-Dock Center,North,Jaipur,India,MGR0079,P00240,Ambient,2082,23678,13201,55.75,64,93,291,8.74,37,190,Night,Active,2025-07-23,92.63,39,No,2025-06-29
DC0012,Distribution Center 12,Cross-Dock Center,South,Hyderabad,India,MGR0054,P00129,Ambient,14152,88775,37726,42.5,11,26,67,8.88,22,449,Evening,Maintenance,2025-07-23,79.76,11,No,2025-07-07
DC0016,Distribution Center 16,Regional DC,North,Lucknow,India,MGR0035,P00135,Ambient,11865,61765,34179,55.34,70,33,76,11.29,43,474,Evening,Maintenance,2025-07-23,83.75,49,No,2025-06-28
DC0018,Distribution Center 18,Fulfillment Center,East,Patna,India,MGR0098,P00219,Cold,11041,26353,19495,73.98,74,15,100,9.49,47,148,Night,Active,2025-07-23,85.78,28,No,2025-07-20
DC0024,Distribution Center 24,Cold Storage DC,West,Mumbai,India,MGR0073,P00045,Ambient,4442,138811,61399,44.23,0,32,443,10.8,20,413,Morning,Active,2025-07-23,88.79,39,No,2025-07-14
DC0025,Distribution Center 25,Cold Storage DC,Central,Bhopal,India,MGR0051,P00241,Ambient,15452,98496,81091,82.33,11,49,35,3.06,10,200,Night,Active,2025-07-23,73.72,31,No,2025-07-22
DC0002,Distribution Center 02,Cold Storage DC,South,Chennai,India,MGR0057,P00118,Ambient,19876,133899,93120,69.54,74,26,107,14.49,29,321,Morning,Temporarily Closed,2025-07-24,72.02,40,No,2025-07-19
DC0004,Distribution Center 04,Fulfillment Center,West,Mumbai,India,MGR0069,P00235,Frozen,22990,133412,66166,49.6,10,90,278,8.84,43,213,Night,Active,2025-07-24,73.65,16,No,2025-07-03
DC0004,Distribution Center 04,Cold Storage DC,West,Mumbai,India,MGR0092,P00250,Frozen,6027,133322,129081,96.82,48,46,381,10.06,10,40,Night,Temporarily Closed,2025-07-24,86.29,49,No,2025-06-29
DC0006,Distribution Center 06,Cold Storage DC,North,Chandigarh,India,MGR0037,P00170,Ambient,8072,43981,20569,46.77,24,43,139,21.58,15,481,Night,Temporarily Closed,2025-07-24,95.8,15,No,2025-06-25
DC0007,Distribution Center 07,Regional DC,South,Bengaluru,India,MGR0023,P00142,Ambient,4090,107489,89675,83.43,21,64,396,6.01,9,339,Night,Active,2025-07-24,89.15,21,No,2025-07-13
DC0009,Distribution Center 09,Fulfillment Center,West,Pune,India,MGR0056,P00053,Ambient,10853,57774,50125,86.76,27,18,461,11.33,48,310,Night,Active,2025-07-24,84.73,26,No,2025-07-07
DC0014,Distribution Center 14,Cold Storage DC,West,Ahmedabad,India,MGR0081,P00138,Ambient,22396,39820,32161,80.77,28,42,12,6.01,46,427,Morning,Temporarily Closed,2025-07-24,76.55,3,No,2025-07-17
DC0020,Distribution Center 20,Regional DC,Central,Raipur,India,MGR0021,P00073,Ambient,15268,58225,55597,95.49,61,51,192,15.6,12,364,Night,Temporarily Closed,2025-07-24,99.18,35,No,2025-07-03
DC0024,Distribution Center 24,Fulfillment Center,West,Mumbai,India,MGR0029,P00197,Ambient,13625,131348,62087,47.27,68,78,342,11.8,18,195,Morning,Temporarily Closed,2025-07-24,90.81,22,No,2025-07-21
DC0025,Distribution Center 25,Cross-Dock Center,Central,Bhopal,India,MGR0085,P00098,Hazardous,131,91518,42558,46.5,25,0,287,7.12,13,167,Evening,Active,2025-07-24,87.66,39,Yes,2025-07-07
DC0028,Distribution Center 28,Cross-Dock Center,East,Bhubaneswar,India,MGR0055,P00189,Hazardous,12765,96770,75245,77.76,0,75,186,23.87,33,494,Night,Maintenance,2025-07-24,99.06,17,No,2025-07-11
DC0029,Distribution Center 29,Cross-Dock Center,West,Pune,India,MGR0005,P00144,Cold,17821,146264,101923,69.68,54,72,128,21.0,23,132,Night,Active,2025-07-24,73.11,42,No,2025-07-06
DC0003,Distribution Center 03,Cold Storage DC,East,Kolkata,India,MGR0055,P00093,Ambient,8007,134561,88068,65.45,55,36,42,17.02,12,326,Evening,Active,2025-07-25,97.38,13,No,2025-06-28
DC0004,Distribution Center 04,Cold Storage DC,West,Mumbai,India,MGR0064,P00228,Ambient,6921,108733,63035,57.97,65,83,210,18.37,12,450,Morning,Active,2025-07-25,86.08,37,No,2025-07-19
DC0006,Distribution Center 06,Cross-Dock Center,North,Chandigarh,India,MGR0089,P00008,Frozen,2056,80209,65068,81.12,74,3,85,6.94,23,485,Morning,Active,2025-07-25,75.33,22,No,2025-07-05
DC0010,Distribution Center 10,Cross-Dock Center,Central,Nagpur,India,MGR0072,P00183,Ambient,2634,37631,12550,33.35,77,57,399,4.43,17,287,Morning,Active,2025-07-25,90.16,1,No,2025-07-05
DC0015,Distribution Center 15,Cold Storage DC,Central,Indore,India,MGR0066,P00010,Ambient,9862,126050,102668,81.45,19,32,171,11.22,27,279,Night,Temporarily Closed,2025-07-25,79.91,19,No,2025-07-17
DC0018,Distribution Center 18,Regional DC,East,Patna,India,MGR0045,P00109,Ambient,23008,112836,100352,88.94,70,65,368,8.08,7,181,Night,Active,2025-07-25,96.13,45,No,2025-07-25
DC0021,Distribution Center 21,Cold Storage DC,North,Delhi,India,MGR0097,P00009,Frozen,21575,28353,9069,31.99,4,86,255,8.48,11,160,Night,Active,2025-07-25,88.56,7,No,2025-06-25
DC0026,Distribution Center 26,Regional DC,North,Chandigarh,India,MGR0048,P00067,Ambient,22695,48606,18313,37.68,51,60,261,14.53,42,22,Night,Temporarily Closed,2025-07-25,96.42,19,No,2025-07-23
DC0026,Distribution Center 26,Cold Storage DC,North,Chandigarh,India,MGR0044,P00176,Ambient,6282,121191,58091,47.93,12,56,225,20.39,39,292,Morning,Active,2025-07-25,79.78,6,No,2025-07-14
DC0026,Distribution Center 26,Fulfillment Center,North,Chandigarh,India,MGR0057,P00235,Ambient,13079,102621,40030,39.01,65,18,383,15.13,28,391,Morning,Active,2025-07-25,81.61,7,No,2025-07-10
DC0029,Distribution Center 29,Cross-Dock Center,West,Pune,India,MGR0068,P00006,Ambient,139,86067,66137,76.84,41,37,103,14.93,27,387,Evening,Temporarily Closed,2025-07-25,99.45,8,Yes,2025-07-17
DC0030,Distribution Center 30,Cross-Dock Center,Central,Nagpur,India,MGR0051,P00214,Frozen,5791,100676,52138,51.79,15,4,458,10.55,19,30,Morning,Active,2025-07-25,88.93,22,No,2025-06-29
DC0003,Distribution Center 03,Cross-Dock Center,East,Kolkata,India,MGR0039,P00143,Ambient,15913,66824,42306,63.31,56,39,123,6.54,46,255,Morning,Active,2025-07-26,85.88,1,No,2025-07-12
DC0004,Distribution Center 04,Regional DC,West,Mumbai,India,MGR0027,P00199,Ambient,6549,147430,93377,63.34,40,99,187,21.5,19,442,Morning,Active,2025-07-26,92.7,14,No,2025-06-29
DC0017,Distribution Center 17,Regional DC,South,Kochi,India,MGR0017,P00180,Cold,21544,125956,114597,90.98,45,50,299,9.87,15,446,Evening,Active,2025-07-26,78.98,48,No,2025-06-30
DC0022,Distribution Center 22,Regional DC,South,Chennai,India,MGR0047,P00023,Ambient,9048,29805,27047,90.75,39,91,199,21.5,43,446,Night,Active,2025-07-26,97.94,17,No,2025-06-30
DC0023,Distribution Center 23,Regional DC,East,Kolkata,India,MGR0088,P00225,Cold,20681,99589,39094,39.26,62,55,57,6.85,26,449,Evening,Active,2025-07-26,80.43,44,No,2025-07-01
DC0027,Distribution Center 27,Cross-Dock Center,South,Bengaluru,India,MGR0047,P00036,Ambient,17111,45173,44083,97.59,59,44,108,9.11,8,219,Evening,Active,2025-07-26,81.69,33,No,2025-06-27
DC0006,Distribution Center 06,Cross-Dock Center,North,Chandigarh,India,MGR0025,P00110,Ambient,1919,45711,36877,80.67,56,56,238,18.26,11,411,Morning,Active,2025-07-27,77.07,35,No,2025-07-18
DC0013,Distribution Center 13,Fulfillment Center,East,Guwahati,India,MGR0029,P00061,Ambient,3899,75292,73651,97.82,3,28,260,16.38,33,493,Evening,Active,2025-07-27,95.69,12,No,2025-07-12
DC0014,Distribution Center 14,Fulfillment Center,West,Ahmedabad,India,MGR0066,P00008,Ambient,13742,59960,33056,55.13,2,99,209,13.7,47,309,Night,Active,2025-07-27,78.76,0,No,2025-06-27
DC0015,Distribution Center 15,Fulfillment Center,Central,Indore,India,MGR0068,P00200,Frozen,4507,138747,117418,84.63,48,50,94,7.45,36,145,Morning,Active,2025-07-27,89.44,13,No,2025-07-05
DC0016,Distribution Center 16,Cross-Dock Center,North,Lucknow,India,MGR0008,P00101,Ambient,8189,115883,101505,87.59,9,62,142,5.59,37,312,Morning,Temporarily Closed,2025-07-27,92.86,27,No,2025-07-21
DC0016,Distribution Center 16,Fulfillment Center,North,Lucknow,India,MGR0071,P00112,Frozen,20805,78146,36543,46.76,51,72,329,5.0,11,438,Evening,Active,2025-07-27,89.15,48,No,2025-07-17
DC0016,Distribution Center 16,Cold Storage DC,North,Lucknow,India,MGR0027,P00153,Ambient,18203,26894,24815,92.27,2,69,34,19.02,40,131,Morning,Active,2025-07-27,85.06,19,No,2025-07-19
DC0022,Distribution Center 22,Cross-Dock Center,South,Chennai,India,MGR0043,P00050,Cold,577,97045,51766,53.34,42,2,326,21.65,29,360,Night,Active,2025-07-27,83.39,19,No,2025-07-26
DC0026,Distribution Center 26,Fulfillment Center,North,Chandigarh,India,MGR0093,P00021,Ambient,7142,138720,68312,49.24,22,18,313,10.22,8,102,Morning,Temporarily Closed,2025-07-27,84.43,33,No,2025-07-08
DC0026,Distribution Center 26,Cross-Dock Center,North,Chandigarh,India,MGR0090,P00127,Hazardous,15996,37578,34890,92.85,7,6,430,4.49,17,343,Evening,Maintenance,2025-07-27,84.05,24,No,2025-07-22
DC0001,Distribution Center 01,Regional DC,North,Delhi,India,MGR0086,P00056,Cold,5218,60437,35780,59.2,65,51,216,14.86,17,224,Night,Active,2025-07-28,94.62,49,No,2025-07-17
DC0007,Distribution Center 07,Cold Storage DC,South,Bengaluru,India,MGR0008,P00227,Ambient,16130,25313,18049,71.3,66,14,361,9.94,40,356,Night,Active,2025-07-28,81.54,35,No,2025-07-13
DC0016,Distribution Center 16,Fulfillment Center,North,Lucknow,India,MGR0037,P00022,Ambient,9977,100410,75296,74.99,10,24,374,17.54,33,31,Night,Temporarily Closed,2025-07-28,83.24,39,No,2025-07-06
DC0017,Distribution Center 17,Cross-Dock Center,South,Kochi,India,MGR0043,P00189,Ambient,2131,75652,54912,72.58,38,83,420,1.67,17,275,Night,Maintenance,2025-07-28,72.66,10,No,2025-07-01
DC0017,Distribution Center 17,Cold Storage DC,South,Kochi,India,MGR0050,P00236,Ambient,6558,24466,18445,75.39,6,22,265,2.8,40,49,Evening,Active,2025-07-28,92.93,41,No,2025-07-13
DC0021,Distribution Center 21,Cross-Dock Center,North,Delhi,India,MGR0079,P00191,Ambient,15309,64513,28017,43.43,26,52,184,2.44,49,393,Evening,Active,2025-07-28,87.44,33,No,2025-07-08
DC0022,Distribution Center 22,Cold Storage DC,South,Chennai,India,MGR0072,P00170,Ambient,19924,62253,49322,79.23,21,92,97,14.35,30,90,Morning,Maintenance,2025-07-28,94.34,33,No,2025-07-21
DC0001,Distribution Center 01,Cross-Dock Center,North,Delhi,India,MGR0074,P00247,Cold,8210,96636,87206,90.24,64,61,153,17.21,38,237,Evening,Temporarily Closed,2025-07-29,99.31,35,No,2025-07-20
DC0003,Distribution Center 03,Fulfillment Center,East,Kolkata,India,MGR0083,P00063,Ambient,9969,81946,49065,59.87,32,64,166,16.35,42,244,Night,Active,2025-07-29,91.05,32,No,2025-07-27
DC0005,Distribution Center 05,Regional DC,Central,Bhopal,India,MGR0084,P00132,Frozen,18406,95660,87686,91.66,39,75,38,11.08,15,71,Morning,Maintenance,2025-07-29,88.52,24,No,2025-07-14
DC0006,Distribution Center 06,Regional DC,North,Chandigarh,India,MGR0065,P00076,Ambient,24945,84435,39299,46.54,66,16,375,13.34,46,64,Night,Maintenance,2025-07-29,84.59,31,No,2025-07-01
DC0011,Distribution Center 11,Regional DC,North,Jaipur,India,MGR0035,P00176,Cold,7869,28478,14615,51.32,58,85,291,22.62,29,64,Morning,Active,2025-07-29,74.96,6,No,2025-07-17
DC0012,Distribution Center 12,Fulfillment Center,South,Hyderabad,India,MGR0071,P00007,Ambient,16892,84122,51531,61.26,38,22,398,14.07,15,144,Evening,Active,2025-07-29,90.34,10,No,2025-07-18
DC0015,Distribution Center 15,Cross-Dock Center,Central,Indore,India,MGR0004,P00158,Ambient,19410,138490,87543,63.21,25,33,45,23.33,27,286,Night,Active,2025-07-29,97.21,18,No,2025-07-07
DC0018,Distribution Center 18,Cold Storage DC,East,Patna,India,MGR0057,P00127,Ambient,9327,29184,17961,61.54,4,4,144,12.2,15,213,Night,Active,2025-07-29,97.77,14,No,2025-07-10
DC0019,Distribution Center 19,Cold Storage DC,West,Surat,India,MGR0075,P00208,Ambient,10026,74718,19061,25.51,40,25,245,3.9,16,71,Night,Active,2025-07-29,89.36,41,No,2025-07-16
DC0027,Distribution Center 27,Fulfillment Center,South,Bengaluru,India,MGR0089,P00075,Ambient,19432,48111,19109,39.72,21,87,136,1.96,28,36,Evening,Active,2025-07-29,77.77,3,No,2025-07-23
DC0030,Distribution Center 30,Cold Storage DC,Central,Nagpur,India,MGR0039,P00037,Ambient,23640,92375,76778,83.12,59,51,356,5.09,32,266,Night,Maintenance,2025-07-29,80.07,25,No,2025-07-10
DC0030,Distribution Center 30,Cross-Dock Center,Central,Nagpur,India,MGR0100,P00073,Ambient,22163,77479,51970,67.08,33,60,490,22.21,20,111,Evening,Maintenance,2025-07-29,75.73,38,No,2025-07-09
DC0001,Distribution Center 01,Cold Storage DC,North,Delhi,India,MGR0001,P00011,Ambient,12445,29793,14524,48.75,17,41,241,1.85,45,291,Evening,Active,2025-07-30,78.68,22,No,2025-07-02
DC0002,Distribution Center 02,Fulfillment Center,South,Chennai,India,MGR0036,P00180,Ambient,11973,81620,52811,64.7,69,55,323,8.05,49,94,Night,Temporarily Closed,2025-07-30,72.21,7,No,2025-07-14
DC0005,Distribution Center 05,Fulfillment Center,Central,Bhopal,India,MGR0095,P00244,Ambient,1727,69135,37542,54.3,5,14,490,12.95,40,131,Evening,Active,2025-07-30,79.94,34,No,2025-07-04
DC0007,Distribution Center 07,Cold Storage DC,South,Bengaluru,India,MGR0014,P00200,Ambient,4294,71527,59724,83.5,70,24,180,10.47,17,442,Evening,Maintenance,2025-07-30,84.06,45,No,2025-07-29
DC0008,Distribution Center 08,Fulfillment Center,East,Bhubaneswar,India,MGR0082,P00169,Cold,20571,104522,27312,26.13,66,31,65,5.69,23,213,Evening,Maintenance,2025-07-30,84.02,1,No,2025-07-25
DC0008,Distribution Center 08,Regional DC,East,Bhubaneswar,India,MGR0050,P00212,Ambient,16039,127666,59494,46.6,23,32,158,6.34,49,396,Evening,Active,2025-07-30,91.35,9,No,2025-07-07
DC0010,Distribution Center 10,Cross-Dock Center,Central,Nagpur,India,MGR0028,P00091,Ambient,10640,28989,21005,72.46,12,46,62,20.64,22,469,Morning,Active,2025-07-30,76.12,16,No,2025-07-17
DC0014,Distribution Center 14,Cross-Dock Center,West,Ahmedabad,India,MGR0061,P00160,Ambient,14637,25058,23550,93.98,54,34,368,14.31,10,428,Evening,Maintenance,2025-07-30,83.44,43,No,2025-07-03
DC0016,Distribution Center 16,Cold Storage DC,North,Lucknow,India,MGR0059,P00048,Ambient,531,33716,12420,36.84,33,16,129,4.27,4,219,Evening,Temporarily Closed,2025-07-30,77.14,27,No,2025-07-07
DC0020,Distribution Center 20,Cross-Dock Center,Central,Raipur,India,MGR0063,P00100,Ambient,19389,75566,70420,93.19,70,92,65,10.61,22,400,Night,Maintenance,2025-07-30,81.32,41,No,2025-07-30
DC0024,Distribution Center 24,Cross-Dock Center,West,Mumbai,India,MGR0015,P00110,Ambient,22544,120998,96489,79.74,68,32,230,19.18,36,406,Night,Active,2025-07-30,86.65,22,No,2025-07-09
DC0024,Distribution Center 24,Cold Storage DC,West,Mumbai,India,MGR0081,P00162,Frozen,23186,81869,59557,72.75,0,26,480,15.47,38,386,Night,Active,2025-07-30,84.73,36,No,2025-07-11
DC0006,Distribution Center 06,Regional DC,North,Chandigarh,India,MGR0085,P00162,Hazardous,2407,104298,100672,96.52,20,90,265,21.35,11,115,Morning,Active,2025-07-31,85.84,3,No,2025-07-19
DC0010,Distribution Center 10,Fulfillment Center,Central,Nagpur,India,MGR0031,P00227,Cold,24680,130534,101190,77.52,71,47,379,18.37,15,239,Evening,Active,2025-07-31,79.67,26,No,2025-07-25
DC0014,Distribution Center 14,Cross-Dock Center,West,Ahmedabad,India,MGR0076,P00176,Cold,18029,94166,84732,89.98,73,86,50,20.98,25,92,Night,Active,2025-07-31,89.65,2,No,2025-07-03
DC0024,Distribution Center 24,Cross-Dock Center,West,Mumbai,India,MGR0088,P00104,Ambient,19139,52233,46185,88.42,9,47,360,7.99,17,137,Evening,Active,2025-07-31,93.63,22,No,2025-07-28
DC0029,Distribution Center 29,Cross-Dock Center,West,Pune,India,MGR0006,P00179,Cold,9256,110352,61424,55.66,26,64,308,3.78,6,190,Night,Maintenance,2025-07-31,74.33,32,No,2025-07-16
DC0011,Distribution Center 11,Fulfillment Center,North,Jaipur,India,MGR0098,P00117,Ambient,17260,70242,64331,91.58,15,62,312,14.0,50,348,Night,Maintenance,2025-08-01,88.88,35,No,2025-07-14
DC0017,Distribution Center 17,Regional DC,South,Kochi,India,MGR0015,P00074,Frozen,12092,89295,50152,56.16,2,90,124,11.76,38,206,Evening,Temporarily Closed,2025-08-01,89.19,19,No,2025-07-11
DC0019,Distribution Center 19,Fulfillment Center,West,Surat,India,MGR0026,P00026,Ambient,11912,26118,24776,94.86,24,84,175,21.66,31,121,Morning,Temporarily Closed,2025-08-01,72.21,43,No,2025-07-21
DC0022,Distribution Center 22,Regional DC,South,Chennai,India,MGR0001,P00182,Cold,12183,80259,60259,75.08,25,53,137,10.67,46,238,Morning,Maintenance,2025-08-01,82.08,3,No,2025-07-04
DC0022,Distribution Center 22,Fulfillment Center,South,Chennai,India,MGR0082,P00185,Cold,1030,108579,29279,26.97,72,54,413,18.44,42,94,Night,Temporarily Closed,2025-08-01,82.05,40,No,2025-07-18
DC0025,Distribution Center 25,Cross-Dock Center,Central,Bhopal,India,MGR0012,P00143,Ambient,11524,139856,93541,66.88,40,58,366,19.07,23,342,Night,Temporarily Closed,2025-08-01,94.15,35,No,2025-07-29
DC0027,Distribution Center 27,Cold Storage DC,South,Bengaluru,India,MGR0048,P00153,Cold,22781,97233,28635,29.45,25,57,250,18.86,22,337,Evening,Active,2025-08-01,72.12,38,No,2025-07-14
DC0028,Distribution Center 28,Regional DC,East,Bhubaneswar,India,MGR0003,P00195,Ambient,6440,118924,114894,96.61,47,46,432,14.82,9,374,Night,Temporarily Closed,2025-08-01,88.61,20,No,2025-07-21
DC0029,Distribution Center 29,Fulfillment Center,West,Pune,India,MGR0011,P00030,Ambient,2618,107794,103539,96.05,62,71,297,2.33,11,282,Night,Temporarily Closed,2025-08-01,99.28,31,No,2025-07-08
DC0003,Distribution Center 03,Fulfillment Center,East,Kolkata,India,MGR0085,P00037,Ambient,24986,24586,15177,61.73,6,63,38,16.47,38,334,Morning,Maintenance,2025-08-02,72.16,42,No,2025-07-28
DC0006,Distribution Center 06,Cross-Dock Center,North,Chandigarh,India,MGR0075,P00078,Ambient,4773,34177,22131,64.75,76,7,220,19.59,11,243,Morning,Temporarily Closed,2025-08-02,74.52,36,No,2025-07-11
DC0006,Distribution Center 06,Regional DC,North,Chandigarh,India,MGR0040,P00242,Ambient,7466,66960,63592,94.97,14,66,306,2.01,13,251,Night,Active,2025-08-02,80.11,19,No,2025-07-06
DC0008,Distribution Center 08,Fulfillment Center,East,Bhubaneswar,India,MGR0018,P00123,Cold,13281,95732,29671,30.99,23,56,381,6.54,26,332,Evening,Temporarily Closed,2025-08-02,81.56,33,No,2025-07-10
DC0012,Distribution Center 12,Cold Storage DC,South,Hyderabad,India,MGR0041,P00250,Ambient,16525,61023,44308,72.61,50,71,294,21.72,4,348,Morning,Active,2025-08-02,86.24,32,No,2025-07-29
DC0020,Distribution Center 20,Cold Storage DC,Central,Raipur,India,MGR0076,P00021,Ambient,10919,61613,33328,54.09,26,9,293,11.87,10,220,Morning,Active,2025-08-02,93.05,16,No,2025-07-16
DC0022,Distribution Center 22,Cross-Dock Center,South,Chennai,India,MGR0075,P00211,Frozen,17434,122813,104881,85.4,20,5,242,8.3,45,25,Morning,Temporarily Closed,2025-08-02,86.31,10,No,2025-07-19
DC0023,Distribution Center 23,Cold Storage DC,East,Kolkata,India,MGR0011,P00208,Cold,9126,111524,68641,61.55,77,80,73,12.3,13,296,Morning,Active,2025-08-02,86.11,17,No,2025-07-05
DC0025,Distribution Center 25,Regional DC,Central,Bhopal,India,MGR0019,P00085,Ambient,24222,90922,86895,95.57,5,54,5,21.98,38,447,Morning,Temporarily Closed,2025-08-02,95.75,42,No,2025-07-09
DC0027,Distribution Center 27,Regional DC,South,Bengaluru,India,MGR0074,P00148,Ambient,3933,117754,51857,44.04,58,85,186,4.0,46,128,Morning,Active,2025-08-02,83.39,25,No,2025-07-13
DC0001,Distribution Center 01,Fulfillment Center,North,Delhi,India,MGR0012,P00026,Ambient,21193,93947,79289,84.4,59,50,259,22.81,46,368,Night,Active,2025-08-03,80.26,20,No,2025-08-03
DC0007,Distribution Center 07,Cold Storage DC,South,Bengaluru,India,MGR0028,P00059,Ambient,5973,27394,14055,51.31,22,28,354,17.3,28,233,Night,Active,2025-08-03,74.91,18,No,2025-08-03
DC0007,Distribution Center 07,Fulfillment Center,South,Bengaluru,India,MGR0048,P00092,Ambient,5562,81333,27424,33.72,18,15,464,21.77,21,166,Evening,Active,2025-08-03,94.65,47,No,2025-07-19
DC0010,Distribution Center 10,Regional DC,Central,Nagpur,India,MGR0091,P00021,Cold,15744,145704,103681,71.16,19,78,148,15.31,48,273,Night,Active,2025-08-03,99.64,38,No,2025-07-24
DC0018,Distribution Center 18,Cross-Dock Center,East,Patna,India,MGR0098,P00092,Frozen,10870,51023,38551,75.56,5,40,332,2.2,38,349,Evening,Active,2025-08-03,79.91,29,No,2025-07-27
DC0018,Distribution Center 18,Fulfillment Center,East,Patna,India,MGR0035,P00235,Ambient,4444,88173,60314,68.4,11,20,230,13.73,46,82,Evening,Active,2025-08-03,77.0,27,No,2025-07-07
DC0019,Distribution Center 19,Cross-Dock Center,West,Surat,India,MGR0075,P00176,Ambient,24584,110990,104352,94.02,16,54,47,1.82,18,365,Night,Active,2025-08-03,88.45,19,No,2025-07-20
DC0003,Distribution Center 03,Cross-Dock Center,East,Kolkata,India,MGR0044,P00176,Ambient,18223,102510,70018,68.3,53,97,62,15.28,42,290,Evening,Active,2025-08-04,73.98,23,No,2025-07-05
DC0009,Distribution Center 09,Cold Storage DC,West,Pune,India,MGR0089,P00045,Frozen,22690,105623,98068,92.85,25,27,11,4.79,24,245,Night,Temporarily Closed,2025-08-04,95.8,25,No,2025-07-25
DC0010,Distribution Center 10,Regional DC,Central,Nagpur,India,MGR0080,P00205,Frozen,15312,37797,18502,48.95,37,50,462,4.37,21,71,Night,Active,2025-08-04,78.15,40,No,2025-07-20
DC0019,Distribution Center 19,Regional DC,West,Surat,India,MGR0045,P00140,Hazardous,22152,59176,40190,67.92,51,89,90,12.26,34,279,Night,Active,2025-08-04,89.94,0,No,2025-07-22
DC0023,Distribution Center 23,Cross-Dock Center,East,Kolkata,India,MGR0086,P00001,Ambient,7852,100619,47340,47.05,78,9,239,21.12,20,277,Morning,Active,2025-08-04,72.93,14,No,2025-07-15
DC0024,Distribution Center 24,Cross-Dock Center,West,Mumbai,India,MGR0070,P00001,Ambient,9154,73357,26687,36.38,36,85,105,7.74,49,438,Morning,Temporarily Closed,2025-08-04,96.64,35,No,2025-07-23
DC0024,Distribution Center 24,Fulfillment Center,West,Mumbai,India,MGR0099,P00022,Ambient,15690,46993,34836,74.13,62,11,0,8.79,28,151,Evening,Active,2025-08-04,72.18,48,No,2025-07-20
DC0026,Distribution Center 26,Regional DC,North,Chandigarh,India,MGR0040,P00173,Ambient,1174,81435,74743,91.78,48,24,229,14.32,10,258,Night,Active,2025-08-04,89.64,0,No,2025-07-11
DC0026,Distribution Center 26,Fulfillment Center,North,Chandigarh,India,MGR0056,P00217,Ambient,21260,33683,19547,58.03,43,80,200,21.92,18,391,Evening,Active,2025-08-04,83.42,24,No,2025-07-27
DC0029,Distribution Center 29,Fulfillment Center,West,Pune,India,MGR0015,P00072,Ambient,7985,56850,24164,42.5,17,57,367,22.93,33,45,Night,Maintenance,2025-08-04,88.63,4,No,2025-07-24
DC0001,Distribution Center 01,Cross-Dock Center,North,Delhi,India,MGR0094,P00094,Ambient,20341,136340,113285,83.09,65,79,93,6.97,25,336,Night,Active,2025-08-05,88.25,2,No,2025-07-14
DC0009,Distribution Center 09,Regional DC,West,Pune,India,MGR0082,P00237,Ambient,18796,87045,67691,77.77,43,57,395,17.34,20,124,Morning,Active,2025-08-05,79.39,12,No,2025-07-11
DC0012,Distribution Center 12,Regional DC,South,Hyderabad,India,MGR0095,P00249,Hazardous,4346,85598,67625,79.0,64,4,287,1.69,6,425,Evening,Active,2025-08-05,85.23,28,No,2025-07-06
DC0014,Distribution Center 14,Fulfillment Center,West,Ahmedabad,India,MGR0033,P00212,Hazardous,12152,77046,41851,54.32,75,9,17,11.44,21,103,Night,Temporarily Closed,2025-08-05,96.16,14,No,2025-07-15
DC0028,Distribution Center 28,Cold Storage DC,East,Bhubaneswar,India,MGR0030,P00001,Ambient,24944,85841,73384,85.49,21,34,438,9.09,46,204,Evening,Maintenance,2025-08-05,90.01,45,No,2025-07-14
DC0002,Distribution Center 02,Regional DC,South,Chennai,India,MGR0071,P00128,Cold,13366,122599,43143,35.19,48,93,231,12.08,10,367,Night,Active,2025-08-06,88.73,38,No,2025-07-31
DC0009,Distribution Center 09,Fulfillment Center,West,Pune,India,MGR0079,P00104,Ambient,23459,130784,112177,85.77,51,67,53,10.45,20,60,Evening,Temporarily Closed,2025-08-06,89.49,31,No,2025-08-06
DC0010,Distribution Center 10,Regional DC,Central,Nagpur,India,MGR0091,P00200,Frozen,19310,81224,69931,86.1,58,52,28,14.92,16,397,Morning,Maintenance,2025-08-06,80.2,23,No,2025-07-15
DC0012,Distribution Center 12,Fulfillment Center,South,Hyderabad,India,MGR0012,P00079,Ambient,9777,123419,71961,58.31,16,60,243,6.38,6,76,Evening,Active,2025-08-06,93.77,0,No,2025-07-20
DC0020,Distribution Center 20,Cross-Dock Center,Central,Raipur,India,MGR0025,P00241,Cold,19166,73931,33351,45.11,45,44,124,5.48,14,290,Morning,Active,2025-08-06,87.91,20,No,2025-07-30
DC0029,Distribution Center 29,Regional DC,West,Pune,India,MGR0015,P00049,Ambient,3819,91280,69481,76.12,63,92,128,17.12,22,251,Morning,Maintenance,2025-08-06,78.17,29,No,2025-07-29
DC0030,Distribution Center 30,Regional DC,Central,Nagpur,India,MGR0026,P00210,Cold,15745,82556,25809,31.26,73,32,197,14.37,47,265,Evening,Temporarily Closed,2025-08-06,72.49,39,No,2025-07-10
DC0001,Distribution Center 01,Regional DC,North,Delhi,India,MGR0028,P00090,Ambient,10551,59190,22821,38.56,65,73,153,22.98,8,347,Night,Active,2025-08-07,94.07,27,No,2025-07-27
DC0004,Distribution Center 04,Cold Storage DC,West,Mumbai,India,MGR0042,P00248,Ambient,4358,80757,49587,61.4,32,68,346,9.16,12,253,Night,Temporarily Closed,2025-08-07,78.62,27,No,2025-08-06
DC0007,Distribution Center 07,Cold Storage DC,South,Bengaluru,India,MGR0093,P00072,Ambient,9144,117589,38156,32.45,30,29,30,19.23,36,40,Night,Temporarily Closed,2025-08-07,73.96,32,No,2025-07-23
DC0010,Distribution Center 10,Cross-Dock Center,Central,Nagpur,India,MGR0069,P00108,Frozen,2141,110990,106845,96.27,10,48,347,16.2,32,145,Morning,Maintenance,2025-08-07,92.61,49,No,2025-08-07
DC0014,Distribution Center 14,Regional DC,West,Ahmedabad,India,MGR0009,P00030,Hazardous,24217,99440,28768,28.93,60,74,278,12.15,43,26,Evening,Maintenance,2025-08-07,93.08,26,No,2025-08-07
DC0021,Distribution Center 21,Regional DC,North,Delhi,India,MGR0078,P00021,Hazardous,12918,24850,20478,82.41,30,63,499,4.08,12,418,Morning,Active,2025-08-07,76.48,0,No,2025-08-01
DC0023,Distribution Center 23,Regional DC,East,Kolkata,India,MGR0079,P00178,Ambient,8635,103664,98640,95.15,59,24,377,23.75,21,392,Evening,Maintenance,2025-08-07,74.15,12,No,2025-07-25
DC0029,Distribution Center 29,Cross-Dock Center,West,Pune,India,MGR0088,P00011,Hazardous,17567,132330,61684,46.61,31,28,41,9.47,48,356,Morning,Maintenance,2025-08-07,75.71,16,No,2025-07-24
DC0030,Distribution Center 30,Regional DC,Central,Nagpur,India,MGR0040,P00104,Frozen,12193,42006,36983,88.04,20,8,112,19.83,17,345,Morning,Maintenance,2025-08-07,76.64,20,No,2025-07-25
DC0002,Distribution Center 02,Regional DC,South,Chennai,India,MGR0065,P00056,Frozen,10354,99079,75842,76.55,29,21,349,4.4,41,365,Evening,Active,2025-08-08,89.57,10,No,2025-07-31
DC0006,Distribution Center 06,Regional DC,North,Chandigarh,India,MGR0073,P00013,Ambient,6511,131143,90071,68.68,19,96,48,14.2,19,76,Morning,Maintenance,2025-08-08,84.21,13,No,2025-07-20
DC0006,Distribution Center 06,Cold Storage DC,North,Chandigarh,India,MGR0030,P00164,Ambient,11487,36132,30561,84.58,58,37,399,16.32,28,249,Evening,Maintenance,2025-08-08,86.61,1,No,2025-07-17
DC0008,Distribution Center 08,Fulfillment Center,East,Bhubaneswar,India,MGR0058,P00166,Ambient,14484,70670,29689,42.01,63,36,286,10.03,19,302,Morning,Active,2025-08-08,98.15,22,No,2025-07-09
DC0009,Distribution Center 09,Cold Storage DC,West,Pune,India,MGR0070,P00198,Cold,12239,110765,102389,92.44,9,39,384,22.29,16,306,Night,Temporarily Closed,2025-08-08,84.96,37,No,2025-07-09
DC0016,Distribution Center 16,Fulfillment Center,North,Lucknow,India,MGR0052,P00086,Frozen,21211,36296,31525,86.86,67,69,100,10.8,7,455,Evening,Active,2025-08-08,90.8,12,No,2025-07-21
DC0017,Distribution Center 17,Regional DC,South,Kochi,India,MGR0081,P00054,Frozen,16815,81859,42207,51.56,42,17,348,20.26,15,46,Night,Active,2025-08-08,92.02,23,No,2025-08-02
DC0026,Distribution Center 26,Cold Storage DC,North,Chandigarh,India,MGR0048,P00205,Ambient,13563,108932,97912,89.88,36,23,6,19.87,42,142,Morning,Active,2025-08-08,95.17,44,No,2025-08-08
DC0004,Distribution Center 04,Fulfillment Center,West,Mumbai,India,MGR0063,P00074,Ambient,5867,30173,14132,46.84,44,13,171,18.47,29,177,Evening,Temporarily Closed,2025-08-09,79.75,22,No,2025-07-27
DC0005,Distribution Center 05,Cross-Dock Center,Central,Bhopal,India,MGR0087,P00003,Ambient,22397,110998,90434,81.47,32,15,465,13.84,46,357,Night,Active,2025-08-09,85.84,33,No,2025-07-18
DC0005,Distribution Center 05,Regional DC,Central,Bhopal,India,MGR0066,P00246,Frozen,11576,51867,21500,41.45,27,7,376,11.69,41,126,Evening,Temporarily Closed,2025-08-09,73.81,6,No,2025-08-09
DC0020,Distribution Center 20,Fulfillment Center,Central,Raipur,India,MGR0041,P00148,Cold,12642,59233,16639,28.09,9,39,104,18.14,4,170,Evening,Active,2025-08-09,82.35,0,No,2025-07-12
DC0021,Distribution Center 21,Fulfillment Center,North,Delhi,India,MGR0018,P00240,Ambient,3183,27767,15514,55.87,41,58,239,11.2,48,85,Night,Active,2025-08-09,89.2,4,No,2025-07-24
DC0027,Distribution Center 27,Cold Storage DC,South,Bengaluru,India,MGR0056,P00130,Ambient,19530,78345,38683,49.38,47,52,430,1.82,19,206,Night,Maintenance,2025-08-09,95.69,1,No,2025-07-11
DC0001,Distribution Center 01,Cross-Dock Center,North,Delhi,India,MGR0021,P00093,Ambient,23993,125454,92603,73.81,55,24,455,18.16,23,417,Morning,Maintenance,2025-08-10,89.84,49,No,2025-07-26
DC0007,Distribution Center 07,Regional DC,South,Bengaluru,India,MGR0031,P00003,Ambient,8603,58392,29899,51.2,34,36,196,13.96,8,181,Night,Active,2025-08-10,82.12,34,No,2025-07-25
DC0008,Distribution Center 08,Cold Storage DC,East,Bhubaneswar,India,MGR0024,P00206,Frozen,7160,112206,103875,92.58,3,10,215,13.02,27,182,Morning,Active,2025-08-10,86.51,10,No,2025-07-23
DC0009,Distribution Center 09,Cold Storage DC,West,Pune,India,MGR0048,P00217,Ambient,21442,104842,78090,74.48,62,2,368,20.31,21,46,Night,Maintenance,2025-08-10,76.76,19,No,2025-07-27
DC0012,Distribution Center 12,Cold Storage DC,South,Hyderabad,India,MGR0073,P00075,Ambient,21582,66338,63881,96.3,7,31,453,12.75,42,462,Evening,Maintenance,2025-08-10,98.76,30,No,2025-07-22
DC0029,Distribution Center 29,Cold Storage DC,West,Pune,India,MGR0096,P00194,Ambient,4853,104721,44950,42.92,50,51,42,22.41,19,355,Night,Maintenance,2025-08-10,99.4,18,No,2025-07-14
DC0030,Distribution Center 30,Regional DC,Central,Nagpur,India,MGR0080,P00195,Cold,3457,98332,46332,47.12,70,89,147,5.65,32,252,Evening,Active,2025-08-10,79.04,2,No,2025-08-10
DC0008,Distribution Center 08,Cold Storage DC,East,Bhubaneswar,India,MGR0043,P00120,Ambient,21165,148947,84529,56.75,75,87,253,18.04,12,497,Morning,Active,2025-08-11,73.0,16,No,2025-07-16
DC0008,Distribution Center 08,Cross-Dock Center,East,Bhubaneswar,India,MGR0061,P00213,Ambient,6707,39229,28260,72.04,40,24,394,23.51,18,245,Evening,Active,2025-08-11,96.41,42,No,2025-08-10
DC0008,Distribution Center 08,Fulfillment Center,East,Bhubaneswar,India,MGR0094,P00243,Hazardous,15278,36092,18228,50.5,79,27,403,3.37,7,456,Night,Temporarily Closed,2025-08-11,82.97,35,No,2025-08-05
DC0011,Distribution Center 11,Cross-Dock Center,North,Jaipur,India,MGR0061,P00166,Ambient,9825,84208,72449,86.04,72,26,349,19.67,21,191,Evening,Active,2025-08-11,95.91,8,No,2025-07-31
DC0012,Distribution Center 12,Regional DC,South,Hyderabad,India,MGR0025,P00186,Cold,15254,60573,25353,41.86,71,8,428,13.9,42,181,Morning,Active,2025-08-11,92.56,20,No,2025-07-22
DC0030,Distribution Center 30,Regional DC,Central,Nagpur,India,MGR0001,P00122,Frozen,2783,48837,20865,42.72,17,74,8,7.46,4,371,Night,Active,2025-08-11,89.76,44,No,2025-08-01
DC0002,Distribution Center 02,Cold Storage DC,South,Chennai,India,MGR0077,P00233,Ambient,589,125019,76049,60.83,27,56,367,21.88,50,93,Evening,Temporarily Closed,2025-08-12,91.86,26,No,2025-08-11
DC0003,Distribution Center 03,Regional DC,East,Kolkata,India,MGR0055,P00240,Cold,16326,116798,37174,31.83,59,62,122,10.63,45,93,Night,Active,2025-08-12,98.09,31,No,2025-07-13
DC0015,Distribution Center 15,Cold Storage DC,Central,Indore,India,MGR0012,P00007,Ambient,3303,84668,82690,97.66,59,65,188,15.54,38,358,Night,Maintenance,2025-08-12,93.33,41,No,2025-08-12
DC0030,Distribution Center 30,Cold Storage DC,Central,Nagpur,India,MGR0070,P00250,Ambient,2949,112451,67970,60.44,30,37,89,20.63,23,350,Night,Active,2025-08-12,89.08,28,No,2025-08-01
DC0001,Distribution Center 01,Regional DC,North,Delhi,India,MGR0023,P00171,Cold,14457,40936,38364,93.72,46,87,444,12.72,15,234,Evening,Active,2025-08-13,80.23,7,No,2025-08-01
DC0001,Distribution Center 01,Cross-Dock Center,North,Delhi,India,MGR0011,P00172,Frozen,11786,59327,34762,58.59,9,55,309,17.11,43,185,Night,Active,2025-08-13,94.67,23,No,2025-07-24
DC0001,Distribution Center 01,Regional DC,North,Delhi,India,MGR0026,P00240,Ambient,12829,115561,39998,34.61,75,11,349,7.54,34,328,Night,Active,2025-08-13,88.74,36,No,2025-08-12
DC0003,Distribution Center 03,Regional DC,East,Kolkata,India,MGR0056,P00141,Ambient,6782,68322,54707,80.07,25,0,217,1.61,28,467,Evening,Maintenance,2025-08-13,76.52,49,No,2025-07-23
DC0004,Distribution Center 04,Fulfillment Center,West,Mumbai,India,MGR0008,P00045,Hazardous,19344,37163,36178,97.35,22,38,87,13.55,7,74,Morning,Active,2025-08-13,75.23,17,No,2025-07-24
DC0004,Distribution Center 04,Cross-Dock Center,West,Mumbai,India,MGR0071,P00088,Ambient,8281,86499,55250,63.87,20,26,277,10.8,37,21,Evening,Active,2025-08-13,99.53,20,No,2025-08-05
DC0004,Distribution Center 04,Cold Storage DC,West,Mumbai,India,MGR0070,P00179,Cold,11308,52112,15624,29.98,14,72,24,13.17,7,72,Night,Active,2025-08-13,82.37,6,No,2025-08-01
DC0012,Distribution Center 12,Cold Storage DC,South,Hyderabad,India,MGR0080,P00193,Ambient,7612,93682,72640,77.54,71,88,404,2.25,7,268,Night,Active,2025-08-13,87.5,25,No,2025-07-20
DC0014,Distribution Center 14,Fulfillment Center,West,Ahmedabad,India,MGR0031,P00203,Cold,8296,76880,49521,64.41,48,80,335,21.98,25,152,Night,Active,2025-08-13,85.08,44,No,2025-07-25
DC0017,Distribution Center 17,Cross-Dock Center,South,Kochi,India,MGR0063,P00126,Cold,18182,35986,27399,76.14,40,86,408,14.66,34,84,Night,Active,2025-08-13,77.42,8,No,2025-07-28
DC0001,Distribution Center 01,Cross-Dock Center,North,Delhi,India,MGR0055,P00162,Ambient,19487,21201,15836,74.69,40,71,272,7.05,7,454,Night,Temporarily Closed,2025-08-14,78.32,20,No,2025-08-02
DC0007,Distribution Center 07,Cold Storage DC,South,Bengaluru,India,MGR0085,P00008,Ambient,17874,63433,25712,40.53,79,96,35,11.82,50,177,Morning,Active,2025-08-14,79.36,49,No,2025-07-28
DC0007,Distribution Center 07,Cross-Dock Center,South,Bengaluru,India,MGR0084,P00090,Ambient,8539,122177,55313,45.27,53,36,345,21.9,15,128,Evening,Active,2025-08-14,89.55,10,No,2025-07-29
DC0011,Distribution Center 11,Cold Storage DC,North,Jaipur,India,MGR0061,P00109,Ambient,10807,38430,10328,26.87,70,76,365,21.5,18,20,Morning,Active,2025-08-14,99.54,44,No,2025-07-20
DC0011,Distribution Center 11,Fulfillment Center,North,Jaipur,India,MGR0035,P00125,Ambient,7258,126090,83568,66.28,78,64,329,2.53,4,193,Evening,Active,2025-08-14,86.06,14,No,2025-08-05
DC0016,Distribution Center 16,Fulfillment Center,North,Lucknow,India,MGR0069,P00107,Ambient,2210,89437,26189,29.28,73,39,97,11.96,50,118,Night,Active,2025-08-14,75.77,48,No,2025-08-05
DC0021,Distribution Center 21,Fulfillment Center,North,Delhi,India,MGR0086,P00055,Frozen,9044,60242,45422,75.4,45,99,482,22.68,16,497,Night,Active,2025-08-14,74.11,43,No,2025-08-03
DC0026,Distribution Center 26,Fulfillment Center,North,Chandigarh,India,MGR0030,P00174,Hazardous,4713,20578,11884,57.75,51,18,111,20.72,23,463,Night,Maintenance,2025-08-14,88.86,15,No,2025-08-10
DC0029,Distribution Center 29,Cross-Dock Center,West,Pune,India,MGR0004,P00167,Hazardous,10457,38519,23827,61.86,27,71,16,15.8,16,233,Night,Active,2025-08-14,75.65,3,No,2025-08-11
DC0001,Distribution Center 01,Fulfillment Center,North,Delhi,India,MGR0054,P00172,Ambient,13046,71996,25127,34.9,53,61,53,8.91,32,92,Evening,Active,2025-08-15,89.93,40,No,2025-07-21
DC0006,Distribution Center 06,Regional DC,North,Chandigarh,India,MGR0087,P00020,Ambient,9911,79965,75566,94.5,58,21,6,22.7,26,218,Evening,Active,2025-08-15,88.27,49,No,2025-08-10
DC0008,Distribution Center 08,Fulfillment Center,East,Bhubaneswar,India,MGR0001,P00181,Ambient,1748,126130,57846,45.86,46,27,1,6.99,43,458,Morning,Temporarily Closed,2025-08-15,97.9,49,No,2025-07-31
DC0015,Distribution Center 15,Cross-Dock Center,Central,Indore,India,MGR0024,P00095,Ambient,16879,47226,24140,51.12,45,65,69,16.55,42,403,Night,Maintenance,2025-08-15,98.15,17,No,2025-07-30
DC0020,Distribution Center 20,Fulfillment Center,Central,Raipur,India,MGR0077,P00109,Ambient,327,131666,64130,48.71,28,42,82,20.05,33,343,Evening,Active,2025-08-15,76.83,4,Yes,2025-07-16
DC0022,Distribution Center 22,Cross-Dock Center,South,Chennai,India,MGR0073,P00210,Frozen,3793,65033,62585,96.24,36,85,238,18.98,49,333,Evening,Active,2025-08-15,90.81,35,No,2025-08-03
DC0026,Distribution Center 26,Cold Storage DC,North,Chandigarh,India,MGR0088,P00097,Ambient,13088,147499,131992,89.49,55,6,466,10.64,5,99,Night,Temporarily Closed,2025-08-15,98.67,31,No,2025-08-13
DC0026,Distribution Center 26,Regional DC,North,Chandigarh,India,MGR0069,P00128,Ambient,5524,42382,13772,32.49,8,64,245,16.97,50,457,Night,Maintenance,2025-08-15,94.72,45,No,2025-07-23
DC0028,Distribution Center 28,Fulfillment Center,East,Bhubaneswar,India,MGR0014,P00023,Ambient,7623,58095,19904,34.26,68,77,104,21.52,45,348,Morning,Active,2025-08-15,75.14,32,No,2025-07-18
DC0006,Distribution Center 06,Regional DC,North,Chandigarh,India,MGR0060,P00123,Cold,7580,138559,113223,81.71,44,4,229,23.92,14,453,Night,Maintenance,2025-08-16,73.14,15,No,2025-07-25
DC0006,Distribution Center 06,Fulfillment Center,North,Chandigarh,India,MGR0052,P00129,Ambient,1819,93359,47655,51.04,73,33,485,16.16,44,403,Morning,Temporarily Closed,2025-08-16,92.38,39,No,2025-07-25
DC0018,Distribution Center 18,Regional DC,East,Patna,India,MGR0032,P00195,Cold,15725,48665,17567,36.1,46,89,434,14.45,18,224,Night,Active,2025-08-16,76.32,23,No,2025-07-18
DC0028,Distribution Center 28,Cold Storage DC,East,Bhubaneswar,India,MGR0050,P00131,Cold,12313,84553,43881,51.9,77,21,14,9.02,23,73,Night,Active,2025-08-16,80.85,34,No,2025-08-06
DC0028,Distribution Center 28,Cold Storage DC,East,Bhubaneswar,India,MGR0051,P00216,Ambient,16117,97415,48166,49.44,47,94,232,14.45,10,301,Night,Active,2025-08-16,95.78,3,No,2025-08-02
DC0029,Distribution Center 29,Cold Storage DC,West,Pune,India,MGR0087,P00125,Ambient,19257,128670,67287,52.29,79,75,478,5.29,11,27,Morning,Active,2025-08-16,88.24,20,No,2025-08-05
DC0005,Distribution Center 05,Regional DC,Central,Bhopal,India,MGR0013,P00078,Hazardous,11751,40655,21850,53.74,16,34,136,4.24,10,65,Night,Active,2025-08-17,97.15,27,No,2025-08-11
DC0014,Distribution Center 14,Fulfillment Center,West,Ahmedabad,India,MGR0065,P00115,Ambient,22621,122643,60550,49.37,16,93,396,6.91,6,248,Morning,Active,2025-08-17,97.03,17,No,2025-08-15
DC0014,Distribution Center 14,Fulfillment Center,West,Ahmedabad,India,MGR0013,P00131,Hazardous,24692,30256,20696,68.4,8,24,338,16.13,4,191,Morning,Maintenance,2025-08-17,92.98,46,No,2025-07-31
DC0019,Distribution Center 19,Cross-Dock Center,West,Surat,India,MGR0038,P00180,Ambient,24478,63066,46068,73.05,14,50,372,4.12,49,348,Night,Active,2025-08-17,85.78,9,No,2025-07-31
DC0006,Distribution Center 06,Regional DC,North,Chandigarh,India,MGR0075,P00200,Hazardous,13378,25256,14160,56.07,55,31,348,2.6,25,397,Morning,Active,2025-08-18,79.65,40,No,2025-07-22
DC0010,Distribution Center 10,Cold Storage DC,Central,Nagpur,India,MGR0066,P00077,Ambient,13920,45859,41116,89.66,54,28,268,18.65,34,385,Night,Active,2025-08-18,89.7,43,No,2025-08-07
DC0013,Distribution Center 13,Fulfillment Center,East,Guwahati,India,MGR0058,P00025,Ambient,9494,141138,45890,32.51,45,48,18,20.49,39,157,Night,Active,2025-08-18,83.71,24,No,2025-07-19
DC0013,Distribution Center 13,Cold Storage DC,East,Guwahati,India,MGR0045,P00156,Ambient,23327,79512,20468,25.74,76,76,257,15.45,50,328,Morning,Maintenance,2025-08-18,98.62,47,No,2025-07-31
DC0016,Distribution Center 16,Regional DC,North,Lucknow,India,MGR0090,P00174,Ambient,12205,104625,39695,37.94,0,81,9,2.99,43,264,Evening,Maintenance,2025-08-18,93.83,25,No,2025-08-07
DC0023,Distribution Center 23,Fulfillment Center,East,Kolkata,India,MGR0055,P00145,Ambient,21229,81903,31224,38.12,34,6,461,21.25,22,328,Evening,Temporarily Closed,2025-08-18,93.06,11,No,2025-07-21
DC0026,Distribution Center 26,Cold Storage DC,North,Chandigarh,India,MGR0048,P00146,Ambient,11940,42939,40581,94.51,8,63,34,18.85,50,481,Night,Temporarily Closed,2025-08-18,96.0,21,No,2025-07-26
DC0027,Distribution Center 27,Cold Storage DC,South,Bengaluru,India,MGR0067,P00091,Ambient,20090,137059,124470,90.81,19,13,426,22.67,15,405,Morning,Maintenance,2025-08-18,93.78,2,No,2025-07-26
DC0004,Distribution Center 04,Cold Storage DC,West,Mumbai,India,MGR0100,P00239,Ambient,10691,87026,74501,85.61,16,85,453,17.83,39,23,Evening,Active,2025-08-19,78.87,7,No,2025-07-20
DC0007,Distribution Center 07,Cross-Dock Center,South,Bengaluru,India,MGR0095,P00151,Frozen,1063,24698,18074,73.18,12,62,259,17.96,23,212,Morning,Maintenance,2025-08-19,96.93,46,No,2025-08-07
DC0009,Distribution Center 09,Fulfillment Center,West,Pune,India,MGR0021,P00219,Ambient,4378,55287,46298,83.74,74,60,277,6.51,31,155,Evening,Active,2025-08-19,99.32,17,No,2025-07-29
DC0011,Distribution Center 11,Cross-Dock Center,North,Jaipur,India,MGR0032,P00043,Ambient,16429,65864,32419,49.22,52,98,152,8.59,23,156,Evening,Temporarily Closed,2025-08-19,77.4,17,No,2025-08-17
DC0023,Distribution Center 23,Cold Storage DC,East,Kolkata,India,MGR0016,P00138,Cold,11453,105395,89765,85.17,7,23,33,21.35,14,135,Morning,Active,2025-08-19,98.93,8,No,2025-07-27
DC0030,Distribution Center 30,Fulfillment Center,Central,Nagpur,India,MGR0076,P00241,Ambient,13427,143798,44265,30.78,45,16,455,11.62,17,278,Night,Active,2025-08-19,80.36,49,No,2025-08-14
DC0002,Distribution Center 02,Regional DC,South,Chennai,India,MGR0041,P00165,Ambient,249,56957,39428,69.22,78,23,146,21.56,20,499,Morning,Maintenance,2025-08-20,98.9,43,Yes,2025-08-17
DC0008,Distribution Center 08,Cold Storage DC,East,Bhubaneswar,India,MGR0081,P00210,Ambient,17774,30246,15763,52.12,77,88,479,16.36,16,40,Morning,Active,2025-08-20,91.21,44,No,2025-08-13
DC0012,Distribution Center 12,Cross-Dock Center,South,Hyderabad,India,MGR0044,P00213,Frozen,12433,55196,22432,40.64,74,91,108,8.56,10,444,Night,Active,2025-08-20,82.42,6,No,2025-08-11
DC0020,Distribution Center 20,Fulfillment Center,Central,Raipur,India,MGR0045,P00235,Hazardous,11316,92541,30410,32.86,21,4,30,9.51,34,260,Evening,Temporarily Closed,2025-08-20,87.54,36,No,2025-07-21
DC0023,Distribution Center 23,Cold Storage DC,East,Kolkata,India,MGR0050,P00065,Ambient,22494,136052,40033,29.42,20,73,252,12.04,4,357,Night,Active,2025-08-20,86.39,27,No,2025-07-28
DC0027,Distribution Center 27,Fulfillment Center,South,Bengaluru,India,MGR0013,P00204,Ambient,20494,82479,65168,79.01,50,48,328,21.56,25,368,Evening,Active,2025-08-20,75.04,33,No,2025-07-24
DC0001,Distribution Center 01,Regional DC,North,Delhi,India,MGR0091,P00023,Ambient,12132,142280,73053,51.34,75,64,270,21.97,15,420,Morning,Temporarily Closed,2025-08-21,99.68,17,No,2025-08-07
DC0003,Distribution Center 03,Cold Storage DC,East,Kolkata,India,MGR0081,P00142,Ambient,1012,84657,61382,72.51,35,80,42,15.84,34,24,Morning,Active,2025-08-21,77.14,35,No,2025-08-12
DC0008,Distribution Center 08,Cross-Dock Center,East,Bhubaneswar,India,MGR0028,P00175,Ambient,18000,63944,52583,82.23,0,13,162,17.92,37,87,Night,Active,2025-08-21,89.62,33,No,2025-08-09
DC0010,Distribution Center 10,Regional DC,Central,Nagpur,India,MGR0057,P00068,Frozen,11261,134261,36288,27.03,57,9,255,11.91,29,196,Morning,Active,2025-08-21,77.39,0,No,2025-07-24
DC0011,Distribution Center 11,Cross-Dock Center,North,Jaipur,India,MGR0068,P00175,Cold,10856,37649,34225,90.91,18,49,488,22.65,8,469,Evening,Active,2025-08-21,77.46,15,No,2025-08-09
DC0017,Distribution Center 17,Cold Storage DC,South,Kochi,India,MGR0069,P00047,Hazardous,14659,75579,64707,85.62,58,86,356,15.49,41,265,Morning,Maintenance,2025-08-21,99.49,39,No,2025-08-12
DC0018,Distribution Center 18,Cross-Dock Center,East,Patna,India,MGR0008,P00011,Ambient,14619,89417,49359,55.2,8,58,403,16.69,36,69,Night,Active,2025-08-21,76.44,29,No,2025-08-09
DC0025,Distribution Center 25,Fulfillment Center,Central,Bhopal,India,MGR0034,P00149,Ambient,544,134058,83680,62.42,33,59,46,22.06,49,438,Evening,Active,2025-08-21,89.37,23,No,2025-07-23
DC0026,Distribution Center 26,Cold Storage DC,North,Chandigarh,India,MGR0091,P00108,Ambient,1593,128663,62629,48.68,14,30,59,20.23,35,202,Evening,Temporarily Closed,2025-08-21,86.14,44,No,2025-07-27
DC0030,Distribution Center 30,Regional DC,Central,Nagpur,India,MGR0079,P00233,Cold,165,106830,27384,25.63,30,21,389,4.13,43,431,Morning,Maintenance,2025-08-21,80.87,28,Yes,2025-08-17
DC0008,Distribution Center 08,Cold Storage DC,East,Bhubaneswar,India,MGR0024,P00206,Hazardous,18520,71659,26416,36.86,54,72,472,22.78,45,331,Night,Temporarily Closed,2025-08-22,78.53,45,No,2025-08-18
DC0009,Distribution Center 09,Regional DC,West,Pune,India,MGR0079,P00186,Ambient,21384,26171,10265,39.22,65,37,482,18.85,42,290,Morning,Active,2025-08-22,99.31,8,No,2025-08-03
DC0023,Distribution Center 23,Cross-Dock Center,East,Kolkata,India,MGR0011,P00020,Ambient,19912,134181,126888,94.56,15,79,281,15.23,29,397,Evening,Temporarily Closed,2025-08-22,94.47,3,No,2025-08-18
DC0023,Distribution Center 23,Regional DC,East,Kolkata,India,MGR0098,P00096,Ambient,19654,71826,30408,42.34,39,17,27,19.47,37,28,Evening,Maintenance,2025-08-22,97.96,16,No,2025-08-13
DC0023,Distribution Center 23,Cold Storage DC,East,Kolkata,India,MGR0023,P00184,Ambient,17594,31052,28556,91.96,58,6,454,14.49,30,376,Morning,Active,2025-08-22,90.61,38,No,2025-08-18
DC0028,Distribution Center 28,Cold Storage DC,East,Bhubaneswar,India,MGR0031,P00029,Ambient,18916,22633,8776,38.78,37,19,465,11.38,20,194,Night,Active,2025-08-22,99.32,10,No,2025-08-13
DC0002,Distribution Center 02,Regional DC,South,Chennai,India,MGR0014,P00059,Ambient,9999,118943,102701,86.34,10,7,344,16.77,18,109,Evening,Maintenance,2025-08-23,76.43,26,No,2025-08-04
DC0003,Distribution Center 03,Fulfillment Center,East,Kolkata,India,MGR0095,P00119,Ambient,22162,75091,52675,70.15,49,76,114,21.76,19,174,Evening,Maintenance,2025-08-23,96.0,13,No,2025-08-01
DC0015,Distribution Center 15,Cold Storage DC,Central,Indore,India,MGR0040,P00060,Frozen,19298,128746,75342,58.52,39,72,358,17.06,12,272,Night,Active,2025-08-23,76.71,32,No,2025-08-01
DC0017,Distribution Center 17,Cold Storage DC,South,Kochi,India,MGR0008,P00042,Ambient,8118,81475,77667,95.33,0,82,11,7.49,21,85,Night,Temporarily Closed,2025-08-23,79.81,42,No,2025-08-14
DC0017,Distribution Center 17,Regional DC,South,Kochi,India,MGR0050,P00222,Frozen,3042,71667,44239,61.73,57,4,300,8.36,17,338,Night,Temporarily Closed,2025-08-23,87.49,44,No,2025-08-11
DC0030,Distribution Center 30,Cold Storage DC,Central,Nagpur,India,MGR0096,P00244,Cold,16552,29303,24620,84.02,71,9,15,12.5,46,287,Morning,Maintenance,2025-08-23,91.25,45,No,2025-08-18
DC0005,Distribution Center 05,Cross-Dock Center,Central,Bhopal,India,MGR0044,P00009,Ambient,11579,53460,42184,78.91,39,41,231,10.67,40,92,Night,Active,2025-08-24,78.3,36,No,2025-07-30
DC0007,Distribution Center 07,Cross-Dock Center,South,Bengaluru,India,MGR0033,P00021,Ambient,20047,69575,37384,53.73,27,27,433,2.22,48,173,Evening,Active,2025-08-24,99.77,14,No,2025-08-23
DC0008,Distribution Center 08,Cross-Dock Center,East,Bhubaneswar,India,MGR0036,P00097,Ambient,19785,73185,39455,53.91,4,19,33,13.99,8,45,Morning,Maintenance,2025-08-24,82.05,3,No,2025-07-31
DC0010,Distribution Center 10,Cold Storage DC,Central,Nagpur,India,MGR0042,P00045,Ambient,18033,137731,41365,30.03,51,71,467,16.44,30,262,Morning,Active,2025-08-24,97.53,30,No,2025-08-18
DC0013,Distribution Center 13,Regional DC,East,Guwahati,India,MGR0015,P00006,Ambient,5842,82970,31071,37.45,47,99,189,19.39,49,343,Evening,Temporarily Closed,2025-08-24,95.96,13,No,2025-08-16
DC0013,Distribution Center 13,Cross-Dock Center,East,Guwahati,India,MGR0079,P00087,Ambient,4126,53035,25729,48.51,14,61,50,6.95,4,82,Evening,Temporarily Closed,2025-08-24,99.19,20,No,2025-08-14
DC0014,Distribution Center 14,Cross-Dock Center,West,Ahmedabad,India,MGR0063,P00055,Ambient,17011,143403,104412,72.81,76,92,108,10.51,13,128,Evening,Temporarily Closed,2025-08-24,83.67,39,No,2025-08-16
DC0023,Distribution Center 23,Cross-Dock Center,East,Kolkata,India,MGR0081,P00226,Cold,18086,73261,35920,49.03,35,40,255,21.97,21,375,Evening,Active,2025-08-24,75.93,3,No,2025-08-04
DC0027,Distribution Center 27,Cross-Dock Center,South,Bengaluru,India,MGR0050,P00020,Ambient,7992,107557,68140,63.35,22,95,445,19.68,47,448,Morning,Temporarily Closed,2025-08-24,84.35,21,No,2025-07-29
DC0002,Distribution Center 02,Cold Storage DC,South,Chennai,India,MGR0047,P00038,Ambient,22411,100267,76681,76.48,26,81,373,6.8,34,324,Evening,Active,2025-08-25,96.59,4,No,2025-08-20
DC0004,Distribution Center 04,Cold Storage DC,West,Mumbai,India,MGR0076,P00116,Ambient,19776,142975,88642,62.0,77,75,462,9.35,41,164,Night,Active,2025-08-25,92.12,23,No,2025-07-28
DC0006,Distribution Center 06,Fulfillment Center,North,Chandigarh,India,MGR0081,P00244,Ambient,19662,43157,18812,43.59,74,70,54,4.41,28,145,Morning,Temporarily Closed,2025-08-25,95.94,23,No,2025-08-19
DC0008,Distribution Center 08,Cross-Dock Center,East,Bhubaneswar,India,MGR0048,P00098,Ambient,22495,76345,40473,53.01,41,63,142,5.99,7,412,Night,Active,2025-08-25,84.59,31,No,2025-07-28
DC0010,Distribution Center 10,Cold Storage DC,Central,Nagpur,India,MGR0026,P00063,Ambient,2157,61492,48239,78.45,7,82,440,12.51,41,119,Night,Temporarily Closed,2025-08-25,78.32,36,No,2025-07-29
DC0010,Distribution Center 10,Regional DC,Central,Nagpur,India,MGR0072,P00198,Ambient,23254,59603,54858,92.04,20,88,146,14.8,12,468,Morning,Active,2025-08-25,89.28,7,No,2025-08-24
DC0011,Distribution Center 11,Cross-Dock Center,North,Jaipur,India,MGR0014,P00225,Ambient,1637,90747,60607,66.79,16,8,441,23.22,22,307,Morning,Active,2025-08-25,85.05,37,No,2025-07-28
DC0012,Distribution Center 12,Cross-Dock Center,South,Hyderabad,India,MGR0055,P00250,Cold,8887,25276,7722,30.55,25,63,56,2.52,13,38,Night,Active,2025-08-25,78.69,48,No,2025-08-12
DC0013,Distribution Center 13,Regional DC,East,Guwahati,India,MGR0055,P00189,Ambient,6492,111667,82153,73.57,14,10,376,13.83,5,216,Evening,Active,2025-08-25,97.88,24,No,2025-08-25
DC0019,Distribution Center 19,Fulfillment Center,West,Surat,India,MGR0041,P00178,Ambient,18778,99953,26950,26.96,12,32,474,10.33,12,54,Evening,Active,2025-08-25,78.98,20,No,2025-08-22
DC0019,Distribution Center 19,Cold Storage DC,West,Surat,India,MGR0009,P00249,Ambient,22442,141058,68843,48.8,15,37,263,17.78,12,73,Morning,Active,2025-08-25,93.7,26,No,2025-07-28
DC0023,Distribution Center 23,Cold Storage DC,East,Kolkata,India,MGR0005,P00042,Cold,13008,43349,30895,71.27,33,1,400,20.15,17,415,Morning,Active,2025-08-25,83.01,22,No,2025-08-02
DC0026,Distribution Center 26,Fulfillment Center,North,Chandigarh,India,MGR0062,P00049,Ambient,22466,28731,16581,57.71,18,73,231,21.78,22,236,Evening,Active,2025-08-25,74.39,5,No,2025-08-21
DC0001,Distribution Center 01,Regional DC,North,Delhi,India,MGR0003,P00057,Hazardous,6088,46364,39570,85.35,13,20,57,16.35,4,221,Evening,Temporarily Closed,2025-08-26,79.67,43,No,2025-08-05
DC0005,Distribution Center 05,Cross-Dock Center,Central,Bhopal,India,MGR0043,P00009,Cold,6392,24683,16779,67.98,15,18,300,10.09,47,480,Evening,Active,2025-08-26,93.07,45,No,2025-08-15
DC0006,Distribution Center 06,Cross-Dock Center,North,Chandigarh,India,MGR0009,P00054,Hazardous,18109,65055,39571,60.83,58,36,431,21.08,4,153,Evening,Active,2025-08-26,77.73,49,No,2025-08-14
DC0006,Distribution Center 06,Cold Storage DC,North,Chandigarh,India,MGR0055,P00197,Ambient,552,90707,23682,26.11,2,54,186,3.0,39,54,Evening,Active,2025-08-26,79.3,10,No,2025-08-08
DC0007,Distribution Center 07,Regional DC,South,Bengaluru,India,MGR0054,P00235,Ambient,13024,53453,47280,88.45,27,98,278,15.11,8,138,Night,Active,2025-08-26,80.12,11,No,2025-08-05
DC0014,Distribution Center 14,Cold Storage DC,West,Ahmedabad,India,MGR0067,P00146,Ambient,13572,104834,27942,26.65,3,10,35,4.6,48,36,Evening,Maintenance,2025-08-26,76.15,13,No,2025-08-01
DC0014,Distribution Center 14,Fulfillment Center,West,Ahmedabad,India,MGR0064,P00222,Ambient,15749,126823,94493,74.51,11,54,137,7.26,41,457,Evening,Active,2025-08-26,97.85,14,No,2025-08-10
DC0015,Distribution Center 15,Cross-Dock Center,Central,Indore,India,MGR0076,P00240,Ambient,9118,52425,40648,77.54,63,53,237,13.11,37,29,Evening,Maintenance,2025-08-26,75.45,38,No,2025-08-19
DC0017,Distribution Center 17,Fulfillment Center,South,Kochi,India,MGR0021,P00193,Hazardous,11247,96544,92229,95.53,12,59,146,4.16,10,398,Morning,Active,2025-08-26,77.3,39,No,2025-07-27
DC0019,Distribution Center 19,Regional DC,West,Surat,India,MGR0093,P00120,Ambient,8837,95272,74203,77.89,4,76,372,19.13,50,134,Evening,Maintenance,2025-08-26,81.49,37,No,2025-08-26
DC0020,Distribution Center 20,Cross-Dock Center,Central,Raipur,India,MGR0067,P00030,Ambient,5369,115034,65745,57.15,22,65,251,6.88,8,82,Morning,Active,2025-08-26,81.55,48,No,2025-08-24
DC0028,Distribution Center 28,Cross-Dock Center,East,Bhubaneswar,India,MGR0049,P00119,Ambient,19793,29419,14723,50.05,70,95,292,2.44,18,193,Evening,Maintenance,2025-08-26,76.82,29,No,2025-08-17
DC0002,Distribution Center 02,Fulfillment Center,South,Chennai,India,MGR0015,P00170,Ambient,20766,124416,101619,81.68,57,47,370,2.29,47,357,Morning,Maintenance,2025-08-27,90.52,48,No,2025-08-08
DC0005,Distribution Center 05,Cold Storage DC,Central,Bhopal,India,MGR0051,P00142,Frozen,16166,116939,61742,52.8,36,66,290,4.61,46,213,Evening,Maintenance,2025-08-27,87.6,7,No,2025-08-10
DC0008,Distribution Center 08,Regional DC,East,Bhubaneswar,India,MGR0043,P00018,Ambient,16328,83777,25419,30.34,28,71,438,6.38,35,46,Evening,Active,2025-08-27,97.93,38,No,2025-08-27
DC0012,Distribution Center 12,Cross-Dock Center,South,Hyderabad,India,MGR0069,P00171,Ambient,12775,139696,69346,49.64,13,34,208,23.63,24,286,Morning,Maintenance,2025-08-27,88.96,9,No,2025-08-27
DC0013,Distribution Center 13,Fulfillment Center,East,Guwahati,India,MGR0100,P00110,Ambient,19364,105515,48179,45.66,60,64,261,2.73,29,195,Morning,Active,2025-08-27,84.46,21,No,2025-08-10
DC0015,Distribution Center 15,Regional DC,Central,Indore,India,MGR0061,P00224,Ambient,1324,31229,25681,82.23,23,45,482,2.14,31,195,Night,Active,2025-08-27,86.23,45,No,2025-08-03
DC0016,Distribution Center 16,Fulfillment Center,North,Lucknow,India,MGR0021,P00125,Frozen,5075,132338,65314,49.35,44,13,489,17.48,5,309,Evening,Maintenance,2025-08-27,79.18,20,No,2025-08-07
DC0020,Distribution Center 20,Fulfillment Center,Central,Raipur,India,MGR0074,P00136,Cold,8792,31020,16016,51.63,51,59,367,23.95,18,308,Night,Active,2025-08-27,75.6,15,No,2025-08-07
DC0023,Distribution Center 23,Cold Storage DC,East,Kolkata,India,MGR0092,P00248,Hazardous,6308,97141,28747,29.59,62,77,50,13.26,43,500,Night,Maintenance,2025-08-27,89.82,38,No,2025-07-31
DC0025,Distribution Center 25,Cross-Dock Center,Central,Bhopal,India,MGR0007,P00163,Ambient,15132,48447,22369,46.17,62,23,149,19.8,37,337,Morning,Temporarily Closed,2025-08-27,87.98,25,No,2025-08-09
