Order Id,Order Item Quantity,Product Price,Order Item Product Price,Order Item Total,Order Item Discount,Order Item Discount Rate
77202,1,327.75,327.75,314.6400146,13.10999966,0.039999999
75939,1,327.75,327.75,311.3599854,16.38999939,0.050000001
75938,1,327.75,327.75,309.7200012,18.03000069,0.059999999
75937,1,327.75,327.75,304.8099976,22.94000053,0.07
75936,1,327.75,327.75,298.25,29.5,0.090000004
75935,1,327.75,327.75,294.980011,32.77999878,0.100000001
75934,1,327.75,327.75,288.4200134,39.33000183,0.119999997
75933,1,327.75,327.75,285.1400146,42.61000061,0.129999995
75932,1,327.75,327.75,278.5899963,49.15999985,0.150000006
75931,1,327.75,327.75,275.3099976,52.43999863,0.159999996
75930,1,327.75,327.75,272.0299988,55.72000122,0.170000002
75929,1,327.75,327.75,268.7600098,59.0,0.180000007
75928,1,327.75,327.75,262.2000122,65.55000305,0.200000003
75927,1,327.75,327.75,245.8099976,81.94000244,0.25
75926,1,327.75,327.75,327.75,0.0,0.0
75925,1,327.75,327.75,324.4700012,3.279999971,0.01
75924,1,327.75,327.75,321.2000122,6.559999943,0.02
75923,1,327.75,327.75,317.9200134,9.829999924,0.029999999
75922,1,327.75,327.75,314.6400146,13.10999966,0.039999999
75921,1,327.75,327.75,311.3599854,16.38999939,0.050000001
75920,1,327.75,327.75,309.7200012,18.03000069,0.059999999
75919,1,327.75,327.75,304.8099976,22.94000053,0.07
75918,1,327.75,327.75,298.25,29.5,0.090000004
75917,1,327.75,327.75,294.980011,32.77999878,0.100000001
75916,1,327.75,327.75,288.4200134,39.33000183,0.119999997
75915,1,327.75,327.75,285.1400146,42.61000061,0.129999995
75914,1,327.75,327.75,278.5899963,49.15999985,0.150000006
75913,1,327.75,327.75,275.3099976,52.43999863,0.159999996
75912,1,327.75,327.75,272.0299988,55.72000122,0.170000002
75911,1,327.75,327.75,268.7600098,59.0,0.180000007
75910,1,327.75,327.75,262.2000122,65.55000305,0.200000003
75909,1,327.75,327.75,245.8099976,81.94000244,0.25
75908,1,327.75,327.75,327.75,0.0,0.0
75907,1,327.75,327.75,324.4700012,3.279999971,0.01
75906,1,327.75,327.75,321.2000122,6.559999943,0.02
75905,1,327.75,327.75,317.9200134,9.829999924,0.029999999
75904,1,327.75,327.75,314.6400146,13.10999966,0.039999999
75903,1,327.75,327.75,311.3599854,16.38999939,0.050000001
75902,1,327.75,327.75,309.7200012,18.03000069,0.059999999
75901,1,327.75,327.75,304.8099976,22.94000053,0.07
75900,1,327.75,327.75,298.25,29.5,0.090000004
75899,1,327.75,327.75,294.980011,32.77999878,0.100000001
75898,1,327.75,327.75,288.4200134,39.33000183,0.119999997
75897,1,327.75,327.75,285.1400146,42.61000061,0.129999995
75896,1,327.75,327.75,278.5899963,49.15999985,0.150000006
75895,1,327.75,327.75,275.3099976,52.43999863,0.159999996
75894,1,327.75,327.75,272.0299988,55.72000122,0.170000002
75893,1,327.75,327.75,268.7600098,59.0,0.180000007
28744,2,59.99000168,59.99000168,115.1800003,4.800000191,0.039999999
45461,2,39.99000168,39.99000168,79.18000031,0.800000012,0.01
31115,2,50.0,50.0,96.0,4.0,0.039999999
45766,2,39.99000168,39.99000168,75.98000336,4.0,0.050000001
47752,2,50.0,50.0,91.0,9.0,0.090000004
50054,2,50.0,50.0,87.0,13.0,0.129999995
20365,2,50.0,50.0,82.0,18.0,0.180000007
36146,2,44.99000168,44.99000168,74.68000031,15.30000019,0.170000002
41234,2,54.97000122,54.97000122,90.15000153,19.79000092,0.180000007
32090,2,59.99000168,59.99000168,117.5800018,2.400000095,0.02
34773,2,59.99000168,59.99000168,95.98000336,24.0,0.200000003
44046,3,99.98999786,99.98999786,263.9700012,36.0,0.119999997
46414,3,39.99000168,39.99000168,113.9700012,6.0,0.050000001
46599,3,21.98999977,21.98999977,63.99000168,1.980000019,0.029999999
48434,3,31.98999977,31.98999977,79.66000366,16.30999947,0.170000002
12827,3,99.98999786,99.98999786,293.9700012,6.0,0.02
63936,3,99.98999786,99.98999786,269.9700012,30.0,0.100000001
65030,3,99.98999786,99.98999786,224.9799957,74.98999786,0.25
18108,3,59.99000168,59.99000168,176.3699951,3.599999905,0.02
62571,3,59.99000168,59.99000168,167.3699951,12.60000038,0.07
17162,3,59.99000168,59.99000168,163.7700043,16.20000076,0.090000004
65922,3,59.99000168,59.99000168,161.9700012,18.0,0.100000001
63936,3,50.0,50.0,139.5,10.5,0.07
64813,3,39.99000168,39.99000168,107.9700012,12.0,0.100000001
67892,3,50.0,50.0,112.5,37.5,0.25
12525,3,21.98999977,21.98999977,55.40999985,10.56000042,0.159999996
5895,3,99.98999786,99.98999786,299.9700012,0.0,0.0
56359,3,59.99000168,59.99000168,178.1699982,1.799999952,0.01
58613,3,59.99000168,59.99000168,170.9700012,9.0,0.050000001
7824,3,59.99000168,59.99000168,170.0700073,9.899999619,0.059999999
7814,3,59.99000168,59.99000168,167.3699951,12.60000038,0.07
7814,3,59.99000168,59.99000168,163.7700043,16.20000076,0.090000004
60807,3,59.99000168,59.99000168,152.9700012,27.0,0.150000006
53413,3,59.99000168,59.99000168,152.9700012,27.0,0.150000006
7888,3,50.0,50.0,150.0,0.0,0.0
6783,3,39.99000168,39.99000168,115.1699982,4.800000191,0.039999999
56973,3,50.0,50.0,144.0,6.0,0.039999999
7824,3,50.0,50.0,142.5,7.5,0.050000001
55155,3,50.0,50.0,139.5,10.5,0.07
5991,3,50.0,50.0,132.0,18.0,0.119999997
2263,3,50.0,50.0,132.0,18.0,0.119999997
2263,3,50.0,50.0,130.5,19.5,0.129999995
53403,3,50.0,50.0,124.5,25.5,0.170000002
51298,3,39.99000168,39.99000168,99.58000183,20.38999939,0.170000002
4919,5,50.0,50.0,240.0,10.0,0.039999999
52640,5,39.99000168,39.99000168,189.9499969,10.0,0.050000001
6358,5,39.99000168,39.99000168,188.9499969,11.0,0.059999999
57106,5,50.0,50.0,236.25,13.75,0.059999999
6245,5,50.0,50.0,236.25,13.75,0.059999999
52166,5,30.0,30.0,136.5,13.5,0.090000004
56172,5,39.99000168,39.99000168,181.9499969,18.0,0.090000004
55829,5,50.0,50.0,225.0,25.0,0.100000001
52478,5,50.0,50.0,225.0,25.0,0.100000001
57242,5,39.99000168,39.99000168,173.9600067,25.98999977,0.129999995
3137,5,50.0,50.0,217.5,32.5,0.129999995
60127,5,50.0,50.0,217.5,32.5,0.129999995
3828,5,39.99000168,39.99000168,169.9600067,29.98999977,0.150000006
60386,5,50.0,50.0,212.5,37.5,0.150000006
973,5,39.99000168,39.99000168,167.9600067,31.98999977,0.159999996
57999,5,50.0,50.0,207.5,42.5,0.170000002
54585,5,50.0,50.0,207.5,42.5,0.170000002
57598,5,50.0,50.0,200.0,50.0,0.200000003
54274,5,50.0,50.0,200.0,50.0,0.200000003
60673,5,39.99000168,39.99000168,149.9600067,49.99000168,0.25
59387,5,50.0,50.0,187.5,62.5,0.25
52640,5,50.0,50.0,187.5,62.5,0.25
10007,5,50.0,50.0,187.5,62.5,0.25
55984,5,47.99000168,47.99000168,237.5500031,2.400000095,0.01
52478,5,31.98999977,31.98999977,153.5500031,6.400000095,0.039999999
58375,5,89.98999786,89.98999786,395.9599915,53.99000168,0.119999997
56448,5,29.98999977,29.98999977,124.4599991,25.48999977,0.170000002
8221,5,59.99000168,59.99000168,284.9500122,15.0,0.050000001
58034,5,99.98999786,99.98999786,499.9500122,0.0,0.0
2203,5,99.98999786,99.98999786,494.9500122,5.0,0.01
53069,5,99.98999786,99.98999786,484.9500122,15.0,0.029999999
60146,5,99.98999786,99.98999786,479.9500122,20.0,0.039999999
55409,5,99.98999786,99.98999786,479.9500122,20.0,0.039999999
8678,5,99.98999786,99.98999786,474.9500122,25.0,0.050000001
7980,5,99.98999786,99.98999786,474.9500122,25.0,0.050000001
57185,5,99.98999786,99.98999786,449.9599915,50.0,0.100000001
8636,5,99.98999786,99.98999786,449.9599915,50.0,0.100000001
61192,5,89.98999786,89.98999786,337.4599915,112.4899979,0.25
55876,5,59.99000168,59.99000168,299.9500122,0.0,0.0
53331,5,59.99000168,59.99000168,296.9500122,3.0,0.01
51725,5,59.99000168,59.99000168,296.9500122,3.0,0.01
52562,5,59.99000168,59.99000168,293.9500122,6.0,0.02
59754,5,59.99000168,59.99000168,290.9500122,9.0,0.029999999
53574,5,59.99000168,59.99000168,287.9500122,12.0,0.039999999
399,5,59.99000168,59.99000168,283.4500122,16.5,0.059999999
51050,1,99.98999786,99.98999786,86.98999786,13.0,0.129999995
45680,1,129.9900055,129.9900055,127.3899994,2.599999905,0.02
42992,1,129.9900055,129.9900055,118.2900009,11.69999981,0.090000004
41304,1,129.9900055,129.9900055,116.9899979,13.0,0.100000001
45680,1,59.99000168,59.99000168,49.18999863,10.80000019,0.180000007
44253,1,129.9900055,129.9900055,103.9899979,26.0,0.200000003
46098,1,299.980011,299.980011,296.980011,3.0,0.01
41304,1,299.980011,299.980011,293.980011,6.0,0.02
71077,1,252.8800049,252.8800049,252.8800049,0.0,0.0
69703,1,452.0400085,452.0400085,447.519989,4.519999981,0.01
71112,1,252.8800049,252.8800049,250.3500061,2.529999971,0.01
69810,1,452.0400085,452.0400085,443.0,9.039999962,0.02
71092,1,252.8800049,252.8800049,245.2899933,7.590000153,0.029999999
69610,1,452.0400085,452.0400085,433.9599915,18.07999992,0.039999999
71000,1,252.8800049,252.8800049,240.2400055,12.64000034,0.050000001
70734,1,1500.0,1500.0,1417.5,82.5,0.059999999
69626,1,452.0400085,452.0400085,427.1799927,24.86000061,0.059999999
69482,1,452.0400085,452.0400085,427.1799927,24.86000061,0.059999999
70769,1,1500.0,1500.0,1395.0,105.0,0.07
69643,1,452.0400085,452.0400085,420.3999939,31.63999939,0.07
71051,1,252.8800049,252.8800049,230.1199951,22.76000023,0.090000004
69408,1,452.0400085,452.0400085,411.3599854,40.68000031,0.090000004
71123,1,252.8800049,252.8800049,230.1199951,22.76000023,0.090000004
70534,1,1500.0,1500.0,1365.0,135.0,0.090000004
69641,1,452.0400085,452.0400085,406.8399963,45.20000076,0.100000001
70960,1,252.8800049,252.8800049,227.5899963,25.29000092,0.100000001
69908,1,452.0400085,452.0400085,384.230011,67.80999756,0.150000006
70957,1,252.8800049,252.8800049,214.9499969,37.93000031,0.150000006
69637,1,452.0400085,452.0400085,379.7099915,72.33000183,0.159999996
70955,1,252.8800049,252.8800049,209.8899994,42.99000168,0.170000002
70919,1,252.8800049,252.8800049,209.8899994,42.99000168,0.170000002
71009,1,252.8800049,252.8800049,209.8899994,42.99000168,0.170000002
69653,1,452.0400085,452.0400085,370.6700134,81.37000275,0.180000007
69527,1,452.0400085,452.0400085,370.6700134,81.37000275,0.180000007
71080,1,252.8800049,252.8800049,207.3600006,45.52000046,0.180000007
70544,1,1500.0,1500.0,1200.0,300.0,0.200000003
69471,1,452.0400085,452.0400085,339.0299988,113.0100021,0.25
68879,1,999.9899902,999.9899902,989.9899902,10.0,0.01
67214,1,79.98999786,79.98999786,78.38999939,1.600000024,0.02
17810,1,59.99000168,59.99000168,52.18999863,7.800000191,0.129999995
18793,1,44.99000168,44.99000168,43.18999863,1.799999952,0.039999999
65109,1,99.98999786,99.98999786,95.98999786,4.0,0.039999999
15673,1,99.98999786,99.98999786,94.98999786,5.0,0.050000001
18183,1,44.99000168,44.99000168,41.84000015,3.150000095,0.07
20234,1,99.98999786,99.98999786,89.98999786,10.0,0.100000001
13139,1,99.98999786,99.98999786,87.98999786,12.0,0.119999997
33824,3,44.99000168,44.99000168,128.2200012,6.75,0.050000001
31364,3,99.98999786,99.98999786,278.9700012,21.0,0.07
40495,3,99.98999786,99.98999786,272.9700012,27.0,0.090000004
31364,3,99.98999786,99.98999786,272.9700012,27.0,0.090000004
34506,3,59.99000168,59.99000168,170.9700012,9.0,0.050000001
33607,3,59.99000168,59.99000168,167.3699951,12.60000038,0.07
32617,3,59.99000168,59.99000168,158.3699951,21.60000038,0.119999997
37496,3,39.99000168,39.99000168,118.7699966,1.200000048,0.01
32617,3,25.0,25.0,73.5,1.5,0.02
49075,3,50.0,50.0,132.0,18.0,0.119999997
33824,3,50.0,50.0,132.0,18.0,0.119999997
49075,3,50.0,50.0,130.5,19.5,0.129999995
41623,3,39.99000168,39.99000168,99.58000183,20.38999939,0.170000002
39271,3,39.99000168,39.99000168,99.58000183,20.38999939,0.170000002
38598,3,24.98999977,24.98999977,74.22000122,0.75,0.01
37845,3,15.98999977,15.98999977,40.29000092,7.679999828,0.159999996
42331,4,59.99000168,59.99000168,227.9600067,12.0,0.050000001
41345,4,59.99000168,59.99000168,203.9700012,35.99000168,0.150000006
51168,4,50.0,50.0,200.0,0.0,0.0
51168,4,39.99000168,39.99000168,156.7599945,3.200000048,0.02
43599,4,50.0,50.0,189.0,11.0,0.059999999
41901,4,24.98999977,24.98999977,79.97000122,19.98999977,0.200000003
42751,4,99.98999786,99.98999786,363.9599915,36.0,0.090000004
45088,4,59.99000168,59.99000168,239.9600067,0.0,0.0
50489,4,59.99000168,59.99000168,230.3600006,9.600000381,0.039999999
44409,4,59.99000168,59.99000168,227.9600067,12.0,0.050000001
42101,4,59.99000168,59.99000168,226.7599945,13.19999981,0.059999999
50424,4,59.99000168,59.99000168,208.7700043,31.19000053,0.129999995
49825,4,50.0,50.0,200.0,0.0,0.0
41294,4,50.0,50.0,198.0,2.0,0.01
42023,4,39.99000168,39.99000168,155.1600037,4.800000191,0.029999999
47774,4,39.99000168,39.99000168,151.1600037,8.800000191,0.059999999
41827,4,30.0,30.0,111.5999985,8.399999619,0.07
47193,4,50.0,50.0,170.0,30.0,0.150000006
42626,4,50.0,50.0,160.0,40.0,0.200000003
46199,4,50.0,50.0,150.0,50.0,0.25
48468,4,24.98999977,24.98999977,94.45999908,5.5,0.059999999
51009,4,99.98999786,99.98999786,395.9599915,4.0,0.01
46229,4,99.98999786,99.98999786,391.9599915,8.0,0.02
42882,4,99.98999786,99.98999786,379.9599915,20.0,0.050000001
46827,4,99.98999786,99.98999786,363.9599915,36.0,0.090000004
48684,4,99.98999786,99.98999786,359.9599915,40.0,0.100000001
48684,4,99.98999786,99.98999786,351.9599915,48.0,0.119999997
46416,4,99.98999786,99.98999786,351.9599915,48.0,0.119999997
47343,4,99.98999786,99.98999786,339.9700012,59.99000168,0.150000006
41686,1,129.9900055,129.9900055,124.7900009,5.199999809,0.039999999
41896,1,129.9900055,129.9900055,124.7900009,5.199999809,0.039999999
28168,1,59.99000168,59.99000168,56.99000168,3.0,0.050000001
24992,1,129.9900055,129.9900055,123.4899979,6.5,0.050000001
30851,1,129.9900055,129.9900055,123.4899979,6.5,0.050000001
25074,1,129.9900055,129.9900055,123.4899979,6.5,0.050000001
76870,1,215.8200073,215.8200073,205.0299988,10.78999996,0.050000001
25163,1,129.9900055,129.9900055,123.4899979,6.5,0.050000001
28036,1,129.9900055,129.9900055,123.4899979,6.5,0.050000001
22679,1,129.9900055,129.9900055,123.4899979,6.5,0.050000001
23610,1,129.9900055,129.9900055,123.4899979,6.5,0.050000001
42828,1,59.99000168,59.99000168,56.99000168,3.0,0.050000001
41896,1,129.9900055,129.9900055,123.4899979,6.5,0.050000001
48713,1,129.9900055,129.9900055,123.4899979,6.5,0.050000001
45668,1,129.9900055,129.9900055,123.4899979,6.5,0.050000001
74796,1,461.480011,461.480011,436.1000061,25.37999916,0.059999999
27918,1,129.9900055,129.9900055,122.8399963,7.150000095,0.059999999
30097,1,59.99000168,59.99000168,56.68999863,3.299999952,0.059999999
30966,1,129.9900055,129.9900055,122.8399963,7.150000095,0.059999999
30063,1,129.9900055,129.9900055,122.8399963,7.150000095,0.059999999
22019,1,129.9900055,129.9900055,122.8399963,7.150000095,0.059999999
24230,1,129.9900055,129.9900055,122.8399963,7.150000095,0.059999999
48713,1,129.9900055,129.9900055,122.8399963,7.150000095,0.059999999
42353,1,129.9900055,129.9900055,122.8399963,7.150000095,0.059999999
45668,1,129.9900055,129.9900055,122.8399963,7.150000095,0.059999999
42134,1,129.9900055,129.9900055,120.8899994,9.100000381,0.07
21522,1,129.9900055,129.9900055,120.8899994,9.100000381,0.07
23767,1,129.9900055,129.9900055,120.8899994,9.100000381,0.07
25433,1,129.9900055,129.9900055,120.8899994,9.100000381,0.07
73893,1,215.8200073,215.8200073,200.7100067,15.10999966,0.07
30085,1,59.99000168,59.99000168,55.79000092,4.199999809,0.07
30172,1,129.9900055,129.9900055,120.8899994,9.100000381,0.07
27478,1,129.9900055,129.9900055,120.8899994,9.100000381,0.07
76976,1,215.8200073,215.8200073,200.7100067,15.10999966,0.07
24063,1,129.9900055,129.9900055,120.8899994,9.100000381,0.07
51209,1,129.9900055,129.9900055,120.8899994,9.100000381,0.07
73839,1,215.8200073,215.8200073,200.7100067,15.10999966,0.07
74723,1,461.480011,461.480011,429.1799927,32.29999924,0.07
26821,1,129.9900055,129.9900055,120.8899994,9.100000381,0.07
77102,1,215.8200073,215.8200073,200.7100067,15.10999966,0.07
41608,1,129.9900055,129.9900055,120.8899994,9.100000381,0.07
47009,1,129.9900055,129.9900055,120.8899994,9.100000381,0.07
49916,1,129.9900055,129.9900055,118.2900009,11.69999981,0.090000004
29746,1,59.99000168,59.99000168,54.59000015,5.400000095,0.090000004
72533,1,210.8500061,210.8500061,191.8699951,18.97999954,0.090000004
48608,5,50.0,50.0,225.0,25.0,0.100000001
45506,5,50.0,50.0,220.0,30.0,0.119999997
45027,5,39.99000168,39.99000168,173.9600067,25.98999977,0.129999995
46308,5,39.99000168,39.99000168,169.9600067,29.98999977,0.150000006
43685,5,50.0,50.0,210.0,40.0,0.159999996
41893,5,50.0,50.0,207.5,42.5,0.170000002
46339,5,50.0,50.0,207.5,42.5,0.170000002
46667,5,50.0,50.0,207.5,42.5,0.170000002
47647,5,50.0,50.0,205.0,45.0,0.180000007
48565,5,50.0,50.0,205.0,45.0,0.180000007
43889,5,50.0,50.0,205.0,45.0,0.180000007
45138,5,50.0,50.0,200.0,50.0,0.200000003
44160,5,39.99000168,39.99000168,149.9600067,49.99000168,0.25
49214,5,50.0,50.0,187.5,62.5,0.25
41825,5,24.98999977,24.98999977,124.9499969,0.0,0.0
44504,5,24.98999977,24.98999977,118.6999969,6.25,0.050000001
44496,5,24.98999977,24.98999977,118.0800018,6.869999886,0.059999999
45559,5,15.98999977,15.98999977,74.34999847,5.599999905,0.07
44074,5,15.98999977,15.98999977,67.16000366,12.78999996,0.159999996
49857,5,31.98999977,31.98999977,131.1600037,28.79000092,0.180000007
41786,5,29.98999977,29.98999977,119.9599991,29.98999977,0.200000003
48042,5,44.99000168,44.99000168,186.7100067,38.24000168,0.170000002
44301,5,99.98999786,99.98999786,474.9500122,25.0,0.050000001
41591,5,59.99000168,59.99000168,299.9500122,0.0,0.0
44981,5,39.99000168,39.99000168,165.9600067,33.99000168,0.170000002
41545,5,50.0,50.0,200.0,50.0,0.200000003
49910,5,47.99000168,47.99000168,196.7599945,43.18999863,0.180000007
19590,5,59.99000168,59.99000168,284.9500122,15.0,0.050000001
43650,5,34.99000168,34.99000168,174.9499969,0.0,0.0
15202,5,99.98999786,99.98999786,494.9500122,5.0,0.01
15462,5,27.98999977,27.98999977,137.1499939,2.799999952,0.02
15155,5,99.98999786,99.98999786,489.9500122,10.0,0.02
64451,5,99.98999786,99.98999786,484.9500122,15.0,0.029999999
67028,5,99.98999786,99.98999786,484.9500122,15.0,0.029999999
62336,5,99.98999786,99.98999786,484.9500122,15.0,0.029999999
11334,5,31.98999977,31.98999977,155.1499939,4.800000191,0.029999999
62885,5,99.98999786,99.98999786,479.9500122,20.0,0.039999999
66998,5,99.98999786,99.98999786,479.9500122,20.0,0.039999999
47002,5,99.98999786,99.98999786,474.9500122,25.0,0.050000001
63445,5,99.98999786,99.98999786,474.9500122,25.0,0.050000001
67566,5,99.98999786,99.98999786,474.9500122,25.0,0.050000001
18884,5,34.99000168,34.99000168,166.1999969,8.75,0.050000001
18845,5,34.99000168,34.99000168,165.3300018,9.619999886,0.059999999
66854,5,99.98999786,99.98999786,464.9500122,35.0,0.07
46955,5,99.98999786,99.98999786,454.9500122,45.0,0.090000004
55002,2,59.99000168,59.99000168,101.9800034,18.0,0.150000006
60445,2,59.99000168,59.99000168,101.9800034,18.0,0.150000006
53586,2,59.99000168,59.99000168,99.58000183,20.39999962,0.170000002
56618,2,59.99000168,59.99000168,99.58000183,20.39999962,0.170000002
51865,2,59.99000168,59.99000168,99.58000183,20.39999962,0.170000002
2937,2,50.0,50.0,100.0,0.0,0.0
54446,2,50.0,50.0,100.0,0.0,0.0
58623,2,50.0,50.0,99.0,1.0,0.01
7411,2,39.99000168,39.99000168,79.18000031,0.800000012,0.01
5348,2,50.0,50.0,97.0,3.0,0.029999999
59742,2,50.0,50.0,96.0,4.0,0.039999999
59498,2,39.99000168,39.99000168,76.77999878,3.200000048,0.039999999
3459,2,39.99000168,39.99000168,75.98000336,4.0,0.050000001
8470,2,39.99000168,39.99000168,75.98000336,4.0,0.050000001
53455,2,50.0,50.0,95.0,5.0,0.050000001
2014,2,70.0,70.0,132.3000031,7.699999809,0.059999999
55899,2,25.0,25.0,46.5,3.5,0.07
52582,2,50.0,50.0,93.0,7.0,0.07
56222,2,50.0,50.0,93.0,7.0,0.07
57829,2,39.99000168,39.99000168,72.77999878,7.199999809,0.090000004
56217,2,39.99000168,39.99000168,71.98000336,8.0,0.100000001
5893,2,39.99000168,39.99000168,71.98000336,8.0,0.100000001
5528,2,50.0,50.0,90.0,10.0,0.100000001
367,2,39.99000168,39.99000168,71.98000336,8.0,0.100000001
52353,2,50.0,50.0,90.0,10.0,0.100000001
1784,2,50.0,50.0,90.0,10.0,0.100000001
60317,2,39.99000168,39.99000168,70.37999725,9.600000381,0.119999997
6776,2,50.0,50.0,88.0,12.0,0.119999997
4487,2,50.0,50.0,87.0,13.0,0.129999995
9681,2,50.0,50.0,85.0,15.0,0.150000006
60868,2,39.99000168,39.99000168,66.37999725,13.60000038,0.170000002
53231,2,39.99000168,39.99000168,65.58000183,14.39999962,0.180000007
52601,2,39.99000168,39.99000168,65.58000183,14.39999962,0.180000007
4660,2,39.99000168,39.99000168,65.58000183,14.39999962,0.180000007
3539,2,50.0,50.0,82.0,18.0,0.180000007
53231,2,50.0,50.0,80.0,20.0,0.200000003
54488,2,50.0,50.0,80.0,20.0,0.200000003
6776,2,39.99000168,39.99000168,59.99000168,20.0,0.25
52549,2,39.99000168,39.99000168,59.99000168,20.0,0.25
60361,2,50.0,50.0,75.0,25.0,0.25
8470,2,31.98999977,31.98999977,63.34000015,0.639999986,0.01
5712,2,24.98999977,24.98999977,47.22999954,2.75,0.059999999
9309,2,19.98999977,19.98999977,35.97999954,4.0,0.100000001
8095,2,47.99000168,47.99000168,84.45999908,11.52000046,0.119999997
75892,1,327.75,327.75,262.2000122,65.55000305,0.200000003
75891,1,327.75,327.75,245.8099976,81.94000244,0.25
75890,1,327.75,327.75,327.75,0.0,0.0
75889,1,327.75,327.75,324.4700012,3.279999971,0.01
75888,1,327.75,327.75,321.2000122,6.559999943,0.02
75887,1,327.75,327.75,317.9200134,9.829999924,0.029999999
75886,1,327.75,327.75,314.6400146,13.10999966,0.039999999
75885,1,327.75,327.75,311.3599854,16.38999939,0.050000001
75884,1,327.75,327.75,309.7200012,18.03000069,0.059999999
75883,1,327.75,327.75,304.8099976,22.94000053,0.07
75882,1,327.75,327.75,298.25,29.5,0.090000004
75881,1,327.75,327.75,294.980011,32.77999878,0.100000001
75880,1,327.75,327.75,288.4200134,39.33000183,0.119999997
75879,1,327.75,327.75,285.1400146,42.61000061,0.129999995
75878,1,327.75,327.75,278.5899963,49.15999985,0.150000006
75877,1,327.75,327.75,275.3099976,52.43999863,0.159999996
75876,1,327.75,327.75,272.0299988,55.72000122,0.170000002
75875,1,327.75,327.75,268.7600098,59.0,0.180000007
75874,1,327.75,327.75,262.2000122,65.55000305,0.200000003
75873,1,327.75,327.75,245.8099976,81.94000244,0.25
75872,1,327.75,327.75,327.75,0.0,0.0
75871,1,327.75,327.75,324.4700012,3.279999971,0.01
75870,1,327.75,327.75,321.2000122,6.559999943,0.02
75869,1,327.75,327.75,317.9200134,9.829999924,0.029999999
75868,1,327.75,327.75,314.6400146,13.10999966,0.039999999
75867,1,327.75,327.75,311.3599854,16.38999939,0.050000001
75866,1,327.75,327.75,309.7200012,18.03000069,0.059999999
75865,1,327.75,327.75,304.8099976,22.94000053,0.07
75864,1,327.75,327.75,298.25,29.5,0.090000004
75863,1,327.75,327.75,294.980011,32.77999878,0.100000001
75862,1,327.75,327.75,288.4200134,39.33000183,0.119999997
75861,1,327.75,327.75,285.1400146,42.61000061,0.129999995
75860,1,327.75,327.75,278.5899963,49.15999985,0.150000006
75859,1,327.75,327.75,275.3099976,52.43999863,0.159999996
75858,1,327.75,327.75,272.0299988,55.72000122,0.170000002
75857,1,327.75,327.75,268.7600098,59.0,0.180000007
75856,1,327.75,327.75,262.2000122,65.55000305,0.200000003
75855,1,327.75,327.75,245.8099976,81.94000244,0.25
75854,1,327.75,327.75,327.75,0.0,0.0
75853,1,327.75,327.75,324.4700012,3.279999971,0.01
75852,1,327.75,327.75,321.2000122,6.559999943,0.02
75851,1,327.75,327.75,317.9200134,9.829999924,0.029999999
75850,1,327.75,327.75,314.6400146,13.10999966,0.039999999
75849,1,327.75,327.75,311.3599854,16.38999939,0.050000001
75848,1,327.75,327.75,309.7200012,18.03000069,0.059999999
75847,1,327.75,327.75,304.8099976,22.94000053,0.07
75846,1,327.75,327.75,298.25,29.5,0.090000004
75845,1,327.75,327.75,294.980011,32.77999878,0.100000001
75844,1,327.75,327.75,288.4200134,39.33000183,0.119999997
75843,1,327.75,327.75,285.1400146,42.61000061,0.129999995
75842,1,327.75,327.75,278.5899963,49.15999985,0.150000006
75841,1,327.75,327.75,275.3099976,52.43999863,0.159999996
75840,1,327.75,327.75,272.0299988,55.72000122,0.170000002
75839,1,327.75,327.75,268.7600098,59.0,0.180000007
75838,1,327.75,327.75,262.2000122,65.55000305,0.200000003
75837,1,327.75,327.75,245.8099976,81.94000244,0.25
75836,1,327.75,327.75,327.75,0.0,0.0
75835,1,327.75,327.75,324.4700012,3.279999971,0.01
75834,1,327.75,327.75,321.2000122,6.559999943,0.02
75833,1,327.75,327.75,317.9200134,9.829999924,0.029999999
75832,1,327.75,327.75,314.6400146,13.10999966,0.039999999
75831,1,327.75,327.75,311.3599854,16.38999939,0.050000001
75830,1,327.75,327.75,309.7200012,18.03000069,0.059999999
75829,1,327.75,327.75,304.8099976,22.94000053,0.07
75828,1,327.75,327.75,298.25,29.5,0.090000004
75827,1,327.75,327.75,294.980011,32.77999878,0.100000001
75826,1,327.75,327.75,288.4200134,39.33000183,0.119999997
75825,1,327.75,327.75,285.1400146,42.61000061,0.129999995
75824,1,327.75,327.75,278.5899963,49.15999985,0.150000006
75823,1,327.75,327.75,275.3099976,52.43999863,0.159999996
75822,1,327.75,327.75,272.0299988,55.72000122,0.170000002
75821,1,327.75,327.75,268.7600098,59.0,0.180000007
75820,1,327.75,327.75,262.2000122,65.55000305,0.200000003
75819,1,327.75,327.75,245.8099976,81.94000244,0.25
75818,1,327.75,327.75,327.75,0.0,0.0
75817,1,327.75,327.75,324.4700012,3.279999971,0.01
75816,1,327.75,327.75,321.2000122,6.559999943,0.02
75815,1,327.75,327.75,317.9200134,9.829999924,0.029999999
75814,1,327.75,327.75,314.6400146,13.10999966,0.039999999
75813,1,327.75,327.75,311.3599854,16.38999939,0.050000001
75812,1,327.75,327.75,309.7200012,18.03000069,0.059999999
75811,1,327.75,327.75,304.8099976,22.94000053,0.07
75810,1,327.75,327.75,298.25,29.5,0.090000004
75809,1,327.75,327.75,294.980011,32.77999878,0.100000001
75808,1,327.75,327.75,288.4200134,39.33000183,0.119999997
75807,1,327.75,327.75,285.1400146,42.61000061,0.129999995
75806,1,327.75,327.75,278.5899963,49.15999985,0.150000006
75805,1,327.75,327.75,275.3099976,52.43999863,0.159999996
75804,1,327.75,327.75,272.0299988,55.72000122,0.170000002
75803,1,327.75,327.75,268.7600098,59.0,0.180000007
75802,1,327.75,327.75,262.2000122,65.55000305,0.200000003
75801,1,327.75,327.75,245.8099976,81.94000244,0.25
75800,1,327.75,327.75,327.75,0.0,0.0
75799,1,327.75,327.75,324.4700012,3.279999971,0.01
75798,1,327.75,327.75,321.2000122,6.559999943,0.02
75797,1,327.75,327.75,317.9200134,9.829999924,0.029999999
5895,3,50.0,50.0,120.0,30.0,0.200000003
3130,3,50.0,50.0,112.5,37.5,0.25
49521,3,99.98999786,99.98999786,254.9700012,45.0,0.150000006
30305,3,39.99000168,39.99000168,113.9700012,6.0,0.050000001
50054,3,99.98999786,99.98999786,254.9700012,45.0,0.150000006
27772,3,59.99000168,59.99000168,178.1699982,1.799999952,0.01
47752,3,59.99000168,59.99000168,172.7700043,7.199999809,0.039999999
31296,3,59.99000168,59.99000168,170.0700073,9.899999619,0.059999999
22076,3,59.99000168,59.99000168,163.7700043,16.20000076,0.090000004
25665,3,59.99000168,59.99000168,152.9700012,27.0,0.150000006
31296,3,50.0,50.0,150.0,0.0,0.0
22819,3,39.99000168,39.99000168,95.98000336,23.98999977,0.200000003
27099,3,21.98999977,21.98999977,65.30999756,0.660000026,0.01
28292,3,15.98999977,15.98999977,35.97999954,11.98999977,0.25
39159,3,59.99000168,59.99000168,156.5700073,23.39999962,0.129999995
32090,3,44.99000168,44.99000168,114.7200012,20.25,0.150000006
34631,3,99.98999786,99.98999786,293.9700012,6.0,0.02
37669,3,99.98999786,99.98999786,278.9700012,21.0,0.07
37669,3,59.99000168,59.99000168,152.9700012,27.0,0.150000006
34773,3,50.0,50.0,145.5,4.5,0.029999999
40085,3,50.0,50.0,139.5,10.5,0.07
47262,4,99.98999786,99.98999786,335.9700012,63.99000168,0.159999996
44771,4,31.98999977,31.98999977,122.8399963,5.119999886,0.039999999
13890,4,99.98999786,99.98999786,395.9599915,4.0,0.01
17071,4,31.98999977,31.98999977,126.6800003,1.279999971,0.01
11321,4,99.98999786,99.98999786,391.9599915,8.0,0.02
64813,4,59.99000168,59.99000168,227.9600067,12.0,0.050000001
17162,4,59.99000168,59.99000168,201.5700073,38.38999939,0.159999996
12827,4,59.99000168,59.99000168,201.5700073,38.38999939,0.159999996
11936,4,50.0,50.0,200.0,0.0,0.0
68337,4,39.99000168,39.99000168,156.7599945,3.200000048,0.02
45746,4,50.0,50.0,190.0,10.0,0.050000001
64813,4,50.0,50.0,189.0,11.0,0.059999999
13736,4,50.0,50.0,186.0,14.0,0.07
49622,4,39.99000168,39.99000168,145.5599976,14.39999962,0.090000004
19444,4,50.0,50.0,180.0,20.0,0.100000001
63936,4,39.99000168,39.99000168,127.9700012,31.98999977,0.200000003
49622,4,24.98999977,24.98999977,84.97000122,14.98999977,0.150000006
51911,4,99.98999786,99.98999786,395.9599915,4.0,0.01
58239,4,99.98999786,99.98999786,339.9700012,59.99000168,0.150000006
56678,4,99.98999786,99.98999786,335.9700012,63.99000168,0.159999996
53202,4,59.99000168,59.99000168,239.9600067,0.0,0.0
58738,4,59.99000168,59.99000168,203.9700012,35.99000168,0.150000006
56260,4,59.99000168,59.99000168,201.5700073,38.38999939,0.159999996
5042,4,50.0,50.0,189.0,11.0,0.059999999
53202,4,39.99000168,39.99000168,135.9700012,23.98999977,0.150000006
55511,4,50.0,50.0,170.0,30.0,0.150000006
54128,4,51.99000168,51.99000168,203.8000031,4.159999847,0.02
21244,4,24.98999977,24.98999977,94.45999908,5.5,0.059999999
47752,4,59.99000168,59.99000168,227.9600067,12.0,0.050000001
31239,4,59.99000168,59.99000168,215.9600067,24.0,0.100000001
45772,4,59.99000168,59.99000168,196.7700043,43.18999863,0.180000007
24661,4,39.99000168,39.99000168,153.5599976,6.400000095,0.039999999
50054,4,50.0,50.0,192.0,8.0,0.039999999
22924,4,39.99000168,39.99000168,151.9600067,8.0,0.050000001
21902,4,50.0,50.0,189.0,11.0,0.059999999
21534,4,39.99000168,39.99000168,131.1699982,28.79000092,0.180000007
45461,4,50.0,50.0,164.0,36.0,0.180000007
24160,4,24.98999977,24.98999977,95.95999908,4.0,0.039999999
39159,4,50.0,50.0,166.0,34.0,0.170000002
32102,4,31.98999977,31.98999977,126.6800003,1.279999971,0.01
37763,4,59.99000168,59.99000168,208.7700043,31.19000053,0.129999995
37867,4,59.99000168,59.99000168,191.9700012,47.99000168,0.200000003
31905,4,59.99000168,59.99000168,179.9700012,59.99000168,0.25
36269,4,59.99000168,59.99000168,179.9700012,59.99000168,0.25
37867,4,59.99000168,59.99000168,179.9700012,59.99000168,0.25
40085,4,39.99000168,39.99000168,145.5599976,14.39999962,0.090000004
40085,4,50.0,50.0,170.0,30.0,0.150000006
48374,5,99.98999786,99.98999786,434.9599915,64.98999786,0.129999995
48434,5,50.0,50.0,227.5,22.5,0.090000004
17719,5,99.98999786,99.98999786,499.9500122,0.0,0.0
15766,5,99.98999786,99.98999786,439.9599915,59.99000168,0.119999997
12179,5,59.99000168,59.99000168,290.9500122,9.0,0.029999999
66275,5,59.99000168,59.99000168,248.9600067,50.99000168,0.170000002
13140,5,59.99000168,59.99000168,248.9600067,50.99000168,0.170000002
16444,5,59.99000168,59.99000168,245.9600067,53.99000168,0.180000007
15766,5,39.99000168,39.99000168,195.9499969,4.0,0.02
65030,5,50.0,50.0,227.5,22.5,0.090000004
14454,5,50.0,50.0,225.0,25.0,0.100000001
13736,5,50.0,50.0,225.0,25.0,0.100000001
67979,5,39.99000168,39.99000168,179.9600067,20.0,0.100000001
65030,5,50.0,50.0,225.0,25.0,0.100000001
66275,5,50.0,50.0,212.5,37.5,0.150000006
65264,5,50.0,50.0,212.5,37.5,0.150000006
11936,5,70.0,70.0,290.5,59.5,0.170000002
13890,5,50.0,50.0,205.0,45.0,0.180000007
51226,5,19.98999977,19.98999977,96.94999695,3.0,0.029999999
52576,5,50.0,50.0,240.0,10.0,0.039999999
53202,5,31.98999977,31.98999977,158.3500061,1.600000024,0.01
67753,1,399.9899902,399.9899902,351.9899902,48.0,0.119999997
15421,1,99.98999786,99.98999786,86.98999786,13.0,0.129999995
13225,1,27.98999977,27.98999977,23.51000023,4.480000019,0.159999996
71362,1,461.480011,461.480011,461.480011,0.0,0.0
13232,1,129.9900055,129.9900055,129.9900055,0.0,0.0
67753,1,299.9899902,299.9899902,299.9899902,0.0,0.0
68879,1,129.9900055,129.9900055,129.9900055,0.0,0.0
65487,1,129.9900055,129.9900055,129.9900055,0.0,0.0
65105,1,129.9900055,129.9900055,129.9900055,0.0,0.0
14837,1,129.9900055,129.9900055,129.9900055,0.0,0.0
46224,1,59.99000168,59.99000168,59.38999939,0.600000024,0.01
71217,1,461.480011,461.480011,456.8699951,4.610000134,0.01
63972,1,129.9900055,129.9900055,128.6900024,1.299999952,0.01
19200,1,129.9900055,129.9900055,128.6900024,1.299999952,0.01
18009,1,129.9900055,129.9900055,128.6900024,1.299999952,0.01
10831,1,129.9900055,129.9900055,128.6900024,1.299999952,0.01
68107,1,129.9900055,129.9900055,128.6900024,1.299999952,0.01
15421,1,129.9900055,129.9900055,128.6900024,1.299999952,0.01
71271,1,461.480011,461.480011,456.8699951,4.610000134,0.01
68879,1,129.9900055,129.9900055,128.6900024,1.299999952,0.01
65487,1,129.9900055,129.9900055,128.6900024,1.299999952,0.01
16953,1,129.9900055,129.9900055,128.6900024,1.299999952,0.01
49664,1,59.99000168,59.99000168,58.79000092,1.200000048,0.02
16446,1,129.9900055,129.9900055,127.3899994,2.599999905,0.02
10831,1,129.9900055,129.9900055,127.3899994,2.599999905,0.02
14960,1,59.99000168,59.99000168,58.79000092,1.200000048,0.02
18005,1,129.9900055,129.9900055,126.0899963,3.900000095,0.029999999
10831,1,129.9900055,129.9900055,126.0899963,3.900000095,0.029999999
12804,1,59.99000168,59.99000168,58.18999863,1.799999952,0.029999999
14651,1,129.9900055,129.9900055,126.0899963,3.900000095,0.029999999
10990,1,129.9900055,129.9900055,126.0899963,3.900000095,0.029999999
65609,1,129.9900055,129.9900055,124.7900009,5.199999809,0.039999999
17878,1,129.9900055,129.9900055,124.7900009,5.199999809,0.039999999
16998,1,129.9900055,129.9900055,124.7900009,5.199999809,0.039999999
13970,1,129.9900055,129.9900055,124.7900009,5.199999809,0.039999999
10990,1,129.9900055,129.9900055,124.7900009,5.199999809,0.039999999
13614,1,59.99000168,59.99000168,56.99000168,3.0,0.050000001
44388,1,129.9900055,129.9900055,122.8399963,7.150000095,0.059999999
13050,1,59.99000168,59.99000168,56.68999863,3.299999952,0.059999999
12613,1,129.9900055,129.9900055,122.8399963,7.150000095,0.059999999
66587,1,129.9900055,129.9900055,122.8399963,7.150000095,0.059999999
62795,1,129.9900055,129.9900055,122.8399963,7.150000095,0.059999999
18950,1,129.9900055,129.9900055,122.8399963,7.150000095,0.059999999
19610,1,129.9900055,129.9900055,120.8899994,9.100000381,0.07
65011,1,129.9900055,129.9900055,120.8899994,9.100000381,0.07
19380,1,129.9900055,129.9900055,120.8899994,9.100000381,0.07
65005,1,129.9900055,129.9900055,118.2900009,11.69999981,0.090000004
20085,1,129.9900055,129.9900055,118.2900009,11.69999981,0.090000004
18245,1,129.9900055,129.9900055,118.2900009,11.69999981,0.090000004
17810,1,129.9900055,129.9900055,118.2900009,11.69999981,0.090000004
19817,1,129.9900055,129.9900055,118.2900009,11.69999981,0.090000004
10444,1,129.9900055,129.9900055,118.2900009,11.69999981,0.090000004
64637,1,129.9900055,129.9900055,116.9899979,13.0,0.100000001
15269,1,129.9900055,129.9900055,116.9899979,13.0,0.100000001
14064,1,129.9900055,129.9900055,116.9899979,13.0,0.100000001
14551,1,59.99000168,59.99000168,53.99000168,6.0,0.100000001
12698,1,59.99000168,59.99000168,53.99000168,6.0,0.100000001
47758,1,129.9900055,129.9900055,114.3899994,15.60000038,0.119999997
68220,1,129.9900055,129.9900055,114.3899994,15.60000038,0.119999997
14730,1,129.9900055,129.9900055,114.3899994,15.60000038,0.119999997
66411,1,129.9900055,129.9900055,114.3899994,15.60000038,0.119999997
12535,1,129.9900055,129.9900055,114.3899994,15.60000038,0.119999997
67712,1,129.9900055,129.9900055,114.3899994,15.60000038,0.119999997
18593,1,129.9900055,129.9900055,113.0899963,16.89999962,0.129999995
17909,1,129.9900055,129.9900055,113.0899963,16.89999962,0.129999995
16302,1,129.9900055,129.9900055,113.0899963,16.89999962,0.129999995
14730,1,129.9900055,129.9900055,113.0899963,16.89999962,0.129999995
13343,1,129.9900055,129.9900055,113.0899963,16.89999962,0.129999995
62117,1,59.99000168,59.99000168,52.18999863,7.800000191,0.129999995
62637,1,129.9900055,129.9900055,113.0899963,16.89999962,0.129999995
67845,1,129.9900055,129.9900055,113.0899963,16.89999962,0.129999995
67712,1,129.9900055,129.9900055,113.0899963,16.89999962,0.129999995
11209,1,129.9900055,129.9900055,113.0899963,16.89999962,0.129999995
41494,1,59.99000168,59.99000168,50.99000168,9.0,0.150000006
18593,1,129.9900055,129.9900055,110.4899979,19.5,0.150000006
13343,1,129.9900055,129.9900055,110.4899979,19.5,0.150000006
62637,1,129.9900055,129.9900055,110.4899979,19.5,0.150000006
70044,1,357.1000061,357.1000061,303.5400085,53.5699997,0.150000006
67753,1,129.9900055,129.9900055,110.4899979,19.5,0.150000006
16617,1,129.9900055,129.9900055,110.4899979,19.5,0.150000006
14574,1,129.9900055,129.9900055,110.4899979,19.5,0.150000006
12698,1,129.9900055,129.9900055,110.4899979,19.5,0.150000006
15599,1,129.9900055,129.9900055,109.1900024,20.79999924,0.159999996
13343,1,129.9900055,129.9900055,109.1900024,20.79999924,0.159999996
20072,1,129.9900055,129.9900055,109.1900024,20.79999924,0.159999996
12323,1,59.99000168,59.99000168,50.38999939,9.600000381,0.159999996
71295,1,461.480011,461.480011,387.6400146,73.83999634,0.159999996
66351,1,129.9900055,129.9900055,109.1900024,20.79999924,0.159999996
12698,1,129.9900055,129.9900055,109.1900024,20.79999924,0.159999996
44148,1,129.9900055,129.9900055,107.8899994,22.10000038,0.170000002
53540,5,59.99000168,59.99000168,283.4500122,16.5,0.059999999
53069,5,59.99000168,59.99000168,272.9500122,27.0,0.090000004
57570,5,59.99000168,59.99000168,269.9599915,30.0,0.100000001
5154,5,59.99000168,59.99000168,263.9599915,35.99000168,0.119999997
9122,5,59.99000168,59.99000168,263.9599915,35.99000168,0.119999997
4427,5,59.99000168,59.99000168,260.9599915,38.99000168,0.129999995
9340,5,59.99000168,59.99000168,254.9600067,44.99000168,0.150000006
9331,5,59.99000168,59.99000168,251.9600067,47.99000168,0.159999996
58315,5,59.99000168,59.99000168,248.9600067,50.99000168,0.170000002
54572,5,59.99000168,59.99000168,224.9600067,74.98999786,0.25
51746,5,39.99000168,39.99000168,199.9499969,0.0,0.0
4269,5,50.0,50.0,250.0,0.0,0.0
61346,5,39.99000168,39.99000168,199.9499969,0.0,0.0
1999,5,50.0,50.0,247.5,2.5,0.01
53576,5,70.0,70.0,346.5,3.5,0.01
57152,5,50.0,50.0,245.0,5.0,0.02
51674,5,25.0,25.0,122.5,2.5,0.02
55336,5,39.99000168,39.99000168,195.9499969,4.0,0.02
53810,5,39.99000168,39.99000168,195.9499969,4.0,0.02
59301,5,50.0,50.0,240.0,10.0,0.039999999
8410,5,50.0,50.0,240.0,10.0,0.039999999
8123,5,50.0,50.0,240.0,10.0,0.039999999
60567,5,50.0,50.0,237.5,12.5,0.050000001
2203,5,50.0,50.0,236.25,13.75,0.059999999
3527,5,39.99000168,39.99000168,179.9600067,20.0,0.100000001
2428,5,39.99000168,39.99000168,173.9600067,25.98999977,0.129999995
55174,5,50.0,50.0,217.5,32.5,0.129999995
57032,5,50.0,50.0,217.5,32.5,0.129999995
10113,5,50.0,50.0,217.5,32.5,0.129999995
52250,5,50.0,50.0,212.5,37.5,0.150000006
8906,5,50.0,50.0,212.5,37.5,0.150000006
1386,5,39.99000168,39.99000168,169.9600067,29.98999977,0.150000006
59226,5,39.99000168,39.99000168,167.9600067,31.98999977,0.159999996
8847,5,50.0,50.0,210.0,40.0,0.159999996
57929,5,39.99000168,39.99000168,163.9600067,35.99000168,0.180000007
53505,5,50.0,50.0,200.0,50.0,0.200000003
55636,5,70.0,70.0,280.0,70.0,0.200000003
57128,5,47.99000168,47.99000168,239.9499969,0.0,0.0
8728,5,24.98999977,24.98999977,122.4499969,2.5,0.02
1105,5,47.99000168,47.99000168,230.3500061,9.600000381,0.039999999
1797,5,24.98999977,24.98999977,118.0800018,6.869999886,0.059999999
1634,5,24.98999977,24.98999977,113.6999969,11.25,0.090000004
53576,5,15.98999977,15.98999977,71.95999908,8.0,0.100000001
10113,5,24.98999977,24.98999977,104.9599991,19.98999977,0.159999996
6176,5,59.99000168,59.99000168,284.9500122,15.0,0.050000001
60460,5,59.99000168,59.99000168,272.9500122,27.0,0.090000004
580,5,59.99000168,59.99000168,269.9599915,30.0,0.100000001
56244,5,59.99000168,59.99000168,254.9600067,44.99000168,0.150000006
6522,5,59.99000168,59.99000168,245.9600067,53.99000168,0.180000007
58298,5,59.99000168,59.99000168,224.9600067,74.98999786,0.25
3625,5,39.99000168,39.99000168,193.9499969,6.0,0.029999999
52321,5,50.0,50.0,240.0,10.0,0.039999999
58896,5,50.0,50.0,225.0,25.0,0.100000001
5919,5,70.0,70.0,315.0,35.0,0.100000001
52772,5,50.0,50.0,220.0,30.0,0.119999997
9063,5,30.0,30.0,123.0,27.0,0.180000007
61419,5,50.0,50.0,200.0,50.0,0.200000003
5919,5,39.99000168,39.99000168,149.9600067,49.99000168,0.25
27742,5,99.98999786,99.98999786,449.9599915,50.0,0.100000001
24453,5,99.98999786,99.98999786,424.9599915,74.98999786,0.150000006
31145,5,99.98999786,99.98999786,374.9599915,124.9899979,0.25
30802,5,34.99000168,34.99000168,153.9600067,20.98999977,0.119999997
25875,5,31.98999977,31.98999977,159.9499969,0.0,0.0
30589,5,30.0,30.0,150.0,0.0,0.0
20931,5,99.98999786,99.98999786,474.9500122,25.0,0.050000001
45646,5,99.98999786,99.98999786,472.4500122,27.5,0.059999999
29731,5,99.98999786,99.98999786,464.9500122,35.0,0.07
42777,5,99.98999786,99.98999786,464.9500122,35.0,0.07
23886,5,99.98999786,99.98999786,414.9599915,84.98999786,0.170000002
43561,5,31.98999977,31.98999977,131.1600037,28.79000092,0.180000007
47846,5,99.98999786,99.98999786,399.9599915,99.98999786,0.200000003
21192,5,59.99000168,59.99000168,283.4500122,16.5,0.059999999
23156,5,59.99000168,59.99000168,283.4500122,16.5,0.059999999
22811,5,59.99000168,59.99000168,254.9600067,44.99000168,0.150000006
25418,5,59.99000168,59.99000168,254.9600067,44.99000168,0.150000006
47092,5,59.99000168,59.99000168,254.9600067,44.99000168,0.150000006
42658,5,59.99000168,59.99000168,254.9600067,44.99000168,0.150000006
23494,5,59.99000168,59.99000168,251.9600067,47.99000168,0.159999996
27316,5,59.99000168,59.99000168,248.9600067,50.99000168,0.170000002
20931,5,59.99000168,59.99000168,248.9600067,50.99000168,0.170000002
27555,5,59.99000168,59.99000168,245.9600067,53.99000168,0.180000007
28657,5,39.99000168,39.99000168,197.9499969,2.0,0.01
47011,5,50.0,50.0,247.5,2.5,0.01
47846,5,50.0,50.0,245.0,5.0,0.02
21973,5,39.99000168,39.99000168,191.9499969,8.0,0.039999999
50226,5,50.0,50.0,237.5,12.5,0.050000001
44617,5,50.0,50.0,237.5,12.5,0.050000001
21196,5,50.0,50.0,236.25,13.75,0.059999999
21193,5,50.0,50.0,232.5,17.5,0.07
26073,5,50.0,50.0,232.5,17.5,0.07
44425,4,99.98999786,99.98999786,331.9700012,67.98999786,0.170000002
49570,4,99.98999786,99.98999786,331.9700012,67.98999786,0.170000002
42099,4,59.99000168,59.99000168,218.3600006,21.60000038,0.090000004
47731,4,59.99000168,59.99000168,218.3600006,21.60000038,0.090000004
46062,4,59.99000168,59.99000168,211.1600037,28.79999924,0.119999997
44938,4,59.99000168,59.99000168,211.1600037,28.79999924,0.119999997
50688,4,59.99000168,59.99000168,203.9700012,35.99000168,0.150000006
49445,4,59.99000168,59.99000168,201.5700073,38.38999939,0.159999996
47938,4,39.99000168,39.99000168,158.3600006,1.600000024,0.01
45249,4,39.99000168,39.99000168,158.3600006,1.600000024,0.01
41874,4,50.0,50.0,194.0,6.0,0.029999999
41572,4,50.0,50.0,186.0,14.0,0.07
46062,4,50.0,50.0,180.0,20.0,0.100000001
41785,4,39.99000168,39.99000168,139.1699982,20.79000092,0.129999995
42971,4,39.99000168,39.99000168,139.1699982,20.79000092,0.129999995
44677,4,50.0,50.0,166.0,34.0,0.170000002
43266,4,50.0,50.0,166.0,34.0,0.170000002
50688,4,39.99000168,39.99000168,132.7700043,27.19000053,0.170000002
47917,4,50.0,50.0,164.0,36.0,0.180000007
48901,4,19.98999977,19.98999977,67.16999817,12.78999996,0.159999996
44265,4,44.99000168,44.99000168,170.9600067,9.0,0.050000001
41590,4,99.98999786,99.98999786,387.9599915,12.0,0.029999999
45987,4,59.99000168,59.99000168,191.9700012,47.99000168,0.200000003
44452,4,50.0,50.0,176.0,24.0,0.119999997
49218,4,39.99000168,39.99000168,139.1699982,20.79000092,0.129999995
47840,4,70.0,70.0,235.1999969,44.79999924,0.159999996
47493,4,39.99000168,39.99000168,131.1699982,28.79000092,0.180000007
45987,4,50.0,50.0,160.0,40.0,0.200000003
41590,4,51.99000168,51.99000168,205.8800049,2.079999924,0.01
64274,4,99.98999786,99.98999786,319.9700012,79.98999786,0.200000003
13298,4,59.99000168,59.99000168,235.1600037,4.800000191,0.02
62786,4,59.99000168,59.99000168,230.3600006,9.600000381,0.039999999
13939,4,59.99000168,59.99000168,211.1600037,28.79999924,0.119999997
46864,4,59.99000168,59.99000168,208.7700043,31.19000053,0.129999995
16590,4,59.99000168,59.99000168,196.7700043,43.18999863,0.180000007
62840,4,59.99000168,59.99000168,179.9700012,59.99000168,0.25
66959,4,50.0,50.0,198.0,2.0,0.01
63220,4,39.99000168,39.99000168,151.9600067,8.0,0.050000001
19642,4,50.0,50.0,189.0,11.0,0.059999999
65439,4,50.0,50.0,186.0,14.0,0.07
62840,4,50.0,50.0,180.0,20.0,0.100000001
17363,4,50.0,50.0,180.0,20.0,0.100000001
13298,4,39.99000168,39.99000168,143.9600067,16.0,0.100000001
18237,4,50.0,50.0,166.0,34.0,0.170000002
66958,4,39.99000168,39.99000168,131.1699982,28.79000092,0.180000007
66764,4,50.0,50.0,164.0,36.0,0.180000007
66764,4,50.0,50.0,160.0,40.0,0.200000003
48193,4,24.98999977,24.98999977,89.95999908,10.0,0.100000001
15231,4,24.98999977,24.98999977,90.95999908,9.0,0.090000004
10451,4,59.99000168,59.99000168,199.1699982,40.79000092,0.170000002
10459,4,99.98999786,99.98999786,399.9599915,0.0,0.0
64222,4,99.98999786,99.98999786,387.9599915,12.0,0.029999999
63907,4,99.98999786,99.98999786,383.9599915,16.0,0.039999999
19178,4,99.98999786,99.98999786,379.9599915,20.0,0.050000001
67046,4,99.98999786,99.98999786,379.9599915,20.0,0.050000001
65312,4,99.98999786,99.98999786,377.9599915,22.0,0.059999999
16436,4,99.98999786,99.98999786,363.9599915,36.0,0.090000004
11822,4,31.98999977,31.98999977,116.4400024,11.52000046,0.090000004
19528,4,99.98999786,99.98999786,359.9599915,40.0,0.100000001
49763,4,44.99000168,44.99000168,158.3600006,21.60000038,0.119999997
16013,4,99.98999786,99.98999786,351.9599915,48.0,0.119999997
17347,4,99.98999786,99.98999786,351.9599915,48.0,0.119999997
19496,4,99.98999786,99.98999786,347.9700012,51.99000168,0.129999995
62789,4,99.98999786,99.98999786,339.9700012,59.99000168,0.150000006
11674,4,99.98999786,99.98999786,335.9700012,63.99000168,0.159999996
67866,4,99.98999786,99.98999786,327.9700012,71.98999786,0.180000007
13599,4,99.98999786,99.98999786,319.9700012,79.98999786,0.200000003
10384,4,59.99000168,59.99000168,239.9600067,0.0,0.0
63115,4,59.99000168,59.99000168,239.9600067,0.0,0.0
63516,4,59.99000168,59.99000168,235.1600037,4.800000191,0.02
62086,4,59.99000168,59.99000168,232.7599945,7.199999809,0.029999999
62817,4,59.99000168,59.99000168,232.7599945,7.199999809,0.029999999
10856,4,59.99000168,59.99000168,230.3600006,9.600000381,0.039999999
14685,4,59.99000168,59.99000168,230.3600006,9.600000381,0.039999999
66229,4,59.99000168,59.99000168,230.3600006,9.600000381,0.039999999
14924,4,59.99000168,59.99000168,230.3600006,9.600000381,0.039999999
49839,4,59.99000168,59.99000168,230.3600006,9.600000381,0.039999999
12393,4,59.99000168,59.99000168,226.7599945,13.19999981,0.059999999
65898,4,59.99000168,59.99000168,226.7599945,13.19999981,0.059999999
64599,4,59.99000168,59.99000168,223.1600037,16.79999924,0.07
65370,4,59.99000168,59.99000168,223.1600037,16.79999924,0.07
19732,4,59.99000168,59.99000168,218.3600006,21.60000038,0.090000004
67549,4,59.99000168,59.99000168,218.3600006,21.60000038,0.090000004
67549,4,59.99000168,59.99000168,215.9600067,24.0,0.100000001
67866,4,59.99000168,59.99000168,211.1600037,28.79999924,0.119999997
67275,4,59.99000168,59.99000168,211.1600037,28.79999924,0.119999997
46863,4,59.99000168,59.99000168,203.9700012,35.99000168,0.150000006
62306,4,59.99000168,59.99000168,203.9700012,35.99000168,0.150000006
10451,4,59.99000168,59.99000168,201.5700073,38.38999939,0.159999996
18213,4,59.99000168,59.99000168,196.7700043,43.18999863,0.180000007
16863,4,59.99000168,59.99000168,196.7700043,43.18999863,0.180000007
24764,1,129.9900055,129.9900055,118.2900009,11.69999981,0.090000004
21522,1,129.9900055,129.9900055,118.2900009,11.69999981,0.090000004
26670,1,129.9900055,129.9900055,118.2900009,11.69999981,0.090000004
21971,1,129.9900055,129.9900055,118.2900009,11.69999981,0.090000004
76849,1,215.8200073,215.8200073,196.3999939,19.42000008,0.090000004
27357,1,129.9900055,129.9900055,118.2900009,11.69999981,0.090000004
29283,1,129.9900055,129.9900055,118.2900009,11.69999981,0.090000004
30724,1,129.9900055,129.9900055,118.2900009,11.69999981,0.090000004
74454,1,357.1000061,357.1000061,324.9599915,32.13999939,0.090000004
24558,1,129.9900055,129.9900055,118.2900009,11.69999981,0.090000004
24230,1,59.99000168,59.99000168,54.59000015,5.400000095,0.090000004
26821,1,129.9900055,129.9900055,118.2900009,11.69999981,0.090000004
23211,1,129.9900055,129.9900055,118.2900009,11.69999981,0.090000004
21868,1,129.9900055,129.9900055,118.2900009,11.69999981,0.090000004
47009,1,129.9900055,129.9900055,118.2900009,11.69999981,0.090000004
42271,1,129.9900055,129.9900055,116.9899979,13.0,0.100000001
50628,1,129.9900055,129.9900055,116.9899979,13.0,0.100000001
24764,1,129.9900055,129.9900055,116.9899979,13.0,0.100000001
21907,1,129.9900055,129.9900055,116.9899979,13.0,0.100000001
72442,1,210.8500061,210.8500061,189.7700043,21.09000015,0.100000001
27357,1,129.9900055,129.9900055,116.9899979,13.0,0.100000001
21966,1,129.9900055,129.9900055,116.9899979,13.0,0.100000001
31169,1,129.9900055,129.9900055,116.9899979,13.0,0.100000001
21906,1,59.99000168,59.99000168,53.99000168,6.0,0.100000001
72460,1,210.8500061,210.8500061,189.7700043,21.09000015,0.100000001
26861,1,129.9900055,129.9900055,116.9899979,13.0,0.100000001
76992,1,215.8200073,215.8200073,194.2400055,21.57999992,0.100000001
22792,1,129.9900055,129.9900055,116.9899979,13.0,0.100000001
24438,1,129.9900055,129.9900055,116.9899979,13.0,0.100000001
27957,1,129.9900055,129.9900055,116.9899979,13.0,0.100000001
26821,1,129.9900055,129.9900055,116.9899979,13.0,0.100000001
21868,1,129.9900055,129.9900055,116.9899979,13.0,0.100000001
47899,1,59.99000168,59.99000168,53.99000168,6.0,0.100000001
27918,1,59.99000168,59.99000168,52.79000092,7.199999809,0.119999997
22900,1,129.9900055,129.9900055,114.3899994,15.60000038,0.119999997
30997,1,129.9900055,129.9900055,114.3899994,15.60000038,0.119999997
26183,1,129.9900055,129.9900055,114.3899994,15.60000038,0.119999997
24314,1,129.9900055,129.9900055,114.3899994,15.60000038,0.119999997
21267,1,129.9900055,129.9900055,114.3899994,15.60000038,0.119999997
31169,1,129.9900055,129.9900055,114.3899994,15.60000038,0.119999997
30712,1,129.9900055,129.9900055,114.3899994,15.60000038,0.119999997
27207,1,129.9900055,129.9900055,114.3899994,15.60000038,0.119999997
76847,1,215.8200073,215.8200073,189.9199982,25.89999962,0.119999997
21906,1,129.9900055,129.9900055,114.3899994,15.60000038,0.119999997
21407,1,129.9900055,129.9900055,114.3899994,15.60000038,0.119999997
25050,1,129.9900055,129.9900055,114.3899994,15.60000038,0.119999997
24438,1,129.9900055,129.9900055,114.3899994,15.60000038,0.119999997
23807,1,129.9900055,129.9900055,114.3899994,15.60000038,0.119999997
21349,1,129.9900055,129.9900055,114.3899994,15.60000038,0.119999997
22224,1,129.9900055,129.9900055,114.3899994,15.60000038,0.119999997
49806,1,59.99000168,59.99000168,52.79000092,7.199999809,0.119999997
47044,1,129.9900055,129.9900055,114.3899994,15.60000038,0.119999997
41676,1,129.9900055,129.9900055,114.3899994,15.60000038,0.119999997
49598,1,129.9900055,129.9900055,114.3899994,15.60000038,0.119999997
42130,1,129.9900055,129.9900055,113.0899963,16.89999962,0.129999995
26036,1,59.99000168,59.99000168,52.18999863,7.800000191,0.129999995
29746,1,129.9900055,129.9900055,113.0899963,16.89999962,0.129999995
27457,1,129.9900055,129.9900055,113.0899963,16.89999962,0.129999995
21309,1,129.9900055,129.9900055,113.0899963,16.89999962,0.129999995
23267,1,129.9900055,129.9900055,113.0899963,16.89999962,0.129999995
23706,1,59.99000168,59.99000168,52.18999863,7.800000191,0.129999995
27729,1,129.9900055,129.9900055,113.0899963,16.89999962,0.129999995
30519,1,129.9900055,129.9900055,113.0899963,16.89999962,0.129999995
21267,1,129.9900055,129.9900055,113.0899963,16.89999962,0.129999995
30658,1,129.9900055,129.9900055,113.0899963,16.89999962,0.129999995
30323,1,129.9900055,129.9900055,113.0899963,16.89999962,0.129999995
30712,1,129.9900055,129.9900055,113.0899963,16.89999962,0.129999995
30044,1,129.9900055,129.9900055,113.0899963,16.89999962,0.129999995
74194,1,59.08000183,59.08000183,51.40000153,7.679999828,0.129999995
72458,1,210.8500061,210.8500061,183.4400024,27.40999985,0.129999995
25050,1,129.9900055,129.9900055,113.0899963,16.89999962,0.129999995
74451,1,357.1000061,357.1000061,310.6799927,46.41999817,0.129999995
22297,1,59.99000168,59.99000168,52.18999863,7.800000191,0.129999995
24552,1,129.9900055,129.9900055,113.0899963,16.89999962,0.129999995
44706,1,59.99000168,59.99000168,52.18999863,7.800000191,0.129999995
48950,1,129.9900055,129.9900055,113.0899963,16.89999962,0.129999995
47600,1,129.9900055,129.9900055,113.0899963,16.89999962,0.129999995
47044,1,129.9900055,129.9900055,113.0899963,16.89999962,0.129999995
43257,1,129.9900055,129.9900055,113.0899963,16.89999962,0.129999995
49888,1,129.9900055,129.9900055,113.0899963,16.89999962,0.129999995
42130,1,129.9900055,129.9900055,110.4899979,19.5,0.150000006
24752,1,129.9900055,129.9900055,110.4899979,19.5,0.150000006
24548,1,129.9900055,129.9900055,110.4899979,19.5,0.150000006
73906,1,215.8200073,215.8200073,183.4499969,32.36999893,0.150000006
27729,1,129.9900055,129.9900055,110.4899979,19.5,0.150000006
28355,1,129.9900055,129.9900055,110.4899979,19.5,0.150000006
23456,1,129.9900055,129.9900055,110.4899979,19.5,0.150000006
74193,1,59.08000183,59.08000183,50.22000122,8.859999657,0.150000006
50466,1,129.9900055,129.9900055,110.4899979,19.5,0.150000006
50377,1,129.9900055,129.9900055,110.4899979,19.5,0.150000006
61855,5,99.98999786,99.98999786,454.9500122,45.0,0.090000004
67415,5,99.98999786,99.98999786,449.9599915,50.0,0.100000001
66794,5,99.98999786,99.98999786,449.9599915,50.0,0.100000001
17467,5,99.98999786,99.98999786,449.9599915,50.0,0.100000001
16419,5,99.98999786,99.98999786,449.9599915,50.0,0.100000001
65249,5,99.98999786,99.98999786,439.9599915,59.99000168,0.119999997
17449,5,99.98999786,99.98999786,434.9599915,64.98999786,0.129999995
63803,5,99.98999786,99.98999786,434.9599915,64.98999786,0.129999995
16969,5,30.0,30.0,127.5,22.5,0.150000006
16369,5,99.98999786,99.98999786,424.9599915,74.98999786,0.150000006
66702,5,99.98999786,99.98999786,419.9599915,79.98999786,0.159999996
10584,5,99.98999786,99.98999786,419.9599915,79.98999786,0.159999996
17368,5,99.98999786,99.98999786,419.9599915,79.98999786,0.159999996
20291,5,31.98999977,31.98999977,134.3600006,25.59000015,0.159999996
14384,5,99.98999786,99.98999786,414.9599915,84.98999786,0.170000002
64066,5,99.98999786,99.98999786,409.9599915,89.98999786,0.180000007
67292,5,99.98999786,99.98999786,409.9599915,89.98999786,0.180000007
65855,5,99.98999786,99.98999786,409.9599915,89.98999786,0.180000007
64531,5,99.98999786,99.98999786,409.9599915,89.98999786,0.180000007
19168,5,99.98999786,99.98999786,409.9599915,89.98999786,0.180000007
16299,5,99.98999786,99.98999786,399.9599915,99.98999786,0.200000003
17228,5,99.98999786,99.98999786,399.9599915,99.98999786,0.200000003
68289,5,99.98999786,99.98999786,399.9599915,99.98999786,0.200000003
47509,5,99.98999786,99.98999786,374.9599915,124.9899979,0.25
17211,5,99.98999786,99.98999786,374.9599915,124.9899979,0.25
64894,5,99.98999786,99.98999786,374.9599915,124.9899979,0.25
67818,5,99.98999786,99.98999786,374.9599915,124.9899979,0.25
16218,5,59.99000168,59.99000168,299.9500122,0.0,0.0
11391,5,59.99000168,59.99000168,299.9500122,0.0,0.0
17386,5,59.99000168,59.99000168,299.9500122,0.0,0.0
11968,5,59.99000168,59.99000168,299.9500122,0.0,0.0
46305,5,59.99000168,59.99000168,296.9500122,3.0,0.01
16218,5,59.99000168,59.99000168,296.9500122,3.0,0.01
19973,5,59.99000168,59.99000168,296.9500122,3.0,0.01
15787,5,59.99000168,59.99000168,296.9500122,3.0,0.01
11378,5,59.99000168,59.99000168,296.9500122,3.0,0.01
62260,5,59.99000168,59.99000168,296.9500122,3.0,0.01
11083,5,59.99000168,59.99000168,296.9500122,3.0,0.01
65174,5,59.99000168,59.99000168,296.9500122,3.0,0.01
44442,5,59.99000168,59.99000168,293.9500122,6.0,0.02
42783,5,59.99000168,59.99000168,293.9500122,6.0,0.02
64677,5,59.99000168,59.99000168,293.9500122,6.0,0.02
66219,5,59.99000168,59.99000168,293.9500122,6.0,0.02
44816,5,59.99000168,59.99000168,290.9500122,9.0,0.029999999
47002,5,59.99000168,59.99000168,290.9500122,9.0,0.029999999
10502,5,59.99000168,59.99000168,290.9500122,9.0,0.029999999
63843,5,59.99000168,59.99000168,290.9500122,9.0,0.029999999
62237,5,59.99000168,59.99000168,290.9500122,9.0,0.029999999
13907,5,59.99000168,59.99000168,290.9500122,9.0,0.029999999
63576,5,59.99000168,59.99000168,287.9500122,12.0,0.039999999
18448,5,59.99000168,59.99000168,287.9500122,12.0,0.039999999
17524,5,59.99000168,59.99000168,287.9500122,12.0,0.039999999
19333,5,59.99000168,59.99000168,287.9500122,12.0,0.039999999
64150,5,59.99000168,59.99000168,284.9500122,15.0,0.050000001
64920,5,59.99000168,59.99000168,284.9500122,15.0,0.050000001
16378,5,59.99000168,59.99000168,283.4500122,16.5,0.059999999
67331,5,59.99000168,59.99000168,283.4500122,16.5,0.059999999
67037,5,59.99000168,59.99000168,283.4500122,16.5,0.059999999
63349,5,59.99000168,59.99000168,283.4500122,16.5,0.059999999
19309,5,59.99000168,59.99000168,283.4500122,16.5,0.059999999
49936,5,59.99000168,59.99000168,278.9500122,21.0,0.07
11749,5,59.99000168,59.99000168,278.9500122,21.0,0.07
49936,5,59.99000168,59.99000168,272.9500122,27.0,0.090000004
16767,5,59.99000168,59.99000168,272.9500122,27.0,0.090000004
61664,5,59.99000168,59.99000168,272.9500122,27.0,0.090000004
63512,5,59.99000168,59.99000168,272.9500122,27.0,0.090000004
17726,5,59.99000168,59.99000168,269.9599915,30.0,0.100000001
12540,5,59.99000168,59.99000168,263.9599915,35.99000168,0.119999997
14100,5,59.99000168,59.99000168,263.9599915,35.99000168,0.119999997
16098,5,59.99000168,59.99000168,263.9599915,35.99000168,0.119999997
14660,5,59.99000168,59.99000168,263.9599915,35.99000168,0.119999997
41718,5,59.99000168,59.99000168,263.9599915,35.99000168,0.119999997
64500,5,59.99000168,59.99000168,263.9599915,35.99000168,0.119999997
10586,5,59.99000168,59.99000168,263.9599915,35.99000168,0.119999997
45291,5,59.99000168,59.99000168,260.9599915,38.99000168,0.129999995
15459,5,59.99000168,59.99000168,260.9599915,38.99000168,0.129999995
16093,5,59.99000168,59.99000168,260.9599915,38.99000168,0.129999995
10584,5,59.99000168,59.99000168,260.9599915,38.99000168,0.129999995
61596,5,59.99000168,59.99000168,260.9599915,38.99000168,0.129999995
68374,5,59.99000168,59.99000168,260.9599915,38.99000168,0.129999995
50588,5,59.99000168,59.99000168,254.9600067,44.99000168,0.150000006
42087,5,59.99000168,59.99000168,254.9600067,44.99000168,0.150000006
13528,5,59.99000168,59.99000168,254.9600067,44.99000168,0.150000006
18135,5,59.99000168,59.99000168,254.9600067,44.99000168,0.150000006
15199,5,59.99000168,59.99000168,254.9600067,44.99000168,0.150000006
68369,5,59.99000168,59.99000168,254.9600067,44.99000168,0.150000006
46859,5,59.99000168,59.99000168,251.9600067,47.99000168,0.159999996
63992,5,59.99000168,59.99000168,251.9600067,47.99000168,0.159999996
16969,5,59.99000168,59.99000168,251.9600067,47.99000168,0.159999996
18120,5,59.99000168,59.99000168,248.9600067,50.99000168,0.170000002
14544,5,59.99000168,59.99000168,248.9600067,50.99000168,0.170000002
13991,5,59.99000168,59.99000168,248.9600067,50.99000168,0.170000002
906,2,24.98999977,24.98999977,41.47999954,8.5,0.170000002
5479,2,15.98999977,15.98999977,26.21999931,5.760000229,0.180000007
51396,2,31.98999977,31.98999977,51.18000031,12.80000019,0.200000003
10116,2,99.98999786,99.98999786,189.9799957,10.0,0.050000001
1756,2,99.98999786,99.98999786,185.9799957,14.0,0.07
10014,2,99.98999786,99.98999786,173.9799957,26.0,0.129999995
1991,2,99.98999786,99.98999786,167.9799957,32.0,0.159999996
52533,2,59.99000168,59.99000168,105.5800018,14.39999962,0.119999997
52533,2,59.99000168,59.99000168,104.3799973,15.60000038,0.129999995
2332,2,59.99000168,59.99000168,104.3799973,15.60000038,0.129999995
10276,2,50.0,50.0,99.0,1.0,0.01
2911,2,50.0,50.0,98.0,2.0,0.02
53568,2,39.99000168,39.99000168,75.98000336,4.0,0.050000001
53568,2,50.0,50.0,80.0,20.0,0.200000003
25688,2,59.99000168,59.99000168,119.9800034,0.0,0.0
48954,2,59.99000168,59.99000168,111.5800018,8.399999619,0.07
25688,2,59.99000168,59.99000168,89.98999786,30.0,0.25
47743,2,50.0,50.0,90.0,10.0,0.100000001
45339,2,24.98999977,24.98999977,47.22999954,2.75,0.059999999
43521,2,99.98999786,99.98999786,199.9799957,0.0,0.0
22468,2,54.97000122,54.97000122,108.8399963,1.100000024,0.01
29880,2,99.98999786,99.98999786,197.9799957,2.0,0.01
21197,2,99.98999786,99.98999786,195.9799957,4.0,0.02
22261,2,99.98999786,99.98999786,195.9799957,4.0,0.02
24853,2,99.98999786,99.98999786,181.9799957,18.0,0.090000004
23585,2,99.98999786,99.98999786,173.9799957,26.0,0.129999995
30963,2,99.98999786,99.98999786,163.9799957,36.0,0.180000007
24118,2,54.97000122,54.97000122,82.45999908,27.48999977,0.25
42287,2,31.98999977,31.98999977,47.99000168,16.0,0.25
21197,2,59.99000168,59.99000168,115.1800003,4.800000191,0.039999999
21697,2,59.99000168,59.99000168,113.9800034,6.0,0.050000001
21691,2,59.99000168,59.99000168,113.3799973,6.599999905,0.059999999
23878,2,59.99000168,59.99000168,99.58000183,20.39999962,0.170000002
30214,2,59.99000168,59.99000168,98.37999725,21.60000038,0.180000007
29871,2,59.99000168,59.99000168,98.37999725,21.60000038,0.180000007
22261,2,59.99000168,59.99000168,89.98999786,30.0,0.25
20594,2,50.0,50.0,98.0,2.0,0.02
29107,2,50.0,50.0,98.0,2.0,0.02
21698,2,50.0,50.0,96.0,4.0,0.039999999
20918,2,50.0,50.0,96.0,4.0,0.039999999
29959,2,39.99000168,39.99000168,74.37999725,5.599999905,0.07
45126,2,39.99000168,39.99000168,74.37999725,5.599999905,0.07
26871,2,50.0,50.0,88.0,12.0,0.119999997
23751,2,39.99000168,39.99000168,69.58000183,10.39999962,0.129999995
22612,2,39.99000168,39.99000168,67.98000336,12.0,0.150000006
29862,2,50.0,50.0,84.0,16.0,0.159999996
20755,2,50.0,50.0,83.0,17.0,0.170000002
30267,2,50.0,50.0,83.0,17.0,0.170000002
31211,2,39.99000168,39.99000168,65.58000183,14.39999962,0.180000007
27007,2,31.98999977,31.98999977,63.97999954,0.0,0.0
46073,2,47.99000168,47.99000168,95.98000336,0.0,0.0
27007,2,19.98999977,19.98999977,39.18000031,0.800000012,0.02
20755,2,19.98999977,19.98999977,36.38000107,3.599999905,0.090000004
24118,2,19.98999977,19.98999977,33.58000183,6.400000095,0.159999996
21691,2,47.99000168,47.99000168,76.77999878,19.20000076,0.200000003
26510,2,59.99000168,59.99000168,119.9800034,0.0,0.0
43468,2,99.98999786,99.98999786,195.9799957,4.0,0.02
43468,2,99.98999786,99.98999786,193.9799957,6.0,0.029999999
31000,2,27.98999977,27.98999977,52.90000153,3.079999924,0.059999999
22988,2,99.98999786,99.98999786,173.9799957,26.0,0.129999995
29993,2,99.98999786,99.98999786,169.9799957,30.0,0.150000006
28568,2,99.98999786,99.98999786,165.9799957,34.0,0.170000002
31000,2,99.98999786,99.98999786,165.9799957,34.0,0.170000002
20773,2,99.98999786,99.98999786,165.9799957,34.0,0.170000002
43640,2,99.98999786,99.98999786,159.9799957,40.0,0.200000003
23967,2,99.98999786,99.98999786,149.9900055,50.0,0.25
21016,2,59.99000168,59.99000168,119.9800034,0.0,0.0
27005,2,59.99000168,59.99000168,118.7799988,1.200000048,0.01
25606,2,59.99000168,59.99000168,116.3799973,3.599999905,0.029999999
30335,2,59.99000168,59.99000168,113.9800034,6.0,0.050000001
29270,2,59.99000168,59.99000168,113.3799973,6.599999905,0.059999999
31269,2,59.99000168,59.99000168,109.1800003,10.80000019,0.090000004
24820,2,59.99000168,59.99000168,100.7799988,19.20000076,0.159999996
25847,2,59.99000168,59.99000168,100.7799988,19.20000076,0.159999996
42154,2,59.99000168,59.99000168,99.58000183,20.39999962,0.170000002
45036,2,59.99000168,59.99000168,89.98999786,30.0,0.25
45863,2,39.99000168,39.99000168,79.18000031,0.800000012,0.01
20929,2,50.0,50.0,98.0,2.0,0.02
23464,2,50.0,50.0,98.0,2.0,0.02
44316,2,50.0,50.0,98.0,2.0,0.02
27647,2,39.99000168,39.99000168,77.58000183,2.400000095,0.029999999
24878,2,39.99000168,39.99000168,77.58000183,2.400000095,0.029999999
42152,2,39.99000168,39.99000168,77.58000183,2.400000095,0.029999999
46401,2,50.0,50.0,97.0,3.0,0.029999999
20929,2,30.0,30.0,57.0,3.0,0.050000001
48844,2,50.0,50.0,94.5,5.5,0.059999999
22481,2,50.0,50.0,91.0,9.0,0.090000004
30713,2,39.99000168,39.99000168,72.77999878,7.199999809,0.090000004
31018,2,50.0,50.0,87.0,13.0,0.129999995
27005,2,50.0,50.0,87.0,13.0,0.129999995
75796,1,327.75,327.75,314.6400146,13.10999966,0.039999999
75795,1,327.75,327.75,311.3599854,16.38999939,0.050000001
75794,1,327.75,327.75,309.7200012,18.03000069,0.059999999
75793,1,327.75,327.75,304.8099976,22.94000053,0.07
75792,1,327.75,327.75,298.25,29.5,0.090000004
75791,1,327.75,327.75,294.980011,32.77999878,0.100000001
75790,1,327.75,327.75,288.4200134,39.33000183,0.119999997
75789,1,327.75,327.75,285.1400146,42.61000061,0.129999995
75788,1,327.75,327.75,278.5899963,49.15999985,0.150000006
75787,1,327.75,327.75,275.3099976,52.43999863,0.159999996
75786,1,327.75,327.75,272.0299988,55.72000122,0.170000002
75785,1,327.75,327.75,268.7600098,59.0,0.180000007
75784,1,327.75,327.75,262.2000122,65.55000305,0.200000003
75783,1,327.75,327.75,245.8099976,81.94000244,0.25
75782,1,327.75,327.75,327.75,0.0,0.0
75781,1,327.75,327.75,324.4700012,3.279999971,0.01
75780,1,327.75,327.75,321.2000122,6.559999943,0.02
75779,1,327.75,327.75,317.9200134,9.829999924,0.029999999
75778,1,327.75,327.75,314.6400146,13.10999966,0.039999999
75777,1,327.75,327.75,311.3599854,16.38999939,0.050000001
75776,1,327.75,327.75,309.7200012,18.03000069,0.059999999
75775,1,327.75,327.75,304.8099976,22.94000053,0.07
75774,1,327.75,327.75,298.25,29.5,0.090000004
75773,1,327.75,327.75,294.980011,32.77999878,0.100000001
75772,1,327.75,327.75,288.4200134,39.33000183,0.119999997
75771,1,327.75,327.75,285.1400146,42.61000061,0.129999995
75770,1,327.75,327.75,278.5899963,49.15999985,0.150000006
75769,1,327.75,327.75,275.3099976,52.43999863,0.159999996
75768,1,327.75,327.75,272.0299988,55.72000122,0.170000002
75767,1,327.75,327.75,268.7600098,59.0,0.180000007
75766,1,327.75,327.75,262.2000122,65.55000305,0.200000003
75765,1,327.75,327.75,245.8099976,81.94000244,0.25
75764,1,327.75,327.75,327.75,0.0,0.0
75763,1,327.75,327.75,324.4700012,3.279999971,0.01
75762,1,327.75,327.75,321.2000122,6.559999943,0.02
75761,1,327.75,327.75,317.9200134,9.829999924,0.029999999
75760,1,327.75,327.75,314.6400146,13.10999966,0.039999999
75759,1,327.75,327.75,311.3599854,16.38999939,0.050000001
75758,1,327.75,327.75,309.7200012,18.03000069,0.059999999
75757,1,327.75,327.75,304.8099976,22.94000053,0.07
75756,1,327.75,327.75,298.25,29.5,0.090000004
75755,1,327.75,327.75,294.980011,32.77999878,0.100000001
75754,1,327.75,327.75,288.4200134,39.33000183,0.119999997
75753,1,327.75,327.75,285.1400146,42.61000061,0.129999995
75752,1,327.75,327.75,278.5899963,49.15999985,0.150000006
75751,1,327.75,327.75,275.3099976,52.43999863,0.159999996
75750,1,327.75,327.75,272.0299988,55.72000122,0.170000002
75749,1,327.75,327.75,268.7600098,59.0,0.180000007
75748,1,327.75,327.75,262.2000122,65.55000305,0.200000003
75747,1,327.75,327.75,245.8099976,81.94000244,0.25
75746,1,327.75,327.75,327.75,0.0,0.0
75745,1,327.75,327.75,324.4700012,3.279999971,0.01
75744,1,327.75,327.75,321.2000122,6.559999943,0.02
75743,1,327.75,327.75,317.9200134,9.829999924,0.029999999
75742,1,327.75,327.75,314.6400146,13.10999966,0.039999999
75741,1,327.75,327.75,311.3599854,16.38999939,0.050000001
75740,1,327.75,327.75,309.7200012,18.03000069,0.059999999
75739,1,327.75,327.75,304.8099976,22.94000053,0.07
75738,1,327.75,327.75,298.25,29.5,0.090000004
75737,1,327.75,327.75,294.980011,32.77999878,0.100000001
75736,1,327.75,327.75,288.4200134,39.33000183,0.119999997
75735,1,327.75,327.75,285.1400146,42.61000061,0.129999995
75734,1,327.75,327.75,278.5899963,49.15999985,0.150000006
75733,1,327.75,327.75,275.3099976,52.43999863,0.159999996
75732,1,327.75,327.75,272.0299988,55.72000122,0.170000002
75731,1,327.75,327.75,268.7600098,59.0,0.180000007
75730,1,327.75,327.75,262.2000122,65.55000305,0.200000003
75729,1,327.75,327.75,245.8099976,81.94000244,0.25
73221,1,327.75,327.75,327.75,0.0,0.0
73220,1,327.75,327.75,324.4700012,3.279999971,0.01
73219,1,327.75,327.75,321.2000122,6.559999943,0.02
73218,1,327.75,327.75,317.9200134,9.829999924,0.029999999
73217,1,327.75,327.75,314.6400146,13.10999966,0.039999999
73216,1,327.75,327.75,311.3599854,16.38999939,0.050000001
73215,1,327.75,327.75,309.7200012,18.03000069,0.059999999
73214,1,327.75,327.75,304.8099976,22.94000053,0.07
73213,1,327.75,327.75,298.25,29.5,0.090000004
73212,1,327.75,327.75,294.980011,32.77999878,0.100000001
73211,1,327.75,327.75,288.4200134,39.33000183,0.119999997
73210,1,327.75,327.75,285.1400146,42.61000061,0.129999995
73209,1,327.75,327.75,278.5899963,49.15999985,0.150000006
73208,1,327.75,327.75,275.3099976,52.43999863,0.159999996
73207,1,327.75,327.75,272.0299988,55.72000122,0.170000002
73206,1,327.75,327.75,268.7600098,59.0,0.180000007
73205,1,327.75,327.75,262.2000122,65.55000305,0.200000003
73204,1,327.75,327.75,245.8099976,81.94000244,0.25
73203,1,327.75,327.75,327.75,0.0,0.0
73202,1,327.75,327.75,324.4700012,3.279999971,0.01
73201,1,327.75,327.75,321.2000122,6.559999943,0.02
73200,1,327.75,327.75,317.9200134,9.829999924,0.029999999
73199,1,327.75,327.75,314.6400146,13.10999966,0.039999999
73198,1,327.75,327.75,311.3599854,16.38999939,0.050000001
73197,1,327.75,327.75,309.7200012,18.03000069,0.059999999
73196,1,327.75,327.75,304.8099976,22.94000053,0.07
73195,1,327.75,327.75,298.25,29.5,0.090000004
73194,1,327.75,327.75,294.980011,32.77999878,0.100000001
73193,1,327.75,327.75,288.4200134,39.33000183,0.119999997
73192,1,327.75,327.75,285.1400146,42.61000061,0.129999995
73191,1,327.75,327.75,278.5899963,49.15999985,0.150000006
73190,1,327.75,327.75,275.3099976,52.43999863,0.159999996
73189,1,327.75,327.75,272.0299988,55.72000122,0.170000002
73188,1,327.75,327.75,268.7600098,59.0,0.180000007
73187,1,327.75,327.75,262.2000122,65.55000305,0.200000003
73186,1,327.75,327.75,245.8099976,81.94000244,0.25
73185,1,327.75,327.75,327.75,0.0,0.0
73184,1,327.75,327.75,324.4700012,3.279999971,0.01
73183,1,327.75,327.75,321.2000122,6.559999943,0.02
73182,1,327.75,327.75,317.9200134,9.829999924,0.029999999
73181,1,327.75,327.75,314.6400146,13.10999966,0.039999999
73180,1,327.75,327.75,311.3599854,16.38999939,0.050000001
73179,1,327.75,327.75,309.7200012,18.03000069,0.059999999
73178,1,327.75,327.75,304.8099976,22.94000053,0.07
73177,1,327.75,327.75,298.25,29.5,0.090000004
73176,1,327.75,327.75,294.980011,32.77999878,0.100000001
73175,1,327.75,327.75,288.4200134,39.33000183,0.119999997
73174,1,327.75,327.75,285.1400146,42.61000061,0.129999995
73173,1,327.75,327.75,278.5899963,49.15999985,0.150000006
73172,1,327.75,327.75,275.3099976,52.43999863,0.159999996
73171,1,327.75,327.75,272.0299988,55.72000122,0.170000002
73170,1,327.75,327.75,268.7600098,59.0,0.180000007
73169,1,327.75,327.75,262.2000122,65.55000305,0.200000003
73168,1,327.75,327.75,245.8099976,81.94000244,0.25
73167,1,327.75,327.75,327.75,0.0,0.0
73166,1,327.75,327.75,324.4700012,3.279999971,0.01
73165,1,327.75,327.75,321.2000122,6.559999943,0.02
73164,1,327.75,327.75,317.9200134,9.829999924,0.029999999
73163,1,327.75,327.75,314.6400146,13.10999966,0.039999999
73162,1,327.75,327.75,311.3599854,16.38999939,0.050000001
73161,1,327.75,327.75,309.7200012,18.03000069,0.059999999
73160,1,327.75,327.75,304.8099976,22.94000053,0.07
73159,1,327.75,327.75,298.25,29.5,0.090000004
73158,1,327.75,327.75,294.980011,32.77999878,0.100000001
73157,1,327.75,327.75,288.4200134,39.33000183,0.119999997
73156,1,327.75,327.75,285.1400146,42.61000061,0.129999995
73155,1,327.75,327.75,278.5899963,49.15999985,0.150000006
73154,1,327.75,327.75,275.3099976,52.43999863,0.159999996
73153,1,327.75,327.75,272.0299988,55.72000122,0.170000002
73152,1,327.75,327.75,268.7600098,59.0,0.180000007
73151,1,327.75,327.75,262.2000122,65.55000305,0.200000003
73150,1,327.75,327.75,245.8099976,81.94000244,0.25
73149,1,327.75,327.75,327.75,0.0,0.0
73148,1,327.75,327.75,324.4700012,3.279999971,0.01
73147,1,327.75,327.75,321.2000122,6.559999943,0.02
73146,1,327.75,327.75,317.9200134,9.829999924,0.029999999
73145,1,327.75,327.75,314.6400146,13.10999966,0.039999999
73144,1,327.75,327.75,311.3599854,16.38999939,0.050000001
73143,1,327.75,327.75,309.7200012,18.03000069,0.059999999
73142,1,327.75,327.75,304.8099976,22.94000053,0.07
73141,1,327.75,327.75,298.25,29.5,0.090000004
73140,1,327.75,327.75,294.980011,32.77999878,0.100000001
73139,1,327.75,327.75,288.4200134,39.33000183,0.119999997
73138,1,327.75,327.75,285.1400146,42.61000061,0.129999995
73137,1,327.75,327.75,278.5899963,49.15999985,0.150000006
73136,1,327.75,327.75,275.3099976,52.43999863,0.159999996
73135,1,327.75,327.75,272.0299988,55.72000122,0.170000002
73134,1,327.75,327.75,268.7600098,59.0,0.180000007
73133,1,327.75,327.75,262.2000122,65.55000305,0.200000003
73132,1,327.75,327.75,245.8099976,81.94000244,0.25
73131,1,327.75,327.75,327.75,0.0,0.0
73130,1,327.75,327.75,324.4700012,3.279999971,0.01
73129,1,327.75,327.75,321.2000122,6.559999943,0.02
73128,1,327.75,327.75,317.9200134,9.829999924,0.029999999
73127,1,327.75,327.75,314.6400146,13.10999966,0.039999999
73126,1,327.75,327.75,311.3599854,16.38999939,0.050000001
73125,1,327.75,327.75,309.7200012,18.03000069,0.059999999
73124,1,327.75,327.75,304.8099976,22.94000053,0.07
73123,1,327.75,327.75,298.25,29.5,0.090000004
73122,1,327.75,327.75,294.980011,32.77999878,0.100000001
73121,1,327.75,327.75,288.4200134,39.33000183,0.119999997
73120,1,327.75,327.75,285.1400146,42.61000061,0.129999995
73119,1,327.75,327.75,278.5899963,49.15999985,0.150000006
73118,1,327.75,327.75,275.3099976,52.43999863,0.159999996
73117,1,327.75,327.75,272.0299988,55.72000122,0.170000002
73116,1,327.75,327.75,268.7600098,59.0,0.180000007
73115,1,327.75,327.75,262.2000122,65.55000305,0.200000003
73114,1,327.75,327.75,245.8099976,81.94000244,0.25
73113,1,327.75,327.75,327.75,0.0,0.0
73112,1,327.75,327.75,324.4700012,3.279999971,0.01
73111,1,327.75,327.75,321.2000122,6.559999943,0.02
73110,1,327.75,327.75,317.9200134,9.829999924,0.029999999
73109,1,327.75,327.75,314.6400146,13.10999966,0.039999999
73108,1,327.75,327.75,311.3599854,16.38999939,0.050000001
73107,1,327.75,327.75,309.7200012,18.03000069,0.059999999
73106,1,327.75,327.75,304.8099976,22.94000053,0.07
73105,1,327.75,327.75,298.25,29.5,0.090000004
73104,1,327.75,327.75,294.980011,32.77999878,0.100000001
73103,1,327.75,327.75,288.4200134,39.33000183,0.119999997
73102,1,327.75,327.75,285.1400146,42.61000061,0.129999995
73101,1,327.75,327.75,278.5899963,49.15999985,0.150000006
73100,1,327.75,327.75,275.3099976,52.43999863,0.159999996
73099,1,327.75,327.75,272.0299988,55.72000122,0.170000002
73098,1,327.75,327.75,268.7600098,59.0,0.180000007
73097,1,327.75,327.75,262.2000122,65.55000305,0.200000003
6783,5,99.98999786,99.98999786,474.9500122,25.0,0.050000001
4135,5,59.99000168,59.99000168,296.9500122,3.0,0.01
4135,5,59.99000168,59.99000168,293.9500122,6.0,0.02
56973,5,59.99000168,59.99000168,293.9500122,6.0,0.02
5895,5,59.99000168,59.99000168,283.4500122,16.5,0.059999999
56357,5,59.99000168,59.99000168,283.4500122,16.5,0.059999999
6326,5,59.99000168,59.99000168,260.9599915,38.99000168,0.129999995
3975,5,59.99000168,59.99000168,254.9600067,44.99000168,0.150000006
8163,5,59.99000168,59.99000168,254.9600067,44.99000168,0.150000006
53413,5,59.99000168,59.99000168,245.9600067,53.99000168,0.180000007
53202,5,59.99000168,59.99000168,224.9600067,74.98999786,0.25
3987,5,50.0,50.0,245.0,5.0,0.02
8578,5,39.99000168,39.99000168,195.9499969,4.0,0.02
55906,5,50.0,50.0,242.5,7.5,0.029999999
10164,5,50.0,50.0,237.5,12.5,0.050000001
58239,5,39.99000168,39.99000168,188.9499969,11.0,0.059999999
3975,5,39.99000168,39.99000168,181.9499969,18.0,0.090000004
54128,5,50.0,50.0,220.0,30.0,0.119999997
54128,5,50.0,50.0,217.5,32.5,0.129999995
5042,5,50.0,50.0,217.5,32.5,0.129999995
51298,5,50.0,50.0,205.0,45.0,0.180000007
31115,5,99.98999786,99.98999786,494.9500122,5.0,0.01
27099,5,99.98999786,99.98999786,449.9599915,50.0,0.100000001
22924,5,59.99000168,59.99000168,293.9500122,6.0,0.02
45772,5,59.99000168,59.99000168,290.9500122,9.0,0.029999999
31239,5,59.99000168,59.99000168,287.9500122,12.0,0.039999999
28193,5,59.99000168,59.99000168,283.4500122,16.5,0.059999999
30921,5,59.99000168,59.99000168,239.9600067,59.99000168,0.200000003
20529,5,50.0,50.0,245.0,5.0,0.02
24661,5,50.0,50.0,240.0,10.0,0.039999999
24661,5,39.99000168,39.99000168,173.9600067,25.98999977,0.129999995
31697,5,59.99000168,59.99000168,283.4500122,16.5,0.059999999
37276,5,59.99000168,59.99000168,260.9599915,38.99000168,0.129999995
37180,5,39.99000168,39.99000168,179.9600067,20.0,0.100000001
40645,5,50.0,50.0,225.0,25.0,0.100000001
34631,5,50.0,50.0,207.5,42.5,0.170000002
31905,5,24.98999977,24.98999977,121.1999969,3.75,0.029999999
46951,1,50.0,50.0,37.5,12.5,0.25
46725,1,99.98999786,99.98999786,74.98999786,25.0,0.25
45198,1,129.9900055,129.9900055,129.9900055,0.0,0.0
45418,1,129.9900055,129.9900055,129.9900055,0.0,0.0
45198,1,129.9900055,129.9900055,128.6900024,1.299999952,0.01
42920,1,129.9900055,129.9900055,127.3899994,2.599999905,0.02
44485,1,129.9900055,129.9900055,126.0899963,3.900000095,0.029999999
50213,1,59.99000168,59.99000168,58.18999863,1.799999952,0.029999999
48622,1,129.9900055,129.9900055,124.7900009,5.199999809,0.039999999
49172,1,59.99000168,59.99000168,54.59000015,5.400000095,0.090000004
46907,1,129.9900055,129.9900055,110.4899979,19.5,0.150000006
44485,1,59.99000168,59.99000168,50.38999939,9.600000381,0.159999996
44027,1,129.9900055,129.9900055,109.1900024,20.79999924,0.159999996
43976,1,129.9900055,129.9900055,107.8899994,22.10000038,0.170000002
41404,1,129.9900055,129.9900055,106.5899963,23.39999962,0.180000007
46725,1,129.9900055,129.9900055,97.48999786,32.5,0.25
41442,1,59.99000168,59.99000168,44.99000168,15.0,0.25
41640,1,129.9900055,129.9900055,97.48999786,32.5,0.25
50000,1,59.99000168,59.99000168,44.99000168,15.0,0.25
47908,1,50.0,50.0,46.5,3.5,0.07
44485,1,50.0,50.0,44.0,6.0,0.119999997
41322,1,31.98999977,31.98999977,31.67000008,0.319999993,0.01
50419,1,24.98999977,24.98999977,22.73999977,2.25,0.090000004
50364,1,299.980011,299.980011,290.980011,9.0,0.029999999
42920,1,299.980011,299.980011,287.980011,12.0,0.039999999
47908,1,299.980011,299.980011,278.980011,21.0,0.07
46907,1,299.980011,299.980011,278.980011,21.0,0.07
42712,1,299.980011,299.980011,263.980011,36.0,0.119999997
51110,1,299.980011,299.980011,260.980011,39.0,0.129999995
41404,1,299.980011,299.980011,254.9799957,45.0,0.150000006
44485,1,299.980011,299.980011,248.9799957,51.0,0.170000002
45418,1,299.980011,299.980011,245.9799957,54.0,0.180000007
45418,1,299.980011,299.980011,239.9799957,60.0,0.200000003
70617,1,1500.0,1500.0,1230.0,270.0,0.180000007
64559,1,129.9900055,129.9900055,110.4899979,19.5,0.150000006
64559,1,129.9900055,129.9900055,109.1900024,20.79999924,0.159999996
64775,1,50.0,50.0,45.0,5.0,0.100000001
67147,1,199.0,199.0,197.0099945,1.99000001,0.01
11338,1,399.980011,399.980011,391.980011,8.0,0.02
11338,1,299.980011,299.980011,248.9799957,51.0,0.170000002
69160,1,31.07999992,31.07999992,27.96999931,3.109999895,0.100000001
69830,1,452.0400085,452.0400085,452.0400085,0.0,0.0
71131,1,252.8800049,252.8800049,252.8800049,0.0,0.0
69559,1,452.0400085,452.0400085,447.519989,4.519999981,0.01
69685,1,452.0400085,452.0400085,447.519989,4.519999981,0.01
69683,1,452.0400085,452.0400085,438.480011,13.56000042,0.029999999
69841,1,452.0400085,452.0400085,420.3999939,31.63999939,0.07
70978,1,252.8800049,252.8800049,227.5899963,25.29000092,0.100000001
69478,1,452.0400085,452.0400085,397.7999878,54.24000168,0.119999997
69711,1,452.0400085,452.0400085,393.269989,58.77000046,0.129999995
70746,1,1500.0,1500.0,1275.0,225.0,0.150000006
69476,1,452.0400085,452.0400085,384.230011,67.80999756,0.150000006
69943,1,452.0400085,452.0400085,379.7099915,72.33000183,0.159999996
69817,1,452.0400085,452.0400085,379.7099915,72.33000183,0.159999996
69655,1,452.0400085,452.0400085,379.7099915,72.33000183,0.159999996
70744,1,1500.0,1500.0,1245.0,255.0,0.170000002
67718,1,299.9899902,299.9899902,287.9899902,12.0,0.039999999
62545,1,79.98999786,79.98999786,65.58999634,14.39999962,0.180000007
65704,1,99.98999786,99.98999786,99.98999786,0.0,0.0
46064,1,99.98999786,99.98999786,98.98999786,1.0,0.01
10764,1,99.98999786,99.98999786,98.98999786,1.0,0.01
67322,1,99.98999786,99.98999786,95.98999786,4.0,0.039999999
17506,1,99.98999786,99.98999786,86.98999786,13.0,0.129999995
63190,1,89.98999786,89.98999786,76.48999786,13.5,0.150000006
20152,1,99.98999786,99.98999786,83.98999786,16.0,0.159999996
62545,1,99.98999786,99.98999786,82.98999786,17.0,0.170000002
16499,1,99.98999786,99.98999786,81.98999786,18.0,0.180000007
44721,1,99.98999786,99.98999786,79.98999786,20.0,0.200000003
17755,1,99.98999786,99.98999786,74.98999786,25.0,0.25
17055,1,59.99000168,59.99000168,59.99000168,0.0,0.0
68546,1,129.9900055,129.9900055,129.9900055,0.0,0.0
70380,1,357.1000061,357.1000061,357.1000061,0.0,0.0
71164,1,461.480011,461.480011,461.480011,0.0,0.0
19035,1,129.9900055,129.9900055,129.9900055,0.0,0.0
17829,1,129.9900055,129.9900055,129.9900055,0.0,0.0
70433,1,357.1000061,357.1000061,353.5299988,3.569999933,0.01
20250,1,129.9900055,129.9900055,128.6900024,1.299999952,0.01
61940,1,129.9900055,129.9900055,128.6900024,1.299999952,0.01
12300,1,129.9900055,129.9900055,128.6900024,1.299999952,0.01
18901,1,59.99000168,59.99000168,59.38999939,0.600000024,0.01
12218,1,59.99000168,59.99000168,59.38999939,0.600000024,0.01
67322,1,129.9900055,129.9900055,128.6900024,1.299999952,0.01
16499,1,129.9900055,129.9900055,128.6900024,1.299999952,0.01
42821,1,129.9900055,129.9900055,127.3899994,2.599999905,0.02
20250,1,59.99000168,59.99000168,58.79000092,1.200000048,0.02
17415,1,129.9900055,129.9900055,127.3899994,2.599999905,0.02
17119,1,129.9900055,129.9900055,127.3899994,2.599999905,0.02
12300,1,129.9900055,129.9900055,127.3899994,2.599999905,0.02
12108,1,129.9900055,129.9900055,127.3899994,2.599999905,0.02
17889,1,129.9900055,129.9900055,127.3899994,2.599999905,0.02
16499,1,129.9900055,129.9900055,127.3899994,2.599999905,0.02
63120,1,129.9900055,129.9900055,126.0899963,3.900000095,0.029999999
12845,1,129.9900055,129.9900055,126.0899963,3.900000095,0.029999999
12778,1,129.9900055,129.9900055,126.0899963,3.900000095,0.029999999
12108,1,129.9900055,129.9900055,126.0899963,3.900000095,0.029999999
15437,1,59.99000168,59.99000168,58.18999863,1.799999952,0.029999999
63758,1,129.9900055,129.9900055,126.0899963,3.900000095,0.029999999
16111,1,129.9900055,129.9900055,126.0899963,3.900000095,0.029999999
63120,1,129.9900055,129.9900055,124.7900009,5.199999809,0.039999999
13263,1,129.9900055,129.9900055,124.7900009,5.199999809,0.039999999
63320,1,129.9900055,129.9900055,124.7900009,5.199999809,0.039999999
12778,1,129.9900055,129.9900055,124.7900009,5.199999809,0.039999999
68645,1,299.9899902,299.9899902,287.9899902,12.0,0.039999999
17766,1,129.9900055,129.9900055,124.7900009,5.199999809,0.039999999
16111,1,129.9900055,129.9900055,124.7900009,5.199999809,0.039999999
11655,1,129.9900055,129.9900055,124.7900009,5.199999809,0.039999999
45390,1,129.9900055,129.9900055,123.4899979,6.5,0.050000001
11494,1,129.9900055,129.9900055,123.4899979,6.5,0.050000001
71195,1,461.480011,461.480011,438.4100037,23.0699997,0.050000001
65866,1,129.9900055,129.9900055,123.4899979,6.5,0.050000001
20106,1,129.9900055,129.9900055,123.4899979,6.5,0.050000001
64053,1,59.99000168,59.99000168,56.68999863,3.299999952,0.059999999
70086,1,357.1000061,357.1000061,337.4599915,19.63999939,0.059999999
13058,1,129.9900055,129.9900055,122.8399963,7.150000095,0.059999999
67628,1,59.99000168,59.99000168,55.79000092,4.199999809,0.07
67082,1,129.9900055,129.9900055,120.8899994,9.100000381,0.07
11643,1,129.9900055,129.9900055,120.8899994,9.100000381,0.07
62971,1,129.9900055,129.9900055,120.8899994,9.100000381,0.07
67082,1,129.9900055,129.9900055,118.2900009,11.69999981,0.090000004
61940,1,59.99000168,59.99000168,54.59000015,5.400000095,0.090000004
64053,1,129.9900055,129.9900055,118.2900009,11.69999981,0.090000004
17755,1,129.9900055,129.9900055,118.2900009,11.69999981,0.090000004
11643,1,129.9900055,129.9900055,118.2900009,11.69999981,0.090000004
10764,1,129.9900055,129.9900055,118.2900009,11.69999981,0.090000004
64053,1,129.9900055,129.9900055,116.9899979,13.0,0.100000001
15835,1,129.9900055,129.9900055,116.9899979,13.0,0.100000001
68645,1,129.9900055,129.9900055,116.9899979,13.0,0.100000001
18133,1,129.9900055,129.9900055,116.9899979,13.0,0.100000001
19618,1,59.99000168,59.99000168,52.79000092,7.199999809,0.119999997
17506,1,129.9900055,129.9900055,114.3899994,15.60000038,0.119999997
10595,1,129.9900055,129.9900055,114.3899994,15.60000038,0.119999997
48098,1,59.99000168,59.99000168,52.18999863,7.800000191,0.129999995
71189,1,461.480011,461.480011,401.4899902,59.99000168,0.129999995
62342,1,129.9900055,129.9900055,110.4899979,19.5,0.150000006
16081,1,129.9900055,129.9900055,110.4899979,19.5,0.150000006
16864,1,59.99000168,59.99000168,50.99000168,9.0,0.150000006
19497,1,129.9900055,129.9900055,110.4899979,19.5,0.150000006
12354,1,129.9900055,129.9900055,110.4899979,19.5,0.150000006
47369,1,59.99000168,59.99000168,50.38999939,9.600000381,0.159999996
46064,1,129.9900055,129.9900055,109.1900024,20.79999924,0.159999996
16864,1,59.99000168,59.99000168,50.38999939,9.600000381,0.159999996
18235,1,129.9900055,129.9900055,109.1900024,20.79999924,0.159999996
66035,1,129.9900055,129.9900055,107.8899994,22.10000038,0.170000002
43032,1,129.9900055,129.9900055,107.8899994,22.10000038,0.170000002
17582,1,129.9900055,129.9900055,107.8899994,22.10000038,0.170000002
62603,1,59.99000168,59.99000168,49.79000092,10.19999981,0.170000002
15746,1,59.99000168,59.99000168,49.79000092,10.19999981,0.170000002
63094,1,129.9900055,129.9900055,107.8899994,22.10000038,0.170000002
11681,1,129.9900055,129.9900055,107.8899994,22.10000038,0.170000002
66035,1,129.9900055,129.9900055,106.5899963,23.39999962,0.180000007
70149,1,357.1000061,357.1000061,292.8200073,64.27999878,0.180000007
70437,1,357.1000061,357.1000061,292.8200073,64.27999878,0.180000007
67158,1,129.9900055,129.9900055,106.5899963,23.39999962,0.180000007
19550,1,129.9900055,129.9900055,106.5899963,23.39999962,0.180000007
16966,1,129.9900055,129.9900055,106.5899963,23.39999962,0.180000007
10580,1,129.9900055,129.9900055,106.5899963,23.39999962,0.180000007
16228,1,129.9900055,129.9900055,103.9899979,26.0,0.200000003
14250,1,129.9900055,129.9900055,103.9899979,26.0,0.200000003
70112,1,357.1000061,357.1000061,285.6799927,71.41999817,0.200000003
63398,1,129.9900055,129.9900055,103.9899979,26.0,0.200000003
70058,1,357.1000061,357.1000061,285.6799927,71.41999817,0.200000003
19550,1,129.9900055,129.9900055,103.9899979,26.0,0.200000003
66289,1,129.9900055,129.9900055,97.48999786,32.5,0.25
62845,1,59.99000168,59.99000168,44.99000168,15.0,0.25
65487,1,129.9900055,129.9900055,97.48999786,32.5,0.25
63660,1,39.99000168,39.99000168,39.99000168,0.0,0.0
19665,1,50.0,50.0,49.5,0.5,0.01
13614,1,39.99000168,39.99000168,39.59000015,0.400000006,0.01
47321,1,50.0,50.0,49.0,1.0,0.02
20234,1,50.0,50.0,48.5,1.5,0.029999999
65109,1,50.0,50.0,48.0,2.0,0.039999999
63303,1,50.0,50.0,48.0,2.0,0.039999999
19583,1,50.0,50.0,48.0,2.0,0.039999999
10317,1,50.0,50.0,47.5,2.5,0.050000001
66766,1,50.0,50.0,47.5,2.5,0.050000001
11038,1,39.99000168,39.99000168,37.79000092,2.200000048,0.059999999
67968,1,39.99000168,39.99000168,36.38999939,3.599999905,0.090000004
18950,1,39.99000168,39.99000168,36.38999939,3.599999905,0.090000004
17465,1,50.0,50.0,45.0,5.0,0.100000001
11427,1,39.99000168,39.99000168,35.18999863,4.800000191,0.119999997
12415,1,30.0,30.0,25.5,4.5,0.150000006
62795,1,39.99000168,39.99000168,33.99000168,6.0,0.150000006
19213,1,39.99000168,39.99000168,31.98999977,8.0,0.200000003
18156,1,50.0,50.0,40.0,10.0,0.200000003
47758,1,19.98999977,19.98999977,19.79000092,0.200000003,0.01
12828,1,24.98999977,24.98999977,24.23999977,0.75,0.029999999
67034,1,109.9499969,109.9499969,100.0500031,9.899999619,0.090000004
67786,1,399.9899902,399.9899902,363.9899902,36.0,0.090000004
16617,1,19.98999977,19.98999977,16.98999977,3.0,0.150000006
64705,1,199.0,199.0,169.1499939,29.85000038,0.150000006
66758,1,299.980011,299.980011,299.980011,0.0,0.0
18950,1,399.980011,399.980011,399.980011,0.0,0.0
15751,1,399.980011,399.980011,399.980011,0.0,0.0
17878,1,299.980011,299.980011,296.980011,3.0,0.01
18593,1,299.980011,299.980011,293.980011,6.0,0.02
11251,1,399.980011,399.980011,391.980011,8.0,0.02
67845,1,299.980011,299.980011,290.980011,9.0,0.029999999
12224,1,299.980011,299.980011,290.980011,9.0,0.029999999
44388,1,299.980011,299.980011,287.980011,12.0,0.039999999
19665,1,399.980011,399.980011,383.980011,16.0,0.039999999
18009,1,399.980011,399.980011,383.980011,16.0,0.039999999
62117,1,299.980011,299.980011,287.980011,12.0,0.039999999
19555,1,299.980011,299.980011,287.980011,12.0,0.039999999
18692,1,299.980011,299.980011,287.980011,12.0,0.039999999
10580,1,399.980011,399.980011,383.980011,16.0,0.039999999
14250,1,299.980011,299.980011,284.980011,15.0,0.050000001
19213,1,399.980011,399.980011,379.980011,20.0,0.050000001
64362,1,299.980011,299.980011,283.480011,16.5,0.059999999
17770,1,299.980011,299.980011,283.480011,16.5,0.059999999
14651,1,299.980011,299.980011,283.480011,16.5,0.059999999
68220,1,299.980011,299.980011,278.980011,21.0,0.07
18009,1,299.980011,299.980011,278.980011,21.0,0.07
17909,1,399.980011,399.980011,371.980011,28.0,0.07
14651,1,299.980011,299.980011,278.980011,21.0,0.07
13343,1,399.980011,399.980011,363.980011,36.0,0.090000004
15845,1,399.980011,399.980011,363.980011,36.0,0.090000004
63303,1,299.980011,299.980011,272.980011,27.0,0.090000004
14651,1,299.980011,299.980011,272.980011,27.0,0.090000004
16966,1,399.980011,399.980011,363.980011,36.0,0.090000004
14965,1,399.980011,399.980011,363.980011,36.0,0.090000004
48141,1,299.980011,299.980011,269.980011,30.0,0.100000001
47758,1,299.980011,299.980011,269.980011,30.0,0.100000001
17810,1,399.980011,399.980011,359.980011,40.0,0.100000001
18857,1,299.980011,299.980011,269.980011,30.0,0.100000001
16953,1,299.980011,299.980011,269.980011,30.0,0.100000001
16966,1,399.980011,399.980011,359.980011,40.0,0.100000001
14960,1,399.980011,399.980011,359.980011,40.0,0.100000001
17582,1,299.980011,299.980011,263.980011,36.0,0.119999997
10961,1,399.980011,399.980011,351.980011,48.0,0.119999997
14960,1,399.980011,399.980011,351.980011,48.0,0.119999997
17582,1,299.980011,299.980011,260.980011,39.0,0.129999995
18156,1,299.980011,299.980011,260.980011,39.0,0.129999995
17877,1,399.980011,399.980011,347.980011,52.0,0.129999995
20246,1,399.980011,399.980011,339.980011,60.0,0.150000006
15421,1,299.980011,299.980011,254.9799957,45.0,0.150000006
10444,1,299.980011,299.980011,254.9799957,45.0,0.150000006
15884,1,299.980011,299.980011,254.9799957,45.0,0.150000006
67786,1,299.980011,299.980011,251.9799957,48.0,0.159999996
15599,1,399.980011,399.980011,335.980011,64.0,0.159999996
20072,1,299.980011,299.980011,251.9799957,48.0,0.159999996
18343,1,299.980011,299.980011,251.9799957,48.0,0.159999996
18387,1,399.980011,399.980011,335.980011,64.0,0.159999996
16998,1,399.980011,399.980011,335.980011,64.0,0.159999996
14730,1,399.980011,399.980011,331.980011,68.0,0.170000002
65105,1,299.980011,299.980011,248.9799957,51.0,0.170000002
62193,1,299.980011,299.980011,248.9799957,51.0,0.170000002
15673,1,399.980011,399.980011,327.980011,72.0,0.180000007
19610,1,399.980011,399.980011,327.980011,72.0,0.180000007
64292,1,299.980011,299.980011,245.9799957,54.0,0.180000007
20234,1,399.980011,399.980011,327.980011,72.0,0.180000007
11513,1,399.980011,399.980011,327.980011,72.0,0.180000007
11076,1,399.980011,399.980011,327.980011,72.0,0.180000007
49507,1,299.980011,299.980011,239.9799957,60.0,0.200000003
19610,1,399.980011,399.980011,319.980011,80.0,0.200000003
14651,1,399.980011,399.980011,319.980011,80.0,0.200000003
11076,1,399.980011,399.980011,319.980011,80.0,0.200000003
49507,1,299.980011,299.980011,224.9900055,75.0,0.25
63107,1,299.980011,299.980011,224.9900055,75.0,0.25
20072,1,399.980011,399.980011,299.9899902,100.0,0.25
19550,1,399.980011,399.980011,299.9899902,100.0,0.25
14193,1,399.980011,399.980011,299.9899902,100.0,0.25
69057,1,31.07999992,31.07999992,29.84000015,1.24000001,0.039999999
68996,1,31.07999992,31.07999992,27.04000092,4.039999962,0.129999995
68977,1,31.07999992,31.07999992,26.42000008,4.659999847,0.150000006
69170,1,31.07999992,31.07999992,23.30999947,7.769999981,0.25
71517,1,164.3800049,164.3800049,164.3800049,0.0,0.0
71533,1,164.3800049,164.3800049,161.0899963,3.289999962,0.02
71515,1,164.3800049,164.3800049,161.0899963,3.289999962,0.02
71473,1,164.3800049,164.3800049,149.5899963,14.78999996,0.090000004
71471,1,164.3800049,164.3800049,144.6499939,19.72999954,0.119999997
69285,1,11.28999996,11.28999996,9.600000381,1.690000057,0.150000006
69302,1,11.28999996,11.28999996,9.479999542,1.809999943,0.159999996
71450,1,164.3800049,164.3800049,138.0800018,26.29999924,0.159999996
71038,1,252.8800049,252.8800049,245.2899933,7.590000153,0.029999999
70795,1,1500.0,1500.0,1125.0,375.0,0.25
12264,1,99.98999786,99.98999786,98.98999786,1.0,0.01
61983,1,99.98999786,99.98999786,86.98999786,13.0,0.129999995
16555,1,59.99000168,59.99000168,59.99000168,0.0,0.0
19840,1,129.9900055,129.9900055,129.9900055,0.0,0.0
62003,1,59.99000168,59.99000168,58.79000092,1.200000048,0.02
19544,1,59.99000168,59.99000168,58.79000092,1.200000048,0.02
71215,1,461.480011,461.480011,447.6400146,13.84000015,0.029999999
19885,1,129.9900055,129.9900055,124.7900009,5.199999809,0.039999999
19126,1,129.9900055,129.9900055,124.7900009,5.199999809,0.039999999
15749,1,129.9900055,129.9900055,124.7900009,5.199999809,0.039999999
61983,1,129.9900055,129.9900055,123.4899979,6.5,0.050000001
17999,1,129.9900055,129.9900055,123.4899979,6.5,0.050000001
64163,1,129.9900055,129.9900055,120.8899994,9.100000381,0.07
15784,1,129.9900055,129.9900055,116.9899979,13.0,0.100000001
61647,1,129.9900055,129.9900055,114.3899994,15.60000038,0.119999997
12867,1,129.9900055,129.9900055,113.0899963,16.89999962,0.129999995
70279,1,357.1000061,357.1000061,310.6799927,46.41999817,0.129999995
18736,1,129.9900055,129.9900055,110.4899979,19.5,0.150000006
62072,1,129.9900055,129.9900055,109.1900024,20.79999924,0.159999996
18736,1,129.9900055,129.9900055,109.1900024,20.79999924,0.159999996
15530,1,129.9900055,129.9900055,106.5899963,23.39999962,0.180000007
19501,1,39.99000168,39.99000168,37.79000092,2.200000048,0.059999999
11110,1,50.0,50.0,41.5,8.5,0.170000002
68084,1,50.0,50.0,37.5,12.5,0.25
11152,1,24.98999977,24.98999977,24.73999977,0.25,0.01
12867,1,299.980011,299.980011,296.980011,3.0,0.01
14612,1,299.980011,299.980011,296.980011,3.0,0.01
19544,1,399.980011,399.980011,395.980011,4.0,0.01
19131,1,399.980011,399.980011,387.980011,12.0,0.029999999
11110,1,399.980011,399.980011,379.980011,20.0,0.050000001
19126,1,399.980011,399.980011,379.980011,20.0,0.050000001
19126,1,299.980011,299.980011,260.980011,39.0,0.129999995
16555,1,299.980011,299.980011,254.9799957,45.0,0.150000006
18736,1,299.980011,299.980011,251.9799957,48.0,0.159999996
15530,1,299.980011,299.980011,245.9799957,54.0,0.180000007
15530,1,399.980011,399.980011,327.980011,72.0,0.180000007
19885,1,399.980011,399.980011,327.980011,72.0,0.180000007
56317,1,99.98999786,99.98999786,96.98999786,3.0,0.029999999
52407,1,99.98999786,99.98999786,96.98999786,3.0,0.029999999
8455,1,99.98999786,99.98999786,95.98999786,4.0,0.039999999
8455,1,99.98999786,99.98999786,94.98999786,5.0,0.050000001
10253,1,99.98999786,99.98999786,94.98999786,5.0,0.050000001
53816,1,99.98999786,99.98999786,90.98999786,9.0,0.090000004
1077,1,99.98999786,99.98999786,89.98999786,10.0,0.100000001
56037,1,99.98999786,99.98999786,81.98999786,18.0,0.180000007
8455,1,59.99000168,59.99000168,59.99000168,0.0,0.0
7884,1,59.99000168,59.99000168,59.99000168,0.0,0.0
16863,4,59.99000168,59.99000168,191.9700012,47.99000168,0.200000003
66868,4,59.99000168,59.99000168,179.9700012,59.99000168,0.25
68330,4,59.99000168,59.99000168,179.9700012,59.99000168,0.25
18001,4,59.99000168,59.99000168,179.9700012,59.99000168,0.25
16464,4,50.0,50.0,200.0,0.0,0.0
10869,4,50.0,50.0,198.0,2.0,0.01
17490,4,50.0,50.0,198.0,2.0,0.01
17490,4,50.0,50.0,196.0,4.0,0.02
61888,4,50.0,50.0,194.0,6.0,0.029999999
68871,4,50.0,50.0,192.0,8.0,0.039999999
65141,4,39.99000168,39.99000168,153.5599976,6.400000095,0.039999999
11882,4,50.0,50.0,192.0,8.0,0.039999999
17984,4,50.0,50.0,190.0,10.0,0.050000001
66519,4,50.0,50.0,190.0,10.0,0.050000001
65453,4,50.0,50.0,189.0,11.0,0.059999999
11107,4,39.99000168,39.99000168,151.1600037,8.800000191,0.059999999
67275,4,39.99000168,39.99000168,145.5599976,14.39999962,0.090000004
16877,4,50.0,50.0,182.0,18.0,0.090000004
65048,4,50.0,50.0,182.0,18.0,0.090000004
18213,4,39.99000168,39.99000168,143.9600067,16.0,0.100000001
19442,4,50.0,50.0,176.0,24.0,0.119999997
13217,4,50.0,50.0,174.0,26.0,0.129999995
19116,4,50.0,50.0,174.0,26.0,0.129999995
13215,4,39.99000168,39.99000168,135.9700012,23.98999977,0.150000006
13943,4,50.0,50.0,170.0,30.0,0.150000006
15443,4,50.0,50.0,168.0,32.0,0.159999996
62523,4,50.0,50.0,168.0,32.0,0.159999996
67079,4,50.0,50.0,168.0,32.0,0.159999996
65901,4,39.99000168,39.99000168,131.1699982,28.79000092,0.180000007
19800,4,50.0,50.0,164.0,36.0,0.180000007
64692,4,50.0,50.0,160.0,40.0,0.200000003
10676,4,50.0,50.0,160.0,40.0,0.200000003
65898,4,39.99000168,39.99000168,127.9700012,31.98999977,0.200000003
13790,4,39.99000168,39.99000168,127.9700012,31.98999977,0.200000003
49839,4,39.99000168,39.99000168,127.9700012,31.98999977,0.200000003
14957,4,19.98999977,19.98999977,77.55999756,2.400000095,0.029999999
10459,4,15.98999977,15.98999977,58.20000076,5.760000229,0.090000004
19024,4,31.98999977,31.98999977,115.1600037,12.80000019,0.100000001
17683,4,15.98999977,15.98999977,56.27999878,7.679999828,0.119999997
15078,4,51.99000168,51.99000168,180.9299927,27.03000069,0.129999995
49878,4,47.99000168,47.99000168,163.1699982,28.79000092,0.150000006
10459,4,24.98999977,24.98999977,84.97000122,14.98999977,0.150000006
16436,4,19.98999977,19.98999977,63.97000122,15.98999977,0.200000003
67066,4,79.98999786,79.98999786,319.9599915,0.0,0.0
65430,4,79.98999786,79.98999786,297.5599976,22.39999962,0.07
67246,4,99.98999786,99.98999786,327.9700012,71.98999786,0.180000007
46677,4,24.98999977,24.98999977,79.97000122,19.98999977,0.200000003
16107,4,99.98999786,99.98999786,391.9599915,8.0,0.02
11305,4,99.98999786,99.98999786,387.9599915,12.0,0.029999999
15228,4,27.98999977,27.98999977,108.5999985,3.359999895,0.029999999
16852,4,34.99000168,34.99000168,134.3600006,5.599999905,0.039999999
64892,4,99.98999786,99.98999786,383.9599915,16.0,0.039999999
47199,4,30.0,30.0,114.0,6.0,0.050000001
15042,4,99.98999786,99.98999786,379.9599915,20.0,0.050000001
62527,4,99.98999786,99.98999786,379.9599915,20.0,0.050000001
62197,4,99.98999786,99.98999786,371.9599915,28.0,0.07
11745,4,99.98999786,99.98999786,359.9599915,40.0,0.100000001
19702,4,99.98999786,99.98999786,339.9700012,59.99000168,0.150000006
68428,4,99.98999786,99.98999786,339.9700012,59.99000168,0.150000006
64065,4,99.98999786,99.98999786,335.9700012,63.99000168,0.159999996
61612,4,99.98999786,99.98999786,335.9700012,63.99000168,0.159999996
64612,4,99.98999786,99.98999786,335.9700012,63.99000168,0.159999996
66458,4,99.98999786,99.98999786,327.9700012,71.98999786,0.180000007
65015,4,94.98999786,94.98999786,303.9700012,75.98999786,0.200000003
61997,4,99.98999786,99.98999786,319.9700012,79.98999786,0.200000003
19702,4,34.99000168,34.99000168,111.9700012,27.98999977,0.200000003
11554,4,59.99000168,59.99000168,239.9600067,0.0,0.0
45750,4,59.99000168,59.99000168,237.5599976,2.400000095,0.01
61826,4,59.99000168,59.99000168,237.5599976,2.400000095,0.01
11529,4,59.99000168,59.99000168,235.1600037,4.800000191,0.02
64054,4,59.99000168,59.99000168,232.7599945,7.199999809,0.029999999
14474,4,59.99000168,59.99000168,230.3600006,9.600000381,0.039999999
67988,4,59.99000168,59.99000168,227.9600067,12.0,0.050000001
11948,4,59.99000168,59.99000168,227.9600067,12.0,0.050000001
16107,4,59.99000168,59.99000168,223.1600037,16.79999924,0.07
15380,4,59.99000168,59.99000168,218.3600006,21.60000038,0.090000004
10814,4,59.99000168,59.99000168,218.3600006,21.60000038,0.090000004
14179,4,59.99000168,59.99000168,218.3600006,21.60000038,0.090000004
15819,4,59.99000168,59.99000168,215.9600067,24.0,0.100000001
13179,4,59.99000168,59.99000168,211.1600037,28.79999924,0.119999997
68700,4,59.99000168,59.99000168,211.1600037,28.79999924,0.119999997
17814,4,59.99000168,59.99000168,211.1600037,28.79999924,0.119999997
18926,4,59.99000168,59.99000168,211.1600037,28.79999924,0.119999997
65050,4,59.99000168,59.99000168,211.1600037,28.79999924,0.119999997
15042,4,59.99000168,59.99000168,208.7700043,31.19000053,0.129999995
18923,4,59.99000168,59.99000168,208.7700043,31.19000053,0.129999995
66760,4,59.99000168,59.99000168,208.7700043,31.19000053,0.129999995
12075,4,59.99000168,59.99000168,208.7700043,31.19000053,0.129999995
19122,4,59.99000168,59.99000168,203.9700012,35.99000168,0.150000006
11636,4,59.99000168,59.99000168,203.9700012,35.99000168,0.150000006
63920,4,59.99000168,59.99000168,203.9700012,35.99000168,0.150000006
12075,4,59.99000168,59.99000168,203.9700012,35.99000168,0.150000006
63182,4,59.99000168,59.99000168,201.5700073,38.38999939,0.159999996
65582,4,59.99000168,59.99000168,201.5700073,38.38999939,0.159999996
68804,4,59.99000168,59.99000168,201.5700073,38.38999939,0.159999996
42739,4,59.99000168,59.99000168,199.1699982,40.79000092,0.170000002
11558,4,59.99000168,59.99000168,191.9700012,47.99000168,0.200000003
10759,4,59.99000168,59.99000168,191.9700012,47.99000168,0.200000003
47429,4,59.99000168,59.99000168,179.9700012,59.99000168,0.25
19775,4,50.0,50.0,200.0,0.0,0.0
66887,4,39.99000168,39.99000168,159.9600067,0.0,0.0
15655,4,39.99000168,39.99000168,159.9600067,0.0,0.0
18019,4,50.0,50.0,200.0,0.0,0.0
15152,4,39.99000168,39.99000168,158.3600006,1.600000024,0.01
14363,4,50.0,50.0,198.0,2.0,0.01
17520,4,39.99000168,39.99000168,156.7599945,3.200000048,0.02
15979,4,50.0,50.0,196.0,4.0,0.02
12158,4,39.99000168,39.99000168,155.1600037,4.800000191,0.029999999
63170,4,50.0,50.0,194.0,6.0,0.029999999
11885,4,50.0,50.0,194.0,6.0,0.029999999
64612,4,50.0,50.0,194.0,6.0,0.029999999
12529,4,50.0,50.0,192.0,8.0,0.039999999
62130,4,50.0,50.0,190.0,10.0,0.050000001
65701,4,50.0,50.0,189.0,11.0,0.059999999
65965,4,50.0,50.0,189.0,11.0,0.059999999
50835,4,39.99000168,39.99000168,145.5599976,14.39999962,0.090000004
63546,4,39.99000168,39.99000168,145.5599976,14.39999962,0.090000004
15524,4,50.0,50.0,182.0,18.0,0.090000004
48595,4,50.0,50.0,180.0,20.0,0.100000001
46306,4,50.0,50.0,180.0,20.0,0.100000001
66669,4,50.0,50.0,180.0,20.0,0.100000001
15487,4,50.0,50.0,180.0,20.0,0.100000001
66489,4,50.0,50.0,176.0,24.0,0.119999997
66001,4,39.99000168,39.99000168,140.7599945,19.20000076,0.119999997
10759,4,50.0,50.0,176.0,24.0,0.119999997
47199,4,50.0,50.0,174.0,26.0,0.129999995
15819,4,39.99000168,39.99000168,135.9700012,23.98999977,0.150000006
14482,4,50.0,50.0,170.0,30.0,0.150000006
15029,4,50.0,50.0,170.0,30.0,0.150000006
15803,4,50.0,50.0,170.0,30.0,0.150000006
11851,4,39.99000168,39.99000168,134.3699951,25.59000015,0.159999996
64369,4,50.0,50.0,168.0,32.0,0.159999996
63792,4,50.0,50.0,168.0,32.0,0.159999996
67806,4,50.0,50.0,166.0,34.0,0.170000002
18036,4,50.0,50.0,166.0,34.0,0.170000002
18482,4,50.0,50.0,164.0,36.0,0.180000007
11636,4,50.0,50.0,164.0,36.0,0.180000007
62470,4,50.0,50.0,164.0,36.0,0.180000007
63377,4,39.99000168,39.99000168,131.1699982,28.79000092,0.180000007
45455,4,50.0,50.0,160.0,40.0,0.200000003
43964,4,50.0,50.0,150.0,50.0,0.25
63999,4,50.0,50.0,150.0,50.0,0.25
16557,4,24.98999977,24.98999977,97.95999908,2.0,0.02
16955,4,51.99000168,51.99000168,199.6399994,8.319999695,0.039999999
11558,4,19.98999977,19.98999977,65.5699997,14.39000034,0.180000007
14210,4,27.98999977,27.98999977,107.4800034,4.480000019,0.039999999
61848,4,99.98999786,99.98999786,379.9599915,20.0,0.050000001
16811,4,99.98999786,99.98999786,335.9700012,63.99000168,0.159999996
62419,4,99.98999786,99.98999786,331.9700012,67.98999786,0.170000002
66636,4,59.99000168,59.99000168,232.7599945,7.199999809,0.029999999
43551,4,59.99000168,59.99000168,223.1600037,16.79999924,0.07
16459,4,59.99000168,59.99000168,223.1600037,16.79999924,0.07
16075,4,59.99000168,59.99000168,211.1600037,28.79999924,0.119999997
18617,4,59.99000168,59.99000168,208.7700043,31.19000053,0.129999995
17436,4,59.99000168,59.99000168,201.5700073,38.38999939,0.159999996
19540,4,59.99000168,59.99000168,179.9700012,59.99000168,0.25
65827,4,50.0,50.0,200.0,0.0,0.0
13521,4,50.0,50.0,198.0,2.0,0.01
17436,4,39.99000168,39.99000168,151.9600067,8.0,0.050000001
64211,4,50.0,50.0,190.0,10.0,0.050000001
43551,4,50.0,50.0,176.0,24.0,0.119999997
68111,4,39.99000168,39.99000168,140.7599945,19.20000076,0.119999997
62596,4,39.99000168,39.99000168,140.7599945,19.20000076,0.119999997
16811,4,50.0,50.0,170.0,30.0,0.150000006
15278,4,39.99000168,39.99000168,132.7700043,27.19000053,0.170000002
19327,4,50.0,50.0,150.0,50.0,0.25
17104,4,51.99000168,51.99000168,201.7200012,6.239999771,0.029999999
17436,4,31.98999977,31.98999977,95.97000122,31.98999977,0.25
2887,4,59.99000168,59.99000168,208.7700043,31.19000053,0.129999995
1186,4,99.98999786,99.98999786,395.9599915,4.0,0.01
8488,4,99.98999786,99.98999786,335.9700012,63.99000168,0.159999996
55000,4,99.98999786,99.98999786,319.9700012,79.98999786,0.200000003
55201,4,59.99000168,59.99000168,218.3600006,21.60000038,0.090000004
1186,4,59.99000168,59.99000168,203.9700012,35.99000168,0.150000006
1383,4,59.99000168,59.99000168,203.9700012,35.99000168,0.150000006
53581,4,59.99000168,59.99000168,201.5700073,38.38999939,0.159999996
1383,4,59.99000168,59.99000168,201.5700073,38.38999939,0.159999996
57479,4,59.99000168,59.99000168,199.1699982,40.79000092,0.170000002
738,4,59.99000168,59.99000168,199.1699982,40.79000092,0.170000002
56476,4,59.99000168,59.99000168,199.1699982,40.79000092,0.170000002
8488,4,59.99000168,59.99000168,199.1699982,40.79000092,0.170000002
24271,5,39.99000168,39.99000168,181.9499969,18.0,0.090000004
42777,5,50.0,50.0,225.0,25.0,0.100000001
22298,5,50.0,50.0,220.0,30.0,0.119999997
43739,5,70.0,70.0,297.5,52.5,0.150000006
24594,5,39.99000168,39.99000168,165.9600067,33.99000168,0.170000002
30802,5,50.0,50.0,187.5,62.5,0.25
27586,5,50.0,50.0,187.5,62.5,0.25
46791,5,21.98999977,21.98999977,109.9499969,0.0,0.0
24176,5,19.98999977,19.98999977,97.94999695,2.0,0.02
21193,5,15.98999977,15.98999977,65.55999756,14.39000034,0.180000007
22044,5,99.98999786,99.98999786,489.9500122,10.0,0.02
30388,5,99.98999786,99.98999786,472.4500122,27.5,0.059999999
43576,5,99.98999786,99.98999786,472.4500122,27.5,0.059999999
26039,5,99.98999786,99.98999786,449.9599915,50.0,0.100000001
28441,5,99.98999786,99.98999786,449.9599915,50.0,0.100000001
29181,5,99.98999786,99.98999786,439.9599915,59.99000168,0.119999997
28827,5,99.98999786,99.98999786,439.9599915,59.99000168,0.119999997
25060,5,99.98999786,99.98999786,439.9599915,59.99000168,0.119999997
21624,5,27.98999977,27.98999977,121.7600021,18.19000053,0.129999995
23378,5,99.98999786,99.98999786,424.9599915,74.98999786,0.150000006
28249,5,99.98999786,99.98999786,374.9599915,124.9899979,0.25
22926,5,59.99000168,59.99000168,296.9500122,3.0,0.01
29286,5,59.99000168,59.99000168,293.9500122,6.0,0.02
21872,5,59.99000168,59.99000168,287.9500122,12.0,0.039999999
21624,5,59.99000168,59.99000168,284.9500122,15.0,0.050000001
48334,5,59.99000168,59.99000168,284.9500122,15.0,0.050000001
28866,5,59.99000168,59.99000168,278.9500122,21.0,0.07
28827,5,59.99000168,59.99000168,272.9500122,27.0,0.090000004
26054,5,59.99000168,59.99000168,260.9599915,38.99000168,0.129999995
27856,5,59.99000168,59.99000168,254.9600067,44.99000168,0.150000006
47439,5,59.99000168,59.99000168,254.9600067,44.99000168,0.150000006
24770,5,59.99000168,59.99000168,251.9600067,47.99000168,0.159999996
41903,5,59.99000168,59.99000168,251.9600067,47.99000168,0.159999996
26402,5,59.99000168,59.99000168,248.9600067,50.99000168,0.170000002
28402,5,59.99000168,59.99000168,248.9600067,50.99000168,0.170000002
23948,5,30.0,30.0,150.0,0.0,0.0
26436,5,39.99000168,39.99000168,199.9499969,0.0,0.0
27286,5,39.99000168,39.99000168,199.9499969,0.0,0.0
23688,5,50.0,50.0,247.5,2.5,0.01
45380,5,50.0,50.0,245.0,5.0,0.02
23688,5,50.0,50.0,245.0,5.0,0.02
27530,5,50.0,50.0,242.5,7.5,0.029999999
49693,5,50.0,50.0,242.5,7.5,0.029999999
30111,5,50.0,50.0,240.0,10.0,0.039999999
48699,5,50.0,50.0,240.0,10.0,0.039999999
28441,5,50.0,50.0,236.25,13.75,0.059999999
27750,5,50.0,50.0,232.5,17.5,0.07
22379,5,50.0,50.0,232.5,17.5,0.07
31208,5,50.0,50.0,225.0,25.0,0.100000001
27689,5,50.0,50.0,225.0,25.0,0.100000001
44514,5,50.0,50.0,220.0,30.0,0.119999997
21837,5,39.99000168,39.99000168,169.9600067,29.98999977,0.150000006
22926,5,50.0,50.0,210.0,40.0,0.159999996
25942,5,50.0,50.0,205.0,45.0,0.180000007
22134,5,39.99000168,39.99000168,159.9600067,39.99000168,0.200000003
26827,5,39.99000168,39.99000168,159.9600067,39.99000168,0.200000003
48334,5,50.0,50.0,187.5,62.5,0.25
21941,5,31.98999977,31.98999977,155.1499939,4.800000191,0.029999999
28847,5,19.98999977,19.98999977,96.94999695,3.0,0.029999999
43576,5,21.98999977,21.98999977,106.6500015,3.299999952,0.029999999
26577,5,15.98999977,15.98999977,76.75,3.200000048,0.039999999
29995,5,15.98999977,15.98999977,67.95999908,11.98999977,0.150000006
21312,5,17.98999977,17.98999977,75.55999756,14.39000034,0.159999996
20775,5,24.98999977,24.98999977,102.4599991,22.48999977,0.180000007
28017,5,15.98999977,15.98999977,63.95999908,15.98999977,0.200000003
47562,5,21.98999977,21.98999977,87.95999908,21.98999977,0.200000003
29490,5,31.98999977,31.98999977,119.9599991,39.99000168,0.25
23571,5,47.99000168,47.99000168,179.9600067,59.99000168,0.25
30924,5,27.98999977,27.98999977,137.1499939,2.799999952,0.02
20507,5,99.98999786,99.98999786,484.9500122,15.0,0.029999999
24650,5,59.99000168,59.99000168,278.9500122,21.0,0.07
24650,5,59.99000168,59.99000168,272.9500122,27.0,0.090000004
24650,5,59.99000168,59.99000168,269.9599915,30.0,0.100000001
30328,5,39.99000168,39.99000168,197.9499969,2.0,0.01
23302,5,50.0,50.0,240.0,10.0,0.039999999
28677,5,50.0,50.0,236.25,13.75,0.059999999
30728,5,39.99000168,39.99000168,173.9600067,25.98999977,0.129999995
37718,5,99.98999786,99.98999786,409.9599915,89.98999786,0.180000007
34977,5,99.98999786,99.98999786,399.9599915,99.98999786,0.200000003
40138,5,59.99000168,59.99000168,290.9500122,9.0,0.029999999
40776,5,59.99000168,59.99000168,272.9500122,27.0,0.090000004
39582,5,59.99000168,59.99000168,272.9500122,27.0,0.090000004
34284,5,39.99000168,39.99000168,199.9499969,0.0,0.0
41142,5,50.0,50.0,240.0,10.0,0.039999999
41287,5,50.0,50.0,217.5,32.5,0.129999995
35651,5,50.0,50.0,210.0,40.0,0.159999996
41287,5,31.98999977,31.98999977,134.3600006,25.59000015,0.159999996
32566,5,44.99000168,44.99000168,220.4499969,4.5,0.02
39300,5,99.98999786,99.98999786,454.9500122,45.0,0.090000004
40654,5,99.98999786,99.98999786,424.9599915,74.98999786,0.150000006
39551,5,99.98999786,99.98999786,419.9599915,79.98999786,0.159999996
35389,5,44.99000168,44.99000168,184.4600067,40.49000168,0.180000007
32257,5,59.99000168,59.99000168,296.9500122,3.0,0.01
49031,5,59.99000168,59.99000168,290.9500122,9.0,0.029999999
49031,5,59.99000168,59.99000168,287.9500122,12.0,0.039999999
32224,5,59.99000168,59.99000168,283.4500122,16.5,0.059999999
38411,5,59.99000168,59.99000168,272.9500122,27.0,0.090000004
48282,5,59.99000168,59.99000168,260.9599915,38.99000168,0.129999995
40949,5,59.99000168,59.99000168,251.9600067,47.99000168,0.159999996
31917,5,50.0,50.0,247.5,2.5,0.01
39991,5,50.0,50.0,240.0,10.0,0.039999999
44802,5,50.0,50.0,237.5,12.5,0.050000001
40766,5,39.99000168,39.99000168,185.9499969,14.0,0.07
36495,5,50.0,50.0,225.0,25.0,0.100000001
37945,5,50.0,50.0,217.5,32.5,0.129999995
32257,5,50.0,50.0,212.5,37.5,0.150000006
33058,5,50.0,50.0,210.0,40.0,0.159999996
40766,5,50.0,50.0,205.0,45.0,0.180000007
36840,5,50.0,50.0,200.0,50.0,0.200000003
31302,5,24.98999977,24.98999977,113.6999969,11.25,0.090000004
44802,5,47.99000168,47.99000168,215.9600067,24.0,0.100000001
31738,5,34.99000168,34.99000168,166.1999969,8.75,0.050000001
35393,5,24.98999977,24.98999977,116.1999969,8.75,0.07
39081,5,31.98999977,31.98999977,139.1600037,20.79000092,0.129999995
40716,5,99.98999786,99.98999786,434.9599915,64.98999786,0.129999995
41612,5,99.98999786,99.98999786,424.9599915,74.98999786,0.150000006
36298,5,99.98999786,99.98999786,419.9599915,79.98999786,0.159999996
40634,5,99.98999786,99.98999786,419.9599915,79.98999786,0.159999996
35393,5,59.99000168,59.99000168,299.9500122,0.0,0.0
36654,5,59.99000168,59.99000168,287.9500122,12.0,0.039999999
36636,5,59.99000168,59.99000168,283.4500122,16.5,0.059999999
47796,5,59.99000168,59.99000168,263.9599915,35.99000168,0.119999997
35266,5,59.99000168,59.99000168,254.9600067,44.99000168,0.150000006
34089,5,59.99000168,59.99000168,254.9600067,44.99000168,0.150000006
50571,5,59.99000168,59.99000168,245.9600067,53.99000168,0.180000007
46744,5,39.99000168,39.99000168,197.9499969,2.0,0.01
36894,5,39.99000168,39.99000168,197.9499969,2.0,0.01
39241,5,39.99000168,39.99000168,197.9499969,2.0,0.01
46992,5,50.0,50.0,245.0,5.0,0.02
32277,5,39.99000168,39.99000168,191.9499969,8.0,0.039999999
47796,5,50.0,50.0,227.5,22.5,0.090000004
36636,5,39.99000168,39.99000168,181.9499969,18.0,0.090000004
39498,5,50.0,50.0,227.5,22.5,0.090000004
37182,5,39.99000168,39.99000168,181.9499969,18.0,0.090000004
40647,5,50.0,50.0,227.5,22.5,0.090000004
32462,5,50.0,50.0,200.0,50.0,0.200000003
31410,5,39.99000168,39.99000168,149.9600067,49.99000168,0.25
31957,5,17.98999977,17.98999977,85.44999695,4.5,0.050000001
36837,5,31.98999977,31.98999977,145.5500031,14.39999962,0.090000004
37675,5,15.98999977,15.98999977,67.95999908,11.98999977,0.150000006
32536,5,24.98999977,24.98999977,93.70999908,31.23999977,0.25
31336,5,24.98999977,24.98999977,116.1999969,8.75,0.07
32846,5,99.98999786,99.98999786,472.4500122,27.5,0.059999999
35083,5,99.98999786,99.98999786,424.9599915,74.98999786,0.150000006
39036,5,99.98999786,99.98999786,374.9599915,124.9899979,0.25
37493,5,59.99000168,59.99000168,290.9500122,9.0,0.029999999
33619,5,59.99000168,59.99000168,245.9600067,53.99000168,0.180000007
31797,5,59.99000168,59.99000168,245.9600067,53.99000168,0.180000007
31797,5,59.99000168,59.99000168,239.9600067,59.99000168,0.200000003
32594,5,50.0,50.0,227.5,22.5,0.090000004
34103,5,50.0,50.0,217.5,32.5,0.129999995
37048,5,50.0,50.0,207.5,42.5,0.170000002
36344,5,31.98999977,31.98999977,134.3600006,25.59000015,0.159999996
31336,5,47.99000168,47.99000168,191.9600067,47.99000168,0.200000003
46495,1,129.9900055,129.9900055,124.7900009,5.199999809,0.039999999
50236,1,129.9900055,129.9900055,122.8399963,7.150000095,0.059999999
69890,1,452.0400085,452.0400085,384.230011,67.80999756,0.150000006
48329,1,99.98999786,99.98999786,83.98999786,16.0,0.159999996
18160,1,129.9900055,129.9900055,129.9900055,0.0,0.0
18160,1,129.9900055,129.9900055,128.6900024,1.299999952,0.01
18154,1,129.9900055,129.9900055,124.7900009,5.199999809,0.039999999
10394,1,129.9900055,129.9900055,124.7900009,5.199999809,0.039999999
20029,1,129.9900055,129.9900055,123.4899979,6.5,0.050000001
66423,1,129.9900055,129.9900055,122.8399963,7.150000095,0.059999999
15338,1,129.9900055,129.9900055,122.8399963,7.150000095,0.059999999
71192,1,461.480011,461.480011,419.9500122,41.52999878,0.090000004
17279,1,129.9900055,129.9900055,118.2900009,11.69999981,0.090000004
64951,1,129.9900055,129.9900055,116.9899979,13.0,0.100000001
16477,1,129.9900055,129.9900055,114.3899994,15.60000038,0.119999997
16477,1,129.9900055,129.9900055,113.0899963,16.89999962,0.129999995
14003,1,129.9900055,129.9900055,110.4899979,19.5,0.150000006
16477,1,129.9900055,129.9900055,110.4899979,19.5,0.150000006
18763,1,59.99000168,59.99000168,50.38999939,9.600000381,0.159999996
14621,1,129.9900055,129.9900055,109.1900024,20.79999924,0.159999996
15338,1,59.99000168,59.99000168,49.79000092,10.19999981,0.170000002
15369,1,129.9900055,129.9900055,107.8899994,22.10000038,0.170000002
70022,1,357.1000061,357.1000061,285.6799927,71.41999817,0.200000003
