Order Id,Type,order date (DateOrders),Order Status,Order Customer Id,Order City,Order Country,Order State,Order Zipcode
77202,DEBIT,1/31/2018 22:56,COMPLETE,20755,Bekasi,Indonesia,Java Occidental,
75939,TRANSFER,1/13/2018 12:27,PENDING,19492,Bikaner,India,Rajastán,
75938,CASH,1/13/2018 12:06,CLOSED,19491,Bikaner,India,Rajastán,
75937,DEBIT,1/13/2018 11:45,COMPLETE,19490,Townsville,Australia,Queensland,
75936,PAYMENT,1/13/2018 11:24,PENDING_PAYMENT,19489,Townsville,Australia,Queensland,
75935,TRANSFER,1/13/2018 11:03,CANCELED,19488,Toowoomba,Australia,Queensland,
75934,DEBIT,1/13/2018 10:42,COMPLETE,19487,Guangzhou,China,Guangdong,
75933,TRANSFER,1/13/2018 10:21,PROCESSING,19486,Guangzhou,China,Guangdong,
75932,CASH,1/13/2018 10:00,CLOSED,19485,Guangzhou,China,Guangdong,
75931,CASH,1/13/2018 9:39,CLOSED,19484,Guangzhou,China,Guangdong,
75930,TRANSFER,1/13/2018 9:18,SUSPECTED_FRAUD,19483,Tokio,Japón,Tokio,
75929,TRANSFER,1/13/2018 8:57,PENDING,19482,Manado,Indonesia,Célebes Septentrional,
75928,TRANSFER,1/13/2018 8:36,PENDING,19481,Manado,Indonesia,Célebes Septentrional,
75927,DEBIT,1/13/2018 8:15,COMPLETE,19480,Sangli,India,Maharashtra,
75926,TRANSFER,1/13/2018 7:54,PROCESSING,19479,Sangli,India,Maharashtra,
75925,DEBIT,1/13/2018 7:33,COMPLETE,19478,Sangli,India,Maharashtra,
75924,PAYMENT,1/13/2018 7:12,PENDING_PAYMENT,19477,Seúl,Corea del Sur,Seúl,
75923,CASH,1/13/2018 6:51,CLOSED,19476,Jabalpur,India,Madhya Pradesh,
75922,DEBIT,1/13/2018 6:30,COMPLETE,19475,Jabalpur,India,Madhya Pradesh,
75921,PAYMENT,1/13/2018 6:09,PENDING_PAYMENT,19474,Jabalpur,India,Madhya Pradesh,
75920,TRANSFER,1/13/2018 5:48,PROCESSING,19473,Jabalpur,India,Madhya Pradesh,
75919,TRANSFER,1/13/2018 5:27,PENDING,19472,Jabalpur,India,Madhya Pradesh,
75918,TRANSFER,1/13/2018 5:06,PENDING,19471,Geelong,Australia,Victoria,
75917,TRANSFER,1/13/2018 4:45,CANCELED,19470,Geelong,Australia,Victoria,
75916,TRANSFER,1/13/2018 4:24,SUSPECTED_FRAUD,19469,Brisbane,Australia,Queensland,
75915,DEBIT,1/13/2018 4:03,COMPLETE,19468,Mandurah,Australia,Australia Occidental,
75914,TRANSFER,1/13/2018 3:42,PENDING,19467,Mandurah,Australia,Australia Occidental,
75913,PAYMENT,1/13/2018 3:21,PENDING_PAYMENT,19466,Guilin,China,Guangxi,
75912,DEBIT,1/13/2018 3:00,COMPLETE,19465,Guilin,China,Guangxi,
75911,TRANSFER,1/13/2018 2:39,PROCESSING,19464,Guilin,China,Guangxi,
75910,DEBIT,1/13/2018 2:18,ON_HOLD,19463,Guilin,China,Guangxi,
75909,DEBIT,1/13/2018 1:57,COMPLETE,19462,Delhi,India,Delhi,
75908,PAYMENT,1/13/2018 1:36,PENDING_PAYMENT,19461,Delhi,India,Delhi,
75907,DEBIT,1/13/2018 1:15,COMPLETE,19460,Suzhou,China,Gansu,
75906,PAYMENT,1/13/2018 0:54,PENDING_PAYMENT,19459,Suzhou,China,Gansu,
75905,PAYMENT,1/13/2018 0:33,PENDING_PAYMENT,19458,Singapur,Singapur,Singapur,
75904,CASH,1/13/2018 0:12,CLOSED,19457,Hubli,India,Karnataka,
75903,DEBIT,1/12/2018 23:51,COMPLETE,19456,Wollongong,Australia,Nueva Gales del Sur,
75902,DEBIT,1/12/2018 23:30,COMPLETE,19455,Wollongong,Australia,Nueva Gales del Sur,
75901,TRANSFER,1/12/2018 23:09,CANCELED,19454,Wollongong,Australia,Nueva Gales del Sur,
75900,PAYMENT,1/12/2018 22:48,PENDING_PAYMENT,19453,Singapur,Singapur,Singapur,
75899,DEBIT,1/12/2018 22:27,COMPLETE,19452,Singapur,Singapur,Singapur,
75898,CASH,1/12/2018 22:05,CLOSED,19451,Medan,Indonesia,Sumatra Septentrional,
75897,PAYMENT,1/12/2018 21:44,PENDING_PAYMENT,19450,Medan,Indonesia,Sumatra Septentrional,
75896,DEBIT,1/12/2018 21:23,COMPLETE,19449,Canberra,Australia,Territorio de la Capital Australiana,
75895,TRANSFER,1/12/2018 21:02,PENDING,19448,Bangalore,India,Karnataka,
75894,TRANSFER,1/12/2018 20:41,PENDING,19447,Bangalore,India,Karnataka,
75893,TRANSFER,1/12/2018 20:20,PROCESSING,19446,Yiwu,China,Zhejiang,
28744,PAYMENT,2/24/2016 13:57,PENDING_PAYMENT,9083,Mirzapur,India,Uttar Pradesh,
45461,PAYMENT,10/25/2016 14:39,PENDING_PAYMENT,4741,Bursa,Turquía,Bursa,
31115,PAYMENT,3/30/2016 4:37,PENDING_PAYMENT,639,Murray Bridge,Australia,Australia del Sur,
45766,PAYMENT,10/30/2016 1:31,PENDING_PAYMENT,9702,Kartal,Turquía,Estambul,
47752,PAYMENT,11/28/2016 1:18,PENDING_PAYMENT,9114,Ulan Bator,Mongolia,Ulán Bator,
50054,PAYMENT,12/31/2016 15:47,PENDING_PAYMENT,1362,Estambul,Turquía,Estambul,
20365,PAYMENT,10/25/2015 6:24,PENDING_PAYMENT,8011,Raipur,India,Rajastán,
36146,PAYMENT,6/11/2016 15:12,PENDING_PAYMENT,3296,Pasco,Estados Unidos,Washington,99301.0
41234,PAYMENT,8/24/2016 21:45,PENDING_PAYMENT,3182,Los Angeles,Estados Unidos,California,90049.0
32090,PAYMENT,4/13/2016 10:12,PENDING_PAYMENT,7864,San Francisco,Estados Unidos,California,94110.0
34773,PAYMENT,5/22/2016 14:10,PENDING_PAYMENT,11169,Overland Park,Estados Unidos,Kansas,66212.0
44046,PAYMENT,10/4/2016 22:55,PENDING_PAYMENT,5197,Ugep,Nigeria,Cross River,
46414,PAYMENT,11/8/2016 12:32,PENDING_PAYMENT,1535,Kinshasa,República Democrática del Congo,Kinshasa,
46599,PAYMENT,11/11/2016 5:21,PENDING_PAYMENT,6122,Dakar,Senegal,Dakar,
48434,PAYMENT,12/8/2016 0:14,PENDING_PAYMENT,9451,Casablanca,Marruecos,Gran Casablanca,
12827,PAYMENT,7/7/2015 5:31,PENDING_PAYMENT,542,Dortmund,Alemania,Renania del Norte-Westfalia,
63936,PAYMENT,7/22/2017 7:16,PENDING_PAYMENT,11329,Drancy,Francia,Isla de Francia,
65030,PAYMENT,8/7/2017 6:33,PENDING_PAYMENT,3570,Nantes,Francia,Países del Loira,
18108,PAYMENT,9/22/2015 7:41,PENDING_PAYMENT,650,Groningen,Países Bajos,Groningen,
62571,PAYMENT,7/2/2017 9:03,PENDING_PAYMENT,9353,Gateshead,Reino Unido,Inglaterra,
17162,PAYMENT,9/8/2015 12:15,PENDING_PAYMENT,54,Eastbourne,Reino Unido,Inglaterra,
65922,PAYMENT,8/20/2017 7:03,PENDING_PAYMENT,12151,Hayange,Francia,Alsacia-Champaña-Ardenas-Lorena,
63936,PAYMENT,7/22/2017 7:16,PENDING_PAYMENT,11329,Drancy,Francia,Isla de Francia,
64813,PAYMENT,8/4/2017 2:31,PENDING_PAYMENT,10018,Portsmouth,Reino Unido,Inglaterra,
67892,PAYMENT,9/18/2017 1:14,PENDING_PAYMENT,3182,Gelsenkirchen,Alemania,Renania del Norte-Westfalia,
12525,PAYMENT,7/2/2015 19:42,PENDING_PAYMENT,4936,Nice,Francia,Provenza-Alpes-Costa Azul,
5895,PAYMENT,3/28/2015 0:55,PENDING_PAYMENT,8707,Petapa,Guatemala,Guatemala,
56359,PAYMENT,4/2/2017 16:43,PENDING_PAYMENT,1025,Mejicanos,El Salvador,San Salvador,
58613,PAYMENT,5/5/2017 14:23,PENDING_PAYMENT,8831,David,Panamá,Chiriquí,
7824,PAYMENT,4/25/2015 4:44,PENDING_PAYMENT,10679,Santo Domingo,República Dominicana,Santo Domingo,
7814,PAYMENT,4/25/2015 1:14,PENDING_PAYMENT,5007,Cabimas,Venezuela,Zulia,
7814,PAYMENT,4/25/2015 1:14,PENDING_PAYMENT,5007,Cabimas,Venezuela,Zulia,
60807,PAYMENT,6/6/2017 15:03,PENDING_PAYMENT,9854,Santo Domingo,República Dominicana,Santo Domingo,
53413,PAYMENT,2/18/2017 16:36,PENDING_PAYMENT,376,Dos Quebradas,Colombia,Risaralda,
7888,PAYMENT,4/26/2015 3:10,PENDING_PAYMENT,5417,Ilopango,El Salvador,San Salvador,
6783,PAYMENT,4/10/2015 0:02,PENDING_PAYMENT,10759,Tegucigalpa,Honduras,Francisco Morazán,
56973,PAYMENT,4/11/2017 15:49,PENDING_PAYMENT,8541,Juazeiro,Brasil,Bahía,
7824,PAYMENT,4/25/2015 4:44,PENDING_PAYMENT,10679,Santo Domingo,República Dominicana,Santo Domingo,
55155,PAYMENT,3/16/2017 2:54,PENDING_PAYMENT,3752,Mexico City,México,Distrito Federal,
5991,PAYMENT,3/29/2015 10:33,PENDING_PAYMENT,4673,Tlaquepaque,México,Jalisco,
2263,PAYMENT,2/3/2015 0:28,PENDING_PAYMENT,5367,Puebla,México,Puebla,
2263,PAYMENT,2/3/2015 0:28,PENDING_PAYMENT,5367,Puebla,México,Puebla,
53403,PAYMENT,2/18/2017 13:05,PENDING_PAYMENT,10485,Mexico City,México,Distrito Federal,
51298,PAYMENT,1/18/2017 19:37,PENDING_PAYMENT,9272,São Paulo,Brasil,São Paulo,
4919,TRANSFER,3/13/2015 18:59,PENDING,647,Montevideo,Uruguay,Montevideo,
52640,TRANSFER,2/7/2017 9:47,PENDING,6398,Buenos Aires,Argentina,Buenos Aires,
6358,TRANSFER,4/3/2015 19:08,PENDING,4209,São Paulo,Brasil,São Paulo,
57106,TRANSFER,4/13/2017 14:25,PENDING,8917,Barueri,Brasil,São Paulo,
6245,TRANSFER,4/2/2015 3:33,PENDING,7784,Arapongas,Brasil,Paraná,
52166,TRANSFER,1/31/2017 11:43,PENDING,1425,Camagüey,Cuba,Camagüey,
56172,TRANSFER,3/30/2017 23:12,PENDING,2737,Las Tunas,Cuba,Las Tunas,
55829,TRANSFER,3/25/2017 23:02,PENDING,6428,Santo Domingo,República Dominicana,Santo Domingo,
52478,TRANSFER,2/5/2017 1:01,PENDING,6543,Tepic,México,Nayarit,
57242,TRANSFER,4/15/2017 14:04,PENDING,3990,San Miguelito,Panamá,Panamá,
3137,TRANSFER,2/15/2015 18:40,PENDING,8524,Ixtapaluca,México,México,
60127,TRANSFER,5/27/2017 16:48,PENDING,9204,Maceió,Brasil,Alagoas,
3828,TRANSFER,2/25/2015 20:46,PENDING,11761,David,Panamá,Chiriquí,
60386,TRANSFER,5/31/2017 11:33,PENDING,9554,Belo Horizonte,Brasil,Minas Gerais,
973,TRANSFER,1/15/2015 4:32,PENDING,5118,Santiago de Cuba,Cuba,Santiago de Cuba,
57999,TRANSFER,4/26/2017 15:16,PENDING,5506,San Pedro Sula,Honduras,Cortés,
54585,TRANSFER,3/7/2017 19:12,PENDING,1423,Lima,Perú,Lima (ciudad),
57598,TRANSFER,4/20/2017 18:47,PENDING,138,Holguín,Cuba,Holguín,
54274,TRANSFER,3/3/2017 6:14,PENDING,6360,Orizaba,México,Veracruz,
60673,TRANSFER,6/4/2017 16:06,PENDING,2053,Managua,Nicaragua,Managua,
59387,TRANSFER,5/16/2017 21:33,PENDING,10344,Villahermosa,México,Tabasco,
52640,TRANSFER,2/7/2017 9:47,PENDING,6398,Buenos Aires,Argentina,Buenos Aires,
10007,TRANSFER,5/27/2015 1:32,PENDING,3375,Quixadá,Brasil,Ceará,
55984,TRANSFER,3/28/2017 5:20,PENDING,1339,Mejicanos,El Salvador,San Salvador,
52478,TRANSFER,2/5/2017 1:01,PENDING,6543,Tepic,México,Nayarit,
58375,TRANSFER,5/2/2017 3:00,PENDING,3990,Mixco,Guatemala,Guatemala,
56448,TRANSFER,4/3/2017 23:53,PENDING,7247,Nueva Gerona,Cuba,Isla de la Juventud,
8221,TRANSFER,4/30/2015 23:49,PROCESSING,1273,Buenos Aires,Argentina,Buenos Aires,
58034,TRANSFER,4/27/2017 3:32,PROCESSING,6277,Chimaltenango,Guatemala,Chimaltenango,
2203,TRANSFER,2/2/2015 3:27,PROCESSING,7701,Villa Nueva,Guatemala,Guatemala,
53069,TRANSFER,2/13/2017 16:05,PROCESSING,4126,Quito,Ecuador,Pichincha,
60146,TRANSFER,5/27/2017 23:28,PROCESSING,9528,Managua,Nicaragua,Managua,
55409,TRANSFER,3/19/2017 19:53,PROCESSING,1853,Valle de La Pascua,Venezuela,Guárico,
8678,TRANSFER,5/7/2015 15:56,PROCESSING,11149,San Miguelito,Panamá,Panamá,
7980,TRANSFER,4/27/2015 11:23,PROCESSING,5828,San Miguelito,Panamá,Panamá,
57185,TRANSFER,4/14/2017 18:06,PROCESSING,6887,Petapa,Guatemala,Guatemala,
8636,TRANSFER,5/7/2015 1:13,PROCESSING,4781,Cotia,Brasil,São Paulo,
61192,TRANSFER,6/12/2017 5:55,PROCESSING,10668,Itapecuru Mirim,Brasil,Marañón,
55876,TRANSFER,3/26/2017 15:30,PROCESSING,5421,León,Nicaragua,León,
53331,TRANSFER,2/17/2017 11:52,PROCESSING,10200,Tlalpan,México,Distrito Federal,
51725,TRANSFER,1/25/2017 1:13,PROCESSING,11254,Apopa,El Salvador,San Salvador,
52562,TRANSFER,2/6/2017 6:27,PROCESSING,11106,Cipolletti,Argentina,Río Negro,
59754,TRANSFER,5/22/2017 6:08,PROCESSING,8456,Mejicanos,El Salvador,San Salvador,
53574,TRANSFER,2/21/2017 1:00,PROCESSING,6149,La Ceiba,Honduras,Atlántida,
399,TRANSFER,1/6/2015 19:26,PROCESSING,1473,Córdoba,México,Veracruz,
51050,DEBIT,1/15/2017 4:44,ON_HOLD,1840,Kuito,Angola,Bié,
45680,DEBIT,10/28/2016 19:23,ON_HOLD,6757,Jartum,Sudán,Jartum,
42992,DEBIT,9/19/2016 13:39,ON_HOLD,3972,Hargeysa,Somalia,Gobolka Woqooyi Galbeed,
41304,DEBIT,8/25/2016 22:16,ON_HOLD,9316,Kenitra,Marruecos,Garb-Chrarda-Beni Hsen,
45680,DEBIT,10/28/2016 19:23,ON_HOLD,6757,Jartum,Sudán,Jartum,
44253,DEBIT,10/7/2016 23:26,ON_HOLD,11213,Abidjan,Costa de Marfil,Lagunes,
46098,DEBIT,11/3/2016 21:49,ON_HOLD,3474,Abu Kabir,Egipto,Ash Sharqiyah,
41304,DEBIT,8/25/2016 22:16,ON_HOLD,9316,Kenitra,Marruecos,Garb-Chrarda-Beni Hsen,
71077,DEBIT,11/3/2017 13:05,COMPLETE,14630,Perugia,Italia,Umbría,
69703,DEBIT,10/14/2017 11:42,COMPLETE,13256,Nuremberg,Alemania,Bavaria,
71112,DEBIT,11/4/2017 1:21,COMPLETE,14665,Reims,Francia,Alsacia-Champaña-Ardenas-Lorena,
69810,DEBIT,10/16/2017 1:12,COMPLETE,13363,Halle,Alemania,Sajonia-Anhalt,
71092,DEBIT,11/3/2017 18:20,COMPLETE,14645,Bremerhaven,Alemania,Bremen,
69610,DEBIT,10/13/2017 3:08,COMPLETE,13163,Portici,Italia,Campania,
71000,DEBIT,11/2/2017 10:06,COMPLETE,14553,Bielefeld,Alemania,Renania del Norte-Westfalia,
70734,DEBIT,10/29/2017 12:55,COMPLETE,14287,London,Reino Unido,Inglaterra,
69626,DEBIT,10/13/2017 8:44,COMPLETE,13179,Drancy,Francia,Isla de Francia,
69482,DEBIT,10/11/2017 6:17,COMPLETE,13035,Duisburg,Alemania,Renania del Norte-Westfalia,
70769,DEBIT,10/30/2017 1:10,COMPLETE,14322,Bradford,Reino Unido,Inglaterra,
69643,DEBIT,10/13/2017 14:41,COMPLETE,13196,Agrigento,Italia,Sicilia,
71051,DEBIT,11/3/2017 3:58,COMPLETE,14604,Oldham,Reino Unido,Inglaterra,
69408,DEBIT,10/10/2017 4:21,COMPLETE,12961,Palermo,Italia,Sicilia,
71123,DEBIT,11/4/2017 5:12,COMPLETE,14676,Madrid,España,Madrid,
70534,DEBIT,10/26/2017 14:51,COMPLETE,14087,Nancy,Francia,Alsacia-Champaña-Ardenas-Lorena,
69641,DEBIT,10/13/2017 13:59,COMPLETE,13194,Girona,España,Cataluña,
70960,DEBIT,11/1/2017 20:05,COMPLETE,14513,Laon,Francia,Norte-Paso de Calais-Picardía,
69908,DEBIT,10/17/2017 11:32,COMPLETE,13461,Hartlepool,Reino Unido,Inglaterra,
70957,DEBIT,11/1/2017 19:02,COMPLETE,14510,Pontault-Combault,Francia,Isla de Francia,
69637,DEBIT,10/13/2017 12:35,COMPLETE,13190,La Rochelle,Francia,Aquitania-Lemosín-Poitou-Charentes,
70955,DEBIT,11/1/2017 18:20,COMPLETE,14508,Edinburgh,Reino Unido,Escocia,
70919,DEBIT,11/1/2017 5:44,COMPLETE,14472,Acerra,Italia,Campania,
71009,DEBIT,11/2/2017 13:15,COMPLETE,14562,Hanover,Alemania,Baja Sajonia,
69653,DEBIT,10/13/2017 18:11,COMPLETE,13206,Manchester,Reino Unido,Inglaterra,
69527,DEBIT,10/11/2017 22:03,COMPLETE,13080,Messina,Italia,Sicilia,
71080,DEBIT,11/3/2017 14:08,COMPLETE,14633,Wilhelmshaven,Alemania,Baja Sajonia,
70544,DEBIT,10/26/2017 18:21,COMPLETE,14097,Letchworth,Reino Unido,Inglaterra,
69471,DEBIT,10/11/2017 2:26,COMPLETE,13024,Kilwinning,Reino Unido,Escocia,
68879,DEBIT,10/2/2017 11:01,COMPLETE,778,Villeneuve-le-Roi,Francia,Isla de Francia,
67214,DEBIT,9/8/2017 3:42,COMPLETE,7146,Barakaldo,España,País Vasco,
17810,DEBIT,9/17/2015 23:17,COMPLETE,6365,Estocolmo,Suecia,Estocolmo,
18793,DEBIT,10/2/2015 7:40,COMPLETE,8422,Aylesbury,Reino Unido,Inglaterra,
65109,DEBIT,8/8/2017 10:13,COMPLETE,8524,Langenhagen,Alemania,Baja Sajonia,
15673,DEBIT,8/17/2015 18:35,COMPLETE,3784,Birmingham,Reino Unido,Inglaterra,
18183,DEBIT,9/23/2015 9:57,COMPLETE,10519,Amsterdam,Países Bajos,Holanda Septentrional,
20234,DEBIT,10/23/2015 8:31,COMPLETE,7132,Viena,Austria,Viena,
13139,DEBIT,7/11/2015 18:49,COMPLETE,3709,Viena,Austria,Viena,
33824,TRANSFER,5/8/2016 17:42,SUSPECTED_FRAUD,1509,Houston,Estados Unidos,Texas,77041.0
31364,TRANSFER,4/2/2016 19:51,SUSPECTED_FRAUD,1636,Gilbert,Estados Unidos,Arizona,85234.0
40495,TRANSFER,8/14/2016 2:51,SUSPECTED_FRAUD,2784,San Jose,Estados Unidos,California,95123.0
31364,TRANSFER,4/2/2016 19:51,SUSPECTED_FRAUD,1636,Gilbert,Estados Unidos,Arizona,85234.0
34506,TRANSFER,5/18/2016 16:38,SUSPECTED_FRAUD,9174,Fresno,Estados Unidos,California,93727.0
33607,TRANSFER,5/5/2016 13:40,SUSPECTED_FRAUD,122,Peoria,Estados Unidos,Arizona,85345.0
32617,TRANSFER,4/21/2016 2:50,SUSPECTED_FRAUD,3800,Cincinnati,Estados Unidos,Ohio,45231.0
37496,TRANSFER,7/1/2016 8:10,SUSPECTED_FRAUD,10029,Columbus,Estados Unidos,Indiana,47201.0
32617,TRANSFER,4/21/2016 2:50,SUSPECTED_FRAUD,3800,Cincinnati,Estados Unidos,Ohio,45231.0
49075,TRANSFER,12/17/2016 8:48,SUSPECTED_FRAUD,2805,Ottawa,Canada,Ontario,
33824,TRANSFER,5/8/2016 17:42,SUSPECTED_FRAUD,1509,Houston,Estados Unidos,Texas,77041.0
49075,TRANSFER,12/17/2016 8:48,SUSPECTED_FRAUD,2805,Ottawa,Canada,Ontario,
41623,TRANSFER,8/30/2016 14:02,SUSPECTED_FRAUD,12253,Kitchener,Canada,Ontario,
39271,TRANSFER,7/27/2016 6:01,SUSPECTED_FRAUD,3528,Philadelphia,Estados Unidos,Pensilvania,19134.0
38598,TRANSFER,7/17/2016 10:14,SUSPECTED_FRAUD,11018,Des Plaines,Estados Unidos,Illinois,60016.0
37845,TRANSFER,7/6/2016 10:26,SUSPECTED_FRAUD,3222,Elmhurst,Estados Unidos,Illinois,60126.0
42331,TRANSFER,9/9/2016 22:05,CANCELED,6246,Antananarivo,Madagascar,Analamanga,
41345,TRANSFER,8/26/2016 12:38,CANCELED,8741,Algiers,Argelia,Alger,
51168,TRANSFER,1/16/2017 22:04,CANCELED,8050,Monrovia,Liberia,Montserrado,
51168,TRANSFER,1/16/2017 22:04,CANCELED,8050,Monrovia,Liberia,Montserrado,
43599,TRANSFER,9/28/2016 10:19,CANCELED,5474,Jartum,Sudán,Jartum,
41901,TRANSFER,9/3/2016 15:26,CANCELED,474,Gagnoa,Costa de Marfil,Fromager,
42751,TRANSFER,9/16/2016 1:13,PENDING,12255,Livingstone,Zambia,Meridional,
45088,TRANSFER,10/20/2016 3:59,PENDING,10288,Fes,Marruecos,Fez-Bulmán,
50489,TRANSFER,1/7/2017 0:11,PENDING,4717,Cairo,Egipto,El Cairo,
44409,TRANSFER,10/10/2016 6:06,PENDING,4799,Dakar,Senegal,Dakar,
42101,TRANSFER,9/6/2016 13:30,PENDING,4533,Hurghada,Egipto,Al Bahr al Ahmar,
50424,TRANSFER,1/6/2017 1:25,PENDING,12383,Kenitra,Marruecos,Garb-Chrarda-Beni Hsen,
49825,TRANSFER,12/28/2016 7:33,PENDING,3518,Abidjan,Costa de Marfil,Lagunes,
41294,TRANSFER,8/25/2016 18:46,PENDING,4674,Hurghada,Egipto,Al Bahr al Ahmar,
42023,TRANSFER,9/5/2016 10:10,PENDING,8519,Niamey,Níger,Niamey,
47774,TRANSFER,11/28/2016 9:00,PENDING,5302,Sale,Marruecos,Rabat-Salé-Zemur-Zaer,
41827,TRANSFER,9/2/2016 13:30,PENDING,3594,Pretoria,SudAfrica,Gauteng,
47193,TRANSFER,11/19/2016 21:27,PENDING,9890,Marrakech,Marruecos,Marrakech-Tensift-Al Hauz,
42626,TRANSFER,9/14/2016 5:26,PENDING,1410,Bur Sudan,Sudán,Mar Rojo,
46199,TRANSFER,11/5/2016 9:13,PENDING,7521,Lagos,Nigeria,Lagos,
48468,TRANSFER,12/8/2016 12:08,PENDING,2106,Lagos,Nigeria,Lagos,
51009,TRANSFER,1/14/2017 14:22,PROCESSING,8144,Quelimane,Mozambique,Zambezia,
46229,TRANSFER,11/5/2016 19:43,PROCESSING,5643,Port Elizabeth,SudAfrica,Cabo Oriental,
42882,TRANSFER,9/17/2016 23:07,PROCESSING,2041,Shinyanga,Tanzania,Shinyanga,
46827,TRANSFER,11/14/2016 13:14,PROCESSING,7537,Kismaayo,Somalia,Jubbada Hoose,
48684,TRANSFER,12/11/2016 15:49,PROCESSING,3056,Butare,Ruanda,Meridional,
48684,TRANSFER,12/11/2016 15:49,PROCESSING,3056,Butare,Ruanda,Meridional,
46416,TRANSFER,11/8/2016 13:14,PROCESSING,7967,Cairo,Egipto,El Cairo,
47343,TRANSFER,11/22/2016 2:00,PROCESSING,1758,Newcastle,SudAfrica,KwaZulu-Natal,
41686,DEBIT,8/31/2016 12:06,COMPLETE,7884,Estambul,Turquía,Estambul,
41896,DEBIT,9/3/2016 13:41,COMPLETE,289,Jerusalén,Israel,Jerusalén,
28168,DEBIT,2/16/2016 4:09,COMPLETE,10081,Gold Coast,Australia,Queensland,
24992,DEBIT,12/31/2015 19:27,COMPLETE,1169,Newcastle,Australia,Nueva Gales del Sur,
30851,DEBIT,3/26/2016 8:07,COMPLETE,1182,Porirua,Nueva Zelanda,Wellington,
25074,DEBIT,1/2/2016 0:11,COMPLETE,717,Mildura,Australia,Victoria,
76870,DEBIT,1/27/2018 2:38,COMPLETE,20423,Brisbane,Australia,Queensland,
25163,DEBIT,1/3/2016 7:22,COMPLETE,5801,Daca,Bangladés,Daca,
28036,DEBIT,2/14/2016 5:54,COMPLETE,702,Kanpur,India,Uttar Pradesh,
22679,DEBIT,11/28/2015 1:06,COMPLETE,6951,Bangkok,Tailandia,Bangkok,
23610,DEBIT,12/11/2015 15:17,COMPLETE,6780,Bangkok,Tailandia,Bangkok,
42828,DEBIT,9/17/2016 4:12,COMPLETE,6422,Bagdad,Irak,Bagdad,
41896,DEBIT,9/3/2016 13:41,COMPLETE,289,Jerusalén,Israel,Jerusalén,
48713,DEBIT,12/12/2016 1:59,COMPLETE,5384,Adana,Turquía,Adana,
45668,DEBIT,10/28/2016 15:11,COMPLETE,2985,Riyadh,Arabia Saudí,Riad,
74796,DEBIT,12/27/2017 20:01,COMPLETE,18349,Shenzhen,China,Guangdong,
27918,DEBIT,2/12/2016 12:34,COMPLETE,11286,Tianjin,China,Tianjin,
30097,DEBIT,3/15/2016 7:58,COMPLETE,489,Perth,Australia,Australia Occidental,
30966,DEBIT,3/28/2016 0:25,COMPLETE,4510,Dunedin,Nueva Zelanda,Otago,
30063,DEBIT,3/14/2016 20:03,COMPLETE,9626,Melbourne,Australia,Victoria,
22019,DEBIT,11/18/2015 9:53,COMPLETE,9494,Ulhasnagar,India,Maharashtra,
24230,DEBIT,12/20/2015 16:29,COMPLETE,1718,Manila,Filipinas,Capital Nacional,
48713,DEBIT,12/12/2016 1:59,COMPLETE,5384,Adana,Turquía,Adana,
42353,DEBIT,9/10/2016 5:47,COMPLETE,5295,Mersin,Turquía,Mersin,
45668,DEBIT,10/28/2016 15:11,COMPLETE,2985,Riyadh,Arabia Saudí,Riad,
42134,DEBIT,9/7/2016 1:04,COMPLETE,3984,Temirtau,Kazajistán,Karagandá,
21522,DEBIT,11/11/2015 3:45,COMPLETE,5270,Tengzhou,China,Shandong,
23767,DEBIT,12/13/2015 22:17,COMPLETE,10966,Nantong,China,Jiangsu,
25433,DEBIT,1/7/2016 5:57,COMPLETE,1868,Dalian,China,Liaoning,
73893,DEBIT,12/14/2017 15:39,COMPLETE,17446,Lianyuan,China,Hunan,
30085,DEBIT,3/15/2016 3:45,COMPLETE,10071,Caloundra,Australia,Queensland,
30172,DEBIT,3/16/2016 10:14,COMPLETE,1271,Melbourne,Australia,Victoria,
27478,DEBIT,2/6/2016 2:25,COMPLETE,11930,Bendigo,Australia,Victoria,
76976,DEBIT,1/28/2018 15:46,COMPLETE,20529,Adelaide,Australia,Australia del Sur,
24063,DEBIT,12/18/2015 5:59,COMPLETE,8358,Ajmer,India,Rajastán,
51209,DEBIT,1/17/2017 12:26,COMPLETE,7705,Kerman,Irán,Kerman,
73839,DEBIT,12/13/2017 20:44,COMPLETE,17392,Vadodara,India,Guyarat,
74723,DEBIT,12/26/2017 18:26,COMPLETE,18276,Semarang,Indonesia,Java Central,
26821,DEBIT,1/27/2016 12:14,COMPLETE,7795,Cirebon,Indonesia,Java Occidental,
77102,DEBIT,1/30/2018 11:54,COMPLETE,20655,Rangún,Myanmar (Birmania),Rangún,
41608,DEBIT,8/30/2016 8:47,COMPLETE,2454,Kütahya,Turquía,Kütahya,
47009,DEBIT,11/17/2016 4:59,COMPLETE,150,Bagdad,Irak,Bagdad,
49916,DEBIT,12/29/2016 15:26,COMPLETE,10671,Namangán,Uzbekistán,Namangán,
29746,DEBIT,3/10/2016 4:59,COMPLETE,11924,Xinzhou,China,Hubei,
72533,DEBIT,11/24/2017 19:11,COMPLETE,16086,Mudanjiang,China,Heilongjiang,
48608,DEBIT,12/10/2016 13:11,COMPLETE,4398,Lokossa,Benín,Mono,
45506,DEBIT,10/26/2016 6:25,COMPLETE,5687,Ikot Ekpene,Nigeria,Akwa Ibom,
45027,DEBIT,10/19/2016 6:36,COMPLETE,8534,Warri,Nigeria,Delta,
46308,DEBIT,11/6/2016 23:24,COMPLETE,3372,Bandundu,República Democrática del Congo,Bandundu,
43685,DEBIT,9/29/2016 16:27,COMPLETE,10927,Lagos,Nigeria,Lagos,
41893,DEBIT,9/3/2016 12:38,COMPLETE,3597,Foumban,Camerún,Ouest,
46339,DEBIT,11/7/2016 10:15,COMPLETE,2052,Luanda,Angola,Luanda,
46667,DEBIT,11/12/2016 5:10,COMPLETE,4399,Maiduguri,Nigeria,Borno,
47647,DEBIT,11/26/2016 12:30,COMPLETE,185,Nairobi,Kenia,Nairobi,
48565,DEBIT,12/9/2016 22:07,COMPLETE,3441,Kitwe,Zambia,Copperbelt,
43889,DEBIT,10/2/2016 15:55,COMPLETE,11947,Lagos,Nigeria,Lagos,
45138,DEBIT,10/20/2016 21:30,COMPLETE,1555,Nkongsamba,Camerún,Littoral,
44160,DEBIT,10/6/2016 14:51,COMPLETE,9399,Mbuji-mayi,República Democrática del Congo,Kasai Oriental,
49214,DEBIT,12/19/2016 9:30,COMPLETE,2792,Lome,Togo,Marítima,
41825,DEBIT,9/2/2016 12:48,COMPLETE,10118,Pretoria,SudAfrica,Gauteng,
44504,DEBIT,10/11/2016 15:22,COMPLETE,8544,Dakar,Senegal,Dakar,
44496,DEBIT,10/11/2016 12:34,COMPLETE,4296,Mahajanga,Madagascar,Boeny,
45559,DEBIT,10/27/2016 0:59,COMPLETE,4391,Lome,Togo,Marítima,
44074,DEBIT,10/5/2016 8:44,COMPLETE,2882,Kano,Nigeria,Kano,
49857,DEBIT,12/28/2016 18:46,COMPLETE,3283,Annaba,Argelia,Annaba,
41786,DEBIT,9/1/2016 23:08,COMPLETE,397,Casablanca,Marruecos,Gran Casablanca,
48042,DEBIT,12/2/2016 6:54,ON_HOLD,4104,Cotonou,Benín,Littoral,
44301,DEBIT,10/8/2016 16:15,ON_HOLD,12214,Jartum,Sudán,Jartum,
41591,DEBIT,8/30/2016 2:49,ON_HOLD,10699,Dar es Salaam,Tanzania,Dar es Salaam,
44981,DEBIT,10/18/2016 14:29,ON_HOLD,2091,Cairo,Egipto,El Cairo,
41545,DEBIT,8/29/2016 10:42,ON_HOLD,10474,Cape Town,SudAfrica,Cabo Occidental,
49910,DEBIT,12/29/2016 13:20,ON_HOLD,7504,Cape Town,SudAfrica,Cabo Occidental,
19590,DEBIT,10/13/2015 22:53,COMPLETE,7518,Montpellier,Francia,Languedoc-Rosellón-Mediodía-Pirineos,
43650,DEBIT,9/29/2016 4:11,COMPLETE,1738,Khmelnytskyi,Ucrania,Khmelnytskyi,
15202,DEBIT,8/10/2015 21:35,COMPLETE,1622,Vannes,Francia,Bretaña,
15462,DEBIT,8/14/2015 16:40,COMPLETE,1325,Fuenlabrada,España,Madrid,
15155,DEBIT,8/10/2015 5:07,COMPLETE,5505,Villemomble,Francia,Isla de Francia,
64451,DEBIT,7/29/2017 19:42,COMPLETE,4210,Montpellier,Francia,Languedoc-Rosellón-Mediodía-Pirineos,
67028,DEBIT,9/5/2017 10:32,COMPLETE,11229,Gien,Francia,Centro-Valle de Loira,
62336,DEBIT,6/28/2017 22:43,COMPLETE,9385,Neuilly-sur-Seine,Francia,Isla de Francia,
11334,DEBIT,6/15/2015 10:27,COMPLETE,900,Viersen,Alemania,Renania del Norte-Westfalia,
62885,DEBIT,7/6/2017 23:03,COMPLETE,6217,Verona,Italia,Véneto,
66998,DEBIT,9/5/2017 0:02,COMPLETE,9466,Fano,Italia,Marche,
47002,DEBIT,11/17/2016 2:32,COMPLETE,4596,Gdynia,Polonia,Pomerania,
63445,DEBIT,7/15/2017 3:15,COMPLETE,5206,Talavera de la Reina,España,Castilla-La Mancha,
67566,DEBIT,9/13/2017 7:01,COMPLETE,2823,Montreuil,Francia,Isla de Francia,
18884,DEBIT,10/3/2015 15:33,COMPLETE,10408,Marseille,Francia,Provenza-Alpes-Costa Azul,
18845,DEBIT,10/3/2015 1:53,COMPLETE,11011,Lisbon,Portugal,Lisboa,
66854,DEBIT,9/2/2017 21:35,COMPLETE,40,Wolverhampton,Reino Unido,Inglaterra,
46955,DEBIT,11/16/2016 10:04,COMPLETE,11636,Satu Mare,Rumania,Satu Mare,
55002,TRANSFER,3/13/2017 21:18,PROCESSING,7454,Guadalajara,México,Jalisco,
60445,TRANSFER,6/1/2017 8:13,PROCESSING,5138,Cúcuta,Colombia,Norte de Santander,
53586,TRANSFER,2/21/2017 5:12,PROCESSING,8696,Zacatecas,México,Zacatecas,
56618,TRANSFER,4/6/2017 11:27,PROCESSING,2329,Chihuahua,México,Chihuahua,
51865,TRANSFER,1/27/2017 2:16,PROCESSING,12431,Brasília,Brasil,Distrito Federal,
2937,TRANSFER,2/12/2015 20:36,PROCESSING,10860,Santarém,Brasil,Pará,
54446,TRANSFER,3/5/2017 18:30,PROCESSING,12094,Joinville,Brasil,Santa Catarina,
58623,TRANSFER,5/5/2017 17:53,PROCESSING,5088,Monterrey,México,Nuevo León,
7411,TRANSFER,4/19/2015 4:03,PROCESSING,2200,Pitalito,Colombia,Huila,
5348,TRANSFER,3/20/2015 1:17,PROCESSING,10966,Puebla,México,Puebla,
59742,TRANSFER,5/22/2017 1:56,PROCESSING,3997,Santo Domingo,República Dominicana,Santo Domingo,
59498,TRANSFER,5/18/2017 12:26,PROCESSING,8746,Querétaro,México,Querétaro,
3459,TRANSFER,2/20/2015 11:29,PROCESSING,3687,Chaguanas,Trinidad y Tobago,Chaguanas,
8470,TRANSFER,5/4/2015 15:04,PROCESSING,9162,Chimaltenango,Guatemala,Chimaltenango,
53455,TRANSFER,2/19/2017 7:19,PROCESSING,8993,Belo Horizonte,Brasil,Minas Gerais,
2014,TRANSFER,1/30/2015 9:14,PROCESSING,5875,Tlaquepaque,México,Jalisco,
55899,TRANSFER,3/26/2017 23:33,PROCESSING,2502,San Miguelito,Panamá,Panamá,
52582,TRANSFER,2/6/2017 13:27,PROCESSING,9563,Hermosillo,México,Sonora,
56222,TRANSFER,3/31/2017 16:43,PROCESSING,7259,Coacalco,México,México,
57829,TRANSFER,4/24/2017 3:43,PROCESSING,3131,Balneário Camboriú,Brasil,Santa Catarina,
56217,TRANSFER,3/31/2017 14:58,PROCESSING,4140,Tegucigalpa,Honduras,Francisco Morazán,
5893,TRANSFER,3/28/2015 0:13,PROCESSING,4539,Petapa,Guatemala,Guatemala,
5528,TRANSFER,3/22/2015 16:21,PROCESSING,6071,La Ceiba,Honduras,Atlántida,
367,TRANSFER,1/6/2015 8:13,PROCESSING,8730,Maturín,Venezuela,Monagas,
52353,TRANSFER,2/3/2017 5:14,PROCESSING,9634,Parintins,Brasil,Amazonas,
1784,TRANSFER,1/27/2015 0:39,PROCESSING,8010,São Paulo,Brasil,São Paulo,
60317,TRANSFER,5/30/2017 11:22,PROCESSING,3484,Santiago de Cuba,Cuba,Santiago de Cuba,
6776,TRANSFER,4/9/2015 21:35,PROCESSING,7307,Puebla,México,Puebla,
4487,TRANSFER,3/7/2015 11:38,PROCESSING,1975,Mixco,Guatemala,Guatemala,
9681,TRANSFER,5/22/2015 7:20,PROCESSING,629,Huehuetenango,Guatemala,Huehuetenango,
60868,TRANSFER,6/7/2017 12:25,PROCESSING,11753,Chinautla,Guatemala,Guatemala,
53231,TRANSFER,2/16/2017 0:50,PROCESSING,5375,Apopa,El Salvador,San Salvador,
52601,TRANSFER,2/6/2017 20:07,PROCESSING,1695,Sorocaba,Brasil,São Paulo,
4660,TRANSFER,3/10/2015 0:15,PROCESSING,9884,San Justo,Argentina,Santa Fe,
3539,TRANSFER,2/21/2015 15:31,PROCESSING,8498,Colombo,Brasil,Paraná,
53231,TRANSFER,2/16/2017 0:50,PROCESSING,5375,Apopa,El Salvador,San Salvador,
54488,TRANSFER,3/6/2017 9:13,PROCESSING,7534,Itu,Brasil,São Paulo,
6776,TRANSFER,4/9/2015 21:35,PROCESSING,7307,Puebla,México,Puebla,
52549,TRANSFER,2/6/2017 1:54,PROCESSING,123,Cuernavaca,México,Morelos,
60361,TRANSFER,5/31/2017 2:47,PROCESSING,8498,Villa Nueva,Guatemala,Guatemala,
8470,TRANSFER,5/4/2015 15:04,PROCESSING,9162,Chimaltenango,Guatemala,Chimaltenango,
5712,TRANSFER,3/25/2015 8:49,PROCESSING,8925,Águas Lindas de Goiás,Brasil,Goiás,
9309,TRANSFER,5/16/2015 21:00,PROCESSING,5981,Vespasiano,Brasil,Minas Gerais,
8095,TRANSFER,4/29/2015 3:41,PROCESSING,7347,Bogotá,Colombia,Bogotá,
75892,TRANSFER,1/12/2018 19:59,PROCESSING,19445,Bhilai,India,Chhattisgarh,
75891,DEBIT,1/12/2018 19:38,COMPLETE,19444,Qingdao,China,Shandong,
75890,DEBIT,1/12/2018 19:17,COMPLETE,19443,Qingdao,China,Shandong,
75889,DEBIT,1/12/2018 18:56,COMPLETE,19442,Herat,Afganistán,Herat,
75888,PAYMENT,1/12/2018 18:35,PENDING_PAYMENT,19441,Herat,Afganistán,Herat,
75887,DEBIT,1/12/2018 18:14,COMPLETE,19440,Herat,Afganistán,Herat,
75886,TRANSFER,1/12/2018 17:53,CANCELED,19439,Sydney,Australia,Nueva Gales del Sur,
75885,PAYMENT,1/12/2018 17:32,PENDING_PAYMENT,19438,Bandung,Indonesia,Java Occidental,
75884,TRANSFER,1/12/2018 17:11,PENDING,19437,Newcastle,Australia,Nueva Gales del Sur,
75883,DEBIT,1/12/2018 16:50,COMPLETE,19436,Tongchuan,China,Shaanxi,
75882,TRANSFER,1/12/2018 16:29,PENDING,19435,Tongchuan,China,Shaanxi,
75881,DEBIT,1/12/2018 16:08,COMPLETE,19434,Tongchuan,China,Shaanxi,
75880,DEBIT,1/12/2018 15:47,COMPLETE,19433,Tongchuan,China,Shaanxi,
75879,TRANSFER,1/12/2018 15:26,PROCESSING,19432,Ujjain,India,Madhya Pradesh,
75878,DEBIT,1/12/2018 15:05,COMPLETE,19431,Ujjain,India,Madhya Pradesh,
75877,TRANSFER,1/12/2018 14:44,PROCESSING,19430,Balikpapan,Indonesia,Kalimantan Oriental,
75876,TRANSFER,1/12/2018 14:23,PENDING,19429,Balikpapan,Indonesia,Kalimantan Oriental,
75875,PAYMENT,1/12/2018 14:02,PENDING_PAYMENT,19428,Balikpapan,Indonesia,Kalimantan Oriental,
75874,PAYMENT,1/12/2018 13:41,PENDING_PAYMENT,19427,Balikpapan,Indonesia,Kalimantan Oriental,
75873,TRANSFER,1/12/2018 13:20,PROCESSING,19426,Pune,India,Maharashtra,
75872,TRANSFER,1/12/2018 12:59,PENDING,19425,Pune,India,Maharashtra,
75871,DEBIT,1/12/2018 12:38,COMPLETE,19424,Pune,India,Maharashtra,
75870,DEBIT,1/12/2018 12:17,COMPLETE,19423,Pune,India,Maharashtra,
75869,DEBIT,1/12/2018 11:56,COMPLETE,19422,Pune,India,Maharashtra,
75868,TRANSFER,1/12/2018 11:35,PROCESSING,19421,Weifang,China,Shandong,
75867,TRANSFER,1/12/2018 11:14,PENDING,19420,Yogyakarta,Indonesia,Yogyakarta,
75866,PAYMENT,1/12/2018 10:53,PENDING_PAYMENT,19419,Yogyakarta,Indonesia,Yogyakarta,
75865,CASH,1/12/2018 10:32,CLOSED,19418,Toowoomba,Australia,Queensland,
75864,TRANSFER,1/12/2018 10:11,PENDING,19417,Toowoomba,Australia,Queensland,
75863,PAYMENT,1/12/2018 9:50,PENDING_PAYMENT,19416,Toowoomba,Australia,Queensland,
75862,TRANSFER,1/12/2018 9:29,PENDING,19415,Rockhampton,Australia,Queensland,
75861,DEBIT,1/12/2018 9:08,COMPLETE,19414,Rockhampton,Australia,Queensland,
75860,DEBIT,1/12/2018 8:47,COMPLETE,19413,Rockhampton,Australia,Queensland,
75859,TRANSFER,1/12/2018 8:26,SUSPECTED_FRAUD,19412,Siping,China,Jilin,
75858,DEBIT,1/12/2018 8:05,COMPLETE,19411,Perth,Australia,Australia Occidental,
75857,DEBIT,1/12/2018 7:44,COMPLETE,19410,Perth,Australia,Australia Occidental,
75856,DEBIT,1/12/2018 7:23,ON_HOLD,19409,Shanghái,China,Shanghái,
75855,PAYMENT,1/12/2018 7:02,PENDING_PAYMENT,19408,Depok,Indonesia,Yogyakarta,
75854,DEBIT,1/12/2018 6:41,COMPLETE,19407,Depok,Indonesia,Yogyakarta,
75853,PAYMENT,1/12/2018 6:20,PENDING_PAYMENT,19406,Kawasaki,Japón,Kanagawa,
75852,DEBIT,1/12/2018 5:59,COMPLETE,19405,Lahore,Pakistán,Punyab,
75851,TRANSFER,1/12/2018 5:38,PENDING,19404,Shanghái,China,Shanghái,
75850,DEBIT,1/12/2018 5:16,COMPLETE,19403,Bangalore,India,Karnataka,
75849,PAYMENT,1/12/2018 4:55,PENDING_PAYMENT,19402,Bangalore,India,Karnataka,
75848,PAYMENT,1/12/2018 4:34,PENDING_PAYMENT,19401,Bangalore,India,Karnataka,
75847,TRANSFER,1/12/2018 4:13,SUSPECTED_FRAUD,19400,Bangalore,India,Karnataka,
75846,TRANSFER,1/12/2018 3:52,PROCESSING,19399,Bangalore,India,Karnataka,
75845,PAYMENT,1/12/2018 3:31,PENDING_PAYMENT,19398,Malang,Indonesia,Java Oriental,
75844,TRANSFER,1/12/2018 3:10,PENDING,19397,Ho Chi Minh City,Vietnam,Ciudad Ho Chi Minh,
75843,PAYMENT,1/12/2018 2:49,PENDING_PAYMENT,19396,Ho Chi Minh City,Vietnam,Ciudad Ho Chi Minh,
75842,TRANSFER,1/12/2018 2:28,PROCESSING,19395,Ho Chi Minh City,Vietnam,Ciudad Ho Chi Minh,
75841,DEBIT,1/12/2018 2:07,COMPLETE,19394,Ho Chi Minh City,Vietnam,Ciudad Ho Chi Minh,
75840,CASH,1/12/2018 1:46,CLOSED,19393,Shenyang,China,Liaoning,
75839,TRANSFER,1/12/2018 1:25,PROCESSING,19392,Shenyang,China,Liaoning,
75838,PAYMENT,1/12/2018 1:04,PENDING_PAYMENT,19391,Daegu,Corea del Sur,Daegu,
75837,CASH,1/12/2018 0:43,CLOSED,19390,Manila,Filipinas,Capital Nacional,
75836,CASH,1/12/2018 0:22,CLOSED,19389,Manila,Filipinas,Capital Nacional,
75835,DEBIT,1/12/2018 0:01,COMPLETE,19388,Rajkot,India,Guyarat,
75834,PAYMENT,1/11/2018 23:40,PENDING_PAYMENT,19387,Rajkot,India,Guyarat,
75833,DEBIT,1/11/2018 23:19,COMPLETE,19386,Rajkot,India,Guyarat,
75832,CASH,1/11/2018 22:58,CLOSED,19385,Rajkot,India,Guyarat,
75831,PAYMENT,1/11/2018 22:37,PENDING_PAYMENT,19384,Gorakhpur,India,Haryana,
75830,PAYMENT,1/11/2018 22:16,PENDING_PAYMENT,19383,Surabaya,Indonesia,Java Oriental,
75829,PAYMENT,1/11/2018 21:55,PENDING_PAYMENT,19382,Surabaya,Indonesia,Java Oriental,
75828,DEBIT,1/11/2018 21:34,ON_HOLD,19381,Surabaya,Indonesia,Java Oriental,
75827,DEBIT,1/11/2018 21:13,COMPLETE,19380,Brisbane,Australia,Queensland,
75826,CASH,1/11/2018 20:52,CLOSED,19379,Bangkok,Tailandia,Bangkok,
75825,DEBIT,1/11/2018 20:31,COMPLETE,19378,Bangkok,Tailandia,Bangkok,
75824,CASH,1/11/2018 20:10,CLOSED,19377,Daca,Bangladés,Daca,
75823,TRANSFER,1/11/2018 19:49,PENDING,19376,Daca,Bangladés,Daca,
75822,DEBIT,1/11/2018 19:28,COMPLETE,19375,Nagpur,India,Maharashtra,
75821,DEBIT,1/11/2018 19:07,COMPLETE,19374,Nagpur,India,Maharashtra,
75820,DEBIT,1/11/2018 18:46,COMPLETE,19373,Bangkok,Tailandia,Bangkok,
75819,DEBIT,1/11/2018 18:25,COMPLETE,19372,Nakhon Ratchasima,Tailandia,Nakhon Ratchasima,
75818,TRANSFER,1/11/2018 18:04,PROCESSING,19371,Sydney,Australia,Nueva Gales del Sur,
75817,CASH,1/11/2018 17:43,CLOSED,19370,Sydney,Australia,Nueva Gales del Sur,
75816,TRANSFER,1/11/2018 17:22,PROCESSING,19369,Kota Kinabalu,Malasia,Sabah,
75815,DEBIT,1/11/2018 17:01,COMPLETE,19368,Jiutai,China,Jilin,
75814,PAYMENT,1/11/2018 16:40,PENDING_PAYMENT,19367,Jiutai,China,Jilin,
75813,PAYMENT,1/11/2018 16:19,PAYMENT_REVIEW,19366,Singapur,Singapur,Singapur,
75812,PAYMENT,1/11/2018 15:58,PENDING_PAYMENT,19365,Brisbane,Australia,Queensland,
75811,PAYMENT,1/11/2018 15:37,PENDING_PAYMENT,19364,Shantou,China,Guangdong,
75810,DEBIT,1/11/2018 15:16,ON_HOLD,19363,Shantou,China,Guangdong,
75809,DEBIT,1/11/2018 14:55,ON_HOLD,19362,Shantou,China,Guangdong,
75808,DEBIT,1/11/2018 14:34,COMPLETE,19361,Shantou,China,Guangdong,
75807,PAYMENT,1/11/2018 14:13,PENDING_PAYMENT,19360,Shantou,China,Guangdong,
75806,DEBIT,1/11/2018 13:52,COMPLETE,19359,Shantou,China,Guangdong,
75805,DEBIT,1/11/2018 13:31,COMPLETE,19358,Cairns,Australia,Queensland,
75804,DEBIT,1/11/2018 13:10,COMPLETE,19357,Cairns,Australia,Queensland,
75803,CASH,1/11/2018 12:49,CLOSED,19356,Brisbane,Australia,Queensland,
75802,TRANSFER,1/11/2018 12:28,SUSPECTED_FRAUD,19355,Brisbane,Australia,Queensland,
75801,DEBIT,1/11/2018 12:06,COMPLETE,19354,Jaipur,India,Rajastán,
75800,DEBIT,1/11/2018 11:45,COMPLETE,19353,Jaipur,India,Rajastán,
75799,DEBIT,1/11/2018 11:24,COMPLETE,19352,Ho Chi Minh City,Vietnam,Ciudad Ho Chi Minh,
75798,TRANSFER,1/11/2018 11:03,PROCESSING,19351,Raipur,India,Chhattisgarh,
75797,TRANSFER,1/11/2018 10:42,PENDING,19350,Loudi,China,Hunan,
5895,PAYMENT,3/28/2015 0:55,PENDING_PAYMENT,8707,Petapa,Guatemala,Guatemala,
3130,PAYMENT,2/15/2015 16:13,PENDING_PAYMENT,12069,Tipitapa,Nicaragua,Managua,
49521,PAYMENT,12/23/2016 21:03,PAYMENT_REVIEW,9597,Tabuk,Arabia Saudí,Tabuk,
30305,PAYMENT,3/18/2016 8:50,PAYMENT_REVIEW,9702,Manukau City,Nueva Zelanda,Auckland,
50054,PAYMENT,12/31/2016 15:47,PENDING_PAYMENT,1362,Estambul,Turquía,Estambul,
27772,PAYMENT,2/10/2016 9:25,PENDING_PAYMENT,9467,Yakarta,Indonesia,Yakarta,
47752,PAYMENT,11/28/2016 1:18,PENDING_PAYMENT,9114,Ulan Bator,Mongolia,Ulán Bator,
31296,PAYMENT,4/1/2016 20:01,PENDING_PAYMENT,2546,Tangerang,Indonesia,Java Occidental,
22076,PAYMENT,11/19/2015 5:51,PENDING_PAYMENT,2240,Shenzhen,China,Guangdong,
25665,PAYMENT,1/10/2016 15:14,PENDING_PAYMENT,11650,Brisbane,Australia,Queensland,
31296,PAYMENT,4/1/2016 20:01,PENDING_PAYMENT,2546,Tangerang,Indonesia,Java Occidental,
22819,PAYMENT,11/30/2015 2:09,PENDING_PAYMENT,10368,Sydney,Australia,Nueva Gales del Sur,
27099,PAYMENT,1/31/2016 13:38,PENDING_PAYMENT,6489,Newcastle,Australia,Nueva Gales del Sur,
28292,PAYMENT,2/17/2016 23:35,PENDING_PAYMENT,10533,Aurangabad,India,Bihar,
39159,PAYMENT,7/25/2016 14:47,PAYMENT_REVIEW,11292,Seattle,Estados Unidos,Washington,98103.0
32090,PAYMENT,4/13/2016 10:12,PENDING_PAYMENT,7864,San Francisco,Estados Unidos,California,94110.0
34631,PAYMENT,5/20/2016 12:25,PENDING_PAYMENT,47,Oakland,Estados Unidos,California,94601.0
37669,PAYMENT,7/3/2016 20:46,PENDING_PAYMENT,6405,New York City,Estados Unidos,Nueva York,10009.0
37669,PAYMENT,7/3/2016 20:46,PENDING_PAYMENT,6405,New York City,Estados Unidos,Nueva York,10009.0
34773,PAYMENT,5/22/2016 14:10,PENDING_PAYMENT,11169,Overland Park,Estados Unidos,Kansas,66212.0
40085,PAYMENT,8/8/2016 3:12,PENDING_PAYMENT,2426,Monroe,Estados Unidos,Carolina del Norte,28110.0
47262,PAYMENT,11/20/2016 21:38,PAYMENT_REVIEW,8133,Potchefstroom,SudAfrica,Noroeste,
44771,PAYMENT,10/15/2016 12:55,PENDING_PAYMENT,1429,Cape Town,SudAfrica,Cabo Occidental,
13890,PAYMENT,7/22/2015 17:56,PENDING_PAYMENT,9120,Wiesbaden,Alemania,Hesse,
17071,PAYMENT,9/7/2015 4:22,PENDING_PAYMENT,12221,Montpellier,Francia,Languedoc-Rosellón-Mediodía-Pirineos,
11321,PAYMENT,6/15/2015 5:54,PENDING_PAYMENT,9415,Munich,Alemania,Bavaria,
64813,PAYMENT,8/4/2017 2:31,PENDING_PAYMENT,10018,Portsmouth,Reino Unido,Inglaterra,
17162,PAYMENT,9/8/2015 12:15,PENDING_PAYMENT,54,Eastbourne,Reino Unido,Inglaterra,
12827,PAYMENT,7/7/2015 5:31,PENDING_PAYMENT,542,Dortmund,Alemania,Renania del Norte-Westfalia,
11936,PAYMENT,6/24/2015 5:21,PENDING_PAYMENT,724,Bobigny,Francia,Isla de Francia,
68337,PAYMENT,9/24/2017 13:08,PENDING_PAYMENT,8897,Lille,Francia,Norte-Paso de Calais-Picardía,
45746,PAYMENT,10/29/2016 18:30,PENDING_PAYMENT,7112,Giurgiu,Rumania,Giurgiu,
64813,PAYMENT,8/4/2017 2:31,PENDING_PAYMENT,10018,Portsmouth,Reino Unido,Inglaterra,
13736,PAYMENT,7/20/2015 11:58,PENDING_PAYMENT,1086,Tamworth,Reino Unido,Inglaterra,
49622,PAYMENT,12/25/2016 8:26,PENDING_PAYMENT,7112,Lviv,Ucrania,Lviv,
19444,PAYMENT,10/11/2015 19:44,PENDING_PAYMENT,2916,London,Reino Unido,Inglaterra,
63936,PAYMENT,7/22/2017 7:16,PENDING_PAYMENT,11329,Drancy,Francia,Isla de Francia,
49622,PAYMENT,12/25/2016 8:26,PENDING_PAYMENT,7112,Lviv,Ucrania,Lviv,
51911,PAYMENT,1/27/2017 18:23,PENDING_PAYMENT,11339,Villa Nueva,Guatemala,Guatemala,
58239,PAYMENT,4/30/2017 3:21,PENDING_PAYMENT,10166,Santo Domingo,República Dominicana,Santo Domingo,
56678,PAYMENT,4/7/2017 8:28,PENDING_PAYMENT,3091,Hidalgo,México,Michoacán,
53202,PAYMENT,2/15/2017 14:40,PENDING_PAYMENT,5007,Irapuato,México,Guanajuato,
58738,PAYMENT,5/7/2017 10:11,PENDING_PAYMENT,1070,Ixtapaluca,México,México,
56260,PAYMENT,4/1/2017 6:02,PENDING_PAYMENT,6871,Zapopan,México,Jalisco,
5042,PAYMENT,3/15/2015 14:05,PENDING_PAYMENT,2339,São Paulo,Brasil,São Paulo,
53202,PAYMENT,2/15/2017 14:40,PENDING_PAYMENT,5007,Irapuato,México,Guanajuato,
55511,PAYMENT,3/21/2017 7:37,PENDING_PAYMENT,4232,Tegucigalpa,Honduras,Francisco Morazán,
54128,PAYMENT,3/1/2017 3:05,PENDING_PAYMENT,8986,Mauá,Brasil,São Paulo,
21244,PAYMENT,11/7/2015 2:22,PAYMENT_REVIEW,6491,Mudanjiang,China,Heilongjiang,
47752,PAYMENT,11/28/2016 1:18,PENDING_PAYMENT,9114,Ulan Bator,Mongolia,Ulán Bator,
31239,PAYMENT,4/1/2016 0:03,PENDING_PAYMENT,5564,Manukau City,Nueva Zelanda,Auckland,
45772,PAYMENT,10/30/2016 3:37,PENDING_PAYMENT,7955,Qom,Irán,Qom,
24661,PAYMENT,12/26/2015 23:29,PENDING_PAYMENT,5728,Melbourne,Australia,Victoria,
50054,PAYMENT,12/31/2016 15:47,PENDING_PAYMENT,1362,Estambul,Turquía,Estambul,
22924,PAYMENT,12/1/2015 14:56,PENDING_PAYMENT,9704,Ho Chi Minh City,Vietnam,Ciudad Ho Chi Minh,
21902,PAYMENT,11/16/2015 16:53,PENDING_PAYMENT,8485,Rangún,Myanmar (Birmania),Rangún,
21534,PAYMENT,11/11/2015 7:58,PENDING_PAYMENT,11216,Tokio,Japón,Tokio,
45461,PAYMENT,10/25/2016 14:39,PENDING_PAYMENT,4741,Bursa,Turquía,Bursa,
24160,PAYMENT,12/19/2015 15:58,PENDING_PAYMENT,12160,Perth,Australia,Australia Occidental,
39159,PAYMENT,7/25/2016 14:47,PAYMENT_REVIEW,11292,Seattle,Estados Unidos,Washington,98103.0
32102,PAYMENT,4/13/2016 14:24,PENDING_PAYMENT,6352,Denver,Estados Unidos,Colorado,80219.0
37763,PAYMENT,7/5/2016 5:42,PENDING_PAYMENT,5870,Los Angeles,Estados Unidos,California,90008.0
37867,PAYMENT,7/6/2016 18:08,PENDING_PAYMENT,11776,Houston,Estados Unidos,Texas,77095.0
31905,PAYMENT,4/10/2016 17:23,PENDING_PAYMENT,7060,Philadelphia,Estados Unidos,Pensilvania,19134.0
36269,PAYMENT,6/13/2016 10:17,PENDING_PAYMENT,3466,Jacksonville,Estados Unidos,Florida,32216.0
37867,PAYMENT,7/6/2016 18:08,PENDING_PAYMENT,11776,Houston,Estados Unidos,Texas,77095.0
40085,PAYMENT,8/8/2016 3:12,PENDING_PAYMENT,2426,Monroe,Estados Unidos,Carolina del Norte,28110.0
40085,PAYMENT,8/8/2016 3:12,PENDING_PAYMENT,2426,Monroe,Estados Unidos,Carolina del Norte,28110.0
48374,PAYMENT,12/7/2016 3:12,PENDING_PAYMENT,1834,Kinshasa,República Democrática del Congo,Kinshasa,
48434,PAYMENT,12/8/2016 0:14,PENDING_PAYMENT,9451,Casablanca,Marruecos,Gran Casablanca,
17719,PAYMENT,9/16/2015 15:24,PENDING_PAYMENT,2439,Messina,Italia,Sicilia,
15766,PAYMENT,8/19/2015 3:10,PENDING_PAYMENT,6416,Brindisi,Italia,Apulia,
12179,PAYMENT,6/27/2015 18:29,PENDING_PAYMENT,6310,Hamburgo,Alemania,Hamburgo,
66275,PAYMENT,8/25/2017 10:44,PENDING_PAYMENT,9029,The Hague,Países Bajos,Holanda Meridional,
13140,PAYMENT,7/11/2015 19:10,PENDING_PAYMENT,295,Viena,Austria,Viena,
16444,PAYMENT,8/29/2015 0:42,PENDING_PAYMENT,9011,Duisburg,Alemania,Renania del Norte-Westfalia,
15766,PAYMENT,8/19/2015 3:10,PENDING_PAYMENT,6416,Brindisi,Italia,Apulia,
65030,PAYMENT,8/7/2017 6:33,PENDING_PAYMENT,3570,Nantes,Francia,Países del Loira,
14454,PAYMENT,7/30/2015 23:31,PENDING_PAYMENT,1577,Halifax,Reino Unido,Inglaterra,
13736,PAYMENT,7/20/2015 11:58,PENDING_PAYMENT,1086,Tamworth,Reino Unido,Inglaterra,
67979,PAYMENT,9/19/2017 7:43,PENDING_PAYMENT,1568,La Rochelle,Francia,Aquitania-Lemosín-Poitou-Charentes,
65030,PAYMENT,8/7/2017 6:33,PENDING_PAYMENT,3570,Nantes,Francia,Países del Loira,
66275,PAYMENT,8/25/2017 10:44,PENDING_PAYMENT,9029,The Hague,Países Bajos,Holanda Meridional,
65264,PAYMENT,8/10/2017 16:32,PENDING_PAYMENT,9047,Ratingen,Alemania,Renania del Norte-Westfalia,
11936,PAYMENT,6/24/2015 5:21,PENDING_PAYMENT,724,Bobigny,Francia,Isla de Francia,
13890,PAYMENT,7/22/2015 17:56,PENDING_PAYMENT,9120,Wiesbaden,Alemania,Hesse,
51226,PAYMENT,1/17/2017 18:23,PENDING_PAYMENT,7603,Galati,Rumania,Galati,
52576,PAYMENT,2/6/2017 11:21,PAYMENT_REVIEW,6746,Lázaro Cárdenas,México,Michoacán,
53202,PAYMENT,2/15/2017 14:40,PENDING_PAYMENT,5007,Irapuato,México,Guanajuato,
67753,DEBIT,9/16/2017 0:32,COMPLETE,1566,Arnhem,Países Bajos,Güeldres,
15421,DEBIT,8/14/2015 2:18,COMPLETE,2918,Parma,Italia,Emilia-Romaña,
13225,DEBIT,7/13/2015 0:57,COMPLETE,1491,Vantaa,Finlandia,Uusimaa,
71362,DEBIT,11/7/2017 16:56,COMPLETE,14915,Rome,Italia,Lacio,
13232,DEBIT,7/13/2015 3:24,COMPLETE,9619,Vicenza,Italia,Véneto,
67753,DEBIT,9/16/2017 0:32,COMPLETE,1566,Arnhem,Países Bajos,Güeldres,
68879,DEBIT,10/2/2017 11:01,COMPLETE,778,Villeneuve-le-Roi,Francia,Isla de Francia,
65487,DEBIT,8/13/2017 22:39,COMPLETE,2363,Wattrelos,Francia,Norte-Paso de Calais-Picardía,
65105,DEBIT,8/8/2017 8:49,COMPLETE,5898,Duisburg,Alemania,Renania del Norte-Westfalia,
14837,DEBIT,8/5/2015 13:42,COMPLETE,1948,Hamburgo,Alemania,Hamburgo,
46224,DEBIT,11/5/2016 17:58,COMPLETE,1820,Yaroslavl,Rusia,Yaroslavl,
71217,DEBIT,11/5/2017 14:08,COMPLETE,14770,London,Reino Unido,Inglaterra,
63972,DEBIT,7/22/2017 19:53,COMPLETE,1962,Hastings,Reino Unido,Inglaterra,
19200,DEBIT,10/8/2015 6:15,COMPLETE,7175,Sheffield,Reino Unido,Inglaterra,
18009,DEBIT,9/20/2015 21:00,COMPLETE,1222,Lowestoft,Reino Unido,Inglaterra,
10831,DEBIT,6/8/2015 2:13,COMPLETE,487,Turku,Finlandia,Finlandia del Sudoeste,
68107,DEBIT,9/21/2017 4:33,COMPLETE,2217,San Sebastian,España,País Vasco,
15421,DEBIT,8/14/2015 2:18,COMPLETE,2918,Parma,Italia,Emilia-Romaña,
71271,DEBIT,11/6/2017 9:03,COMPLETE,14824,Montreuil,Francia,Isla de Francia,
68879,DEBIT,10/2/2017 11:01,COMPLETE,778,Villeneuve-le-Roi,Francia,Isla de Francia,
65487,DEBIT,8/13/2017 22:39,COMPLETE,2363,Wattrelos,Francia,Norte-Paso de Calais-Picardía,
16953,DEBIT,9/5/2015 11:02,COMPLETE,2078,Remscheid,Alemania,Renania del Norte-Westfalia,
49664,DEBIT,12/25/2016 23:09,COMPLETE,10497,Sterlitamak,Rusia,Bashkortostán,
16446,DEBIT,8/29/2015 1:24,COMPLETE,4695,Exeter,Reino Unido,Inglaterra,
10831,DEBIT,6/8/2015 2:13,COMPLETE,487,Turku,Finlandia,Finlandia del Sudoeste,
14960,DEBIT,8/7/2015 8:48,COMPLETE,9857,Nice,Francia,Provenza-Alpes-Costa Azul,
18005,DEBIT,9/20/2015 19:36,COMPLETE,2168,Lowestoft,Reino Unido,Inglaterra,
10831,DEBIT,6/8/2015 2:13,COMPLETE,487,Turku,Finlandia,Finlandia del Sudoeste,
12804,DEBIT,7/6/2015 21:27,COMPLETE,4078,Parma,Italia,Emilia-Romaña,
14651,DEBIT,8/2/2015 20:32,COMPLETE,11887,Pamiers,Francia,Languedoc-Rosellón-Mediodía-Pirineos,
10990,DEBIT,6/10/2015 9:56,COMPLETE,6588,Hamburgo,Alemania,Hamburgo,
65609,DEBIT,8/15/2017 17:24,COMPLETE,7167,Dordrecht,Países Bajos,Holanda Meridional,
17878,DEBIT,9/18/2015 23:06,COMPLETE,1459,Marseille,Francia,Provenza-Alpes-Costa Azul,
16998,DEBIT,9/6/2015 2:48,COMPLETE,548,Amsterdam,Países Bajos,Holanda Septentrional,
13970,DEBIT,7/23/2015 21:57,COMPLETE,5224,Strasbourg,Francia,Alsacia-Champaña-Ardenas-Lorena,
10990,DEBIT,6/10/2015 9:56,COMPLETE,6588,Hamburgo,Alemania,Hamburgo,
13614,DEBIT,7/18/2015 17:14,COMPLETE,2686,Alphen aan den Rijn,Países Bajos,Holanda Meridional,
44388,DEBIT,10/9/2016 22:44,COMPLETE,468,Lublin,Polonia,Lublin,
13050,DEBIT,7/10/2015 11:38,COMPLETE,8456,Estocolmo,Suecia,Estocolmo,
12613,DEBIT,7/4/2015 2:32,COMPLETE,1260,Dublín,Irlanda,Dublín,
66587,DEBIT,8/30/2017 0:02,COMPLETE,3050,Madrid,España,Madrid,
62795,DEBIT,7/5/2017 15:32,COMPLETE,10308,Six-Fours-les-Plages,Francia,Provenza-Alpes-Costa Azul,
18950,DEBIT,10/4/2015 14:40,COMPLETE,6428,Rennes,Francia,Bretaña,
19610,DEBIT,10/14/2015 5:54,COMPLETE,387,Capannori,Italia,Toscana,
65011,DEBIT,8/6/2017 23:53,COMPLETE,2270,Reutlingen,Alemania,Baden-Wurtemberg,
19380,DEBIT,10/10/2015 21:19,COMPLETE,482,Palaiseau,Francia,Isla de Francia,
65005,DEBIT,8/6/2017 21:47,COMPLETE,1956,Redditch,Reino Unido,Inglaterra,
20085,DEBIT,10/21/2015 4:19,COMPLETE,7466,Leeds,Reino Unido,Inglaterra,
18245,DEBIT,9/24/2015 7:41,COMPLETE,8224,Plymouth,Reino Unido,Inglaterra,
17810,DEBIT,9/17/2015 23:17,COMPLETE,6365,Estocolmo,Suecia,Estocolmo,
19817,DEBIT,10/17/2015 6:25,COMPLETE,3490,Barcelona,España,Cataluña,
10444,DEBIT,6/2/2015 10:38,COMPLETE,1596,Castelldefels,España,Cataluña,
64637,DEBIT,8/1/2017 12:52,COMPLETE,9857,London,Reino Unido,Inglaterra,
15269,DEBIT,8/11/2015 21:03,COMPLETE,3969,Oslo,Noruega,Oslo,
14064,DEBIT,7/25/2015 6:53,COMPLETE,9342,Birmingham,Reino Unido,Inglaterra,
14551,DEBIT,8/1/2015 9:30,COMPLETE,2028,Amsterdam,Países Bajos,Holanda Septentrional,
12698,DEBIT,7/5/2015 8:19,COMPLETE,3940,Hautmont,Francia,Norte-Paso de Calais-Picardía,
47758,DEBIT,11/28/2016 3:24,COMPLETE,8293,Banska Bystrica,Eslovaquia,Banská Bystrica,
68220,DEBIT,9/22/2017 20:09,COMPLETE,9962,Nacka,Suecia,Estocolmo,
14730,DEBIT,8/4/2015 0:13,COMPLETE,8098,West Bromwich,Reino Unido,Inglaterra,
66411,DEBIT,8/27/2017 10:22,COMPLETE,8348,Milan,Italia,Lombardía,
12535,DEBIT,7/2/2015 23:13,COMPLETE,653,Rome,Italia,Lacio,
67712,DEBIT,9/15/2017 10:10,COMPLETE,8645,Lille,Francia,Norte-Paso de Calais-Picardía,
18593,DEBIT,9/29/2015 9:36,COMPLETE,1275,Basingstoke,Reino Unido,Inglaterra,
17909,DEBIT,9/19/2015 9:58,COMPLETE,11189,London,Reino Unido,Inglaterra,
16302,DEBIT,8/26/2015 22:57,COMPLETE,5988,Littlehampton,Reino Unido,Inglaterra,
14730,DEBIT,8/4/2015 0:13,COMPLETE,8098,West Bromwich,Reino Unido,Inglaterra,
13343,DEBIT,7/14/2015 18:17,COMPLETE,9726,London,Reino Unido,Inglaterra,
62117,DEBIT,6/25/2017 18:00,COMPLETE,5113,Seville,España,Andalucía,
62637,DEBIT,7/3/2017 8:10,COMPLETE,9726,Moncalieri,Italia,Piamonte,
67845,DEBIT,9/17/2017 8:46,COMPLETE,482,Reims,Francia,Alsacia-Champaña-Ardenas-Lorena,
67712,DEBIT,9/15/2017 10:10,COMPLETE,8645,Lille,Francia,Norte-Paso de Calais-Picardía,
11209,DEBIT,6/13/2015 14:39,COMPLETE,7202,Seraing,Bélgica,Lieja,
41494,DEBIT,8/28/2016 16:50,COMPLETE,1173,Kramators'k,Ucrania,Donetsk,
18593,DEBIT,9/29/2015 9:36,COMPLETE,1275,Basingstoke,Reino Unido,Inglaterra,
13343,DEBIT,7/14/2015 18:17,COMPLETE,9726,London,Reino Unido,Inglaterra,
62637,DEBIT,7/3/2017 8:10,COMPLETE,9726,Moncalieri,Italia,Piamonte,
70044,DEBIT,10/19/2017 11:10,COMPLETE,13597,Kiel,Alemania,Schleswig-Holstein,
67753,DEBIT,9/16/2017 0:32,COMPLETE,1566,Arnhem,Países Bajos,Güeldres,
16617,DEBIT,8/31/2015 13:19,COMPLETE,4047,Montreuil,Francia,Isla de Francia,
14574,DEBIT,8/1/2015 17:34,COMPLETE,6594,Dortmund,Alemania,Renania del Norte-Westfalia,
12698,DEBIT,7/5/2015 8:19,COMPLETE,3940,Hautmont,Francia,Norte-Paso de Calais-Picardía,
15599,DEBIT,8/16/2015 16:40,COMPLETE,1186,Sunderland,Reino Unido,Inglaterra,
13343,DEBIT,7/14/2015 18:17,COMPLETE,9726,London,Reino Unido,Inglaterra,
20072,DEBIT,10/20/2015 23:45,COMPLETE,4279,Rome,Italia,Lacio,
12323,DEBIT,6/29/2015 20:56,COMPLETE,4151,Augsburg,Alemania,Bavaria,
71295,DEBIT,11/6/2017 17:27,COMPLETE,14848,Cognac,Francia,Aquitania-Lemosín-Poitou-Charentes,
66351,DEBIT,8/26/2017 13:21,COMPLETE,4697,Castrop-Rauxel,Alemania,Renania del Norte-Westfalia,
12698,DEBIT,7/5/2015 8:19,COMPLETE,3940,Hautmont,Francia,Norte-Paso de Calais-Picardía,
44148,DEBIT,10/6/2016 10:39,COMPLETE,5887,Bytom,Polonia,Silesia,
53540,TRANSFER,2/20/2017 13:05,PROCESSING,8524,Durango,México,Durango,
53069,TRANSFER,2/13/2017 16:05,PROCESSING,4126,Quito,Ecuador,Pichincha,
57570,TRANSFER,4/20/2017 8:59,PROCESSING,3207,Santo Domingo,República Dominicana,Santo Domingo,
5154,TRANSFER,3/17/2015 5:19,PROCESSING,12310,Tegucigalpa,Honduras,Francisco Morazán,
9122,TRANSFER,5/14/2015 3:29,PROCESSING,1222,Serra,Brasil,Espíritu Santo,
4427,TRANSFER,3/6/2015 14:37,PROCESSING,8397,Tegucigalpa,Honduras,Francisco Morazán,
9340,TRANSFER,5/17/2015 7:52,PROCESSING,6306,Managua,Nicaragua,Managua,
9331,TRANSFER,5/17/2015 4:42,PROCESSING,8002,Santiago de los Caballeros,República Dominicana,Santiago de Chile,
58315,TRANSFER,5/1/2017 5:59,PROCESSING,12382,Villa Nueva,Guatemala,Guatemala,
54572,TRANSFER,3/7/2017 14:39,PROCESSING,7844,San Salvador,El Salvador,San Salvador,
51746,TRANSFER,1/25/2017 8:34,PROCESSING,12291,Pinar del Río,Cuba,Pinar del Río,
4269,TRANSFER,3/4/2015 7:16,PROCESSING,6523,Tegucigalpa,Honduras,Francisco Morazán,
61346,TRANSFER,6/14/2017 11:53,PROCESSING,4078,Araranguá,Brasil,Santa Catarina,
1999,TRANSFER,1/30/2015 3:59,PROCESSING,4867,Santiago de los Caballeros,República Dominicana,Santiago de Chile,
53576,TRANSFER,2/21/2017 1:42,PROCESSING,5301,Juárez,México,Chihuahua,
57152,TRANSFER,4/14/2017 6:32,PROCESSING,4784,Monterrey,México,Nuevo León,
51674,TRANSFER,1/24/2017 7:21,PROCESSING,8348,Puno,Perú,Puno,
55336,TRANSFER,3/18/2017 18:18,PROCESSING,7446,São Paulo,Brasil,São Paulo,
53810,TRANSFER,2/24/2017 11:41,PROCESSING,11455,Navegantes,Brasil,Santa Catarina,
59301,TRANSFER,5/15/2017 15:25,PROCESSING,5364,Mexico City,México,Distrito Federal,
8410,TRANSFER,5/3/2015 18:02,PROCESSING,259,Tegucigalpa,Honduras,Francisco Morazán,
8123,TRANSFER,4/29/2015 13:29,PROCESSING,11290,Tampico,México,Tamaulipas,
60567,TRANSFER,6/3/2017 2:58,PROCESSING,8517,La Paz,Bolivia,La Paz,
2203,TRANSFER,2/2/2015 3:27,PROCESSING,7701,Villa Nueva,Guatemala,Guatemala,
3527,TRANSFER,2/21/2015 11:18,PROCESSING,7407,Matagalpa,Nicaragua,Matagalpa,
2428,TRANSFER,2/5/2015 10:17,PROCESSING,5965,Cuscatancingo,El Salvador,San Salvador,
55174,TRANSFER,3/16/2017 9:33,PROCESSING,8677,Mixco,Guatemala,Guatemala,
57032,TRANSFER,4/12/2017 12:29,PROCESSING,10093,Americana,Brasil,São Paulo,
10113,TRANSFER,5/28/2015 14:41,PROCESSING,12119,Indaial,Brasil,Santa Catarina,
52250,TRANSFER,2/1/2017 17:09,PROCESSING,8274,Tijuana,México,Baja California,
8906,TRANSFER,5/10/2015 23:49,PROCESSING,2291,Ciudad del Carmen,México,Campeche,
1386,TRANSFER,1/21/2015 5:13,PROCESSING,11310,Santana de Parnaíba,Brasil,São Paulo,
59226,TRANSFER,5/14/2017 13:09,PROCESSING,155,Limeira,Brasil,São Paulo,
8847,TRANSFER,5/10/2015 3:08,PROCESSING,4998,Valencia,Venezuela,Carabobo,
57929,TRANSFER,4/25/2017 14:45,PROCESSING,7720,Brasília,Brasil,Distrito Federal,
53505,TRANSFER,2/20/2017 0:50,PROCESSING,3099,Querétaro,México,Querétaro,
55636,TRANSFER,3/23/2017 3:25,PROCESSING,5011,Santiago de Chile,Chile,Santiago de Chile,
57128,TRANSFER,4/13/2017 22:07,PROCESSING,2643,Tegucigalpa,Honduras,Francisco Morazán,
8728,TRANSFER,5/8/2015 9:27,PROCESSING,9501,Macapá,Brasil,Amapá,
1105,TRANSFER,1/17/2015 2:46,PROCESSING,9760,Portmore,Jamaica,Santa Caterina,
1797,TRANSFER,1/27/2015 5:13,PROCESSING,11793,Tijuana,México,Baja California,
1634,TRANSFER,1/24/2015 20:06,PROCESSING,7273,San Salvador,El Salvador,San Salvador,
53576,TRANSFER,2/21/2017 1:42,PROCESSING,5301,Juárez,México,Chihuahua,
10113,TRANSFER,5/28/2015 14:41,PROCESSING,12119,Indaial,Brasil,Santa Catarina,
6176,TRANSFER,4/1/2015 3:22,SUSPECTED_FRAUD,3329,Saltillo,México,Coahuila,
60460,TRANSFER,6/1/2017 13:28,SUSPECTED_FRAUD,9429,Camagüey,Cuba,Camagüey,
580,TRANSFER,1/9/2015 10:50,SUSPECTED_FRAUD,8677,Mejicanos,El Salvador,San Salvador,
56244,TRANSFER,4/1/2017 0:25,SUSPECTED_FRAUD,437,Guantánamo,Cuba,Guantánamo,
6522,TRANSFER,4/6/2015 4:35,SUSPECTED_FRAUD,2538,Cartago,Colombia,Valle del Cauca,
58298,TRANSFER,5/1/2017 0:02,SUSPECTED_FRAUD,4280,Arequipa,Perú,Arequipa,
3625,TRANSFER,2/22/2015 21:38,SUSPECTED_FRAUD,2813,Atlixco,México,Puebla,
52321,TRANSFER,2/2/2017 18:01,SUSPECTED_FRAUD,4249,Santo Domingo,República Dominicana,Santo Domingo,
58896,TRANSFER,5/9/2017 17:32,SUSPECTED_FRAUD,9697,Santo Domingo,República Dominicana,Santo Domingo,
5919,TRANSFER,3/28/2015 9:20,SUSPECTED_FRAUD,6306,Rio Branco,Brasil,Acre,
52772,TRANSFER,2/9/2017 8:01,SUSPECTED_FRAUD,27,Ayacucho,Perú,Ayacucho,
9063,TRANSFER,5/13/2015 6:49,SUSPECTED_FRAUD,5274,Mixco,Guatemala,Guatemala,
61419,TRANSFER,6/15/2017 13:27,SUSPECTED_FRAUD,11273,Vassouras,Brasil,Río de Janeiro,
5919,TRANSFER,3/28/2015 9:20,SUSPECTED_FRAUD,6306,Rio Branco,Brasil,Acre,
27742,TRANSFER,2/9/2016 22:54,CANCELED,9495,Hyderabad,India,Telangana,
24453,TRANSFER,12/23/2015 22:37,CANCELED,4841,Jiangyan,China,Jiangsu,
31145,TRANSFER,3/30/2016 15:07,CANCELED,9803,Christchurch,Nueva Zelanda,Canterbury,
30802,TRANSFER,3/25/2016 14:57,PENDING,8422,Masterton,Nueva Zelanda,Wellington,
25875,TRANSFER,1/13/2016 16:48,PENDING,7391,Daqing,China,Heilongjiang,
30589,TRANSFER,3/22/2016 12:20,PENDING,11426,Albury,Australia,Nueva Gales del Sur,
20931,TRANSFER,11/2/2015 12:42,PENDING,11664,Manila,Filipinas,Capital Nacional,
45646,TRANSFER,10/28/2016 7:28,PENDING,5339,Bagdad,Irak,Bagdad,
29731,TRANSFER,3/9/2016 23:44,PENDING,3204,Valenzuela,Filipinas,Capital Nacional,
42777,TRANSFER,9/16/2016 10:20,PENDING,4438,Mersin,Turquía,Mersin,
23886,TRANSFER,12/15/2015 15:58,PENDING,5243,Antipolo,Filipinas,Calabarzón,
43561,TRANSFER,9/27/2016 21:00,PENDING,5089,Borujerd,Irán,Lorestan,
47846,TRANSFER,11/29/2016 10:14,PENDING,6073,Izmir,Turquía,Izmir,
21192,TRANSFER,11/6/2015 8:09,PENDING,8992,Jaipur,India,Rajastán,
23156,TRANSFER,12/5/2015 0:13,PENDING,6466,Ho Chi Minh City,Vietnam,Ciudad Ho Chi Minh,
22811,TRANSFER,11/29/2015 23:21,PENDING,1962,Shulan,China,Jilin,
25418,TRANSFER,1/7/2016 0:42,PENDING,11438,Sydney,Australia,Nueva Gales del Sur,
47092,TRANSFER,11/18/2016 10:04,PENDING,9524,Antalya,Turquía,Antalya,
42658,TRANSFER,9/14/2016 16:38,PENDING,2078,Bagdad,Irak,Bagdad,
23494,TRANSFER,12/9/2015 22:38,PENDING,2464,Daca,Bangladés,Daca,
27316,TRANSFER,2/3/2016 17:39,PENDING,11426,Shantou,China,Guangdong,
20931,TRANSFER,11/2/2015 12:42,PENDING,11664,Manila,Filipinas,Capital Nacional,
27555,TRANSFER,2/7/2016 5:23,PENDING,3770,Semarang,Indonesia,Java Central,
28657,TRANSFER,2/23/2016 7:28,PENDING,1306,Newcastle,Australia,Nueva Gales del Sur,
47011,TRANSFER,11/17/2016 5:41,PENDING,10811,Bagdad,Irak,Bagdad,
47846,TRANSFER,11/29/2016 10:14,PENDING,6073,Izmir,Turquía,Izmir,
21973,TRANSFER,11/17/2015 17:46,PENDING,12033,Nantong,China,Jiangsu,
50226,TRANSFER,1/3/2017 4:03,PENDING,9248,Taizz,Yemen,Taiz,
44617,TRANSFER,10/13/2016 6:58,PENDING,2214,Bagdad,Irak,Bagdad,
21196,TRANSFER,11/6/2015 9:33,PENDING,6738,Yangzhou,China,Jiangsu,
21193,TRANSFER,11/6/2015 8:30,PENDING,5074,Asahikawa,Japón,Hokkaido,
26073,TRANSFER,1/16/2016 14:10,PENDING,9148,Valencia,Filipinas,Mindanao Septentrional,
44425,TRANSFER,10/10/2016 11:42,PROCESSING,3497,Khouribga,Marruecos,Chauía-Uardiga,
49570,TRANSFER,12/24/2016 14:13,PROCESSING,10066,Lagos,Nigeria,Lagos,
42099,TRANSFER,9/6/2016 12:48,PROCESSING,4248,Hurghada,Egipto,Al Bahr al Ahmar,
47731,TRANSFER,11/27/2016 17:56,PROCESSING,6473,Accra,Ghana,Gran Accra,
46062,TRANSFER,11/3/2016 9:13,PROCESSING,12288,Boghni,Argelia,Tizi Ouzou,
44938,TRANSFER,10/17/2016 23:25,PROCESSING,7764,Meknes,Marruecos,Mequinez-Tafilalet,
50688,TRANSFER,1/9/2017 21:54,PROCESSING,11720,Abidjan,Costa de Marfil,Lagunes,
49445,TRANSFER,12/22/2016 18:26,PROCESSING,3935,Thika,Kenia,Central,
47938,TRANSFER,11/30/2016 18:27,PROCESSING,8792,Cairo,Egipto,El Cairo,
45249,TRANSFER,10/22/2016 12:23,PROCESSING,10416,Ad Diwem,Sudán,Nilo Blanco,
41874,TRANSFER,9/3/2016 5:58,PROCESSING,424,Abu Kabir,Egipto,Ash Sharqiyah,
41572,TRANSFER,8/29/2016 20:10,PROCESSING,10031,Alexandria,Egipto,Alejandría,
46062,TRANSFER,11/3/2016 9:13,PROCESSING,12288,Boghni,Argelia,Tizi Ouzou,
41785,TRANSFER,9/1/2016 22:47,PROCESSING,10819,Casablanca,Marruecos,Gran Casablanca,
42971,TRANSFER,9/19/2016 6:18,PROCESSING,5418,Sale,Marruecos,Rabat-Salé-Zemur-Zaer,
44677,TRANSFER,10/14/2016 3:59,PROCESSING,7272,Kalemie,República Democrática del Congo,Katanga,
43266,TRANSFER,9/23/2016 13:39,PROCESSING,5329,Wad Madani,Sudán,Gezira,
50688,TRANSFER,1/9/2017 21:54,PROCESSING,11720,Abidjan,Costa de Marfil,Lagunes,
47917,TRANSFER,11/30/2016 11:06,PROCESSING,7810,Kinshasa,República Democrática del Congo,Kinshasa,
48901,TRANSFER,12/14/2016 19:50,PROCESSING,3624,Mogadishu,Somalia,Benadir,
44265,TRANSFER,10/8/2016 3:39,SUSPECTED_FRAUD,7331,Luanda,Angola,Luanda,
41590,TRANSFER,8/30/2016 2:28,SUSPECTED_FRAUD,125,Dar es Salaam,Tanzania,Dar es Salaam,
45987,TRANSFER,11/2/2016 6:56,SUSPECTED_FRAUD,9419,Cairo,Egipto,El Cairo,
44452,TRANSFER,10/10/2016 21:09,SUSPECTED_FRAUD,1250,Ad Diwem,Sudán,Nilo Blanco,
49218,TRANSFER,12/19/2016 10:54,SUSPECTED_FRAUD,7683,Kindia,Guinea,Kindia,
47840,TRANSFER,11/29/2016 8:07,SUSPECTED_FRAUD,2728,Taza,Marruecos,Taza-Alhucemas-Taunat,
47493,TRANSFER,11/24/2016 6:33,SUSPECTED_FRAUD,4612,Dire Dawa,Etiopía,Dire Dawa,
45987,TRANSFER,11/2/2016 6:56,SUSPECTED_FRAUD,9419,Cairo,Egipto,El Cairo,
41590,TRANSFER,8/30/2016 2:28,SUSPECTED_FRAUD,125,Dar es Salaam,Tanzania,Dar es Salaam,
64274,TRANSFER,7/27/2017 5:41,CANCELED,12019,Groningen,Países Bajos,Groningen,
13298,TRANSFER,7/14/2015 2:31,CANCELED,10549,Turin,Italia,Piamonte,
62786,TRANSFER,7/5/2017 12:22,CANCELED,4909,Cologne,Alemania,Renania del Norte-Westfalia,
13939,TRANSFER,7/23/2015 11:06,CANCELED,5854,Milan,Italia,Lombardía,
46864,TRANSFER,11/15/2016 2:11,CANCELED,3066,Uvarovo,Rusia,Tambov,
16590,TRANSFER,8/31/2015 3:51,CANCELED,11431,Southend-on-Sea,Reino Unido,Inglaterra,
62840,TRANSFER,7/6/2017 7:18,CANCELED,9906,Widnes,Reino Unido,Inglaterra,
66959,TRANSFER,9/4/2017 10:22,CANCELED,2048,Strasbourg,Francia,Alsacia-Champaña-Ardenas-Lorena,
63220,TRANSFER,7/11/2017 20:25,CANCELED,3071,Carpentras,Francia,Provenza-Alpes-Costa Azul,
19642,TRANSFER,10/14/2015 17:07,CANCELED,11065,Utrecht,Países Bajos,Utrecht,
65439,TRANSFER,8/13/2017 5:50,CANCELED,394,Genk,Bélgica,Limburgo,
62840,TRANSFER,7/6/2017 7:18,CANCELED,9906,Widnes,Reino Unido,Inglaterra,
17363,TRANSFER,9/11/2015 10:40,CANCELED,5707,Gloucester,Reino Unido,Inglaterra,
13298,TRANSFER,7/14/2015 2:31,CANCELED,10549,Turin,Italia,Piamonte,
18237,TRANSFER,9/24/2015 4:52,CANCELED,2682,Messina,Italia,Sicilia,
66958,TRANSFER,9/4/2017 10:01,CANCELED,467,Helsinki,Finlandia,Uusimaa,
66764,TRANSFER,9/1/2017 14:03,CANCELED,10577,Miramas,Francia,Provenza-Alpes-Costa Azul,
66764,TRANSFER,9/1/2017 14:03,CANCELED,10577,Miramas,Francia,Provenza-Alpes-Costa Azul,
48193,TRANSFER,12/4/2016 11:48,CANCELED,3471,Sofia,Bulgaria,Sofía-Ciudad,
15231,TRANSFER,8/11/2015 7:44,PENDING,3535,Granada,España,Andalucía,
10451,TRANSFER,6/2/2015 13:06,PENDING,11715,Mont-Saint-Aignan,Francia,Normandía,
10459,TRANSFER,6/2/2015 15:54,PENDING,9814,Berlín,Alemania,Berlín,
64222,TRANSFER,7/26/2017 11:28,PENDING,4848,Turin,Italia,Piamonte,
63907,TRANSFER,7/21/2017 21:07,PENDING,569,Cagliari,Italia,Cerdeña,
19178,TRANSFER,10/7/2015 22:33,PENDING,5749,Milan,Italia,Lombardía,
67046,TRANSFER,9/5/2017 16:50,PENDING,4460,Erftstadt,Alemania,Renania del Norte-Westfalia,
65312,TRANSFER,8/11/2017 9:21,PENDING,6506,Harrow,Reino Unido,Inglaterra,
16436,TRANSFER,8/28/2015 21:54,PENDING,6050,Pescara,Italia,Abruzos,
11822,TRANSFER,6/22/2015 13:25,PENDING,3246,Tourcoing,Francia,Norte-Paso de Calais-Picardía,
19528,TRANSFER,10/13/2015 1:10,PENDING,2364,Afragola,Italia,Campania,
49763,TRANSFER,12/27/2016 9:50,PENDING,12216,Lugansk,Ucrania,Lugansk,
16013,TRANSFER,8/22/2015 17:43,PENDING,4460,Doncaster,Reino Unido,Inglaterra,
17347,TRANSFER,9/11/2015 5:04,PENDING,11388,Bry-sur-Marne,Francia,Isla de Francia,
19496,TRANSFER,10/12/2015 13:58,PENDING,7521,Charleroi,Bélgica,Henao,
62789,TRANSFER,7/5/2017 13:25,PENDING,1628,Munich,Alemania,Bavaria,
11674,TRANSFER,6/20/2015 9:34,PENDING,7222,Niort,Francia,Aquitania-Lemosín-Poitou-Charentes,
67866,TRANSFER,9/17/2017 16:07,PENDING,5929,Venice,Italia,Véneto,
13599,TRANSFER,7/18/2015 11:59,PENDING,6123,Ulm,Alemania,Baden-Wurtemberg,
10384,TRANSFER,6/1/2015 13:37,PENDING,587,Cambridge,Reino Unido,Inglaterra,
63115,TRANSFER,7/10/2017 7:38,PENDING,1240,Siegen,Alemania,Renania del Norte-Westfalia,
63516,TRANSFER,7/16/2017 4:08,PENDING,8806,Nantes,Francia,Países del Loira,
62086,TRANSFER,6/25/2017 7:08,PENDING,341,London,Reino Unido,Inglaterra,
62817,TRANSFER,7/5/2017 23:14,PENDING,3064,Las Rozas de Madrid,España,Madrid,
10856,TRANSFER,6/8/2015 10:59,PENDING,10614,Luton,Reino Unido,Inglaterra,
14685,TRANSFER,8/3/2015 8:27,PENDING,10563,Verdun,Francia,Alsacia-Champaña-Ardenas-Lorena,
66229,TRANSFER,8/24/2017 18:37,PENDING,11002,Conflans-Sainte-Honorine,Francia,Isla de Francia,
14924,TRANSFER,8/6/2015 20:11,PENDING,11486,Munich,Alemania,Bavaria,
49839,TRANSFER,12/28/2016 12:28,PENDING,1759,Viena,Austria,Viena,
12393,TRANSFER,6/30/2015 21:28,PENDING,10659,Sesto San Giovanni,Italia,Lombardía,
65898,TRANSFER,8/19/2017 22:39,PENDING,8899,Bondy,Francia,Isla de Francia,
64599,TRANSFER,7/31/2017 23:33,PENDING,3315,Valencia,España,Valenciana,
65370,TRANSFER,8/12/2017 5:40,PENDING,10051,Noisy-le-Grand,Francia,Isla de Francia,
19732,TRANSFER,10/16/2015 0:38,PENDING,6402,Elx,España,Valenciana,
67549,TRANSFER,9/13/2017 1:04,PENDING,4021,Gronau,Alemania,Renania del Norte-Westfalia,
67549,TRANSFER,9/13/2017 1:04,PENDING,4021,Gronau,Alemania,Renania del Norte-Westfalia,
67866,TRANSFER,9/17/2017 16:07,PENDING,5929,Venice,Italia,Véneto,
67275,TRANSFER,9/9/2017 1:04,PENDING,4195,Frankfurt,Alemania,Hesse,
46863,TRANSFER,11/15/2016 1:50,PENDING,7464,Uvarovo,Rusia,Tambov,
62306,TRANSFER,6/28/2017 12:13,PENDING,11592,Rotherham,Reino Unido,Inglaterra,
10451,TRANSFER,6/2/2015 13:06,PENDING,11715,Mont-Saint-Aignan,Francia,Normandía,
18213,TRANSFER,9/23/2015 20:28,PENDING,10831,Savigny-le-Temple,Francia,Isla de Francia,
16863,TRANSFER,9/4/2015 3:30,PENDING,7586,La Seyne-sur-Mer,Francia,Provenza-Alpes-Costa Azul,
24764,DEBIT,12/28/2015 11:34,COMPLETE,8551,Fuji,Japón,Shizuoka,
21522,DEBIT,11/11/2015 3:45,COMPLETE,5270,Tengzhou,China,Shandong,
26670,DEBIT,1/25/2016 7:20,COMPLETE,7163,Suzhou,China,Anhui,
21971,DEBIT,11/17/2015 17:04,COMPLETE,9163,Changwon,Corea del Sur,Gyeongsangnam,
76849,DEBIT,1/26/2018 19:16,COMPLETE,20402,Baoding,China,Hebei,
27357,DEBIT,2/4/2016 8:01,COMPLETE,4807,Newcastle,Australia,Nueva Gales del Sur,
29283,DEBIT,3/3/2016 10:47,COMPLETE,88,Port Macquarie,Australia,Nueva Gales del Sur,
30724,DEBIT,3/24/2016 11:38,COMPLETE,7697,Gold Coast,Australia,Queensland,
74454,DEBIT,12/22/2017 20:12,COMPLETE,18007,Vijayawada,India,Andhra Pradesh,
24558,DEBIT,12/25/2015 11:24,COMPLETE,8720,Bangalore,India,Karnataka,
24230,DEBIT,12/20/2015 16:29,COMPLETE,1718,Manila,Filipinas,Capital Nacional,
26821,DEBIT,1/27/2016 12:14,COMPLETE,7795,Cirebon,Indonesia,Java Occidental,
23211,DEBIT,12/5/2015 19:29,COMPLETE,12100,Ho Chi Minh City,Vietnam,Ciudad Ho Chi Minh,
21868,DEBIT,11/16/2015 4:59,COMPLETE,11979,Yakarta,Indonesia,Yakarta,
47009,DEBIT,11/17/2016 4:59,COMPLETE,150,Bagdad,Irak,Bagdad,
42271,DEBIT,9/9/2016 1:03,COMPLETE,3905,Termez,Uzbekistán,Surjandarín,
50628,DEBIT,1/9/2017 0:53,COMPLETE,8552,Bishkek,Kirguistán,Bishkek,
24764,DEBIT,12/28/2015 11:34,COMPLETE,8551,Fuji,Japón,Shizuoka,
21907,DEBIT,11/16/2015 18:38,COMPLETE,12038,Pekín,China,Pekín,
72442,DEBIT,11/23/2017 11:18,COMPLETE,15995,Perth,Australia,Australia Occidental,
27357,DEBIT,2/4/2016 8:01,COMPLETE,4807,Newcastle,Australia,Nueva Gales del Sur,
21966,DEBIT,11/17/2015 15:19,COMPLETE,10291,Murray Bridge,Australia,Australia del Sur,
31169,DEBIT,3/30/2016 23:32,COMPLETE,1293,Gold Coast,Australia,Queensland,
21906,DEBIT,11/16/2015 18:17,COMPLETE,6961,Thane,India,Maharashtra,
72460,DEBIT,11/23/2017 17:36,COMPLETE,16013,Mumbai,India,Maharashtra,
26861,DEBIT,1/28/2016 2:15,COMPLETE,7931,Durgapur,India,Bengala Occidental,
76992,DEBIT,1/28/2018 21:22,COMPLETE,20545,Lahore,Pakistán,Punyab,
22792,DEBIT,11/29/2015 16:42,COMPLETE,7454,Samarinda,Indonesia,Kalimantan Oriental,
24438,DEBIT,12/23/2015 17:22,COMPLETE,12038,Bacolod City,Filipinas,Visayas Occidental,
27957,DEBIT,2/13/2016 2:13,COMPLETE,4618,Semarang,Indonesia,Java Central,
26821,DEBIT,1/27/2016 12:14,COMPLETE,7795,Cirebon,Indonesia,Java Occidental,
21868,DEBIT,11/16/2015 4:59,COMPLETE,11979,Yakarta,Indonesia,Yakarta,
47899,DEBIT,11/30/2016 4:48,COMPLETE,1695,Riyadh,Arabia Saudí,Riad,
27918,DEBIT,2/12/2016 12:34,COMPLETE,11286,Tianjin,China,Tianjin,
22900,DEBIT,12/1/2015 6:32,COMPLETE,4357,Perth,Australia,Australia Occidental,
30997,DEBIT,3/28/2016 11:16,COMPLETE,3029,Manukau City,Nueva Zelanda,Auckland,
26183,DEBIT,1/18/2016 4:43,COMPLETE,9769,Perth,Australia,Australia Occidental,
24314,DEBIT,12/21/2015 21:55,COMPLETE,3567,Gold Coast,Australia,Queensland,
21267,DEBIT,11/7/2015 10:25,COMPLETE,5582,Gold Coast,Australia,Queensland,
31169,DEBIT,3/30/2016 23:32,COMPLETE,1293,Gold Coast,Australia,Queensland,
30712,DEBIT,3/24/2016 7:25,COMPLETE,6855,Lismore,Australia,Nueva Gales del Sur,
27207,DEBIT,2/2/2016 3:28,COMPLETE,10026,Newcastle,Australia,Nueva Gales del Sur,
76847,DEBIT,1/26/2018 18:34,COMPLETE,20400,Perth,Australia,Australia Occidental,
21906,DEBIT,11/16/2015 18:17,COMPLETE,6961,Thane,India,Maharashtra,
21407,DEBIT,11/9/2015 11:28,COMPLETE,6956,Bhavnagar,India,Guyarat,
25050,DEBIT,1/1/2016 15:46,COMPLETE,10082,Mumbai,India,Maharashtra,
24438,DEBIT,12/23/2015 17:22,COMPLETE,12038,Bacolod City,Filipinas,Visayas Occidental,
23807,DEBIT,12/14/2015 12:18,COMPLETE,1839,Angeles City,Filipinas,Luzón Central,
21349,DEBIT,11/8/2015 15:09,COMPLETE,10155,Yakarta,Indonesia,Yakarta,
22224,DEBIT,11/21/2015 9:42,COMPLETE,1098,Yakarta,Indonesia,Yakarta,
49806,DEBIT,12/28/2016 0:54,COMPLETE,3172,Corlu,Turquía,Tekirdag,
47044,DEBIT,11/17/2016 17:15,COMPLETE,5536,Jeddah,Arabia Saudí,Meca,
41676,DEBIT,8/31/2016 8:36,COMPLETE,11372,Bagdad,Irak,Bagdad,
49598,DEBIT,12/25/2016 0:02,COMPLETE,4005,K'ut'aisi,Georgia,Imericia,
42130,DEBIT,9/6/2016 23:39,COMPLETE,11632,Temirtau,Kazajistán,Karagandá,
26036,DEBIT,1/16/2016 1:13,COMPLETE,10891,Hirakata,Japón,Osaka,
29746,DEBIT,3/10/2016 4:59,COMPLETE,11924,Xinzhou,China,Hubei,
27457,DEBIT,2/5/2016 19:03,COMPLETE,4813,Neijiang,China,Sichuan,
21309,DEBIT,11/8/2015 1:08,COMPLETE,11801,Shanwei,China,Guangdong,
23267,DEBIT,12/6/2015 15:06,COMPLETE,6156,Pekín,China,Pekín,
23706,DEBIT,12/13/2015 0:55,COMPLETE,1763,Melbourne,Australia,Victoria,
27729,DEBIT,2/9/2016 18:21,COMPLETE,6721,Adelaide,Australia,Australia del Sur,
30519,DEBIT,3/21/2016 11:48,COMPLETE,12205,Mandurah,Australia,Australia Occidental,
21267,DEBIT,11/7/2015 10:25,COMPLETE,5582,Gold Coast,Australia,Queensland,
30658,DEBIT,3/23/2016 12:30,COMPLETE,10790,Waitakere,Nueva Zelanda,Auckland,
30323,DEBIT,3/18/2016 15:08,COMPLETE,11922,Wollongong,Australia,Nueva Gales del Sur,
30712,DEBIT,3/24/2016 7:25,COMPLETE,6855,Lismore,Australia,Nueva Gales del Sur,
30044,DEBIT,3/14/2016 13:24,COMPLETE,10438,Newcastle,Australia,Nueva Gales del Sur,
74194,DEBIT,12/19/2017 1:06,COMPLETE,17747,Mangalore,India,Karnataka,
72458,DEBIT,11/23/2017 16:54,COMPLETE,16011,Kathmandu,Nepal,Central,
25050,DEBIT,1/1/2016 15:46,COMPLETE,10082,Mumbai,India,Maharashtra,
74451,DEBIT,12/22/2017 19:09,COMPLETE,18004,Kendari,Indonesia,Célebes Suroriental,
22297,DEBIT,11/22/2015 11:16,COMPLETE,8,Probolinggo,Indonesia,Java Oriental,
24552,DEBIT,12/25/2015 9:18,COMPLETE,3275,Ho Chi Minh City,Vietnam,Ciudad Ho Chi Minh,
44706,DEBIT,10/14/2016 14:09,COMPLETE,9023,Riyadh,Arabia Saudí,Riad,
48950,DEBIT,12/15/2016 13:00,COMPLETE,8643,Estambul,Turquía,Estambul,
47600,DEBIT,11/25/2016 20:02,COMPLETE,11797,Estambul,Turquía,Estambul,
47044,DEBIT,11/17/2016 17:15,COMPLETE,5536,Jeddah,Arabia Saudí,Meca,
43257,DEBIT,9/23/2016 10:30,COMPLETE,4062,Estambul,Turquía,Estambul,
49888,DEBIT,12/29/2016 5:38,COMPLETE,6897,Estambul,Turquía,Estambul,
42130,DEBIT,9/6/2016 23:39,COMPLETE,11632,Temirtau,Kazajistán,Karagandá,
24752,DEBIT,12/28/2015 7:22,COMPLETE,11892,Jixi,China,Heilongjiang,
24548,DEBIT,12/25/2015 7:54,COMPLETE,6763,Daegu,Corea del Sur,Daegu,
73906,DEBIT,12/14/2017 20:12,COMPLETE,17459,Tianjin,China,Tianjin,
27729,DEBIT,2/9/2016 18:21,COMPLETE,6721,Adelaide,Australia,Australia del Sur,
28355,DEBIT,2/18/2016 21:40,COMPLETE,8622,Darwin,Australia,Territorio del Norte,
23456,DEBIT,12/9/2015 9:19,COMPLETE,241,Sydney,Australia,Nueva Gales del Sur,
74193,DEBIT,12/19/2017 0:45,COMPLETE,17746,Mangalore,India,Karnataka,
50466,DEBIT,1/6/2017 16:08,COMPLETE,822,Rasht,Irán,Guilán,
50377,DEBIT,1/5/2017 8:57,COMPLETE,6376,Ahvaz,Irán,Juzestán,
61855,DEBIT,6/21/2017 22:12,COMPLETE,9557,Arnsberg,Alemania,Renania del Norte-Westfalia,
67415,DEBIT,9/11/2017 2:07,COMPLETE,11397,London,Reino Unido,Inglaterra,
66794,DEBIT,9/2/2017 0:33,COMPLETE,6999,Dublín,Irlanda,Dublín,
17467,DEBIT,9/12/2015 23:07,COMPLETE,10534,Birmingham,Reino Unido,Inglaterra,
16419,DEBIT,8/28/2015 15:57,COMPLETE,6815,Genoa,Italia,Liguria,
65249,DEBIT,8/10/2017 11:16,COMPLETE,2269,Toulouse,Francia,Languedoc-Rosellón-Mediodía-Pirineos,
17449,DEBIT,9/12/2015 16:48,COMPLETE,10708,Amsterdam,Países Bajos,Holanda Septentrional,
63803,DEBIT,7/20/2017 8:40,COMPLETE,9119,Toulouse,Francia,Languedoc-Rosellón-Mediodía-Pirineos,
16969,DEBIT,9/5/2015 16:38,COMPLETE,9500,Waterlooville,Reino Unido,Inglaterra,
16369,DEBIT,8/27/2015 22:26,COMPLETE,9910,Berlín,Alemania,Berlín,
66702,DEBIT,8/31/2017 16:19,COMPLETE,5036,Leipzig,Alemania,Sajonia,
10584,DEBIT,6/4/2015 11:41,COMPLETE,2698,Drancy,Francia,Isla de Francia,
17368,DEBIT,9/11/2015 12:26,COMPLETE,6220,Munich,Alemania,Bavaria,
20291,DEBIT,10/24/2015 4:29,COMPLETE,1555,Hamburgo,Alemania,Hamburgo,
14384,DEBIT,7/29/2015 23:00,COMPLETE,6947,Vanves,Francia,Isla de Francia,
64066,DEBIT,7/24/2017 4:49,COMPLETE,442,Madrid,España,Madrid,
67292,DEBIT,9/9/2017 7:02,COMPLETE,9671,Meyzieu,Francia,Auvernia-Ródano-Alpes,
65855,DEBIT,8/19/2017 7:35,COMPLETE,5283,Bremerhaven,Alemania,Bremen,
64531,DEBIT,7/30/2017 23:44,COMPLETE,3364,Viena,Austria,Viena,
19168,DEBIT,10/7/2015 19:03,COMPLETE,2170,Mulhouse,Francia,Alsacia-Champaña-Ardenas-Lorena,
16299,DEBIT,8/26/2015 21:54,COMPLETE,11348,Sunderland,Reino Unido,Inglaterra,
17228,DEBIT,9/9/2015 11:23,COMPLETE,10224,Dortmund,Alemania,Renania del Norte-Westfalia,
68289,DEBIT,9/23/2017 20:19,COMPLETE,7006,Hamburgo,Alemania,Hamburgo,
47509,DEBIT,11/24/2016 12:10,COMPLETE,7363,Lviv,Ucrania,Lviv,
17211,DEBIT,9/9/2015 5:25,COMPLETE,1595,Leicester,Reino Unido,Inglaterra,
64894,DEBIT,8/5/2017 6:54,COMPLETE,7492,Ulm,Alemania,Baden-Wurtemberg,
67818,DEBIT,9/16/2017 23:18,COMPLETE,9821,Chelles,Francia,Isla de Francia,
16218,DEBIT,8/25/2015 17:32,COMPLETE,5246,Marbella,España,Andalucía,
11391,DEBIT,6/16/2015 6:25,COMPLETE,558,Florence,Italia,Toscana,
17386,DEBIT,9/11/2015 18:44,COMPLETE,1063,Madrid,España,Madrid,
11968,DEBIT,6/24/2015 16:34,COMPLETE,2610,Cologne,Alemania,Renania del Norte-Westfalia,
46305,DEBIT,11/6/2016 22:21,COMPLETE,3964,Kashira,Rusia,Moscú,
16218,DEBIT,8/25/2015 17:32,COMPLETE,5246,Marbella,España,Andalucía,
19973,DEBIT,10/19/2015 13:04,COMPLETE,3868,Cholet,Francia,Países del Loira,
15787,DEBIT,8/19/2015 10:32,COMPLETE,3961,Bochum,Alemania,Renania del Norte-Westfalia,
11378,DEBIT,6/16/2015 1:52,COMPLETE,1261,Annecy,Francia,Auvernia-Ródano-Alpes,
62260,DEBIT,6/27/2017 20:06,COMPLETE,9341,Magdeburg,Alemania,Sajonia-Anhalt,
11083,DEBIT,6/11/2015 18:31,COMPLETE,2550,Amberes,Bélgica,Amberes,
65174,DEBIT,8/9/2017 9:00,COMPLETE,12045,Nuremberg,Alemania,Bavaria,
44442,DEBIT,10/10/2016 17:39,COMPLETE,2719,Makhachkala,Rusia,Daguestán,
42783,DEBIT,9/16/2016 12:26,COMPLETE,7924,Cheliábinsk,Rusia,Cheliábinsk,
64677,DEBIT,8/2/2017 2:53,COMPLETE,3206,Madrid,España,Madrid,
66219,DEBIT,8/24/2017 15:06,COMPLETE,11945,Wiesbaden,Alemania,Hesse,
44816,DEBIT,10/16/2016 4:41,COMPLETE,3141,Sterlitamak,Rusia,Bashkortostán,
47002,DEBIT,11/17/2016 2:32,COMPLETE,4596,Gdynia,Polonia,Pomerania,
10502,DEBIT,6/3/2015 6:58,COMPLETE,3942,San Sebastian,España,País Vasco,
63843,DEBIT,7/20/2017 22:41,COMPLETE,8065,Brandenburgo,Alemania,Brandenburgo,
62237,DEBIT,6/27/2017 12:02,COMPLETE,6758,Wetzlar,Alemania,Hesse,
13907,DEBIT,7/22/2015 23:53,COMPLETE,4842,Pertuis,Francia,Provenza-Alpes-Costa Azul,
63576,DEBIT,7/17/2017 1:09,COMPLETE,581,Torrevieja,España,Valenciana,
18448,DEBIT,9/27/2015 6:48,COMPLETE,4563,Florence,Italia,Toscana,
17524,DEBIT,9/13/2015 19:05,COMPLETE,9096,Cagnes-sur-Mer,Francia,Provenza-Alpes-Costa Azul,
19333,DEBIT,10/10/2015 4:51,COMPLETE,9813,Nanterre,Francia,Isla de Francia,
64150,DEBIT,7/25/2017 10:15,COMPLETE,4612,Sunderland,Reino Unido,Inglaterra,
64920,DEBIT,8/5/2017 16:01,COMPLETE,2492,Vichy,Francia,Auvernia,
16378,DEBIT,8/28/2015 1:35,COMPLETE,1445,Barcelona,España,Cataluña,
67331,DEBIT,9/9/2017 20:41,COMPLETE,7327,Viena,Austria,Viena,
67037,DEBIT,9/5/2017 13:41,COMPLETE,8701,Lohne,Alemania,Baja Sajonia,
63349,DEBIT,7/13/2017 17:37,COMPLETE,7783,Le Mans,Francia,Países del Loira,
19309,DEBIT,10/9/2015 20:27,COMPLETE,5621,Bordeaux,Francia,Aquitania-Lemosín-Poitou-Charentes,
49936,DEBIT,12/29/2016 22:27,COMPLETE,5767,Astracán,Rusia,Astracán,
11749,DEBIT,6/21/2015 11:50,COMPLETE,430,Rome,Italia,Lacio,
49936,DEBIT,12/29/2016 22:27,COMPLETE,5767,Astracán,Rusia,Astracán,
16767,DEBIT,9/2/2015 17:52,COMPLETE,10132,Toulouse,Francia,Languedoc-Rosellón-Mediodía-Pirineos,
61664,DEBIT,6/19/2017 3:17,COMPLETE,7586,Rouen,Francia,Normandía,
63512,DEBIT,7/16/2017 2:43,COMPLETE,12350,Stuttgart,Alemania,Baden-Wurtemberg,
17726,DEBIT,9/16/2015 17:51,COMPLETE,2256,Torrevieja,España,Valenciana,
12540,DEBIT,7/3/2015 0:58,COMPLETE,6758,Peterborough,Reino Unido,Inglaterra,
14100,DEBIT,7/25/2015 19:30,COMPLETE,1045,Leeds,Reino Unido,Inglaterra,
16098,DEBIT,8/23/2015 23:29,COMPLETE,5939,Milan,Italia,Lombardía,
14660,DEBIT,8/2/2015 23:42,COMPLETE,9371,Montecatini Terme,Italia,Toscana,
41718,DEBIT,8/31/2016 23:19,COMPLETE,7492,Viena,Austria,Viena,
64500,DEBIT,7/30/2017 12:52,COMPLETE,11536,The Hague,Países Bajos,Holanda Meridional,
10586,DEBIT,6/4/2015 12:23,COMPLETE,10129,Drancy,Francia,Isla de Francia,
45291,DEBIT,10/23/2016 3:06,COMPLETE,7905,Warsaw,Polonia,Mazovia,
15459,DEBIT,8/14/2015 15:37,COMPLETE,8674,Huelva,España,Andalucía,
16093,DEBIT,8/23/2015 21:44,COMPLETE,1902,Reggio nell'Emilia,Italia,Emilia-Romaña,
10584,DEBIT,6/4/2015 11:41,COMPLETE,2698,Drancy,Francia,Isla de Francia,
61596,DEBIT,6/18/2017 3:28,COMPLETE,1408,Le Bouscat,Francia,Aquitania-Lemosín-Poitou-Charentes,
68374,DEBIT,9/25/2017 2:06,COMPLETE,10549,Berlín,Alemania,Berlín,
50588,DEBIT,1/8/2017 10:52,COMPLETE,9172,Derbent,Rusia,Daguestán,
42087,DEBIT,9/6/2016 8:36,COMPLETE,3659,Warsaw,Polonia,Mazovia,
13528,DEBIT,7/17/2015 11:06,COMPLETE,10827,Edinburgh,Reino Unido,Escocia,
18135,DEBIT,9/22/2015 17:08,COMPLETE,9146,London,Reino Unido,Inglaterra,
15199,DEBIT,8/10/2015 20:32,COMPLETE,20,Crewe,Reino Unido,Inglaterra,
68369,DEBIT,9/25/2017 0:21,COMPLETE,8391,Paris,Francia,Isla de Francia,
46859,DEBIT,11/15/2016 0:26,COMPLETE,7492,Uvarovo,Rusia,Tambov,
63992,DEBIT,7/23/2017 2:53,COMPLETE,11510,Bognor Regis,Reino Unido,Inglaterra,
16969,DEBIT,9/5/2015 16:38,COMPLETE,9500,Waterlooville,Reino Unido,Inglaterra,
18120,DEBIT,9/22/2015 11:53,COMPLETE,10821,Valencia,España,Valenciana,
14544,DEBIT,8/1/2015 7:03,COMPLETE,4727,Biarritz,Francia,Aquitania-Lemosín-Poitou-Charentes,
13991,DEBIT,7/24/2015 5:19,COMPLETE,10647,Aix-en-Provence,Francia,Provenza-Alpes-Costa Azul,
906,TRANSFER,1/14/2015 5:03,PROCESSING,7141,Santiago de Chile,Chile,Santiago de Chile,
5479,TRANSFER,3/21/2015 23:11,PROCESSING,6172,Nueva Gerona,Cuba,Isla de la Juventud,
51396,TRANSFER,1/20/2017 5:57,PROCESSING,2741,Mexico City,México,Distrito Federal,
10116,TRANSFER,5/28/2015 15:44,SUSPECTED_FRAUD,1180,Registro,Brasil,São Paulo,
1756,TRANSFER,1/26/2015 14:51,SUSPECTED_FRAUD,6875,San Pedro Sula,Honduras,Cortés,
10014,TRANSFER,5/27/2015 4:00,SUSPECTED_FRAUD,10864,Presidente Dutra,Brasil,Marañón,
1991,TRANSFER,1/30/2015 1:11,SUSPECTED_FRAUD,242,Tegucigalpa,Honduras,Francisco Morazán,
52533,TRANSFER,2/5/2017 20:17,SUSPECTED_FRAUD,9002,Villa Canales,Guatemala,Guatemala,
52533,TRANSFER,2/5/2017 20:17,SUSPECTED_FRAUD,9002,Villa Canales,Guatemala,Guatemala,
2332,TRANSFER,2/4/2015 0:39,SUSPECTED_FRAUD,9145,Jiutepec,México,Morelos,
10276,TRANSFER,5/30/2015 23:47,SUSPECTED_FRAUD,7887,Brumado,Brasil,Bahía,
2911,TRANSFER,2/12/2015 11:30,SUSPECTED_FRAUD,2817,Teresópolis,Brasil,Río de Janeiro,
53568,TRANSFER,2/20/2017 22:54,SUSPECTED_FRAUD,2013,Guarulhos,Brasil,São Paulo,
53568,TRANSFER,2/20/2017 22:54,SUSPECTED_FRAUD,2013,Guarulhos,Brasil,São Paulo,
25688,TRANSFER,1/10/2016 23:18,CANCELED,5920,Guangzhou,China,Guangdong,
48954,TRANSFER,12/15/2016 14:24,CANCELED,5674,Bornova,Turquía,Izmir,
25688,TRANSFER,1/10/2016 23:18,CANCELED,5920,Guangzhou,China,Guangdong,
47743,TRANSFER,11/27/2016 22:08,CANCELED,11012,Salihli,Turquía,Manisa,
45339,TRANSFER,10/23/2016 19:55,CANCELED,6508,Tel Aviv,Israel,Tel Aviv,
43521,TRANSFER,9/27/2016 6:59,PENDING,8995,Astaná,Kazajistán,Astaná,
22468,TRANSFER,11/24/2015 23:11,PENDING,9507,Samarinda,Indonesia,Kalimantan Oriental,
29880,TRANSFER,3/12/2016 3:56,PENDING,11056,Yakarta,Indonesia,Yakarta,
21197,TRANSFER,11/6/2015 9:54,PENDING,10558,Launceston,Australia,Tasmania,
22261,TRANSFER,11/21/2015 22:40,PENDING,6707,Ho Chi Minh City,Vietnam,Ciudad Ho Chi Minh,
24853,TRANSFER,12/29/2015 18:45,PENDING,4029,Ranchi,India,Jharkhand,
23585,TRANSFER,12/11/2015 6:31,PENDING,2189,Antipolo,Filipinas,Calabarzón,
30963,TRANSFER,3/27/2016 23:22,PENDING,1865,New Plymouth,Nueva Zelanda,Taranaki,
24118,TRANSFER,12/19/2015 1:15,PENDING,9345,Heyuan,China,Guangdong,
42287,TRANSFER,9/9/2016 6:40,PENDING,9356,Saveh,Irán,Markazí,
21197,TRANSFER,11/6/2015 9:54,PENDING,10558,Launceston,Australia,Tasmania,
21697,TRANSFER,11/13/2015 17:04,PENDING,5821,Seúl,Corea del Sur,Seúl,
21691,TRANSFER,11/13/2015 14:58,PENDING,532,Durg,India,Chhattisgarh,
23878,TRANSFER,12/15/2015 13:10,PENDING,8977,Townsville,Australia,Queensland,
30214,TRANSFER,3/17/2016 0:57,PENDING,4117,Sydney,Australia,Nueva Gales del Sur,
29871,TRANSFER,3/12/2016 0:47,PENDING,3985,Makati,Filipinas,Capital Nacional,
22261,TRANSFER,11/21/2015 22:40,PENDING,6707,Ho Chi Minh City,Vietnam,Ciudad Ho Chi Minh,
20594,TRANSFER,10/28/2015 14:38,PENDING,3586,Xinyi,China,Guangdong,
29107,TRANSFER,2/29/2016 21:07,PENDING,9001,Bangkok,Tailandia,Bangkok,
21698,TRANSFER,11/13/2015 17:25,PENDING,10678,Seúl,Corea del Sur,Seúl,
20918,TRANSFER,11/2/2015 8:09,PENDING,1664,Wollongong,Australia,Nueva Gales del Sur,
29959,TRANSFER,3/13/2016 7:37,PENDING,11882,Lianzhou,China,Guangdong,
45126,TRANSFER,10/20/2016 17:17,PENDING,4808,Eskisehir,Turquía,Eskisehir,
26871,TRANSFER,1/28/2016 5:45,PENDING,10201,Armidale,Australia,Nueva Gales del Sur,
23751,TRANSFER,12/13/2015 16:40,PENDING,2292,Tamworth,Australia,Nueva Gales del Sur,
22612,TRANSFER,11/27/2015 1:38,PENDING,11675,Perth,Australia,Australia Occidental,
29862,TRANSFER,3/11/2016 21:38,PENDING,1144,Jambi,Indonesia,Jambi,
20755,TRANSFER,10/30/2015 23:03,PENDING,640,Xuzhou,China,Jiangsu,
30267,TRANSFER,3/17/2016 19:31,PENDING,8612,Wuhan,China,Hubei,
31211,TRANSFER,3/31/2016 14:15,PENDING,4402,Hobart,Australia,Tasmania,
27007,TRANSFER,1/30/2016 5:24,PENDING,3815,Lahore,Pakistán,Punyab,
46073,TRANSFER,11/3/2016 13:04,PENDING,10834,Sincan,Turquía,Ankara,
27007,TRANSFER,1/30/2016 5:24,PENDING,3815,Lahore,Pakistán,Punyab,
20755,TRANSFER,10/30/2015 23:03,PENDING,640,Xuzhou,China,Jiangsu,
24118,TRANSFER,12/19/2015 1:15,PENDING,9345,Heyuan,China,Guangdong,
21691,TRANSFER,11/13/2015 14:58,PENDING,532,Durg,India,Chhattisgarh,
26510,TRANSFER,1/22/2016 23:17,PROCESSING,3554,Surabaya,Indonesia,Java Oriental,
43468,TRANSFER,9/26/2016 12:25,PROCESSING,10219,Ulan Bator,Mongolia,Ulán Bator,
43468,TRANSFER,9/26/2016 12:25,PROCESSING,10219,Ulan Bator,Mongolia,Ulán Bator,
31000,TRANSFER,3/28/2016 12:19,PROCESSING,11730,Christchurch,Nueva Zelanda,Canterbury,
22988,TRANSFER,12/2/2015 13:22,PROCESSING,4756,Mackay,Australia,Queensland,
29993,TRANSFER,3/13/2016 19:32,PROCESSING,7229,Yuci,China,Shanxi,
28568,TRANSFER,2/22/2016 0:17,PROCESSING,7963,Fukui,Japón,Fukui,
31000,TRANSFER,3/28/2016 12:19,PROCESSING,11730,Christchurch,Nueva Zelanda,Canterbury,
20773,TRANSFER,10/31/2015 5:21,PROCESSING,4464,Caloocan,Filipinas,Capital Nacional,
43640,TRANSFER,9/29/2016 0:41,PROCESSING,5429,Basra,Irak,Basora,
23967,TRANSFER,12/16/2015 20:21,PROCESSING,1383,Wuhan,China,Hubei,
21016,TRANSFER,11/3/2015 18:29,PROCESSING,3153,Belgaum,India,Karnataka,
27005,TRANSFER,1/30/2016 4:42,PROCESSING,11357,Lahore,Pakistán,Punyab,
25606,TRANSFER,1/9/2016 18:34,PROCESSING,4700,Cainta,Filipinas,Calabarzón,
30335,TRANSFER,3/18/2016 19:21,PROCESSING,1975,Auckland,Nueva Zelanda,Auckland,
29270,TRANSFER,3/3/2016 6:14,PROCESSING,6187,Gorakhpur,India,Haryana,
31269,TRANSFER,4/1/2016 10:34,PROCESSING,12205,Taupo,Nueva Zelanda,Waikato,
24820,TRANSFER,12/29/2015 7:12,PROCESSING,4862,Gujranwala,Pakistán,Punyab,
25847,TRANSFER,1/13/2016 7:00,PROCESSING,6180,Aurangabad,India,Bihar,
42154,TRANSFER,9/7/2016 8:04,PROCESSING,11977,Estambul,Turquía,Estambul,
45036,TRANSFER,10/19/2016 9:45,PROCESSING,10126,Ahvaz,Irán,Juzestán,
45863,TRANSFER,10/31/2016 11:30,PROCESSING,1880,Sarkand,Kazajistán,Almaty,
20929,TRANSFER,11/2/2015 12:00,PROCESSING,8747,Manila,Filipinas,Capital Nacional,
23464,TRANSFER,12/9/2015 12:08,PROCESSING,11252,Makati,Filipinas,Capital Nacional,
44316,TRANSFER,10/8/2016 21:31,PROCESSING,5598,Ajman,Emiratos Árabes Unidos,Ajmán,
27647,TRANSFER,2/8/2016 13:37,PROCESSING,1067,Zhuhai,China,Guangdong,
24878,TRANSFER,12/30/2015 3:31,PROCESSING,8681,Bucheon,Corea del Sur,Gyeonggi,
42152,TRANSFER,9/7/2016 7:22,PROCESSING,10884,Bursa,Turquía,Bursa,
46401,TRANSFER,11/8/2016 7:59,PROCESSING,8850,Estambul,Turquía,Estambul,
20929,TRANSFER,11/2/2015 12:00,PROCESSING,8747,Manila,Filipinas,Capital Nacional,
48844,TRANSFER,12/13/2016 23:52,PROCESSING,5316,Astaná,Kazajistán,Astaná,
22481,TRANSFER,11/25/2015 3:44,PROCESSING,5821,Guangzhou,China,Guangdong,
30713,TRANSFER,3/24/2016 7:46,PROCESSING,1801,Lismore,Australia,Nueva Gales del Sur,
31018,TRANSFER,3/28/2016 18:38,PROCESSING,4627,Nelson,Nueva Zelanda,Nelson,
27005,TRANSFER,1/30/2016 4:42,PROCESSING,11357,Lahore,Pakistán,Punyab,
75796,CASH,1/11/2018 10:21,CLOSED,19349,Hobart,Australia,Tasmania,
75795,DEBIT,1/11/2018 10:00,COMPLETE,19348,Hobart,Australia,Tasmania,
75794,CASH,1/11/2018 9:39,CLOSED,19347,Hobart,Australia,Tasmania,
75793,PAYMENT,1/11/2018 9:18,PENDING_PAYMENT,19346,Yichun,China,Jiangxi,
75792,PAYMENT,1/11/2018 8:57,PENDING_PAYMENT,19345,Daqing,China,Heilongjiang,
75791,TRANSFER,1/11/2018 8:36,PENDING,19344,Daqing,China,Heilongjiang,
75790,TRANSFER,1/11/2018 8:15,PROCESSING,19343,Daqing,China,Heilongjiang,
75789,TRANSFER,1/11/2018 7:54,PROCESSING,19342,Daqing,China,Heilongjiang,
75788,TRANSFER,1/11/2018 7:33,PENDING,19341,Daqing,China,Heilongjiang,
75787,CASH,1/11/2018 7:12,CLOSED,19340,Daqing,China,Heilongjiang,
75786,TRANSFER,1/11/2018 6:51,PROCESSING,19339,Solapur,India,Maharashtra,
75785,DEBIT,1/11/2018 6:30,COMPLETE,19338,Solapur,India,Maharashtra,
75784,PAYMENT,1/11/2018 6:09,PENDING_PAYMENT,19337,Solapur,India,Maharashtra,
75783,DEBIT,1/11/2018 5:48,COMPLETE,19336,Chongqing,China,Chongqing,
75782,DEBIT,1/11/2018 5:27,ON_HOLD,19335,Perth,Australia,Australia Occidental,
75781,PAYMENT,1/11/2018 5:06,PENDING_PAYMENT,19334,Perth,Australia,Australia Occidental,
75780,TRANSFER,1/11/2018 4:45,CANCELED,19333,Perth,Australia,Australia Occidental,
75779,DEBIT,1/11/2018 4:24,COMPLETE,19332,Perth,Australia,Australia Occidental,
75778,DEBIT,1/11/2018 4:03,ON_HOLD,19331,Zhaoqing,China,Guangdong,
75777,DEBIT,1/11/2018 3:42,COMPLETE,19330,Caloocan,Filipinas,Capital Nacional,
75776,DEBIT,1/11/2018 3:21,COMPLETE,19329,Tegal,Indonesia,Java Central,
75775,DEBIT,1/11/2018 3:00,COMPLETE,19328,Suzhou,China,Gansu,
75774,DEBIT,1/11/2018 2:39,COMPLETE,19327,Chongqing,China,Chongqing,
75773,CASH,1/11/2018 2:18,CLOSED,19326,Medan,Indonesia,Sumatra Septentrional,
75772,PAYMENT,1/11/2018 1:57,PENDING_PAYMENT,19325,Adelaide,Australia,Australia del Sur,
75771,TRANSFER,1/11/2018 1:36,PENDING,19324,Manila,Filipinas,Capital Nacional,
75770,TRANSFER,1/11/2018 1:15,PENDING,19323,Toowoomba,Australia,Queensland,
75769,DEBIT,1/11/2018 0:54,COMPLETE,19322,Toowoomba,Australia,Queensland,
75768,DEBIT,1/11/2018 0:33,COMPLETE,19321,Bihar Sharif,India,Bihar,
75767,TRANSFER,1/11/2018 0:12,PROCESSING,19320,Pune,India,Maharashtra,
75766,PAYMENT,1/10/2018 23:51,PENDING_PAYMENT,19319,Semarang,Indonesia,Java Central,
75765,DEBIT,1/10/2018 23:30,COMPLETE,19318,Semarang,Indonesia,Java Central,
75764,DEBIT,1/10/2018 23:09,ON_HOLD,19317,Taixing,China,Jiangsu,
75763,CASH,1/10/2018 22:48,CLOSED,19316,Taixing,China,Jiangsu,
75762,DEBIT,1/10/2018 22:27,ON_HOLD,19315,Sydney,Australia,Nueva Gales del Sur,
75761,PAYMENT,1/10/2018 22:06,PENDING_PAYMENT,19314,Canberra,Australia,Territorio de la Capital Australiana,
75760,DEBIT,1/10/2018 21:45,COMPLETE,19313,Mackay,Australia,Queensland,
75759,DEBIT,1/10/2018 21:24,ON_HOLD,19312,Mackay,Australia,Queensland,
75758,DEBIT,1/10/2018 21:03,COMPLETE,19311,Mackay,Australia,Queensland,
75757,PAYMENT,1/10/2018 20:42,PENDING_PAYMENT,19310,Mackay,Australia,Queensland,
75756,DEBIT,1/10/2018 20:21,COMPLETE,19309,Mackay,Australia,Queensland,
75755,PAYMENT,1/10/2018 20:00,PENDING_PAYMENT,19308,Mackay,Australia,Queensland,
75754,DEBIT,1/10/2018 19:39,ON_HOLD,19307,Mackay,Australia,Queensland,
75753,TRANSFER,1/10/2018 19:17,PROCESSING,19306,Adelaide,Australia,Australia del Sur,
75752,TRANSFER,1/10/2018 18:56,PROCESSING,19305,Adelaide,Australia,Australia del Sur,
75751,PAYMENT,1/10/2018 18:35,PENDING_PAYMENT,19304,Rangún,Myanmar (Birmania),Rangún,
75750,CASH,1/10/2018 18:14,CLOSED,19303,Caloundra,Australia,Queensland,
75749,TRANSFER,1/10/2018 17:53,SUSPECTED_FRAUD,19302,Newcastle,Australia,Nueva Gales del Sur,
75748,TRANSFER,1/10/2018 17:32,PENDING,19301,Gold Coast,Australia,Queensland,
75747,PAYMENT,1/10/2018 17:11,PENDING_PAYMENT,19300,Delhi,India,Delhi,
75746,DEBIT,1/10/2018 16:50,COMPLETE,19299,Manado,Indonesia,Célebes Septentrional,
75745,CASH,1/10/2018 16:29,CLOSED,19298,Jiangyan,China,Jiangsu,
75744,TRANSFER,1/10/2018 16:08,PROCESSING,19297,Jiangyan,China,Jiangsu,
75743,PAYMENT,1/10/2018 15:47,PENDING_PAYMENT,19296,Jiangyan,China,Jiangsu,
75742,TRANSFER,1/10/2018 15:26,SUSPECTED_FRAUD,19295,Jiangyan,China,Jiangsu,
75741,PAYMENT,1/10/2018 15:05,PENDING_PAYMENT,19294,Sydney,Australia,Nueva Gales del Sur,
75740,TRANSFER,1/10/2018 14:44,PROCESSING,19293,Sydney,Australia,Nueva Gales del Sur,
75739,DEBIT,1/10/2018 14:23,COMPLETE,19292,Melbourne,Australia,Victoria,
75738,PAYMENT,1/10/2018 14:02,PENDING_PAYMENT,19291,Mardan,Pakistán,Jaiber Pajtunjuá,
75737,TRANSFER,1/10/2018 13:41,PROCESSING,19290,Mardan,Pakistán,Jaiber Pajtunjuá,
75736,DEBIT,1/10/2018 13:20,COMPLETE,19289,Newcastle,Australia,Nueva Gales del Sur,
75735,CASH,1/10/2018 12:59,CLOSED,19288,Newcastle,Australia,Nueva Gales del Sur,
75734,DEBIT,1/10/2018 12:38,COMPLETE,19287,Xinzhou,China,Shanxi,
75733,DEBIT,1/10/2018 12:17,COMPLETE,19286,Nanchong,China,Sichuan,
75732,TRANSFER,1/10/2018 11:56,PENDING,19285,Nom Pen,Camboya,Nom Pen,
75731,PAYMENT,1/10/2018 11:35,PENDING_PAYMENT,19284,Bandung,Indonesia,Java Occidental,
75730,PAYMENT,1/10/2018 11:14,PENDING_PAYMENT,19283,Bandung,Indonesia,Java Occidental,
75729,TRANSFER,1/10/2018 10:53,CANCELED,19282,Bandung,Indonesia,Java Occidental,
73221,PAYMENT,12/4/2017 20:13,PENDING_PAYMENT,16774,Patna,India,Bihar,
73220,TRANSFER,12/4/2017 19:52,PROCESSING,16773,Patna,India,Bihar,
73219,DEBIT,12/4/2017 19:31,COMPLETE,16772,Patna,India,Bihar,
73218,TRANSFER,12/4/2017 19:10,PENDING,16771,Patna,India,Bihar,
73217,PAYMENT,12/4/2017 18:49,PENDING_PAYMENT,16770,Patna,India,Bihar,
73216,TRANSFER,12/4/2017 18:28,PENDING,16769,Patna,India,Bihar,
73215,PAYMENT,12/4/2017 18:07,PENDING_PAYMENT,16768,Patna,India,Bihar,
73214,TRANSFER,12/4/2017 17:46,PROCESSING,16767,Patna,India,Bihar,
73213,DEBIT,12/4/2017 17:25,ON_HOLD,16766,Sydney,Australia,Nueva Gales del Sur,
73212,TRANSFER,12/4/2017 17:04,PENDING,16765,Faridabad,India,Haryana,
73211,DEBIT,12/4/2017 16:43,COMPLETE,16764,Faridabad,India,Haryana,
73210,TRANSFER,12/4/2017 16:22,PROCESSING,16763,Bangkok,Tailandia,Bangkok,
73209,DEBIT,12/4/2017 16:01,COMPLETE,16762,Adelaide,Australia,Australia del Sur,
73208,PAYMENT,12/4/2017 15:40,PENDING_PAYMENT,16761,Adelaide,Australia,Australia del Sur,
73207,PAYMENT,12/4/2017 15:19,PAYMENT_REVIEW,16760,Adelaide,Australia,Australia del Sur,
73206,DEBIT,12/4/2017 14:58,COMPLETE,16759,Lahore,Pakistán,Punyab,
73205,CASH,12/4/2017 14:37,CLOSED,16758,Yakarta,Indonesia,Yakarta,
73204,DEBIT,12/4/2017 14:16,COMPLETE,16757,Yakarta,Indonesia,Yakarta,
73203,DEBIT,12/4/2017 13:55,COMPLETE,16756,Yakarta,Indonesia,Yakarta,
73202,CASH,12/4/2017 13:34,CLOSED,16755,Yakarta,Indonesia,Yakarta,
73201,DEBIT,12/4/2017 13:13,COMPLETE,16754,Semarang,Indonesia,Java Central,
73200,DEBIT,12/4/2017 12:52,COMPLETE,16753,Semarang,Indonesia,Java Central,
73199,TRANSFER,12/4/2017 12:31,PENDING,16752,Ulan Bator,Mongolia,Ulán Bator,
73198,TRANSFER,12/4/2017 12:10,PENDING,16751,Maryborough,Australia,Queensland,
73197,PAYMENT,12/4/2017 11:49,PENDING_PAYMENT,16750,Pekín,China,Pekín,
73196,DEBIT,12/4/2017 11:28,COMPLETE,16749,Thane,India,Maharashtra,
73195,PAYMENT,12/4/2017 11:07,PENDING_PAYMENT,16748,Thane,India,Maharashtra,
73194,DEBIT,12/4/2017 10:46,COMPLETE,16747,Sydney,Australia,Nueva Gales del Sur,
73193,PAYMENT,12/4/2017 10:25,PENDING_PAYMENT,16746,Rangún,Myanmar (Birmania),Rangún,
73192,DEBIT,12/4/2017 10:04,COMPLETE,16745,Rangún,Myanmar (Birmania),Rangún,
73191,CASH,12/4/2017 9:43,CLOSED,16744,Rangún,Myanmar (Birmania),Rangún,
73190,DEBIT,12/4/2017 9:22,COMPLETE,16743,Rangún,Myanmar (Birmania),Rangún,
73189,TRANSFER,12/4/2017 9:00,PROCESSING,16742,Rangún,Myanmar (Birmania),Rangún,
73188,CASH,12/4/2017 8:39,CLOSED,16741,Rangún,Myanmar (Birmania),Rangún,
73187,DEBIT,12/4/2017 8:18,COMPLETE,16740,Yakarta,Indonesia,Yakarta,
73186,TRANSFER,12/4/2017 7:57,SUSPECTED_FRAUD,16739,Yakarta,Indonesia,Yakarta,
73185,TRANSFER,12/4/2017 7:36,PROCESSING,16738,Huangshan,China,Anhui,
73184,DEBIT,12/4/2017 7:15,COMPLETE,16737,Rangún,Myanmar (Birmania),Rangún,
73183,PAYMENT,12/4/2017 6:54,PENDING_PAYMENT,16736,Rangún,Myanmar (Birmania),Rangún,
73182,DEBIT,12/4/2017 6:33,COMPLETE,16735,Seúl,Corea del Sur,Seúl,
73181,CASH,12/4/2017 6:12,CLOSED,16734,Valenzuela,Filipinas,Capital Nacional,
73180,DEBIT,12/4/2017 5:51,COMPLETE,16733,Valenzuela,Filipinas,Capital Nacional,
73179,TRANSFER,12/4/2017 5:30,PROCESSING,16732,Valenzuela,Filipinas,Capital Nacional,
73178,DEBIT,12/4/2017 5:09,COMPLETE,16731,Hubli,India,Karnataka,
73177,CASH,12/4/2017 4:48,CLOSED,16730,Hubli,India,Karnataka,
73176,PAYMENT,12/4/2017 4:27,PAYMENT_REVIEW,16729,Kwinana,Australia,Australia Occidental,
73175,TRANSFER,12/4/2017 4:06,PROCESSING,16728,Kwinana,Australia,Australia Occidental,
73174,TRANSFER,12/4/2017 3:45,SUSPECTED_FRAUD,16727,Kwinana,Australia,Australia Occidental,
73173,DEBIT,12/4/2017 3:24,ON_HOLD,16726,Madurai,India,Tamil Nadu,
73172,CASH,12/4/2017 3:03,CLOSED,16725,Qingdao,China,Shandong,
73171,DEBIT,12/4/2017 2:42,COMPLETE,16724,Yakarta,Indonesia,Yakarta,
73170,PAYMENT,12/4/2017 2:21,PENDING_PAYMENT,16723,Surabaya,Indonesia,Java Oriental,
73169,PAYMENT,12/4/2017 2:00,PENDING_PAYMENT,16722,Manila,Filipinas,Capital Nacional,
73168,TRANSFER,12/4/2017 1:39,CANCELED,16721,Manila,Filipinas,Capital Nacional,
73167,DEBIT,12/4/2017 1:18,COMPLETE,16720,Manila,Filipinas,Capital Nacional,
73166,CASH,12/4/2017 0:57,CLOSED,16719,Manila,Filipinas,Capital Nacional,
73165,TRANSFER,12/4/2017 0:36,PROCESSING,16718,Manila,Filipinas,Capital Nacional,
73164,DEBIT,12/4/2017 0:15,COMPLETE,16717,Adelaide,Australia,Australia del Sur,
73163,CASH,12/3/2017 23:54,CLOSED,16716,Adelaide,Australia,Australia del Sur,
73162,DEBIT,12/3/2017 23:33,COMPLETE,16715,Adelaide,Australia,Australia del Sur,
73161,TRANSFER,12/3/2017 23:12,PENDING,16714,Adelaide,Australia,Australia del Sur,
73160,CASH,12/3/2017 22:51,CLOSED,16713,Wenzhou,China,Zhejiang,
73159,DEBIT,12/3/2017 22:30,COMPLETE,16712,Wenzhou,China,Zhejiang,
73158,DEBIT,12/3/2017 22:09,COMPLETE,16711,Yakarta,Indonesia,Yakarta,
73157,TRANSFER,12/3/2017 21:48,PROCESSING,16710,Ho Chi Minh City,Vietnam,Ciudad Ho Chi Minh,
73156,TRANSFER,12/3/2017 21:27,PENDING,16709,Ho Chi Minh City,Vietnam,Ciudad Ho Chi Minh,
73155,DEBIT,12/3/2017 21:06,COMPLETE,16708,Ho Chi Minh City,Vietnam,Ciudad Ho Chi Minh,
73154,DEBIT,12/3/2017 20:45,ON_HOLD,16707,Ho Chi Minh City,Vietnam,Ciudad Ho Chi Minh,
73153,DEBIT,12/3/2017 20:24,ON_HOLD,16706,Ho Chi Minh City,Vietnam,Ciudad Ho Chi Minh,
73152,DEBIT,12/3/2017 20:03,COMPLETE,16705,Suzhou,China,Jiangsu,
73151,TRANSFER,12/3/2017 19:42,PROCESSING,16704,Suzhou,China,Jiangsu,
73150,CASH,12/3/2017 19:21,CLOSED,16703,Ho Chi Minh City,Vietnam,Ciudad Ho Chi Minh,
73149,PAYMENT,12/3/2017 19:00,PENDING_PAYMENT,16702,Ho Chi Minh City,Vietnam,Ciudad Ho Chi Minh,
73148,DEBIT,12/3/2017 18:39,COMPLETE,16701,Chengdu,China,Sichuan,
73147,PAYMENT,12/3/2017 18:18,PENDING_PAYMENT,16700,Huadian,China,Jilin,
73146,TRANSFER,12/3/2017 17:57,PROCESSING,16699,Rangún,Myanmar (Birmania),Rangún,
73145,TRANSFER,12/3/2017 17:36,PROCESSING,16698,Newcastle,Australia,Nueva Gales del Sur,
73144,DEBIT,12/3/2017 17:15,ON_HOLD,16697,Fatehpur,India,Rajastán,
73143,TRANSFER,12/3/2017 16:54,PENDING,16696,Fatehpur,India,Rajastán,
73142,DEBIT,12/3/2017 16:33,COMPLETE,16695,Yancheng,China,Jiangsu,
73141,PAYMENT,12/3/2017 16:11,PENDING_PAYMENT,16694,Yancheng,China,Jiangsu,
73140,DEBIT,12/3/2017 15:50,COMPLETE,16693,Yancheng,China,Jiangsu,
73139,CASH,12/3/2017 15:29,CLOSED,16692,Kediri,Indonesia,Java Oriental,
73138,DEBIT,12/3/2017 15:08,COMPLETE,16691,Coffs Harbour,Australia,Nueva Gales del Sur,
73137,TRANSFER,12/3/2017 14:47,SUSPECTED_FRAUD,16690,Surakarta,Indonesia,Java Central,
73136,PAYMENT,12/3/2017 14:26,PENDING_PAYMENT,16689,Surakarta,Indonesia,Java Central,
73135,TRANSFER,12/3/2017 14:05,SUSPECTED_FRAUD,16688,Singapur,Singapur,Singapur,
73134,TRANSFER,12/3/2017 13:44,PENDING,16687,Singapur,Singapur,Singapur,
73133,DEBIT,12/3/2017 13:23,COMPLETE,16686,Shenzhen,China,Guangdong,
73132,TRANSFER,12/3/2017 13:02,SUSPECTED_FRAUD,16685,Shenzhen,China,Guangdong,
73131,PAYMENT,12/3/2017 12:41,PENDING_PAYMENT,16684,Shenzhen,China,Guangdong,
73130,DEBIT,12/3/2017 12:20,COMPLETE,16683,Yakarta,Indonesia,Yakarta,
73129,TRANSFER,12/3/2017 11:59,PROCESSING,16682,Yakarta,Indonesia,Yakarta,
73128,TRANSFER,12/3/2017 11:38,PENDING,16681,Yakarta,Indonesia,Yakarta,
73127,DEBIT,12/3/2017 11:17,COMPLETE,16680,Canberra,Australia,Territorio de la Capital Australiana,
73126,DEBIT,12/3/2017 10:56,COMPLETE,16679,Bacoor,Filipinas,Calabarzón,
73125,DEBIT,12/3/2017 10:35,ON_HOLD,16678,Thane,India,Maharashtra,
73124,DEBIT,12/3/2017 10:14,COMPLETE,16677,Thane,India,Maharashtra,
73123,PAYMENT,12/3/2017 9:53,PENDING_PAYMENT,16676,Bundaberg,Australia,Queensland,
73122,DEBIT,12/3/2017 9:32,COMPLETE,16675,Perth,Australia,Australia Occidental,
73121,CASH,12/3/2017 9:11,CLOSED,16674,Ipoh,Malasia,Perak,
73120,DEBIT,12/3/2017 8:50,ON_HOLD,16673,Tongchuan,China,Sichuan,
73119,PAYMENT,12/3/2017 8:29,PENDING_PAYMENT,16672,Goyang,Corea del Sur,Gyeonggi,
73118,TRANSFER,12/3/2017 8:08,PENDING,16671,Goyang,Corea del Sur,Gyeonggi,
73117,DEBIT,12/3/2017 7:47,COMPLETE,16670,Goyang,Corea del Sur,Gyeonggi,
73116,DEBIT,12/3/2017 7:26,COMPLETE,16669,Singapur,Singapur,Singapur,
73115,DEBIT,12/3/2017 7:05,COMPLETE,16668,Depok,Indonesia,Yogyakarta,
73114,DEBIT,12/3/2017 6:44,ON_HOLD,16667,Depok,Indonesia,Yogyakarta,
73113,DEBIT,12/3/2017 6:23,COMPLETE,16666,Depok,Indonesia,Yogyakarta,
73112,PAYMENT,12/3/2017 6:02,PENDING_PAYMENT,16665,Depok,Indonesia,Yogyakarta,
73111,DEBIT,12/3/2017 5:41,COMPLETE,16664,Depok,Indonesia,Yogyakarta,
73110,DEBIT,12/3/2017 5:20,COMPLETE,16663,Pasig,Filipinas,Capital Nacional,
73109,TRANSFER,12/3/2017 4:59,PROCESSING,16662,Pasig,Filipinas,Capital Nacional,
73108,PAYMENT,12/3/2017 4:38,PENDING_PAYMENT,16661,Surabaya,Indonesia,Java Oriental,
73107,PAYMENT,12/3/2017 4:17,PENDING_PAYMENT,16660,Surabaya,Indonesia,Java Oriental,
73106,DEBIT,12/3/2017 3:56,ON_HOLD,16659,Lahore,Pakistán,Punyab,
73105,TRANSFER,12/3/2017 3:35,CANCELED,16658,Lahore,Pakistán,Punyab,
73104,PAYMENT,12/3/2017 3:14,PAYMENT_REVIEW,16657,Geelong,Australia,Victoria,
73103,DEBIT,12/3/2017 2:53,COMPLETE,16656,Geelong,Australia,Victoria,
73102,DEBIT,12/3/2017 2:32,COMPLETE,16655,Ichalkaranji,India,Maharashtra,
73101,TRANSFER,12/3/2017 2:11,PROCESSING,16654,Palembang,Indonesia,Sumatra Meridional,
73100,TRANSFER,12/3/2017 1:50,PENDING,16653,Kota,India,Rajastán,
73099,TRANSFER,12/3/2017 1:29,PENDING,16652,Newcastle,Australia,Nueva Gales del Sur,
73098,DEBIT,12/3/2017 1:08,COMPLETE,16651,Newcastle,Australia,Nueva Gales del Sur,
73097,TRANSFER,12/3/2017 0:47,PENDING,16650,Newcastle,Australia,Nueva Gales del Sur,
6783,PAYMENT,4/10/2015 0:02,PENDING_PAYMENT,10759,Tegucigalpa,Honduras,Francisco Morazán,
4135,PAYMENT,3/2/2015 8:19,PENDING_PAYMENT,10041,Managua,Nicaragua,Managua,
4135,PAYMENT,3/2/2015 8:19,PENDING_PAYMENT,10041,Managua,Nicaragua,Managua,
56973,PAYMENT,4/11/2017 15:49,PENDING_PAYMENT,8541,Juazeiro,Brasil,Bahía,
5895,PAYMENT,3/28/2015 0:55,PENDING_PAYMENT,8707,Petapa,Guatemala,Guatemala,
56357,PAYMENT,4/2/2017 16:01,PENDING_PAYMENT,6268,São Bernardo do Campo,Brasil,São Paulo,
6326,PAYMENT,4/3/2015 7:55,PENDING_PAYMENT,6636,San Martín,El Salvador,Cuscatlán,
3975,PAYMENT,2/28/2015 0:16,PENDING_PAYMENT,7468,San Salvador,El Salvador,San Salvador,
8163,PAYMENT,4/30/2015 3:30,PENDING_PAYMENT,10588,Lima,Perú,Lima (ciudad),
53413,PAYMENT,2/18/2017 16:36,PENDING_PAYMENT,376,Dos Quebradas,Colombia,Risaralda,
53202,PAYMENT,2/15/2017 14:40,PENDING_PAYMENT,5007,Irapuato,México,Guanajuato,
3987,PAYMENT,2/28/2015 4:28,PENDING_PAYMENT,6280,Santo Domingo,República Dominicana,Santo Domingo,
8578,PAYMENT,5/6/2015 4:54,PENDING_PAYMENT,1989,Ocotlán,México,Jalisco,
55906,PAYMENT,3/27/2017 2:00,PENDING_PAYMENT,633,Mexico City,México,Distrito Federal,
10164,PAYMENT,5/29/2015 8:33,PENDING_PAYMENT,146,Presidente Dutra,Brasil,Marañón,
58239,PAYMENT,4/30/2017 3:21,PENDING_PAYMENT,10166,Santo Domingo,República Dominicana,Santo Domingo,
3975,PAYMENT,2/28/2015 0:16,PENDING_PAYMENT,7468,San Salvador,El Salvador,San Salvador,
54128,PAYMENT,3/1/2017 3:05,PENDING_PAYMENT,8986,Mauá,Brasil,São Paulo,
54128,PAYMENT,3/1/2017 3:05,PENDING_PAYMENT,8986,Mauá,Brasil,São Paulo,
5042,PAYMENT,3/15/2015 14:05,PENDING_PAYMENT,2339,São Paulo,Brasil,São Paulo,
51298,PAYMENT,1/18/2017 19:37,PENDING_PAYMENT,9272,São Paulo,Brasil,São Paulo,
31115,PAYMENT,3/30/2016 4:37,PENDING_PAYMENT,639,Murray Bridge,Australia,Australia del Sur,
27099,PAYMENT,1/31/2016 13:38,PENDING_PAYMENT,6489,Newcastle,Australia,Nueva Gales del Sur,
22924,PAYMENT,12/1/2015 14:56,PENDING_PAYMENT,9704,Ho Chi Minh City,Vietnam,Ciudad Ho Chi Minh,
45772,PAYMENT,10/30/2016 3:37,PENDING_PAYMENT,7955,Qom,Irán,Qom,
31239,PAYMENT,4/1/2016 0:03,PENDING_PAYMENT,5564,Manukau City,Nueva Zelanda,Auckland,
28193,PAYMENT,2/16/2016 12:54,PENDING_PAYMENT,10013,Lismore,Australia,Nueva Gales del Sur,
30921,PAYMENT,3/27/2016 8:39,PENDING_PAYMENT,12223,Christchurch,Nueva Zelanda,Canterbury,
20529,PAYMENT,10/27/2015 15:52,PENDING_PAYMENT,4497,Kabul,Afganistán,Kabul,
24661,PAYMENT,12/26/2015 23:29,PENDING_PAYMENT,5728,Melbourne,Australia,Victoria,
24661,PAYMENT,12/26/2015 23:29,PENDING_PAYMENT,5728,Melbourne,Australia,Victoria,
31697,PAYMENT,4/7/2016 16:31,PENDING_PAYMENT,1575,Houston,Estados Unidos,Texas,77036.0
37276,PAYMENT,6/28/2016 3:05,PENDING_PAYMENT,5820,Tulsa,Estados Unidos,Oklahoma,74133.0
37180,PAYMENT,6/26/2016 17:27,PENDING_PAYMENT,8608,San Francisco,Estados Unidos,California,94109.0
40645,PAYMENT,8/16/2016 7:24,PENDING_PAYMENT,3104,Moreno Valley,Estados Unidos,California,92553.0
34631,PAYMENT,5/20/2016 12:25,PENDING_PAYMENT,47,Oakland,Estados Unidos,California,94601.0
31905,PAYMENT,4/10/2016 17:23,PENDING_PAYMENT,7060,Philadelphia,Estados Unidos,Pensilvania,19134.0
46951,PAYMENT,11/16/2016 8:40,PAYMENT_REVIEW,6408,Zaria,Nigeria,Kaduna,
46725,PAYMENT,11/13/2016 1:29,PENDING_PAYMENT,2431,Kinshasa,República Democrática del Congo,Kinshasa,
45198,PAYMENT,10/21/2016 18:31,PENDING_PAYMENT,6497,Luanda,Angola,Luanda,
45418,PAYMENT,10/24/2016 23:35,PENDING_PAYMENT,9011,Kampala,Uganda,Kampala,
45198,PAYMENT,10/21/2016 18:31,PENDING_PAYMENT,6497,Luanda,Angola,Luanda,
42920,PAYMENT,9/18/2016 12:26,PENDING_PAYMENT,716,Port Harcourt,Nigeria,Ríos,
44485,PAYMENT,10/11/2016 8:43,PENDING_PAYMENT,7393,Johannesburg,SudAfrica,Gauteng,
50213,PAYMENT,1/2/2017 23:30,PENDING_PAYMENT,3405,Minna,Nigeria,Níger,
48622,PAYMENT,12/10/2016 18:06,PENDING_PAYMENT,3150,Kinshasa,República Democrática del Congo,Kinshasa,
49172,PAYMENT,12/18/2016 18:47,PENDING_PAYMENT,7687,Constantina,Argelia,Constantina,
46907,PAYMENT,11/15/2016 17:15,PENDING_PAYMENT,2324,Abakaliki,Nigeria,Ebonyi,
44485,PAYMENT,10/11/2016 8:43,PENDING_PAYMENT,7393,Johannesburg,SudAfrica,Gauteng,
44027,PAYMENT,10/4/2016 16:16,PENDING_PAYMENT,4594,Kano,Nigeria,Kano,
43976,PAYMENT,10/3/2016 22:24,PENDING_PAYMENT,1171,Stellenbosch,SudAfrica,Cabo Occidental,
41404,PAYMENT,8/27/2016 9:18,PENDING_PAYMENT,2851,Casablanca,Marruecos,Gran Casablanca,
46725,PAYMENT,11/13/2016 1:29,PENDING_PAYMENT,2431,Kinshasa,República Democrática del Congo,Kinshasa,
41442,PAYMENT,8/27/2016 22:37,PENDING_PAYMENT,223,Abu Kabir,Egipto,Ash Sharqiyah,
41640,PAYMENT,8/30/2016 19:59,PENDING_PAYMENT,9189,Tangier,Marruecos,Tánger-Tetuán,
50000,PAYMENT,12/30/2016 20:52,PENDING_PAYMENT,6827,Maseru,Lesoto,Maseru,
47908,PAYMENT,11/30/2016 7:57,PENDING_PAYMENT,6944,Dakar,Senegal,Dakar,
44485,PAYMENT,10/11/2016 8:43,PENDING_PAYMENT,7393,Johannesburg,SudAfrica,Gauteng,
41322,PAYMENT,8/26/2016 4:35,PENDING_PAYMENT,2924,Soweto,SudAfrica,Gauteng,
50419,PAYMENT,1/5/2017 23:40,PENDING_PAYMENT,3546,Antananarivo,Madagascar,Analamanga,
50364,PAYMENT,1/5/2017 4:24,PENDING_PAYMENT,9082,Lagos,Nigeria,Lagos,
42920,PAYMENT,9/18/2016 12:26,PENDING_PAYMENT,716,Port Harcourt,Nigeria,Ríos,
47908,PAYMENT,11/30/2016 7:57,PENDING_PAYMENT,6944,Dakar,Senegal,Dakar,
46907,PAYMENT,11/15/2016 17:15,PENDING_PAYMENT,2324,Abakaliki,Nigeria,Ebonyi,
42712,PAYMENT,9/15/2016 11:33,PENDING_PAYMENT,11782,Antananarivo,Madagascar,Analamanga,
51110,PAYMENT,1/16/2017 1:45,PENDING_PAYMENT,8511,Dar es Salaam,Tanzania,Dar es Salaam,
41404,PAYMENT,8/27/2016 9:18,PENDING_PAYMENT,2851,Casablanca,Marruecos,Gran Casablanca,
44485,PAYMENT,10/11/2016 8:43,PENDING_PAYMENT,7393,Johannesburg,SudAfrica,Gauteng,
45418,PAYMENT,10/24/2016 23:35,PENDING_PAYMENT,9011,Kampala,Uganda,Kampala,
45418,PAYMENT,10/24/2016 23:35,PENDING_PAYMENT,9011,Kampala,Uganda,Kampala,
70617,PAYMENT,10/27/2017 19:55,PAYMENT_REVIEW,14170,Fontenay-aux-Roses,Francia,Isla de Francia,
64559,PAYMENT,7/31/2017 9:32,PAYMENT_REVIEW,10366,Badalona,España,Cataluña,
64559,PAYMENT,7/31/2017 9:32,PAYMENT_REVIEW,10366,Badalona,España,Cataluña,
64775,PAYMENT,8/3/2017 13:13,PAYMENT_REVIEW,5576,Gothenburg,Suecia,Västra Götaland,
67147,PAYMENT,9/7/2017 4:14,PAYMENT_REVIEW,412,Glasgow,Reino Unido,Escocia,
11338,PAYMENT,6/15/2015 11:51,PAYMENT_REVIEW,8697,Viersen,Alemania,Renania del Norte-Westfalia,
11338,PAYMENT,6/15/2015 11:51,PAYMENT_REVIEW,8697,Viersen,Alemania,Renania del Norte-Westfalia,
69160,PAYMENT,10/6/2017 13:28,PAYMENT_REVIEW,12713,Turku,Finlandia,Finlandia del Sudoeste,
69830,PAYMENT,10/16/2017 8:12,PENDING_PAYMENT,13383,Estocolmo,Suecia,Estocolmo,
71131,PAYMENT,11/4/2017 8:00,PENDING_PAYMENT,14684,Monza,Italia,Lombardía,
69559,PAYMENT,10/12/2017 9:15,PENDING_PAYMENT,13112,Swindon,Reino Unido,Inglaterra,
69685,PAYMENT,10/14/2017 5:24,PENDING_PAYMENT,13238,Brest,Francia,Bretaña,
69683,PAYMENT,10/14/2017 4:42,PENDING_PAYMENT,13236,Le Chesnay,Francia,Isla de Francia,
69841,PAYMENT,10/16/2017 12:03,PENDING_PAYMENT,13394,Malakoff,Francia,Isla de Francia,
70978,PAYMENT,11/2/2017 2:24,PENDING_PAYMENT,14531,Valladolid,España,Castilla y León,
69478,PAYMENT,10/11/2017 4:53,PENDING_PAYMENT,13031,Sevran,Francia,Isla de Francia,
69711,PAYMENT,10/14/2017 14:31,PENDING_PAYMENT,13264,Utrecht,Países Bajos,Utrecht,
70746,PAYMENT,10/29/2017 17:07,PENDING_PAYMENT,14299,Madrid,España,Madrid,
69476,PAYMENT,10/11/2017 4:11,PENDING_PAYMENT,13029,Vincennes,Francia,Isla de Francia,
69943,PAYMENT,10/17/2017 23:47,PENDING_PAYMENT,13496,Berlín,Alemania,Berlín,
69817,PAYMENT,10/16/2017 3:39,PENDING_PAYMENT,13370,The Hague,Países Bajos,Holanda Meridional,
69655,PAYMENT,10/13/2017 18:53,PENDING_PAYMENT,13208,Caen,Francia,Normandía,
70744,PAYMENT,10/29/2017 16:25,PENDING_PAYMENT,14297,Nieuwegein,Países Bajos,Utrecht,
67718,PAYMENT,9/15/2017 12:16,PENDING_PAYMENT,1673,Darton,Reino Unido,Inglaterra,
62545,PAYMENT,7/1/2017 23:56,PENDING_PAYMENT,450,Northampton,Reino Unido,Inglaterra,
65704,PAYMENT,8/17/2017 2:41,PENDING_PAYMENT,3605,Halle,Alemania,Renania del Norte-Westfalia,
46064,PAYMENT,11/3/2016 9:55,PENDING_PAYMENT,6980,Dniprodzerzhyns'k,Ucrania,Dnipropetrovsk,
10764,PAYMENT,6/7/2015 2:45,PENDING_PAYMENT,2927,The Hague,Países Bajos,Holanda Meridional,
67322,PAYMENT,9/9/2017 17:32,PENDING_PAYMENT,6980,Roissy-en-Brie,Francia,Isla de Francia,
17506,PAYMENT,9/13/2015 12:46,PENDING_PAYMENT,9876,Brive-la-Gaillarde,Francia,Aquitania-Lemosín-Poitou-Charentes,
63190,PAYMENT,7/11/2017 9:55,PENDING_PAYMENT,2240,Turin,Italia,Piamonte,
20152,PAYMENT,10/22/2015 3:47,PENDING_PAYMENT,11784,Le Petit-Quevilly,Francia,Normandía,
62545,PAYMENT,7/1/2017 23:56,PENDING_PAYMENT,450,Northampton,Reino Unido,Inglaterra,
16499,PAYMENT,8/29/2015 19:59,PENDING_PAYMENT,5447,Trier,Alemania,Renania-Palatinado,
44721,PAYMENT,10/14/2016 19:24,PENDING_PAYMENT,9854,Gdansk,Polonia,Pomerania,
17755,PAYMENT,9/17/2015 4:01,PENDING_PAYMENT,8380,Perugia,Italia,Umbría,
17055,PAYMENT,9/6/2015 22:46,PENDING_PAYMENT,5456,London,Reino Unido,Inglaterra,
68546,PAYMENT,9/27/2017 14:22,PENDING_PAYMENT,6405,Badalona,España,Cataluña,
70380,PAYMENT,10/24/2017 8:53,PENDING_PAYMENT,13933,Munich,Alemania,Bavaria,
71164,PAYMENT,11/4/2017 19:34,PENDING_PAYMENT,14717,Rouen,Francia,Normandía,
19035,PAYMENT,10/5/2015 20:27,PENDING_PAYMENT,10679,Velbert,Alemania,Renania del Norte-Westfalia,
17829,PAYMENT,9/18/2015 5:56,PENDING_PAYMENT,10492,Avignon,Francia,Provenza-Alpes-Costa Azul,
70433,PAYMENT,10/25/2017 3:28,PENDING_PAYMENT,13986,Turku,Finlandia,Finlandia del Sudoeste,
20250,PAYMENT,10/23/2015 14:07,PENDING_PAYMENT,376,Preston,Reino Unido,Inglaterra,
61940,PAYMENT,6/23/2017 3:59,PENDING_PAYMENT,11288,Trapani,Italia,Sicilia,
12300,PAYMENT,6/29/2015 12:53,PENDING_PAYMENT,127,Aprilia,Italia,Lacio,
18901,PAYMENT,10/3/2015 21:30,PENDING_PAYMENT,5256,Meudon,Francia,Isla de Francia,
12218,PAYMENT,6/28/2015 8:09,PENDING_PAYMENT,9818,Dortmund,Alemania,Renania del Norte-Westfalia,
67322,PAYMENT,9/9/2017 17:32,PENDING_PAYMENT,6980,Roissy-en-Brie,Francia,Isla de Francia,
16499,PAYMENT,8/29/2015 19:59,PENDING_PAYMENT,5447,Trier,Alemania,Renania-Palatinado,
42821,PAYMENT,9/17/2016 1:45,PENDING_PAYMENT,4354,Mykolayiv,Ucrania,Mykolayiv,
20250,PAYMENT,10/23/2015 14:07,PENDING_PAYMENT,376,Preston,Reino Unido,Inglaterra,
17415,PAYMENT,9/12/2015 4:53,PENDING_PAYMENT,7060,Colchester,Reino Unido,Inglaterra,
17119,PAYMENT,9/7/2015 21:11,PENDING_PAYMENT,11848,Cosenza,Italia,Calabria,
12300,PAYMENT,6/29/2015 12:53,PENDING_PAYMENT,127,Aprilia,Italia,Lacio,
12108,PAYMENT,6/26/2015 17:37,PENDING_PAYMENT,4631,Las Rozas de Madrid,España,Madrid,
17889,PAYMENT,9/19/2015 2:57,PENDING_PAYMENT,12432,Hasselt,Bélgica,Limburgo,
16499,PAYMENT,8/29/2015 19:59,PENDING_PAYMENT,5447,Trier,Alemania,Renania-Palatinado,
63120,PAYMENT,7/10/2017 9:23,PENDING_PAYMENT,11327,Oslo,Noruega,Oslo,
12845,PAYMENT,7/7/2015 11:49,PENDING_PAYMENT,7576,Barcelona,España,Cataluña,
12778,PAYMENT,7/6/2015 12:21,PENDING_PAYMENT,9091,Madrid,España,Madrid,
12108,PAYMENT,6/26/2015 17:37,PENDING_PAYMENT,4631,Las Rozas de Madrid,España,Madrid,
15437,PAYMENT,8/14/2015 7:55,PENDING_PAYMENT,4366,Paris,Francia,Isla de Francia,
63758,PAYMENT,7/19/2017 16:55,PENDING_PAYMENT,5382,Rostock,Alemania,Mecklemburgo-Pomerania Occidental,
16111,PAYMENT,8/24/2015 4:03,PENDING_PAYMENT,6746,Tours,Francia,Centro-Valle de Loira,
63120,PAYMENT,7/10/2017 9:23,PENDING_PAYMENT,11327,Oslo,Noruega,Oslo,
13263,PAYMENT,7/13/2015 14:16,PENDING_PAYMENT,10057,Dublín,Irlanda,Dublín,
63320,PAYMENT,7/13/2017 7:27,PENDING_PAYMENT,6611,Altamura,Italia,Apulia,
12778,PAYMENT,7/6/2015 12:21,PENDING_PAYMENT,9091,Madrid,España,Madrid,
68645,PAYMENT,9/29/2017 1:03,PENDING_PAYMENT,10013,Rennes,Francia,Bretaña,
17766,PAYMENT,9/17/2015 7:52,PENDING_PAYMENT,10863,Toulon,Francia,Provenza-Alpes-Costa Azul,
16111,PAYMENT,8/24/2015 4:03,PENDING_PAYMENT,6746,Tours,Francia,Centro-Valle de Loira,
11655,PAYMENT,6/20/2015 2:54,PENDING_PAYMENT,10208,Reutlingen,Alemania,Baden-Wurtemberg,
45390,PAYMENT,10/24/2016 13:47,PENDING_PAYMENT,19,Vilna,Lituania,Vilna,
11494,PAYMENT,6/17/2015 18:30,PENDING_PAYMENT,4366,Lincoln,Reino Unido,Inglaterra,
71195,PAYMENT,11/5/2017 6:25,PENDING_PAYMENT,14748,Aschaffenburg,Alemania,Bavaria,
65866,PAYMENT,8/19/2017 11:26,PENDING_PAYMENT,6426,Bremen,Alemania,Bremen,
20106,PAYMENT,10/21/2015 11:40,PENDING_PAYMENT,6411,Heidelberg,Alemania,Baden-Wurtemberg,
64053,PAYMENT,7/24/2017 0:16,PENDING_PAYMENT,10121,Bilbao,España,País Vasco,
70086,PAYMENT,10/20/2017 1:53,PENDING_PAYMENT,13639,Wuppertal,Alemania,Renania del Norte-Westfalia,
13058,PAYMENT,7/10/2015 14:26,PENDING_PAYMENT,3738,Mont-de-Marsan,Francia,Aquitania-Lemosín-Poitou-Charentes,
67628,PAYMENT,9/14/2017 4:45,PENDING_PAYMENT,1294,Stoke-on-Trent,Reino Unido,Inglaterra,
67082,PAYMENT,9/6/2017 5:27,PENDING_PAYMENT,12117,Glasgow,Reino Unido,Escocia,
11643,PAYMENT,6/19/2015 22:42,PENDING_PAYMENT,823,Trapani,Italia,Sicilia,
62971,PAYMENT,7/8/2017 5:11,PENDING_PAYMENT,6316,Garches,Francia,Isla de Francia,
67082,PAYMENT,9/6/2017 5:27,PENDING_PAYMENT,12117,Glasgow,Reino Unido,Escocia,
61940,PAYMENT,6/23/2017 3:59,PENDING_PAYMENT,11288,Trapani,Italia,Sicilia,
64053,PAYMENT,7/24/2017 0:16,PENDING_PAYMENT,10121,Bilbao,España,País Vasco,
17755,PAYMENT,9/17/2015 4:01,PENDING_PAYMENT,8380,Perugia,Italia,Umbría,
11643,PAYMENT,6/19/2015 22:42,PENDING_PAYMENT,823,Trapani,Italia,Sicilia,
10764,PAYMENT,6/7/2015 2:45,PENDING_PAYMENT,2927,The Hague,Países Bajos,Holanda Meridional,
64053,PAYMENT,7/24/2017 0:16,PENDING_PAYMENT,10121,Bilbao,España,País Vasco,
15835,PAYMENT,8/20/2015 3:21,PENDING_PAYMENT,9349,Pozzuoli,Italia,Campania,
68645,PAYMENT,9/29/2017 1:03,PENDING_PAYMENT,10013,Rennes,Francia,Bretaña,
18133,PAYMENT,9/22/2015 16:26,PENDING_PAYMENT,11423,Bordeaux,Francia,Aquitania-Lemosín-Poitou-Charentes,
19618,PAYMENT,10/14/2015 8:42,PENDING_PAYMENT,11395,Zwickau,Alemania,Sajonia,
17506,PAYMENT,9/13/2015 12:46,PENDING_PAYMENT,9876,Brive-la-Gaillarde,Francia,Aquitania-Lemosín-Poitou-Charentes,
10595,PAYMENT,6/4/2015 15:33,PENDING_PAYMENT,11034,Offenbach,Alemania,Hesse,
48098,PAYMENT,12/3/2016 2:31,PENDING_PAYMENT,4238,Dnipropetrovsk,Ucrania,Dnipropetrovsk,
71189,PAYMENT,11/5/2017 4:19,PENDING_PAYMENT,14742,La Baule-Escoublac,Francia,Países del Loira,
62342,PAYMENT,6/29/2017 0:49,PENDING_PAYMENT,471,Wigan,Reino Unido,Inglaterra,
16081,PAYMENT,8/23/2015 17:32,PENDING_PAYMENT,5367,Edinburgh,Reino Unido,Escocia,
16864,PAYMENT,9/4/2015 3:51,PENDING_PAYMENT,10992,La Seyne-sur-Mer,Francia,Provenza-Alpes-Costa Azul,
19497,PAYMENT,10/12/2015 14:19,PENDING_PAYMENT,2881,Charleroi,Bélgica,Henao,
12354,PAYMENT,6/30/2015 7:48,PENDING_PAYMENT,2379,Mons-en-Baroeul,Francia,Norte-Paso de Calais-Picardía,
47369,PAYMENT,11/22/2016 11:07,PENDING_PAYMENT,7531,Timisoara,Rumania,Timis,
46064,PAYMENT,11/3/2016 9:55,PENDING_PAYMENT,6980,Dniprodzerzhyns'k,Ucrania,Dnipropetrovsk,
16864,PAYMENT,9/4/2015 3:51,PENDING_PAYMENT,10992,La Seyne-sur-Mer,Francia,Provenza-Alpes-Costa Azul,
18235,PAYMENT,9/24/2015 4:10,PENDING_PAYMENT,6233,Berne,Suiza,Berna,
66035,DEBIT,8/21/2017 22:39,COMPLETE,11153,London,Reino Unido,Inglaterra,
43032,DEBIT,9/20/2016 3:40,COMPLETE,8517,Vilna,Lituania,Vilna,
17582,DEBIT,9/14/2015 15:24,COMPLETE,5091,Aberdeen,Reino Unido,Escocia,
62603,DEBIT,7/2/2017 20:16,COMPLETE,6255,Berlín,Alemania,Berlín,
15746,DEBIT,8/18/2015 20:10,COMPLETE,1399,Lohne,Alemania,Baja Sajonia,
63094,DEBIT,7/10/2017 0:17,COMPLETE,9251,Celle,Alemania,Baja Sajonia,
11681,DEBIT,6/20/2015 12:01,COMPLETE,12370,Garches,Francia,Isla de Francia,
66035,DEBIT,8/21/2017 22:39,COMPLETE,11153,London,Reino Unido,Inglaterra,
70149,DEBIT,10/20/2017 23:58,COMPLETE,13702,Treviso,Italia,Véneto,
70437,DEBIT,10/25/2017 4:52,COMPLETE,13990,Hasselt,Bélgica,Limburgo,
67158,DEBIT,9/7/2017 8:05,COMPLETE,1516,Nice,Francia,Provenza-Alpes-Costa Azul,
19550,DEBIT,10/13/2015 8:53,COMPLETE,7158,Le Blanc-Mesnil,Francia,Isla de Francia,
16966,DEBIT,9/5/2015 15:35,COMPLETE,1948,Dijon,Francia,Borgoña-Franco Condado,
10580,DEBIT,6/4/2015 10:17,COMPLETE,9556,Antony,Francia,Isla de Francia,
16228,DEBIT,8/25/2015 21:02,COMPLETE,275,Birmingham,Reino Unido,Inglaterra,
14250,DEBIT,7/28/2015 0:03,COMPLETE,6010,Aylesbury,Reino Unido,Inglaterra,
70112,DEBIT,10/20/2017 11:00,COMPLETE,13665,Carrara,Italia,Toscana,
63398,DEBIT,7/14/2017 10:47,COMPLETE,785,Las Rozas de Madrid,España,Madrid,
70058,DEBIT,10/19/2017 16:05,COMPLETE,13611,Paris,Francia,Isla de Francia,
19550,DEBIT,10/13/2015 8:53,COMPLETE,7158,Le Blanc-Mesnil,Francia,Isla de Francia,
66289,DEBIT,8/25/2017 15:38,COMPLETE,10603,Leicester,Reino Unido,Inglaterra,
62845,DEBIT,7/6/2017 9:03,COMPLETE,870,Stuttgart,Alemania,Baden-Wurtemberg,
65487,DEBIT,8/13/2017 22:39,COMPLETE,2363,Wattrelos,Francia,Norte-Paso de Calais-Picardía,
63660,DEBIT,7/18/2017 6:34,COMPLETE,609,Turin,Italia,Piamonte,
19665,DEBIT,10/15/2015 1:10,COMPLETE,951,Edinburgh,Reino Unido,Escocia,
13614,DEBIT,7/18/2015 17:14,COMPLETE,2686,Alphen aan den Rijn,Países Bajos,Holanda Meridional,
47321,DEBIT,11/21/2016 18:18,COMPLETE,7177,Budapest,Hungría,Budapest,
20234,DEBIT,10/23/2015 8:31,COMPLETE,7132,Viena,Austria,Viena,
65109,DEBIT,8/8/2017 10:13,COMPLETE,8524,Langenhagen,Alemania,Baja Sajonia,
63303,DEBIT,7/13/2017 1:30,COMPLETE,2574,Castres,Francia,Languedoc-Rosellón-Mediodía-Pirineos,
19583,DEBIT,10/13/2015 20:26,COMPLETE,9699,Doetinchem,Países Bajos,Güeldres,
10317,DEBIT,5/31/2015 14:09,COMPLETE,1785,Milan,Italia,Lombardía,
66766,DEBIT,9/1/2017 14:45,COMPLETE,4114,Miramas,Francia,Provenza-Alpes-Costa Azul,
11038,DEBIT,6/11/2015 2:45,COMPLETE,11361,Marignane,Francia,Provenza-Alpes-Costa Azul,
67968,DEBIT,9/19/2017 3:52,COMPLETE,2590,Pamplona,España,Navarra,
18950,DEBIT,10/4/2015 14:40,COMPLETE,6428,Rennes,Francia,Bretaña,
17465,DEBIT,9/12/2015 22:25,COMPLETE,4293,Ajaccio,Francia,Corse,
11427,DEBIT,6/16/2015 19:02,COMPLETE,5480,Garforth,Reino Unido,Inglaterra,
12415,DEBIT,7/1/2015 5:10,COMPLETE,6320,Ingolstadt,Alemania,Bavaria,
62795,DEBIT,7/5/2017 15:32,COMPLETE,10308,Six-Fours-les-Plages,Francia,Provenza-Alpes-Costa Azul,
19213,DEBIT,10/8/2015 10:49,COMPLETE,3311,Martigues,Francia,Provenza-Alpes-Costa Azul,
18156,DEBIT,9/23/2015 0:30,COMPLETE,9265,Courbevoie,Francia,Isla de Francia,
47758,DEBIT,11/28/2016 3:24,COMPLETE,8293,Banska Bystrica,Eslovaquia,Banská Bystrica,
12828,DEBIT,7/7/2015 5:52,COMPLETE,9,Franconville,Francia,Isla de Francia,
67034,DEBIT,9/5/2017 12:38,COMPLETE,1158,Eastbourne,Reino Unido,Inglaterra,
67786,DEBIT,9/16/2017 12:06,COMPLETE,3972,Copenhagen,Dinamarca,Región Capital,
16617,DEBIT,8/31/2015 13:19,COMPLETE,4047,Montreuil,Francia,Isla de Francia,
64705,DEBIT,8/2/2017 12:41,COMPLETE,11604,Mantes-la-Jolie,Francia,Isla de Francia,
66758,DEBIT,9/1/2017 11:57,COMPLETE,4186,Manchester,Reino Unido,Inglaterra,
18950,DEBIT,10/4/2015 14:40,COMPLETE,6428,Rennes,Francia,Bretaña,
15751,DEBIT,8/18/2015 21:55,COMPLETE,1851,Erlangen,Alemania,Bavaria,
17878,DEBIT,9/18/2015 23:06,COMPLETE,1459,Marseille,Francia,Provenza-Alpes-Costa Azul,
18593,DEBIT,9/29/2015 9:36,COMPLETE,1275,Basingstoke,Reino Unido,Inglaterra,
11251,DEBIT,6/14/2015 5:22,COMPLETE,11466,Barcelona,España,Cataluña,
67845,DEBIT,9/17/2017 8:46,COMPLETE,482,Reims,Francia,Alsacia-Champaña-Ardenas-Lorena,
12224,DEBIT,6/28/2015 10:15,COMPLETE,7357,Chaumont,Francia,Alsacia-Champaña-Ardenas-Lorena,
44388,DEBIT,10/9/2016 22:44,COMPLETE,468,Lublin,Polonia,Lublin,
19665,DEBIT,10/15/2015 1:10,COMPLETE,951,Edinburgh,Reino Unido,Escocia,
18009,DEBIT,9/20/2015 21:00,COMPLETE,1222,Lowestoft,Reino Unido,Inglaterra,
62117,DEBIT,6/25/2017 18:00,COMPLETE,5113,Seville,España,Andalucía,
19555,DEBIT,10/13/2015 10:38,COMPLETE,4033,Marseille,Francia,Provenza-Alpes-Costa Azul,
18692,DEBIT,9/30/2015 20:17,COMPLETE,7367,Lannion,Francia,Bretaña,
10580,DEBIT,6/4/2015 10:17,COMPLETE,9556,Antony,Francia,Isla de Francia,
14250,DEBIT,7/28/2015 0:03,COMPLETE,6010,Aylesbury,Reino Unido,Inglaterra,
19213,DEBIT,10/8/2015 10:49,COMPLETE,3311,Martigues,Francia,Provenza-Alpes-Costa Azul,
64362,DEBIT,7/28/2017 12:31,COMPLETE,2123,Girona,España,Cataluña,
17770,DEBIT,9/17/2015 9:16,COMPLETE,9957,Burgos,España,Castilla y León,
14651,DEBIT,8/2/2015 20:32,COMPLETE,11887,Pamiers,Francia,Languedoc-Rosellón-Mediodía-Pirineos,
68220,DEBIT,9/22/2017 20:09,COMPLETE,9962,Nacka,Suecia,Estocolmo,
18009,DEBIT,9/20/2015 21:00,COMPLETE,1222,Lowestoft,Reino Unido,Inglaterra,
17909,DEBIT,9/19/2015 9:58,COMPLETE,11189,London,Reino Unido,Inglaterra,
14651,DEBIT,8/2/2015 20:32,COMPLETE,11887,Pamiers,Francia,Languedoc-Rosellón-Mediodía-Pirineos,
13343,DEBIT,7/14/2015 18:17,COMPLETE,9726,London,Reino Unido,Inglaterra,
15845,DEBIT,8/20/2015 6:51,COMPLETE,11900,Madrid,España,Madrid,
63303,DEBIT,7/13/2017 1:30,COMPLETE,2574,Castres,Francia,Languedoc-Rosellón-Mediodía-Pirineos,
14651,DEBIT,8/2/2015 20:32,COMPLETE,11887,Pamiers,Francia,Languedoc-Rosellón-Mediodía-Pirineos,
16966,DEBIT,9/5/2015 15:35,COMPLETE,1948,Dijon,Francia,Borgoña-Franco Condado,
14965,DEBIT,8/7/2015 10:33,COMPLETE,3012,Corbeil-Essonnes,Francia,Isla de Francia,
48141,DEBIT,12/3/2016 17:35,COMPLETE,6477,Dabrowa Gornicza,Polonia,Silesia,
47758,DEBIT,11/28/2016 3:24,COMPLETE,8293,Banska Bystrica,Eslovaquia,Banská Bystrica,
17810,DEBIT,9/17/2015 23:17,COMPLETE,6365,Estocolmo,Suecia,Estocolmo,
18857,DEBIT,10/3/2015 6:05,COMPLETE,4838,Treviso,Italia,Véneto,
16953,DEBIT,9/5/2015 11:02,COMPLETE,2078,Remscheid,Alemania,Renania del Norte-Westfalia,
16966,DEBIT,9/5/2015 15:35,COMPLETE,1948,Dijon,Francia,Borgoña-Franco Condado,
14960,DEBIT,8/7/2015 8:48,COMPLETE,9857,Nice,Francia,Provenza-Alpes-Costa Azul,
17582,DEBIT,9/14/2015 15:24,COMPLETE,5091,Aberdeen,Reino Unido,Escocia,
10961,DEBIT,6/9/2015 23:46,COMPLETE,6320,Porto,Portugal,Porto,
14960,DEBIT,8/7/2015 8:48,COMPLETE,9857,Nice,Francia,Provenza-Alpes-Costa Azul,
17582,DEBIT,9/14/2015 15:24,COMPLETE,5091,Aberdeen,Reino Unido,Escocia,
18156,DEBIT,9/23/2015 0:30,COMPLETE,9265,Courbevoie,Francia,Isla de Francia,
17877,DEBIT,9/18/2015 22:45,COMPLETE,12415,Marseille,Francia,Provenza-Alpes-Costa Azul,
20246,DEBIT,10/23/2015 12:43,COMPLETE,2152,Swansea,Reino Unido,Gales,
15421,DEBIT,8/14/2015 2:18,COMPLETE,2918,Parma,Italia,Emilia-Romaña,
10444,DEBIT,6/2/2015 10:38,COMPLETE,1596,Castelldefels,España,Cataluña,
15884,DEBIT,8/20/2015 20:31,COMPLETE,899,Wolfsburg,Alemania,Baja Sajonia,
67786,DEBIT,9/16/2017 12:06,COMPLETE,3972,Copenhagen,Dinamarca,Región Capital,
15599,DEBIT,8/16/2015 16:40,COMPLETE,1186,Sunderland,Reino Unido,Inglaterra,
20072,DEBIT,10/20/2015 23:45,COMPLETE,4279,Rome,Italia,Lacio,
18343,DEBIT,9/25/2015 18:01,COMPLETE,4337,Lisbon,Portugal,Lisboa,
18387,DEBIT,9/26/2015 9:26,COMPLETE,8302,Versailles,Francia,Isla de Francia,
16998,DEBIT,9/6/2015 2:48,COMPLETE,548,Amsterdam,Países Bajos,Holanda Septentrional,
14730,DEBIT,8/4/2015 0:13,COMPLETE,8098,West Bromwich,Reino Unido,Inglaterra,
65105,DEBIT,8/8/2017 8:49,COMPLETE,5898,Duisburg,Alemania,Renania del Norte-Westfalia,
62193,DEBIT,6/26/2017 20:37,COMPLETE,7003,Argenteuil,Francia,Isla de Francia,
15673,DEBIT,8/17/2015 18:35,COMPLETE,3784,Birmingham,Reino Unido,Inglaterra,
19610,DEBIT,10/14/2015 5:54,COMPLETE,387,Capannori,Italia,Toscana,
64292,DEBIT,7/27/2017 12:00,COMPLETE,5120,Emmen,Países Bajos,Drenthe,
20234,DEBIT,10/23/2015 8:31,COMPLETE,7132,Viena,Austria,Viena,
11513,DEBIT,6/18/2015 1:09,COMPLETE,8103,Herten,Alemania,Renania del Norte-Westfalia,
11076,DEBIT,6/11/2015 16:03,COMPLETE,328,Saint-Malo,Francia,Bretaña,
49507,DEBIT,12/23/2016 16:09,COMPLETE,11225,Blagoveshchensk,Rusia,Amur,
19610,DEBIT,10/14/2015 5:54,COMPLETE,387,Capannori,Italia,Toscana,
14651,DEBIT,8/2/2015 20:32,COMPLETE,11887,Pamiers,Francia,Languedoc-Rosellón-Mediodía-Pirineos,
11076,DEBIT,6/11/2015 16:03,COMPLETE,328,Saint-Malo,Francia,Bretaña,
49507,DEBIT,12/23/2016 16:09,COMPLETE,11225,Blagoveshchensk,Rusia,Amur,
63107,DEBIT,7/10/2017 4:50,COMPLETE,9628,Vitoria,España,País Vasco,
20072,DEBIT,10/20/2015 23:45,COMPLETE,4279,Rome,Italia,Lacio,
19550,DEBIT,10/13/2015 8:53,COMPLETE,7158,Le Blanc-Mesnil,Francia,Isla de Francia,
14193,DEBIT,7/27/2015 4:05,COMPLETE,10928,Muret,Francia,Languedoc-Rosellón-Mediodía-Pirineos,
69057,DEBIT,10/5/2017 1:23,COMPLETE,12610,Toulon,Francia,Provenza-Alpes-Costa Azul,
68996,DEBIT,10/4/2017 4:01,COMPLETE,12549,Paris,Francia,Isla de Francia,
68977,DEBIT,10/3/2017 21:21,COMPLETE,12530,Bari,Italia,Apulia,
69170,DEBIT,10/6/2017 16:58,COMPLETE,12723,Essen,Alemania,Renania del Norte-Westfalia,
71517,DEBIT,11/9/2017 23:14,COMPLETE,15070,Reims,Francia,Alsacia-Champaña-Ardenas-Lorena,
71533,DEBIT,11/10/2017 4:50,COMPLETE,15086,Clichy-sous-Bois,Francia,Isla de Francia,
71515,DEBIT,11/9/2017 22:32,COMPLETE,15068,Reims,Francia,Alsacia-Champaña-Ardenas-Lorena,
71473,DEBIT,11/9/2017 7:49,COMPLETE,15026,Gennevilliers,Francia,Isla de Francia,
71471,DEBIT,11/9/2017 7:07,COMPLETE,15024,Toulouse,Francia,Languedoc-Rosellón-Mediodía-Pirineos,
69285,DEBIT,10/8/2017 9:16,COMPLETE,12838,Exeter,Reino Unido,Inglaterra,
69302,DEBIT,10/8/2017 15:13,COMPLETE,12855,Karlstad,Suecia,Värmland,
71450,DEBIT,11/8/2017 23:46,COMPLETE,15003,Dublín,Irlanda,Dublín,
71038,DEBIT,11/2/2017 23:25,ON_HOLD,14591,Florence,Italia,Toscana,
70795,DEBIT,10/30/2017 10:17,ON_HOLD,14348,Viena,Austria,Viena,
12264,DEBIT,6/29/2015 0:16,ON_HOLD,4943,Maidstone,Reino Unido,Inglaterra,
61983,DEBIT,6/23/2017 19:03,ON_HOLD,1900,Salzburgo,Austria,Salzburgo,
16555,DEBIT,8/30/2015 15:36,ON_HOLD,5670,Reims,Francia,Alsacia-Champaña-Ardenas-Lorena,
19840,DEBIT,10/17/2015 14:29,ON_HOLD,1464,Herford,Alemania,Renania del Norte-Westfalia,
62003,DEBIT,6/24/2017 2:03,ON_HOLD,4033,Arnsberg,Alemania,Renania del Norte-Westfalia,
19544,DEBIT,10/13/2015 6:47,ON_HOLD,5292,Creil,Francia,Norte-Paso de Calais-Picardía,
71215,DEBIT,11/5/2017 13:26,ON_HOLD,14768,Langenfeld,Alemania,Renania del Norte-Westfalia,
19885,DEBIT,10/18/2015 6:15,ON_HOLD,10327,Chaumont,Francia,Alsacia-Champaña-Ardenas-Lorena,
19126,DEBIT,10/7/2015 4:20,ON_HOLD,10070,Hamburgo,Alemania,Hamburgo,
15749,DEBIT,8/18/2015 21:13,ON_HOLD,8302,Erlangen,Alemania,Bavaria,
61983,DEBIT,6/23/2017 19:03,ON_HOLD,1900,Salzburgo,Austria,Salzburgo,
17999,DEBIT,9/20/2015 17:30,ON_HOLD,8760,Berlín,Alemania,Berlín,
64163,DEBIT,7/25/2017 14:48,ON_HOLD,3975,Saint-Germain-en-Laye,Francia,Isla de Francia,
15784,DEBIT,8/19/2015 9:29,ON_HOLD,2907,Rillieux-la-Pape,Francia,Auvernia-Ródano-Alpes,
61647,DEBIT,6/18/2017 21:20,ON_HOLD,509,Rome,Italia,Lacio,
12867,DEBIT,7/7/2015 19:31,ON_HOLD,882,Rome,Italia,Lacio,
70279,DEBIT,10/22/2017 21:30,ON_HOLD,13832,Mougins,Francia,Provenza-Alpes-Costa Azul,
18736,DEBIT,10/1/2015 11:42,ON_HOLD,10099,Rambouillet,Francia,Isla de Francia,
62072,DEBIT,6/25/2017 2:14,ON_HOLD,1146,Dresden,Alemania,Sajonia,
18736,DEBIT,10/1/2015 11:42,ON_HOLD,10099,Rambouillet,Francia,Isla de Francia,
15530,DEBIT,8/15/2015 16:30,ON_HOLD,12005,Espoo,Finlandia,Uusimaa,
19501,DEBIT,10/12/2015 15:43,ON_HOLD,870,Elx,España,Valenciana,
11110,DEBIT,6/12/2015 3:58,ON_HOLD,1461,Colchester,Reino Unido,Inglaterra,
68084,DEBIT,9/20/2017 20:30,ON_HOLD,11674,Brindisi,Italia,Apulia,
11152,DEBIT,6/12/2015 18:41,ON_HOLD,11597,Edinburgh,Reino Unido,Escocia,
12867,DEBIT,7/7/2015 19:31,ON_HOLD,882,Rome,Italia,Lacio,
14612,DEBIT,8/2/2015 6:53,ON_HOLD,1928,Toulouse,Francia,Languedoc-Rosellón-Mediodía-Pirineos,
19544,DEBIT,10/13/2015 6:47,ON_HOLD,5292,Creil,Francia,Norte-Paso de Calais-Picardía,
19131,DEBIT,10/7/2015 6:05,ON_HOLD,6388,Aubervilliers,Francia,Isla de Francia,
11110,DEBIT,6/12/2015 3:58,ON_HOLD,1461,Colchester,Reino Unido,Inglaterra,
19126,DEBIT,10/7/2015 4:20,ON_HOLD,10070,Hamburgo,Alemania,Hamburgo,
19126,DEBIT,10/7/2015 4:20,ON_HOLD,10070,Hamburgo,Alemania,Hamburgo,
16555,DEBIT,8/30/2015 15:36,ON_HOLD,5670,Reims,Francia,Alsacia-Champaña-Ardenas-Lorena,
18736,DEBIT,10/1/2015 11:42,ON_HOLD,10099,Rambouillet,Francia,Isla de Francia,
15530,DEBIT,8/15/2015 16:30,ON_HOLD,12005,Espoo,Finlandia,Uusimaa,
15530,DEBIT,8/15/2015 16:30,ON_HOLD,12005,Espoo,Finlandia,Uusimaa,
19885,DEBIT,10/18/2015 6:15,ON_HOLD,10327,Chaumont,Francia,Alsacia-Champaña-Ardenas-Lorena,
56317,DEBIT,4/2/2017 2:00,COMPLETE,9918,Carrefour,Haití,Ouest,
52407,DEBIT,2/4/2017 0:09,COMPLETE,6517,Chihuahua,México,Chihuahua,
8455,DEBIT,5/4/2015 9:48,COMPLETE,468,Santo Domingo,República Dominicana,Santo Domingo,
8455,DEBIT,5/4/2015 9:48,COMPLETE,468,Santo Domingo,República Dominicana,Santo Domingo,
10253,DEBIT,5/30/2015 15:43,COMPLETE,8398,Pirapora,Brasil,Minas Gerais,
53816,DEBIT,2/24/2017 13:47,COMPLETE,8360,Tartagal,Argentina,Salta,
1077,DEBIT,1/16/2015 16:58,COMPLETE,8103,Quetzaltenango,Guatemala,Quezaltenango,
56037,DEBIT,3/28/2017 23:54,COMPLETE,3125,Panama City,Panamá,Panamá,
8455,DEBIT,5/4/2015 9:48,COMPLETE,468,Santo Domingo,República Dominicana,Santo Domingo,
7884,DEBIT,4/26/2015 1:45,COMPLETE,4899,Ilopango,El Salvador,San Salvador,
16863,TRANSFER,9/4/2015 3:30,PENDING,7586,La Seyne-sur-Mer,Francia,Provenza-Alpes-Costa Azul,
66868,TRANSFER,9/3/2017 2:29,PENDING,5326,Bradford,Reino Unido,Inglaterra,
68330,TRANSFER,9/24/2017 10:41,PENDING,494,Bolton,Reino Unido,Inglaterra,
18001,TRANSFER,9/20/2015 18:12,PENDING,4563,Lowestoft,Reino Unido,Inglaterra,
16464,TRANSFER,8/29/2015 7:43,PENDING,341,Grigny,Francia,Isla de Francia,
10869,TRANSFER,6/8/2015 15:32,PENDING,928,Great Yarmouth,Reino Unido,Inglaterra,
17490,TRANSFER,9/13/2015 7:10,PENDING,11065,Calais,Francia,Norte-Paso de Calais-Picardía,
17490,TRANSFER,9/13/2015 7:10,PENDING,11065,Calais,Francia,Norte-Paso de Calais-Picardía,
61888,TRANSFER,6/22/2017 9:46,PENDING,5687,Sheffield,Reino Unido,Inglaterra,
68871,TRANSFER,10/2/2017 8:13,PENDING,4960,Aberdeen,Reino Unido,Escocia,
65141,TRANSFER,8/8/2017 21:26,PENDING,7762,Magdeburg,Alemania,Sajonia-Anhalt,
11882,TRANSFER,6/23/2015 10:26,PENDING,10316,Dijon,Francia,Borgoña-Franco Condado,
17984,TRANSFER,9/20/2015 12:14,PENDING,4306,Gallarate,Italia,Lombardía,
66519,TRANSFER,8/29/2017 0:13,PENDING,4161,Chartres,Francia,Centro-Valle de Loira,
65453,TRANSFER,8/13/2017 10:45,PENDING,6034,Torremolinos,España,Andalucía,
11107,TRANSFER,6/12/2015 2:55,PENDING,9247,Chemnitz,Alemania,Sajonia,
67275,TRANSFER,9/9/2017 1:04,PENDING,4195,Frankfurt,Alemania,Hesse,
16877,TRANSFER,9/4/2015 8:24,PENDING,5929,Bremen,Alemania,Bremen,
65048,TRANSFER,8/7/2017 12:51,PENDING,960,Zeist,Países Bajos,Utrecht,
18213,TRANSFER,9/23/2015 20:28,PENDING,10831,Savigny-le-Temple,Francia,Isla de Francia,
19442,TRANSFER,10/11/2015 19:02,PENDING,9989,London,Reino Unido,Inglaterra,
13217,TRANSFER,7/12/2015 22:09,PENDING,10165,Essen,Alemania,Renania del Norte-Westfalia,
19116,TRANSFER,10/7/2015 0:50,PENDING,8245,Friedrichshafen,Alemania,Baden-Wurtemberg,
13215,TRANSFER,7/12/2015 21:27,PENDING,7465,Berlín,Alemania,Berlín,
13943,TRANSFER,7/23/2015 12:30,PENDING,1107,Mechelen,Bélgica,Amberes,
15443,TRANSFER,8/14/2015 10:01,PENDING,2284,Wolverhampton,Reino Unido,Inglaterra,
62523,TRANSFER,7/1/2017 16:14,PENDING,636,Bordeaux,Francia,Aquitania-Lemosín-Poitou-Charentes,
67079,TRANSFER,9/6/2017 4:24,PENDING,5584,Bochum,Alemania,Renania del Norte-Westfalia,
65901,TRANSFER,8/19/2017 23:42,PENDING,12255,Oslo,Noruega,Oslo,
19800,TRANSFER,10/17/2015 0:28,PENDING,3340,Halle,Alemania,Renania del Norte-Westfalia,
64692,TRANSFER,8/2/2017 8:08,PENDING,1576,Piacenza,Italia,Emilia-Romaña,
10676,TRANSFER,6/5/2015 19:55,PENDING,9640,Palma de Mallorca,España,Islas Baleares,
65898,TRANSFER,8/19/2017 22:39,PENDING,8899,Bondy,Francia,Isla de Francia,
13790,TRANSFER,7/21/2015 6:54,PENDING,9663,Le Havre,Francia,Normandía,
49839,TRANSFER,12/28/2016 12:28,PENDING,1759,Viena,Austria,Viena,
14957,TRANSFER,8/7/2015 7:45,PENDING,9821,Bielefeld,Alemania,Renania del Norte-Westfalia,
10459,TRANSFER,6/2/2015 15:54,PENDING,9814,Berlín,Alemania,Berlín,
19024,TRANSFER,10/5/2015 16:36,PENDING,9867,Birmingham,Reino Unido,Inglaterra,
17683,TRANSFER,9/16/2015 2:47,PENDING,9220,Marseille,Francia,Provenza-Alpes-Costa Azul,
15078,TRANSFER,8/9/2015 2:08,PENDING,3921,Bayonne,Francia,Aquitania-Lemosín-Poitou-Charentes,
49878,TRANSFER,12/29/2016 2:08,PENDING,1564,Sumy,Ucrania,Sumy,
10459,TRANSFER,6/2/2015 15:54,PENDING,9814,Berlín,Alemania,Berlín,
16436,TRANSFER,8/28/2015 21:54,PENDING,6050,Pescara,Italia,Abruzos,
67066,TRANSFER,9/5/2017 23:51,PROCESSING,7231,Gothenburg,Suecia,Västra Götaland,
65430,TRANSFER,8/13/2017 2:41,PROCESSING,9008,Menton,Francia,Provenza-Alpes-Costa Azul,
67246,TRANSFER,9/8/2017 14:55,PROCESSING,5158,Brescia,Italia,Lombardía,
46677,TRANSFER,11/12/2016 8:40,PROCESSING,2465,Bacau,Rumania,Bacau,
16107,TRANSFER,8/24/2015 2:38,PROCESSING,1902,Pantin,Francia,Isla de Francia,
11305,TRANSFER,6/15/2015 0:17,PROCESSING,5158,Bologna,Italia,Emilia-Romaña,
15228,TRANSFER,8/11/2015 6:41,PROCESSING,3138,Berlín,Alemania,Berlín,
16852,TRANSFER,9/3/2015 23:39,PROCESSING,777,Kotka,Finlandia,Kymenlaakso,
64892,TRANSFER,8/5/2017 6:12,PROCESSING,2947,Ulm,Alemania,Baden-Wurtemberg,
47199,TRANSFER,11/19/2016 23:33,PROCESSING,4839,Opole,Polonia,Opole,
15042,TRANSFER,8/8/2015 13:31,PROCESSING,1443,Estocolmo,Suecia,Estocolmo,
62527,TRANSFER,7/1/2017 17:38,PROCESSING,1449,Sarcelles,Francia,Isla de Francia,
62197,TRANSFER,6/26/2017 22:01,PROCESSING,3914,Oosterhout,Países Bajos,Brabante Septentrional,
11745,TRANSFER,6/21/2015 10:26,PROCESSING,134,Bari,Italia,Apulia,
19702,TRANSFER,10/15/2015 14:08,PROCESSING,4896,Berlín,Alemania,Berlín,
68428,TRANSFER,9/25/2017 21:01,PROCESSING,3471,Magdeburg,Alemania,Sajonia-Anhalt,
64065,TRANSFER,7/24/2017 4:28,PROCESSING,3444,Madrid,España,Madrid,
61612,TRANSFER,6/18/2017 9:04,PROCESSING,6005,Heilbronn,Alemania,Baden-Wurtemberg,
64612,TRANSFER,8/1/2017 4:06,PROCESSING,12332,Roissy-en-Brie,Francia,Isla de Francia,
66458,TRANSFER,8/28/2017 2:50,PROCESSING,6049,Bari,Italia,Apulia,
65015,TRANSFER,8/7/2017 1:18,PROCESSING,12286,Berlín,Alemania,Berlín,
61997,TRANSFER,6/23/2017 23:57,PROCESSING,4552,Aulnay-sous-Bois,Francia,Isla de Francia,
19702,TRANSFER,10/15/2015 14:08,PROCESSING,4896,Berlín,Alemania,Berlín,
11554,TRANSFER,6/18/2015 15:31,PROCESSING,4717,Stuttgart,Alemania,Baden-Wurtemberg,
45750,TRANSFER,10/29/2016 19:54,PROCESSING,4215,Khmelnytskyi,Ucrania,Khmelnytskyi,
61826,TRANSFER,6/21/2017 12:03,PROCESSING,8115,Vigneux-sur-Seine,Francia,Isla de Francia,
11529,TRANSFER,6/18/2015 6:46,PROCESSING,8853,Marbella,España,Andalucía,
64054,TRANSFER,7/24/2017 0:37,PROCESSING,8196,Viena,Austria,Viena,
14474,TRANSFER,7/31/2015 6:32,PROCESSING,11686,Hamburgo,Alemania,Hamburgo,
67988,TRANSFER,9/19/2017 10:52,PROCESSING,8712,Palermo,Italia,Sicilia,
11948,TRANSFER,6/24/2015 9:33,PROCESSING,8470,Recklinghausen,Alemania,Renania del Norte-Westfalia,
16107,TRANSFER,8/24/2015 2:38,PROCESSING,1902,Pantin,Francia,Isla de Francia,
15380,TRANSFER,8/13/2015 11:56,PROCESSING,7504,Stockton-on-Tees,Reino Unido,Inglaterra,
10814,TRANSFER,6/7/2015 20:16,PROCESSING,9608,Cerignola,Italia,Apulia,
14179,TRANSFER,7/26/2015 23:11,PROCESSING,11760,Clamart,Francia,Isla de Francia,
15819,TRANSFER,8/19/2015 21:45,PROCESSING,1996,Veenendaal,Países Bajos,Utrecht,
13179,TRANSFER,7/12/2015 8:50,PROCESSING,8703,Gloucester,Reino Unido,Inglaterra,
68700,TRANSFER,9/29/2017 20:19,PROCESSING,11078,Carpi,Italia,Emilia-Romaña,
17814,TRANSFER,9/18/2015 0:41,PROCESSING,7766,Fontenay-aux-Roses,Francia,Isla de Francia,
18926,TRANSFER,10/4/2015 6:16,PROCESSING,2717,Carcassonne,Francia,Languedoc-Rosellón-Mediodía-Pirineos,
65050,TRANSFER,8/7/2017 13:33,PROCESSING,9324,Frankfurt,Alemania,Hesse,
15042,TRANSFER,8/8/2015 13:31,PROCESSING,1443,Estocolmo,Suecia,Estocolmo,
18923,TRANSFER,10/4/2015 5:13,PROCESSING,8188,Dublín,Irlanda,Dublín,
66760,TRANSFER,9/1/2017 12:39,PROCESSING,3938,Miramas,Francia,Provenza-Alpes-Costa Azul,
12075,TRANSFER,6/26/2015 6:03,PROCESSING,11700,Garbsen,Alemania,Baja Sajonia,
19122,TRANSFER,10/7/2015 2:56,PROCESSING,11686,Barcelona,España,Cataluña,
11636,TRANSFER,6/19/2015 20:15,PROCESSING,8148,Palermo,Italia,Sicilia,
63920,TRANSFER,7/22/2017 1:40,PROCESSING,4308,Toulouse,Francia,Languedoc-Rosellón-Mediodía-Pirineos,
12075,TRANSFER,6/26/2015 6:03,PROCESSING,11700,Garbsen,Alemania,Baja Sajonia,
63182,TRANSFER,7/11/2017 7:07,PROCESSING,2553,Argenteuil,Francia,Isla de Francia,
65582,TRANSFER,8/15/2017 7:56,PROCESSING,12416,Dreux,Francia,Centro-Valle de Loira,
68804,TRANSFER,10/1/2017 8:45,PROCESSING,1733,Berlín,Alemania,Berlín,
42739,TRANSFER,9/15/2016 21:01,PROCESSING,245,Mazyr,Bielorrusia,Gómel,
11558,TRANSFER,6/18/2015 16:55,PROCESSING,7457,Sandnes,Noruega,Rogaland,
10759,TRANSFER,6/7/2015 1:00,PROCESSING,2861,Castrop-Rauxel,Alemania,Renania del Norte-Westfalia,
47429,TRANSFER,11/23/2016 8:08,PROCESSING,6168,Rijeka,Croacia,Primorje-Gorski Kotar,
19775,TRANSFER,10/16/2015 15:42,PROCESSING,3980,London,Reino Unido,Inglaterra,
66887,TRANSFER,9/3/2017 9:08,PROCESSING,8488,Catania,Italia,Sicilia,
15655,TRANSFER,8/17/2015 12:17,PROCESSING,2278,Barcelona,España,Cataluña,
18019,TRANSFER,9/21/2015 0:30,PROCESSING,10823,Celle,Alemania,Baja Sajonia,
15152,TRANSFER,8/10/2015 4:04,PROCESSING,11928,Florence,Italia,Toscana,
14363,TRANSFER,7/29/2015 15:38,PROCESSING,11388,La Teste-de-Buch,Francia,Aquitania-Lemosín-Poitou-Charentes,
17520,TRANSFER,9/13/2015 17:41,PROCESSING,6248,Hanover,Alemania,Baja Sajonia,
15979,TRANSFER,8/22/2015 5:48,PROCESSING,4789,Cologne,Alemania,Renania del Norte-Westfalia,
12158,TRANSFER,6/27/2015 11:08,PROCESSING,9253,Tarbes,Francia,Languedoc-Rosellón-Mediodía-Pirineos,
63170,TRANSFER,7/11/2017 2:54,PROCESSING,10961,Pessac,Francia,Aquitania-Lemosín-Poitou-Charentes,
11885,TRANSFER,6/23/2015 11:29,PROCESSING,188,Bayeux,Francia,Normandía,
64612,TRANSFER,8/1/2017 4:06,PROCESSING,12332,Roissy-en-Brie,Francia,Isla de Francia,
12529,TRANSFER,7/2/2015 21:06,PROCESSING,11741,Bochum,Alemania,Renania del Norte-Westfalia,
62130,TRANSFER,6/25/2017 22:33,PROCESSING,3971,Ronchin,Francia,Norte-Paso de Calais-Picardía,
65701,TRANSFER,8/17/2017 1:38,PROCESSING,2141,Carlisle,Reino Unido,Inglaterra,
65965,TRANSFER,8/20/2017 22:07,PROCESSING,12280,Toulouse,Francia,Languedoc-Rosellón-Mediodía-Pirineos,
50835,TRANSFER,1/12/2017 1:24,PROCESSING,4742,Kaunas,Lituania,Kaunas,
63546,TRANSFER,7/16/2017 14:38,PROCESSING,3559,Birmingham,Reino Unido,Inglaterra,
15524,TRANSFER,8/15/2015 14:23,PROCESSING,638,Rugby,Reino Unido,Inglaterra,
48595,TRANSFER,12/10/2016 8:38,PROCESSING,2110,Vínnytsia,Ucrania,Vínnytsia,
46306,TRANSFER,11/6/2016 22:42,PROCESSING,11011,Kashira,Rusia,Moscú,
66669,TRANSFER,8/31/2017 4:46,PROCESSING,9821,Derby,Reino Unido,Inglaterra,
15487,TRANSFER,8/15/2015 1:26,PROCESSING,11731,Mulhouse,Francia,Alsacia-Champaña-Ardenas-Lorena,
66489,TRANSFER,8/28/2017 13:42,PROCESSING,341,Crewe,Reino Unido,Inglaterra,
66001,TRANSFER,8/21/2017 10:44,PROCESSING,5977,Dormagen,Alemania,Renania del Norte-Westfalia,
10759,TRANSFER,6/7/2015 1:00,PROCESSING,2861,Castrop-Rauxel,Alemania,Renania del Norte-Westfalia,
47199,TRANSFER,11/19/2016 23:33,PROCESSING,4839,Opole,Polonia,Opole,
15819,TRANSFER,8/19/2015 21:45,PROCESSING,1996,Veenendaal,Países Bajos,Utrecht,
14482,TRANSFER,7/31/2015 9:20,PROCESSING,9459,Zeist,Países Bajos,Utrecht,
15029,TRANSFER,8/8/2015 8:58,PROCESSING,4187,Ginebra,Suiza,Ginebra,
15803,TRANSFER,8/19/2015 16:08,PROCESSING,1015,Rambouillet,Francia,Isla de Francia,
11851,TRANSFER,6/22/2015 23:34,PROCESSING,9252,Mulhouse,Francia,Alsacia-Champaña-Ardenas-Lorena,
64369,TRANSFER,7/28/2017 14:58,PROCESSING,2975,Gera,Alemania,Turingia,
63792,TRANSFER,7/20/2017 4:49,PROCESSING,4452,Mantes-la-Ville,Francia,Isla de Francia,
67806,TRANSFER,9/16/2017 19:06,PROCESSING,6652,Glasgow,Reino Unido,Escocia,
18036,TRANSFER,9/21/2015 6:27,PROCESSING,3365,Burgos,España,Castilla y León,
18482,TRANSFER,9/27/2015 18:43,PROCESSING,3369,Bebington,Reino Unido,Inglaterra,
11636,TRANSFER,6/19/2015 20:15,PROCESSING,8148,Palermo,Italia,Sicilia,
62470,TRANSFER,6/30/2017 21:40,PROCESSING,895,Novara,Italia,Piamonte,
63377,TRANSFER,7/14/2017 3:26,PROCESSING,12019,Munich,Alemania,Bavaria,
45455,TRANSFER,10/25/2016 12:33,PROCESSING,7390,Angarsk,Rusia,Irkutsk,
43964,TRANSFER,10/3/2016 18:11,PROCESSING,2149,Ploiesti,Rumania,Prahova,
63999,TRANSFER,7/23/2017 5:21,PROCESSING,6075,London,Reino Unido,Inglaterra,
16557,TRANSFER,8/30/2015 16:18,PROCESSING,5481,Loughborough,Reino Unido,Inglaterra,
16955,TRANSFER,9/5/2015 11:44,PROCESSING,10731,London,Reino Unido,Inglaterra,
11558,TRANSFER,6/18/2015 16:55,PROCESSING,7457,Sandnes,Noruega,Rogaland,
14210,TRANSFER,7/27/2015 10:02,SUSPECTED_FRAUD,11654,Halle,Alemania,Renania del Norte-Westfalia,
61848,TRANSFER,6/21/2017 19:45,SUSPECTED_FRAUD,6397,Deuil-la-Barre,Francia,Isla de Francia,
16811,TRANSFER,9/3/2015 9:17,SUSPECTED_FRAUD,6906,Leeds,Reino Unido,Inglaterra,
62419,TRANSFER,6/30/2017 3:48,SUSPECTED_FRAUD,6600,Hamburgo,Alemania,Hamburgo,
66636,TRANSFER,8/30/2017 17:12,SUSPECTED_FRAUD,11073,Bordeaux,Francia,Aquitania-Lemosín-Poitou-Charentes,
43551,TRANSFER,9/27/2016 17:30,SUSPECTED_FRAUD,1191,Járkov,Ucrania,Járkov,
16459,TRANSFER,8/29/2015 5:58,SUSPECTED_FRAUD,8102,Tarragona,España,Cataluña,
16075,TRANSFER,8/23/2015 15:26,SUSPECTED_FRAUD,7051,Pontivy,Francia,Bretaña,
18617,TRANSFER,9/29/2015 18:00,SUSPECTED_FRAUD,4044,Hartlepool,Reino Unido,Inglaterra,
17436,TRANSFER,9/12/2015 12:15,SUSPECTED_FRAUD,235,Brindisi,Italia,Apulia,
19540,TRANSFER,10/13/2015 5:22,SUSPECTED_FRAUD,703,Rome,Italia,Lacio,
65827,TRANSFER,8/18/2017 21:46,SUSPECTED_FRAUD,5289,Cheltenham,Reino Unido,Inglaterra,
13521,TRANSFER,7/17/2015 8:39,SUSPECTED_FRAUD,3916,Viena,Austria,Viena,
17436,TRANSFER,9/12/2015 12:15,SUSPECTED_FRAUD,235,Brindisi,Italia,Apulia,
64211,TRANSFER,7/26/2017 7:37,SUSPECTED_FRAUD,9600,Zamora,España,Castilla y León,
43551,TRANSFER,9/27/2016 17:30,SUSPECTED_FRAUD,1191,Járkov,Ucrania,Járkov,
68111,TRANSFER,9/21/2017 5:58,SUSPECTED_FRAUD,9107,Villenave-d'Ornon,Francia,Aquitania-Lemosín-Poitou-Charentes,
62596,TRANSFER,7/2/2017 17:49,SUSPECTED_FRAUD,5979,Le Plessis-Robinson,Francia,Isla de Francia,
16811,TRANSFER,9/3/2015 9:17,SUSPECTED_FRAUD,6906,Leeds,Reino Unido,Inglaterra,
15278,TRANSFER,8/12/2015 0:12,SUSPECTED_FRAUD,3934,Roanne,Francia,Auvernia-Ródano-Alpes,
19327,TRANSFER,10/10/2015 2:45,SUSPECTED_FRAUD,9426,Fontenay-aux-Roses,Francia,Isla de Francia,
17104,TRANSFER,9/7/2015 15:56,SUSPECTED_FRAUD,2513,Barcelona,España,Cataluña,
17436,TRANSFER,9/12/2015 12:15,SUSPECTED_FRAUD,235,Brindisi,Italia,Apulia,
2887,TRANSFER,2/12/2015 3:05,CANCELED,10632,San Miguelito,Panamá,Panamá,
1186,TRANSFER,1/18/2015 7:09,CANCELED,11947,Tepic,México,Nayarit,
8488,TRANSFER,5/4/2015 21:22,CANCELED,9154,Posadas,Argentina,Misiones,
55000,TRANSFER,3/13/2017 20:35,CANCELED,9897,Culiacán,México,Sinaloa,
55201,TRANSFER,3/16/2017 19:01,CANCELED,11198,Panama City,Panamá,Panamá,
1186,TRANSFER,1/18/2015 7:09,CANCELED,11947,Tepic,México,Nayarit,
1383,TRANSFER,1/21/2015 4:10,CANCELED,1753,Santana de Parnaíba,Brasil,São Paulo,
53581,TRANSFER,2/21/2017 3:27,CANCELED,2790,Bogotá,Colombia,Bogotá,
1383,TRANSFER,1/21/2015 4:10,CANCELED,1753,Santana de Parnaíba,Brasil,São Paulo,
57479,TRANSFER,4/19/2017 1:06,CANCELED,1756,Cienfuegos,Cuba,Cienfuegos,
738,TRANSFER,1/11/2015 18:12,CANCELED,10042,São Bernardo do Campo,Brasil,São Paulo,
56476,TRANSFER,4/4/2017 9:42,CANCELED,9698,Birigui,Brasil,São Paulo,
8488,TRANSFER,5/4/2015 21:22,CANCELED,9154,Posadas,Argentina,Misiones,
24271,TRANSFER,12/21/2015 6:51,PENDING,1448,Surabaya,Indonesia,Java Oriental,
42777,TRANSFER,9/16/2016 10:20,PENDING,4438,Mersin,Turquía,Mersin,
22298,TRANSFER,11/22/2015 11:37,PENDING,9072,Kathmandu,Nepal,Central,
43739,TRANSFER,9/30/2016 11:22,PENDING,2569,Denizli,Turquía,Denizli,
24594,TRANSFER,12/26/2015 0:01,PENDING,5038,Newcastle,Australia,Nueva Gales del Sur,
30802,TRANSFER,3/25/2016 14:57,PENDING,8422,Masterton,Nueva Zelanda,Wellington,
27586,TRANSFER,2/7/2016 16:15,PENDING,2683,Melbourne,Australia,Victoria,
46791,TRANSFER,11/14/2016 0:37,PENDING,197,Bagdad,Irak,Bagdad,
24176,TRANSFER,12/19/2015 21:34,PENDING,7200,Guwahati,India,Assam,
21193,TRANSFER,11/6/2015 8:30,PENDING,5074,Asahikawa,Japón,Hokkaido,
22044,TRANSFER,11/18/2015 18:38,PROCESSING,12018,Jinan,China,Shandong,
30388,TRANSFER,3/19/2016 13:55,PROCESSING,12240,Auckland,Nueva Zelanda,Auckland,
43576,TRANSFER,9/28/2016 2:15,PROCESSING,10311,Corum,Turquía,Corum,
26039,TRANSFER,1/16/2016 2:16,PROCESSING,8203,Perth,Australia,Australia Occidental,
28441,TRANSFER,2/20/2016 3:47,PROCESSING,3948,Rawalpindi,Pakistán,Punyab,
29181,TRANSFER,3/1/2016 23:03,PROCESSING,10969,Huainan,China,Anhui,
28827,TRANSFER,2/25/2016 19:01,PROCESSING,10461,Newcastle,Australia,Nueva Gales del Sur,
25060,TRANSFER,1/1/2016 19:17,PROCESSING,11344,Gujranwala,Pakistán,Punyab,
21624,TRANSFER,11/12/2015 15:30,PROCESSING,10852,Luoyang,China,Fujian,
23378,TRANSFER,12/8/2015 6:00,PROCESSING,2095,Surabaya,Indonesia,Java Oriental,
28249,TRANSFER,2/17/2016 8:31,PROCESSING,6145,Bangkok,Tailandia,Bangkok,
22926,TRANSFER,12/1/2015 15:38,PROCESSING,7101,Hangzhou,China,Zhejiang,
29286,TRANSFER,3/3/2016 11:50,PROCESSING,10053,Raipur,India,Rajastán,
21872,TRANSFER,11/16/2015 6:23,PROCESSING,1234,Adelaide,Australia,Australia del Sur,
21624,TRANSFER,11/12/2015 15:30,PROCESSING,10852,Luoyang,China,Fujian,
48334,TRANSFER,12/6/2016 13:12,PROCESSING,6900,Jeddah,Arabia Saudí,Meca,
28866,TRANSFER,2/26/2016 8:41,PROCESSING,8760,Huaiyin,China,Jiangsu,
28827,TRANSFER,2/25/2016 19:01,PROCESSING,10461,Newcastle,Australia,Nueva Gales del Sur,
26054,TRANSFER,1/16/2016 7:31,PROCESSING,7614,Guangshui,China,Hubei,
27856,TRANSFER,2/11/2016 14:50,PROCESSING,9177,Baguio City,Filipinas,Cordillera,
47439,TRANSFER,11/23/2016 11:38,PROCESSING,346,Estambul,Turquía,Estambul,
24770,TRANSFER,12/28/2015 13:41,PROCESSING,10240,Vientiane,Laos,Prefectura de Vientián,
41903,TRANSFER,9/3/2016 16:08,PROCESSING,3767,Riyadh,Arabia Saudí,Riad,
26402,TRANSFER,1/21/2016 9:26,PROCESSING,3230,Gwalior,India,Madhya Pradesh,
28402,TRANSFER,2/19/2016 14:08,PROCESSING,9531,Hanoi,Vietnam,Th? Dô Hà N?i,
23948,TRANSFER,12/16/2015 13:42,PROCESSING,5361,Raipur,India,Uttarakhand,
26436,TRANSFER,1/21/2016 21:21,PROCESSING,4565,Mumbai,India,Maharashtra,
27286,TRANSFER,2/3/2016 7:09,PROCESSING,3047,Nakhon Ratchasima,Tailandia,Nakhon Ratchasima,
23688,TRANSFER,12/12/2015 18:36,PROCESSING,12319,Yingcheng,China,Hubei,
45380,TRANSFER,10/24/2016 10:17,PROCESSING,1326,Qarshi,Uzbekistán,Kashkadar,
23688,TRANSFER,12/12/2015 18:36,PROCESSING,12319,Yingcheng,China,Hubei,
27530,TRANSFER,2/6/2016 20:38,PROCESSING,155,Wollongong,Australia,Nueva Gales del Sur,
49693,TRANSFER,12/26/2016 9:19,PROCESSING,4528,Zahedan,Irán,Sistán y Baluchistán,
30111,TRANSFER,3/15/2016 12:52,PROCESSING,4781,Adelaide,Australia,Australia del Sur,
48699,TRANSFER,12/11/2016 21:04,PROCESSING,6706,Izmir,Turquía,Izmir,
28441,TRANSFER,2/20/2016 3:47,PROCESSING,3948,Rawalpindi,Pakistán,Punyab,
27750,TRANSFER,2/10/2016 1:42,PROCESSING,4350,Anjo,Japón,Aichi,
22379,TRANSFER,11/23/2015 16:00,PROCESSING,5971,Rawalpindi,Pakistán,Punyab,
31208,TRANSFER,3/31/2016 13:12,PROCESSING,9285,Manukau City,Nueva Zelanda,Auckland,
27689,TRANSFER,2/9/2016 4:20,PROCESSING,7757,Brisbane,Australia,Queensland,
44514,TRANSFER,10/11/2016 18:53,PROCESSING,9604,Abadan,Irán,Juzestán,
21837,TRANSFER,11/15/2015 18:07,PROCESSING,2402,Canberra,Australia,Territorio de la Capital Australiana,
22926,TRANSFER,12/1/2015 15:38,PROCESSING,7101,Hangzhou,China,Zhejiang,
25942,TRANSFER,1/14/2016 16:17,PROCESSING,1117,Kendari,Indonesia,Célebes Suroriental,
22134,TRANSFER,11/20/2015 2:10,PROCESSING,6165,Anshan,China,Liaoning,
26827,TRANSFER,1/27/2016 14:20,PROCESSING,1916,Kuala Terengganu,Malasia,Trengganu,
48334,TRANSFER,12/6/2016 13:12,PROCESSING,6900,Jeddah,Arabia Saudí,Meca,
21941,TRANSFER,11/17/2015 6:33,PROCESSING,2796,Canberra,Australia,Territorio de la Capital Australiana,
28847,TRANSFER,2/26/2016 2:02,PROCESSING,39,Nom Pen,Camboya,Nom Pen,
43576,TRANSFER,9/28/2016 2:15,PROCESSING,10311,Corum,Turquía,Corum,
26577,TRANSFER,1/23/2016 22:45,PROCESSING,5533,Caloundra,Australia,Queensland,
29995,TRANSFER,3/13/2016 20:14,PROCESSING,387,Visakhapatnam,India,Andhra Pradesh,
21312,TRANSFER,11/8/2015 2:11,PROCESSING,6706,Shanwei,China,Guangdong,
20775,TRANSFER,10/31/2015 6:03,PROCESSING,11129,Caloocan,Filipinas,Capital Nacional,
28017,TRANSFER,2/13/2016 23:15,PROCESSING,8845,Kollam,India,Kerala,
47562,TRANSFER,11/25/2016 6:44,PROCESSING,9304,Al Muharraq,Baréin,Muharraq,
29490,TRANSFER,3/6/2016 11:18,PROCESSING,3677,Zaozhuang,China,Shandong,
23571,TRANSFER,12/11/2015 1:37,PROCESSING,10517,Xichang,China,Sichuan,
30924,TRANSFER,3/27/2016 9:42,SUSPECTED_FRAUD,10548,Christchurch,Nueva Zelanda,Canterbury,
20507,TRANSFER,10/27/2015 8:09,SUSPECTED_FRAUD,1306,Dubbo,Australia,Nueva Gales del Sur,
24650,TRANSFER,12/26/2015 19:38,SUSPECTED_FRAUD,7270,Nellore,India,Andhra Pradesh,
24650,TRANSFER,12/26/2015 19:38,SUSPECTED_FRAUD,7270,Nellore,India,Andhra Pradesh,
24650,TRANSFER,12/26/2015 19:38,SUSPECTED_FRAUD,7270,Nellore,India,Andhra Pradesh,
30328,TRANSFER,3/18/2016 16:53,SUSPECTED_FRAUD,4622,Manukau City,Nueva Zelanda,Auckland,
23302,TRANSFER,12/7/2015 3:22,SUSPECTED_FRAUD,1748,Semarang,Indonesia,Java Central,
28677,TRANSFER,2/23/2016 14:28,SUSPECTED_FRAUD,4775,Albany,Australia,Australia Occidental,
30728,TRANSFER,3/24/2016 13:02,SUSPECTED_FRAUD,7948,Mount Isa,Australia,Queensland,
37718,TRANSFER,7/4/2016 13:56,CANCELED,1627,Tulsa,Estados Unidos,Oklahoma,74133.0
34977,TRANSFER,5/25/2016 13:39,CANCELED,1243,Clinton,Estados Unidos,Maryland,20735.0
40138,TRANSFER,8/8/2016 21:46,CANCELED,7635,San Francisco,Estados Unidos,California,94110.0
40776,TRANSFER,8/18/2016 5:17,CANCELED,7200,Oswego,Estados Unidos,Illinois,60543.0
39582,TRANSFER,7/31/2016 18:59,CANCELED,3142,Saint Charles,Estados Unidos,Illinois,60174.0
34284,TRANSFER,5/15/2016 10:51,CANCELED,8024,Columbus,Estados Unidos,Georgia,31907.0
41142,TRANSFER,8/23/2016 13:31,CANCELED,5023,Decatur,Estados Unidos,Illinois,62521.0
41287,TRANSFER,8/25/2016 16:19,CANCELED,9581,Costa Mesa,Estados Unidos,California,92627.0
35651,TRANSFER,6/4/2016 9:46,CANCELED,9294,Asheville,Estados Unidos,Carolina del Norte,28806.0
41287,TRANSFER,8/25/2016 16:19,CANCELED,9581,Costa Mesa,Estados Unidos,California,92627.0
32566,TRANSFER,4/20/2016 8:58,PENDING,3797,Florence,Estados Unidos,Alabama,35630.0
39300,TRANSFER,7/27/2016 16:11,PENDING,11999,Lowell,Estados Unidos,Massachusetts,1852.0
40654,TRANSFER,8/16/2016 10:33,PENDING,3715,New York City,Estados Unidos,Nueva York,10024.0
39551,TRANSFER,7/31/2016 8:07,PENDING,2922,Seattle,Estados Unidos,Washington,98103.0
35389,TRANSFER,5/31/2016 13:59,PENDING,7175,Akron,Estados Unidos,Ohio,44312.0
32257,TRANSFER,4/15/2016 20:42,PENDING,967,San Francisco,Estados Unidos,California,94110.0
49031,TRANSFER,12/16/2016 17:23,PENDING,8098,London,Canada,Ontario,
49031,TRANSFER,12/16/2016 17:23,PENDING,8098,London,Canada,Ontario,
32224,TRANSFER,4/15/2016 9:09,PENDING,8481,Springfield,Estados Unidos,Virginia,22153.0
38411,TRANSFER,7/14/2016 16:44,PENDING,8205,Henderson,Estados Unidos,Nevada,89015.0
48282,TRANSFER,12/5/2016 18:59,PENDING,10668,North York,Canada,Ontario,
40949,TRANSFER,8/20/2016 17:54,PENDING,11380,Los Angeles,Estados Unidos,California,90045.0
31917,TRANSFER,4/10/2016 21:35,PENDING,12052,New York City,Estados Unidos,Nueva York,10011.0
39991,TRANSFER,8/6/2016 18:16,PENDING,3915,Grand Rapids,Estados Unidos,Michigan,49505.0
44802,TRANSFER,10/15/2016 23:47,PENDING,8051,Mississauga,Canada,Ontario,
40766,TRANSFER,8/18/2016 1:47,PENDING,3249,New York City,Estados Unidos,Nueva York,10024.0
36495,TRANSFER,6/16/2016 17:28,PENDING,7894,Round Rock,Estados Unidos,Texas,78664.0
37945,TRANSFER,7/7/2016 21:28,PENDING,9197,Arlington,Estados Unidos,Texas,76017.0
32257,TRANSFER,4/15/2016 20:42,PENDING,967,San Francisco,Estados Unidos,California,94110.0
33058,TRANSFER,4/27/2016 13:20,PENDING,5855,San Diego,Estados Unidos,California,92105.0
40766,TRANSFER,8/18/2016 1:47,PENDING,3249,New York City,Estados Unidos,Nueva York,10024.0
36840,TRANSFER,6/21/2016 18:20,PENDING,4611,Tucson,Estados Unidos,Arizona,85705.0
31302,TRANSFER,4/1/2016 22:08,PENDING,1657,Los Angeles,Estados Unidos,California,90032.0
44802,TRANSFER,10/15/2016 23:47,PENDING,8051,Mississauga,Canada,Ontario,
31738,TRANSFER,4/8/2016 6:53,PROCESSING,9202,Detroit,Estados Unidos,Michigan,48227.0
35393,TRANSFER,5/31/2016 15:23,PROCESSING,2922,Minneapolis,Estados Unidos,Minnesota,55407.0
39081,TRANSFER,7/24/2016 11:27,PROCESSING,9368,Charlotte,Estados Unidos,Carolina del Norte,28205.0
40716,TRANSFER,8/17/2016 8:16,PROCESSING,712,Houston,Estados Unidos,Texas,77041.0
41612,TRANSFER,8/30/2016 10:11,PROCESSING,1222,Windsor,Canada,Ontario,
36298,TRANSFER,6/13/2016 20:27,PROCESSING,275,Newport News,Estados Unidos,Virginia,23602.0
40634,TRANSFER,8/16/2016 3:32,PROCESSING,12279,San Francisco,Estados Unidos,California,94110.0
35393,TRANSFER,5/31/2016 15:23,PROCESSING,2922,Minneapolis,Estados Unidos,Minnesota,55407.0
36654,TRANSFER,6/19/2016 1:10,PROCESSING,8520,San Francisco,Estados Unidos,California,94122.0
36636,TRANSFER,6/18/2016 18:52,PROCESSING,3373,Oceanside,Estados Unidos,Nueva York,11572.0
47796,TRANSFER,11/28/2016 16:43,PROCESSING,8587,Surrey,Canada,Columbia británica,
35266,TRANSFER,5/29/2016 18:54,PROCESSING,288,San Antonio,Estados Unidos,Texas,78207.0
34089,TRANSFER,5/12/2016 14:32,PROCESSING,8004,Omaha,Estados Unidos,Nebraska,68104.0
50571,TRANSFER,1/8/2017 4:55,PROCESSING,1507,North York,Canada,Ontario,
46744,TRANSFER,11/13/2016 8:09,PROCESSING,228,North York,Canada,Ontario,
36894,TRANSFER,6/22/2016 13:15,PROCESSING,10753,Baltimore,Estados Unidos,Maryland,21215.0
39241,TRANSFER,7/26/2016 19:31,PROCESSING,2368,Dallas,Estados Unidos,Texas,75081.0
46992,TRANSFER,11/16/2016 23:02,PROCESSING,9484,Calgary,Canada,Alberta,
32277,TRANSFER,4/16/2016 3:43,PROCESSING,7005,New York City,Estados Unidos,Nueva York,10035.0
47796,TRANSFER,11/28/2016 16:43,PROCESSING,8587,Surrey,Canada,Columbia británica,
36636,TRANSFER,6/18/2016 18:52,PROCESSING,3373,Oceanside,Estados Unidos,Nueva York,11572.0
39498,TRANSFER,7/30/2016 13:33,PROCESSING,9164,New York City,Estados Unidos,Nueva York,10024.0
37182,TRANSFER,6/26/2016 18:09,PROCESSING,10500,San Francisco,Estados Unidos,California,94110.0
40647,TRANSFER,8/16/2016 8:06,PROCESSING,3814,Seattle,Estados Unidos,Washington,98115.0
32462,TRANSFER,4/18/2016 20:32,PROCESSING,4346,Jackson,Estados Unidos,Michigan,49201.0
31410,TRANSFER,4/3/2016 11:58,PROCESSING,2233,Columbus,Estados Unidos,Ohio,43229.0
31957,TRANSFER,4/11/2016 11:36,PROCESSING,7045,Arlington,Estados Unidos,Texas,76017.0
36837,TRANSFER,6/21/2016 17:17,PROCESSING,7330,Chicago,Estados Unidos,Illinois,60653.0
37675,TRANSFER,7/3/2016 22:52,PROCESSING,2136,Waterbury,Estados Unidos,Connecticut,6708.0
32536,TRANSFER,4/19/2016 22:27,PROCESSING,12333,Seattle,Estados Unidos,Washington,98105.0
31336,TRANSFER,4/2/2016 10:02,SUSPECTED_FRAUD,9554,Houston,Estados Unidos,Texas,77041.0
32846,TRANSFER,4/24/2016 11:03,SUSPECTED_FRAUD,2062,New York City,Estados Unidos,Nueva York,10011.0
35083,TRANSFER,5/27/2016 2:47,SUSPECTED_FRAUD,2518,Los Angeles,Estados Unidos,California,90045.0
39036,TRANSFER,7/23/2016 19:41,SUSPECTED_FRAUD,7007,San Francisco,Estados Unidos,California,94110.0
37493,TRANSFER,7/1/2016 7:07,SUSPECTED_FRAUD,11743,Philadelphia,Estados Unidos,Pensilvania,19143.0
33619,TRANSFER,5/5/2016 17:52,SUSPECTED_FRAUD,5001,Henderson,Estados Unidos,Kentucky,42420.0
31797,TRANSFER,4/9/2016 3:33,SUSPECTED_FRAUD,6162,Parker,Estados Unidos,Colorado,80134.0
31797,TRANSFER,4/9/2016 3:33,SUSPECTED_FRAUD,6162,Parker,Estados Unidos,Colorado,80134.0
32594,TRANSFER,4/20/2016 18:46,SUSPECTED_FRAUD,4045,Fairfield,Estados Unidos,California,94533.0
34103,TRANSFER,5/12/2016 19:26,SUSPECTED_FRAUD,2053,Seattle,Estados Unidos,Washington,98115.0
37048,TRANSFER,6/24/2016 19:12,SUSPECTED_FRAUD,4209,San Diego,Estados Unidos,California,92037.0
36344,TRANSFER,6/14/2016 12:34,SUSPECTED_FRAUD,11197,Los Angeles,Estados Unidos,California,90036.0
31336,TRANSFER,4/2/2016 10:02,SUSPECTED_FRAUD,9554,Houston,Estados Unidos,Texas,77041.0
46495,CASH,11/9/2016 16:55,CLOSED,10610,Cape Town,SudAfrica,Cabo Occidental,
50236,CASH,1/3/2017 7:33,CLOSED,10046,Fayún,Egipto,Fayún,
69890,CASH,10/17/2017 5:13,CLOSED,13443,Bournemouth,Reino Unido,Inglaterra,
48329,CASH,12/6/2016 11:27,CLOSED,3636,Dnipropetrovsk,Ucrania,Dnipropetrovsk,
18160,CASH,9/23/2015 1:54,CLOSED,1001,Turin,Italia,Piamonte,
18160,CASH,9/23/2015 1:54,CLOSED,1001,Turin,Italia,Piamonte,
18154,CASH,9/22/2015 23:48,CLOSED,5082,Courbevoie,Francia,Isla de Francia,
10394,CASH,6/1/2015 17:07,CLOSED,934,Argentan,Francia,Normandía,
20029,CASH,10/20/2015 8:42,CLOSED,10735,Cognac,Francia,Aquitania-Lemosín-Poitou-Charentes,
66423,CASH,8/27/2017 14:35,CLOSED,6346,Turin,Italia,Piamonte,
15338,CASH,8/12/2015 21:14,CLOSED,12128,Stuttgart,Alemania,Baden-Wurtemberg,
71192,CASH,11/5/2017 5:22,CLOSED,14745,La Baule-Escoublac,Francia,Países del Loira,
17279,CASH,9/10/2015 5:15,CLOSED,11507,Saint-Michel-sur-Orge,Francia,Isla de Francia,
64951,CASH,8/6/2017 2:52,CLOSED,11365,Saint-Malo,Francia,Bretaña,
16477,CASH,8/29/2015 12:16,CLOSED,2860,Ghent,Bélgica,Flanders Oriental,
16477,CASH,8/29/2015 12:16,CLOSED,2860,Ghent,Bélgica,Flanders Oriental,
14003,CASH,7/24/2015 9:31,CLOSED,614,Rome,Italia,Lacio,
16477,CASH,8/29/2015 12:16,CLOSED,2860,Ghent,Bélgica,Flanders Oriental,
18763,CASH,10/1/2015 21:09,CLOSED,3433,Montpellier,Francia,Languedoc-Rosellón-Mediodía-Pirineos,
14621,CASH,8/2/2015 10:02,CLOSED,8502,Maisons-Alfort,Francia,Isla de Francia,
15338,CASH,8/12/2015 21:14,CLOSED,12128,Stuttgart,Alemania,Baden-Wurtemberg,
15369,CASH,8/13/2015 8:05,CLOSED,9210,Hamburgo,Alemania,Hamburgo,
70022,CASH,10/19/2017 3:28,CLOSED,13575,Cholet,Francia,Países del Loira,
