ID,Project Code,PQ #,PO / SO #,ASN/DN #,Country,Managed By,Fulfill Via,Vendor INCO Term,Shipment Mode,PQ First Sent to Client Date,PO Sent to Vendor Date,Scheduled Delivery Date,Delivered to Client Date,Delivery Recorded Date,Product Group,Sub Classification,Item Description,Molecule/Test Type,Dosage,Dosage Form,Unit of Measure (Per Pack),Line Item Quantity,Line Item Value,Pack Price,Unit Price,First Line Designation,Weight (Kilograms),Freight Cost (USD),Line Item Insurance (USD)
1,100-CI-T01,Pre-PQ Process,SCMS-4,ASN-8,Côte d'Ivoire,PMO - US,Direct Drop,EXW,Air,Pre-PQ Process,Date Not Captured,2-Jun-06,2-Jun-06,2-Jun-06,HRDT,HIV test,"HIV, Reveal G3 Rapid HIV-1 Antibody Test, 30 Tests","HIV, Reveal G3 Rapid HIV-1 Antibody Test",,Test kit,30,19,551.0,29.0,0.97,Yes,13,780.34,
3,108-VN-T01,Pre-PQ Process,SCMS-13,ASN-85,Vietnam,PMO - US,Direct Drop,EXW,Air,Pre-PQ Process,Date Not Captured,14-Nov-06,14-Nov-06,14-Nov-06,ARV,Pediatric,"Nevirapine 10mg/ml, oral suspension, Bottle, 240 ml",Nevirapine,10mg/ml,Oral suspension,240,1000,6200.0,6.2,0.03,Yes,358,4521.5,
4,100-CI-T01,Pre-PQ Process,SCMS-20,ASN-14,Côte d'Ivoire,PMO - US,Direct Drop,FCA,Air,Pre-PQ Process,Date Not Captured,27-Aug-06,27-Aug-06,27-Aug-06,HRDT,HIV test,"HIV 1/2, Determine Complete HIV Kit, 100 Tests","HIV 1/2, Determine Complete HIV Kit",,Test kit,100,500,40000.0,80.0,0.8,Yes,171,1653.78,
15,108-VN-T01,Pre-PQ Process,SCMS-78,ASN-50,Vietnam,PMO - US,Direct Drop,EXW,Air,Pre-PQ Process,Date Not Captured,1-Sep-06,1-Sep-06,1-Sep-06,ARV,Adult,"Lamivudine 150mg, tablets, 60 Tabs",Lamivudine,150mg,Tablet,60,31920,127360.8,3.99,0.07,Yes,1855,16007.06,
16,108-VN-T01,Pre-PQ Process,SCMS-81,ASN-55,Vietnam,PMO - US,Direct Drop,EXW,Air,Pre-PQ Process,Date Not Captured,11-Aug-06,11-Aug-06,11-Aug-06,ARV,Adult,"Stavudine 30mg, capsules, 60 Caps",Stavudine,30mg,Capsule,60,38000,121600.0,3.2,0.05,Yes,7590,45450.08,
23,112-NG-T01,Pre-PQ Process,SCMS-87,ASN-57,Nigeria,PMO - US,Direct Drop,EXW,Air,Pre-PQ Process,Date Not Captured,28-Sep-06,28-Sep-06,28-Sep-06,ARV,Pediatric,"Zidovudine 10mg/ml, oral solution, Bottle, 240 ml",Zidovudine,10mg/ml,Oral solution,240,416,2225.6,5.35,0.02,Yes,504,5920.42,
44,110-ZM-T01,Pre-PQ Process,SCMS-139,ASN-130,Zambia,PMO - US,Direct Drop,DDU,Air,Pre-PQ Process,Date Not Captured,8-Jan-07,8-Jan-07,8-Jan-07,ARV,Pediatric,"Efavirenz 200mg [Stocrin/Sustiva], capsule, 90 Caps",Efavirenz,200mg,Capsule,90,135,4374.0,32.4,0.36,Yes,328,Freight Included in Commodity Cost,
45,109-TZ-T01,Pre-PQ Process,SCMS-140,ASN-94,Tanzania,PMO - US,Direct Drop,EXW,Air,Pre-PQ Process,Date Not Captured,24-Nov-06,24-Nov-06,24-Nov-06,ARV,Adult,"Nevirapine 200mg, tablets, 60 Tabs",Nevirapine,200mg,Tablet,60,16667,60834.55,3.65,0.06,Yes,1478,6212.41,
46,112-NG-T01,Pre-PQ Process,SCMS-156,ASN-93,Nigeria,PMO - US,Direct Drop,EXW,Air,Pre-PQ Process,Date Not Captured,7-Dec-06,7-Dec-06,7-Dec-06,ARV,Adult,"Stavudine 30mg, capsules, 60 Caps",Stavudine,30mg,Capsule,60,273,532.35,1.95,0.03,No,See ASN-93 (ID#:1281),See ASN-93 (ID#:1281),
47,110-ZM-T01,Pre-PQ Process,SCMS-165,ASN-199,Zambia,PMO - US,Direct Drop,CIP,Air,Pre-PQ Process,11/13/2006,30-Jan-07,30-Jan-07,30-Jan-07,ARV,Adult,"Lopinavir/Ritonavir 200/50mg [Aluvia], tablets, 120 Tabs",Lopinavir/Ritonavir,200/50mg,Tablet,120,2800,115080.0,41.1,0.34,Yes,643,Freight Included in Commodity Cost,
60,110-ZM-T01,Pre-PQ Process,SCMS-221,ASN-223,Zambia,PMO - US,Direct Drop,CIP,Air,Pre-PQ Process,12/1/2006,16-Feb-07,16-Feb-07,16-Feb-07,ARV,Adult,"Lopinavir/Ritonavir 200/50mg [Aluvia], tablets, 120 Tabs",Lopinavir/Ritonavir,200/50mg,Tablet,120,2800,115080.0,41.1,0.34,Yes,643,Freight Included in Commodity Cost,
61,110-ZM-T01,Pre-PQ Process,SCMS-226,ASN-137,Zambia,PMO - US,Direct Drop,EXW,Air,Pre-PQ Process,Date Not Captured,8-Jan-07,8-Jan-07,8-Jan-07,HRDT,HIV test,"HIV 1/2, Uni-Gold HIV Kit, 20 Tests","HIV 1/2, Uni-Gold HIV Kit",,Test kit,20,2500,100000.0,40.0,2.0,Yes,853,13569.49,
62,102-NG-T01,Pre-PQ Process,SCMS-230,ASN-144,Nigeria,PMO - US,Direct Drop,EXW,Air,Pre-PQ Process,Date Not Captured,10-Jan-07,10-Jan-07,10-Jan-07,HRDT,HIV test,"HIV 1/2, InstantChek HIV 1+2 Kit, 100 Tests","HIV 1/2, InstantChek HIV 1+2 Kit",,Test kit,100,10,850.0,85.0,0.85,Yes,Weight Captured Separately,Invoiced Separately,
64,107-RW-T01,Pre-PQ Process,SCMS-268,ASN-242,Rwanda,PMO - US,Direct Drop,EXW,Air,Pre-PQ Process,12/22/2006,27-Feb-07,27-Feb-07,27-Feb-07,ARV,Adult,"Lamivudine/Zidovudine 150/300mg, tablets, 60 Tabs",Lamivudine/Zidovudine,150/300mg,Tablet - FDC,60,10000,99800.0,9.98,0.17,Yes,7416,64179.42,
65,106-HT-T01,Pre-PQ Process,SCMS-274,ASN-162,Haiti,PMO - US,Direct Drop,EXW,Air,Pre-PQ Process,Date Not Captured,18-Jan-07,18-Jan-07,18-Jan-07,HRDT,HIV test,"HIV 1/2, Determine Complete HIV Kit, 100 Tests","HIV 1/2, Determine Complete HIV Kit",,Test kit,100,750,60000.0,80.0,0.8,Yes,256,1760.32,
68,113-ZW-T01,Pre-PQ Process,SCMS-308,ASN-285,Zimbabwe,PMO - US,Direct Drop,CIP,Air,Pre-PQ Process,1/10/2007,19-Mar-07,19-Mar-07,19-Mar-07,ARV,Pediatric,"#102198**Didanosine 200mg [Videx], tablets, 60 Tabs",Didanosine,200mg,Tablet,60,579,14764.5,25.5,0.42,Yes,Weight Captured Separately,Freight Included in Commodity Cost,
69,102-NG-T01,Pre-PQ Process,SCMS-354,ASN-608,Nigeria,PMO - US,Direct Drop,CIP,,Pre-PQ Process,Date Not Captured,7-May-07,7-May-07,7-May-07,HRDT,HIV test,"HIV 1/2, Determine Complete HIV Kit, 100 Tests","HIV 1/2, Determine Complete HIV Kit",,Test kit,100,1500,120000.0,80.0,0.8,Yes,Weight Captured Separately,Freight Included in Commodity Cost,192.0
80,107-RW-T01,Pre-PQ Process,SCMS-488,ASN-299,Rwanda,PMO - US,Direct Drop,EXW,Air,Pre-PQ Process,Date Not Captured,29-Mar-07,29-Mar-07,29-Mar-07,HRDT,HIV test,"HIV 1/2/O, First Response HIV 1-2.0, v.3.0 Cards Kit, 30 Tests","HIV 1/2/O, First Response HIV 1-2.0, v.3.0 Cards Kit",,Test kit,30,2000,33000.0,16.5,0.55,Yes,710,3120.7,
87,109-TZ-T01,Pre-PQ Process,SCMS-555,ASN-409,Tanzania,PMO - US,Direct Drop,CIP,Air,Pre-PQ Process,4/12/2007,6-Jun-07,6-Jun-07,6-Jun-07,ARV,Pediatric,"Didanosine 2g [Videx], powder for oral solution 10mg/ml, reconstitute to 200 ml",Didanosine,2g,Powder for oral solution,200,712,8964.08,12.59,0.06,Yes,162,912.96,
92,102-NG-T01,Pre-PQ Process,SCMS-592,ASN-485,Nigeria,PMO - US,Direct Drop,EXW,Air,Pre-PQ Process,5/13/2007,19-Jun-07,19-Jun-07,19-Jun-07,HRDT,HIV test,"HIV 1/2, Determine Complete HIV Kit, 100 Tests","HIV 1/2, Determine Complete HIV Kit",,Test kit,100,1000,80000.0,80.0,0.8,Yes,341,2682.47,128.0
96,102-NG-T01,Pre-PQ Process,SCMS-570,ASN-451,Nigeria,PMO - US,Direct Drop,EXW,Air,Pre-PQ Process,5/17/2007,19-Jun-07,19-Jun-07,19-Jun-07,HRDT,HIV test,"HIV 1/2, Stat-Pak HIV, Kit, 20 Tests","HIV 1/2, Stat-Pak HIV, Kit",,Test kit,20,7500,202500.0,27.0,1.35,Yes,2278,15893.71,
108,104-CI-T01,Pre-PQ Process,SCMS-698,ASN-727,Côte d'Ivoire,PMO - US,Direct Drop,CIP,Air,Pre-PQ Process,7/13/2007,2-Oct-07,2-Oct-07,2-Oct-07,ARV,Pediatric,"#102198**Didanosine 200mg [Videx], tablets, 60 Tabs",Didanosine,200mg,Tablet,60,5513,140581.5,25.5,0.42,Yes,2126,Freight Included in Commodity Cost,224.93
115,108-VN-T01,Pre-PQ Process,SCMS-753,ASN-781,Vietnam,PMO - US,Direct Drop,EXW,Air,Pre-PQ Process,7/4/2007,15-Oct-07,15-Oct-07,15-Oct-07,ARV,Pediatric,"Nevirapine 10mg/ml, oral suspension, Bottle, 240 ml",Nevirapine,10mg/ml,Oral suspension,240,1000,1920.0,1.92,0.01,Yes,941,4193.49,3.07
116,108-VN-T01,Pre-PQ Process,SCMS-759,ASN-632,Vietnam,PMO - US,Direct Drop,FCA,Air,Pre-PQ Process,7/4/2007,27-Aug-07,27-Aug-07,27-Aug-07,ARV,Adult,"Lopinavir/Ritonavir 200/50mg [Aluvia], tablets, 120 Tabs",Lopinavir/Ritonavir,200/50mg,Tablet,120,500,41095.0,82.19,0.68,Yes,117,1767.38,65.75
130,100-HT-T01,Pre-PQ Process,SCMS-10080,ASN-628,Haiti,PMO - US,Direct Drop,EXW,Air,Pre-PQ Process,7/26/2007,13-Aug-07,21-Aug-07,21-Aug-07,HRDT,HIV test,"HIV 1/2, Determine HIV Kit, without Lancets, 100 Tests","HIV 1/2, Determine HIV Kit, without Lancets",,Test kit,100,750,53992.5,71.99,0.72,Yes,171,3518.38,86.39
134,100-HT-T01,Pre-PQ Process,SCMS-10130,ASN-616,Haiti,PMO - US,Direct Drop,EXW,Air,Pre-PQ Process,7/26/2007,25-Aug-07,25-Aug-07,25-Aug-07,HRDT,HIV test,"HIV 1/2, OraQuick Advance HIV Rapid Antibody Kit, 100 Tests","HIV 1/2, OraQuick Advance HIV Rapid Antibody Kit",,Test kit,100,25,8750.0,350.0,3.5,Yes,60,3097.85,14.0
138,109-TZ-T01,Pre-PQ Process,SCMS-10270,ASN-710,Tanzania,PMO - US,Direct Drop,EXW,Air,Pre-PQ Process,Date Not Captured,16-Oct-07,16-Oct-07,16-Oct-07,HRDT,HIV test,"HIV 1/2, Bioline 3.0 Kit, Lancets, Capillary pipets, Alcohol swabs included, 25 Tests","HIV 1/2, Bioline 3.0 Kit, Lancets, Capillary pipets, Alcohol swabs included",,Test kit,25,10000,200000.0,20.0,0.8,Yes,3335,27869.74,320.0
139,109-TZ-T01,Pre-PQ Process,SCMS-10290,ASN-788,Tanzania,PMO - US,Direct Drop,EXW,Air,Pre-PQ Process,Date Not Captured,22-Nov-07,22-Nov-07,22-Nov-07,HRDT,HIV test,"HIV 1/2, Bioline 3.0 Kit, Lancets, Capillary pipets, Alcohol swabs included, 25 Tests","HIV 1/2, Bioline 3.0 Kit, Lancets, Capillary pipets, Alcohol swabs included",,Test kit,25,10000,200000.0,20.0,0.8,Yes,3335,28461.1,320.0
140,109-TZ-T01,Pre-PQ Process,SCMS-10300,ASN-856,Tanzania,PMO - US,Direct Drop,EXW,Air,Pre-PQ Process,Date Not Captured,22-Nov-07,22-Nov-07,22-Nov-07,HRDT,HIV test,"HIV 1/2, Bioline 3.0 Kit, Lancets, Capillary pipets, Alcohol swabs included, 25 Tests","HIV 1/2, Bioline 3.0 Kit, Lancets, Capillary pipets, Alcohol swabs included",,Test kit,25,10000,200000.0,20.0,0.8,Yes,3335,28359.8,320.0
161,117-ET-T01,Pre-PQ Process,SCMS-11070,ASN-916,Ethiopia,PMO - US,Direct Drop,EXW,Air,Pre-PQ Process,10/3/2007,20-Nov-07,20-Nov-07,20-Nov-07,ARV,Adult,"Stavudine 30mg, capsules, 60 Caps",Stavudine,30mg,Capsule,60,64000,99200.0,1.55,0.03,Yes,4228,12237.61,158.72
176,102-NG-T01,Pre-PQ Process,SCMS-11750,ASN-745,Nigeria,PMO - US,Direct Drop,EXW,Air,Pre-PQ Process,8/28/2007,3-Oct-07,3-Oct-07,3-Oct-07,HRDT,HIV test,"HIV 1/2, Stat-Pak HIV, Kit, 20 Tests","HIV 1/2, Stat-Pak HIV, Kit",,Test kit,20,10000,270000.0,27.0,1.35,Yes,3263,20885.78,432.0
262,116-ZA-T01,Pre-PQ Process,SCMS-14050,ASN-1251,South Africa,PMO - US,Direct Drop,DDP,,Pre-PQ Process,11/12/2007,29-Jan-08,29-Jan-08,29-Jan-08,ARV,Pediatric,"Zidovudine 10mg/ml [Retrovir], oral solution, Bottle, 200 ml",Zidovudine,10mg/ml,Oral solution,200,40,317.6,7.94,0.04,Yes,Weight Captured Separately,Freight Included in Commodity Cost,0.51
269,108-VN-T01,Pre-PQ Process,SCMS-14190,ASN-1192,Vietnam,PMO - US,Direct Drop,EXW,Air,Pre-PQ Process,11/19/2007,21-Jan-08,21-Jan-08,21-Jan-08,ARV,Adult,"Tenofovir Disoproxil Fumarate 300mg [Viread], tablets, 30 Tabs",Tenofovir Disoproxil Fumarate,300mg,Tablet,30,1000,17000.0,17.0,0.57,Yes,76,2282.57,27.2
270,108-VN-T01,Pre-PQ Process,SCMS-14200,ASN-1171,Vietnam,PMO - US,Direct Drop,EXW,Air,Pre-PQ Process,11/21/2007,21-Jan-08,21-Jan-08,21-Jan-08,ARV,Adult,"Zidovudine 300mg, tablets, 60 Tabs",Zidovudine,300mg,Tablet,60,400,3352.0,8.38,0.14,Yes,23,2149.05,5.36
284,107-RW-T01,Pre-PQ Process,SCMS-14630,ASN-1253,Rwanda,PMO - US,Direct Drop,EXW,Air,Pre-PQ Process,12/10/2007,31-Jan-08,31-Jan-08,31-Jan-08,HRDT,HIV test - Ancillary,"HIV, Lancet, Safety, for HIV Test kits, 100 Pcs","HIV, Lancet, Safety, for HIV Test kits, 100 Pcs",,Test kit - Ancillary,100,1500,15.0,0.01,0.0,Yes,99,0.75,0.02
305,123-NG-T01,Pre-PQ Process,SCMS-15550,ASN-1269,Nigeria,PMO - US,Direct Drop,EXW,Air,Pre-PQ Process,Date Not Captured,5-Feb-08,5-Feb-08,5-Feb-08,HRDT,HIV test - Ancillary,"HIV, Lancet, Safety, for HIV Test kits, 100 Pcs","HIV, Lancet, Safety, for HIV Test kits, 100 Pcs",,Test kit - Ancillary,100,650,6.5,0.01,0.0,Yes,Weight Captured Separately,Invoiced Separately,0.01
343,116-ZA-T01,Pre-PQ Process,SCMS-16600,ASN-1520,South Africa,PMO - US,Direct Drop,DDP,,Pre-PQ Process,1/4/2008,21-Jan-08,4-Jan-08,4-Jan-08,ARV,Pediatric,"Stavudine 1mg/ml [Zerit], powder for oral solution, Bottle, 200 ml",Stavudine,1mg/ml,Powder for oral solution,200,200,340.0,1.7,0.01,Yes,Weight Captured Separately,Freight Included in Commodity Cost,0.54
361,125-HT-T01,Pre-PQ Process,SCMS-14080,ASN-1318,Haiti,PMO - US,Direct Drop,EXW,Air,Pre-PQ Process,Date Not Captured,18-Feb-08,18-Feb-08,18-Feb-08,HRDT,HIV test,"HIV 1/2, Capillus HIV Kit, 100 Tests","HIV 1/2, Capillus HIV Kit",,Test kit,100,2,278.0,139.0,1.39,Yes,Weight Captured Separately,Invoiced Separately,0.44
391,104-CI-T01,Pre-PQ Process,SCMS-18290,ASN-1879,Côte d'Ivoire,PMO - US,Direct Drop,EXW,Air,Pre-PQ Process,2/27/2008,17-Jun-08,17-Jun-08,17-Jun-08,HRDT,HIV test,"#108853** HIV, Genie II HIV-1/HIV-2 Kit, 40 Tests","HIV, Genie II HIV-1/HIV-2 Kit",,Test kit,40,476,36176.0,76.0,1.9,Yes,509,5446.51,57.88
392,104-CI-T01,Pre-PQ Process,SCMS-18310,ASN-3435,Côte d'Ivoire,PMO - US,Direct Drop,EXW,Air,Pre-PQ Process,3/3/2008,19-Mar-09,19-Mar-09,19-Mar-09,HRDT,HIV test,"HIV 1/2, Bioline 3.0 Kit, Lancets, Capillary pipets, Alcohol swabs included, 25 Tests","HIV 1/2, Bioline 3.0 Kit, Lancets, Capillary pipets, Alcohol swabs included",,Test kit,25,659,13180.0,20.0,0.8,Yes,206,2656.12,25.83
398,102-GY-T01,Pre-PQ Process,SCMS-18480,ASN-1502,Guyana,PMO - US,Direct Drop,EXW,Air,Pre-PQ Process,2/28/2008,9-Apr-08,1-Apr-08,1-Apr-08,HRDT,HIV test - Ancillary,"HIV, Lancet, Safety, for HIV Test kits, 100 Pcs","HIV, Lancet, Safety, for HIV Test kits, 100 Pcs",,Test kit - Ancillary,100,240,2.4,0.01,0.0,Yes,Weight Captured Separately,Invoiced Separately,0.0
399,102-GY-T01,Pre-PQ Process,SCMS-18500,ASN-2117,Guyana,PMO - US,Direct Drop,EXW,Air,Pre-PQ Process,2/28/2008,28-Jul-08,28-Jul-08,28-Jul-08,HRDT,HIV test - Ancillary,"HIV, Lancet, Safety, for HIV Test kits, 100 Pcs","HIV, Lancet, Safety, for HIV Test kits, 100 Pcs",,Test kit - Ancillary,100,213,2.13,0.01,0.0,Yes,14,360,0.0
400,117-ET-T01,Pre-PQ Process,SCMS-18430,ASN-1465,Ethiopia,PMO - US,Direct Drop,DDP,,Pre-PQ Process,2/29/2008,11-Mar-08,11-Mar-08,11-Mar-08,HRDT,HIV test,"HIV 1/2, Capillus HIV Kit, 100 Tests","HIV 1/2, Capillus HIV Kit",,Test kit,100,63,13399.25,212.69,2.13,Yes,Weight Captured Separately,Freight Included in Commodity Cost,21.44
410,113-ZW-T01,Pre-PQ Process,SCMS-18870,ASN-2434,Zimbabwe,PMO - US,Direct Drop,EXW,Air,Pre-PQ Process,3/17/2008,17-Nov-08,17-Nov-08,17-Nov-08,HRDT,HIV test,"HIV 1/2, Determine HIV Kit, without Lancets, 100 Tests","HIV 1/2, Determine HIV Kit, without Lancets",,Test kit,100,1634,117631.66,71.99,0.72,Yes,373,4112.46,188.21
411,123-NG-T01,Pre-PQ Process,SCMS-18940,ASN-1467,Nigeria,PMO - US,Direct Drop,EXW,Air,Pre-PQ Process,3/13/2008,17-Apr-08,17-Apr-08,17-Apr-08,HRDT,HIV test,"HIV 1/2, Stat-Pak HIV, Kit, 20 Tests","HIV 1/2, Stat-Pak HIV, Kit",,Test kit,20,1425,38475.0,27.0,1.35,Yes,483,5468.88,61.56
414,119-NA-T01,Pre-PQ Process,SCMS-19130,ASN-1798,Namibia,PMO - US,Direct Drop,EXW,Air,Pre-PQ Process,3/18/2008,4-Jun-08,4-Jun-08,4-Jun-08,HRDT,HIV test,"HIV 1/2, Determine HIV Kit, without Lancets, 100 Tests","HIV 1/2, Determine HIV Kit, without Lancets",,Test kit,100,142,10222.58,71.99,0.72,Yes,33,1715.17,16.36
420,108-VN-T01,Pre-PQ Process,SCMS-19490,ASN-1753,Vietnam,PMO - US,Direct Drop,EXW,Air,Pre-PQ Process,3/31/2008,3-Jun-08,3-Jun-08,3-Jun-08,ARV,Adult,"Efavirenz 600mg, tablets, 30 Tabs",Efavirenz,600mg,Tablet,30,8400,96432.0,11.48,0.38,Yes,654,4051.34,154.29
422,116-ZA-T01,Pre-PQ Process,SCMS-19800,ASN-1665,South Africa,PMO - US,Direct Drop,DDP,Truck,Pre-PQ Process,2/20/2008,24-Apr-08,24-Apr-08,24-Apr-08,ARV,Adult,"Saquinavir 200mg [Invirase], capsules, 270 Caps",Saquinavir,200mg,Capsule,270,6,405.06,67.51,0.25,Yes,Weight Captured Separately,Freight Included in Commodity Cost,0.65
423,116-ZA-T01,Pre-PQ Process,SCMS-19800,ASN-1665,South Africa,PMO - US,Direct Drop,DDP,Truck,Pre-PQ Process,2/20/2008,24-Apr-08,24-Apr-08,24-Apr-08,ARV,Pediatric,"Stavudine 1mg/ml [Zerit], powder for oral solution, Bottle, 200 ml",Stavudine,1mg/ml,Powder for oral solution,200,600,870.0,1.45,0.01,No,Weight Captured Separately,Freight Included in Commodity Cost,1.39
438,108-VN-T01,Pre-PQ Process,SCMS-20310,ASN-1923,Vietnam,PMO - US,Direct Drop,CIP,Air,Pre-PQ Process,3/31/2008,12-Jul-08,12-Jul-08,12-Jul-08,ARV,Pediatric,"Didanosine 25mg [Videx], chewable tablets, 60 Tabs",Didanosine,25mg,Chewable/dispersible tablet,60,400,2800.0,7.0,0.12,Yes,81,2211.05,4.48
459,116-ZA-T01,Pre-PQ Process,SCMS-21460,ASN-1667,South Africa,PMO - US,Direct Drop,DDP,,Pre-PQ Process,4/4/2008,25-Apr-08,7-Apr-08,7-Apr-08,ARV,Pediatric,"Didanosine 25mg [Videx], chewable tablets, 60 Tabs",Didanosine,25mg,Chewable/dispersible tablet,60,6,77.1,12.85,0.21,Yes,Weight Captured Separately,Freight Included in Commodity Cost,0.12
464,102-NG-T01,Pre-PQ Process,SCMS-21540,ASN-2008,Nigeria,PMO - US,Direct Drop,EXW,Air,Pre-PQ Process,Date Not Captured,9-Jul-08,9-Jul-08,9-Jul-08,HRDT,HIV test,"HIV 1/2, Determine HIV Kit, without Lancets, 100 Tests","HIV 1/2, Determine HIV Kit, without Lancets",,Test kit,100,5498,439785.02,79.99,0.8,Yes,1251,16090.22,703.66
465,102-NG-T01,Pre-PQ Process,SCMS-21540,ASN-2011,Nigeria,PMO - US,Direct Drop,EXW,Air,Pre-PQ Process,Date Not Captured,9-Jul-08,4-Jul-08,4-Jul-08,HRDT,HIV test - Ancillary,"HIV, Lancet, Safety, for HIV Test kits, 100 Pcs","HIV, Lancet, Safety, for HIV Test kits, 100 Pcs",,Test kit - Ancillary,100,5498,54.98,0.01,0.0,Yes,Weight Captured Separately,Invoiced Separately,0.09
466,117-ET-T01,Pre-PQ Process,SCMS-21550,ASN-1741,Ethiopia,PMO - US,Direct Drop,DDP,Air,Pre-PQ Process,Date Not Captured,9-May-08,9-May-08,9-May-08,HRDT,HIV test,"HIV 1/2, Uni-Gold HIV Kit, 20 Tests","HIV 1/2, Uni-Gold HIV Kit",,Test kit,20,15,691.42,46.09,2.3,Yes,Weight Captured Separately,Freight Included in Commodity Cost,1.11
530,108-VN-T01,Pre-PQ Process,SCMS-23450,ASN-2336,Vietnam,PMO - US,Direct Drop,EXW,Air,Pre-PQ Process,5/14/2008,19-Sep-08,19-Sep-08,19-Sep-08,ARV,Adult,"Tenofovir Disoproxil Fumarate 300mg, tablets, 30 Tabs",Tenofovir Disoproxil Fumarate,300mg,Tablet,30,1344,18359.04,13.66,0.46,Yes,1537,13507.92,29.37
531,116-ZA-T01,Pre-PQ Process,SCMS-23500,ASN-2783,South Africa,PMO - US,Direct Drop,DDP,Truck,Pre-PQ Process,Date Not Captured,20-Aug-08,20-Aug-08,20-Aug-08,ARV,Adult,"Stavudine 20mg [Zerit], capsules, 60 Caps",Stavudine,20mg,Capsule,60,20,103.4,5.17,0.09,Yes,Weight Captured Separately,Freight Included in Commodity Cost,0.2
532,116-ZA-T01,Pre-PQ Process,SCMS-23500,ASN-2293,South Africa,PMO - US,Direct Drop,DDP,Truck,Pre-PQ Process,Date Not Captured,20-Aug-08,8-May-08,8-May-08,ARV,Adult,"Didanosine EC 250mg [Videx EC], delayed-release capsules, Blister 3 x 10 Caps",Didanosine EC,250mg,Delayed-release capsules - blister,30,100,1906.0,19.06,0.64,Yes,Weight Captured Separately,Freight Included in Commodity Cost,3.05
533,116-ZA-T01,Pre-PQ Process,SCMS-23500,ASN-2293,South Africa,PMO - US,Direct Drop,DDP,Truck,Pre-PQ Process,Date Not Captured,20-Aug-08,8-May-08,8-May-08,ARV,Pediatric,"Stavudine 1mg/ml [Zerit], powder for oral solution, Bottle, 200 ml",Stavudine,1mg/ml,Powder for oral solution,200,670,1025.1,1.53,0.01,No,Weight Captured Separately,Freight Included in Commodity Cost,1.64
535,109-TZ-T01,Pre-PQ Process,SCMS-23610,ASN-2167,Tanzania,PMO - US,Direct Drop,CIP,Air,Pre-PQ Process,5/15/2008,2-Sep-08,2-Sep-08,2-Sep-08,ARV,Adult,"Didanosine EC 400mg [Videx EC], delayed-release capsules, Blister 3 x 10 Caps",Didanosine EC,400mg,Delayed-release capsules - blister,30,2597,61470.99,23.67,0.79,Yes,117,645.1,98.35
543,106-HT-T01,Pre-PQ Process,SCMS-23840,ASN-2504,Haiti,PMO - US,Direct Drop,EXW,Air,Pre-PQ Process,5/20/2008,30-Sep-08,30-Sep-08,30-Sep-08,HRDT,HIV test,"HIV 1/2, OraQuick Advance HIV Rapid Antibody Kit, 100 Tests","HIV 1/2, OraQuick Advance HIV Rapid Antibody Kit",,Test kit,100,28,9800.0,350.0,3.5,Yes,109,782.13,15.68
551,106-HT-T01,Pre-PQ Process,SCMS-24020,ASN-2865,Haiti,PMO - US,Direct Drop,EXW,Air,Pre-PQ Process,5/23/2008,24-Nov-08,24-Nov-08,24-Nov-08,HRDT,HIV test,"HIV 1/2, Capillus HIV Kit, 100 Tests","HIV 1/2, Capillus HIV Kit",,Test kit,100,84,11676.0,139.0,1.39,Yes,54,871.57,22.88
598,116-ZA-T01,Pre-PQ Process,SCMS-25540,ASN-2295,South Africa,PMO - US,Direct Drop,DDP,Truck,Pre-PQ Process,Date Not Captured,12-Jun-08,9-Jun-08,9-Jun-08,ARV,Adult,"Abacavir 300mg [Ziagen], tablets, Blister 6 x 10 Tabs",Abacavir,300mg,Tablet - blister,60,30,1049.4,34.98,0.58,Yes,Weight Captured Separately,Freight Included in Commodity Cost,1.68
610,108-VN-T01,Pre-PQ Process,SCMS-26180,ASN-2274,Vietnam,PMO - US,Direct Drop,EXW,Air,Pre-PQ Process,7/1/2008,19-Sep-08,19-Sep-08,19-Sep-08,ARV,Adult,"Lamivudine 150mg, tablets, 60 Tabs",Lamivudine,150mg,Tablet,60,38640,92736.0,2.4,0.04,Yes,2719,18614.72,148.38
630,112-NG-T01,Pre-PQ Process,SCMS-26560,ASN-2366,Nigeria,PMO - US,Direct Drop,EXW,Air,Pre-PQ Process,7/2/2008,25-Feb-09,9-Sep-08,9-Sep-08,ACT,ACT,"Artemether/Lumefantrine 20/120mg [Coartem], scored tablets, Blister 30 x 18 Tabs",Artemether/Lumefantrine,20/120mg,Tablet - FDC + blister,540,34,1547.68,45.52,0.08,Yes,115,1755.87,2.48
637,108-VN-T01,Pre-PQ Process,SCMS-26200,ASN-2563,Vietnam,PMO - US,Direct Drop,EXW,Air,Pre-PQ Process,7/3/2008,8-Oct-08,8-Oct-08,8-Oct-08,ARV,Adult,"Stavudine 30mg, capsules, 60 Caps",Stavudine,30mg,Capsule,60,42000,60900.0,1.45,0.02,Yes,2600,10179.16,97.44
646,116-ZA-T01,Pre-PQ Process,SCMS-26820,ASN-2488,South Africa,PMO - US,Direct Drop,DDP,Truck,Pre-PQ Process,Date Not Captured,10-Jul-08,8-Jul-08,8-Jul-08,ARV,Pediatric,"Nevirapine 10mg/ml [Viramune], oral suspension, Bottle, 240 ml",Nevirapine,10mg/ml,Oral suspension,240,50,696.5,13.93,0.06,Yes,Weight Captured Separately,Freight Included in Commodity Cost,1.11
660,108-VN-T01,Pre-PQ Process,SCMS-27360,ASN-2767,Vietnam,PMO - US,Direct Drop,EXW,Air,Pre-PQ Process,7/24/2008,27-Nov-08,27-Nov-08,27-Nov-08,ARV,Adult,"Efavirenz 600mg, tablets, 30 Tabs",Efavirenz,600mg,Tablet,30,16800,171192.0,10.19,0.34,Yes,1224,4686.88,335.54
668,102-GY-T01,Pre-PQ Process,SCMS-27670,ASN-2255,Guyana,PMO - US,Direct Drop,CIP,Air,Pre-PQ Process,7/25/2008,15-Aug-08,15-Aug-08,15-Aug-08,MRDT,Malaria,"Malaria Paramax-3 Kit, 25 Tests",Malaria Paramax-3 Kit,,Test kit,25,98,3675.0,37.5,1.5,Yes,34,180,5.88
670,110-ZM-T01,Pre-PQ Process,SCMS-27790,ASN-2641,Zambia,PMO - US,Direct Drop,EXW,Air,Pre-PQ Process,7/31/2008,20-Oct-08,20-Oct-08,20-Oct-08,HRDT,HIV test,"HIV 1/2, Determine HIV Kit, without Lancets, 100 Tests","HIV 1/2, Determine HIV Kit, without Lancets",,Test kit,100,4500,323955.0,71.99,0.72,Yes,1053,11062.05,634.95
712,119-NA-T01,Pre-PQ Process,SCMS-28840,ASN-2450,Namibia,PMO - US,Direct Drop,EXW,Air,Pre-PQ Process,8/26/2008,18-Sep-08,18-Sep-08,18-Sep-08,HRDT,HIV test,"HIV 1/2, Uni-Gold HIV Kit, 20 Tests","HIV 1/2, Uni-Gold HIV Kit",,Test kit,20,10,320.0,32.0,1.6,Yes,Weight Captured Separately,Invoiced Separately,0.51
717,104-CI-T01,Pre-PQ Process,SCMS-29140,ASN-2472,Côte d'Ivoire,PMO - US,Direct Drop,EXW,Air,Pre-PQ Process,8/27/2008,2-Oct-08,2-Oct-08,2-Oct-08,HRDT,HIV test,"#108853** HIV, Genie II HIV-1/HIV-2 Kit, 40 Tests","HIV, Genie II HIV-1/HIV-2 Kit",,Test kit,40,500,38000.0,76.0,1.9,Yes,562,11298.13,60.8
719,104-CI-T01,Pre-PQ Process,SCMS-29340,ASN-2921,Côte d'Ivoire,PMO - US,Direct Drop,EXW,Air,Pre-PQ Process,9/3/2008,23-Jan-09,23-Jan-09,23-Jan-09,ACT,ACT,"Artesunate+Amodiaquine 50+153mg, tablets, co-blister 6+6 Tabs",Artesunate+Amodiaquine,50+153mg,Tablet - FDC + co-blister,12,25000,9750.0,0.39,0.03,Yes,1708,12830.91,19.11
772,131-NG-T01,Pre-PQ Process,SCMS-30502,ASN-3653,Nigeria,PMO - US,Direct Drop,CIP,Air,Pre-PQ Process,3/6/2009,10-Mar-09,8-Apr-09,8-Apr-09,ARV,Adult,"Efavirenz/Emtricitabine/Tenofovir Disoproxil Fumarate 600/200/300mg [Atripla], tablets, 30 Tabs",Efavirenz/Emtricitabine/Tenofovir Disoproxil Fumarate,600/200/300mg,Tablet - FDC,30,9,453.6,50.4,1.68,Yes,Weight Captured Separately,Freight Included in Commodity Cost,0.89
791,119-NA-T01,Pre-PQ Process,SCMS-31180,ASN-2717,Namibia,PMO - US,Direct Drop,EXW,Air,Pre-PQ Process,9/24/2008,29-Oct-08,29-Oct-08,29-Oct-08,HRDT,HIV test,"HIV 1/2, Determine HIV Kit, without Lancets, 100 Tests","HIV 1/2, Determine HIV Kit, without Lancets",,Test kit,100,150,10798.5,71.99,0.72,Yes,46,2698.04,21.17
796,102-BW-T01,Pre-PQ Process,SCMS-31370,ASN-2796,Botswana,PMO - US,Direct Drop,EXW,Air,Pre-PQ Process,10/2/2008,28-Nov-08,28-Nov-08,28-Nov-08,HRDT,HIV test - Ancillary,"#109436**HIV 1, Uni-Gold Recombigen HIV Control, Vial 2 x 0.5 ml","HIV 1, Uni-Gold Recombigen HIV Control, Vial 2 x 0.5 ml",,Test kit - Ancillary,2,15,450.0,30.0,15.0,Yes,1,578.01,0.88
797,110-ZM-T01,Pre-PQ Process,SCMS-31380,ASN-3172,Zambia,PMO - US,Direct Drop,EXW,Air,Pre-PQ Process,10/2/2008,23-Jan-09,23-Jan-09,23-Jan-09,HRDT,HIV test,"HIV 1/2, Bioline 3.0 Kit, Lancets, Capillary pipets, Alcohol swabs included, 25 Tests","HIV 1/2, Bioline 3.0 Kit, Lancets, Capillary pipets, Alcohol swabs included",,Test kit,25,319,6380.0,20.0,0.8,Yes,100,1122.24,12.5
835,116-ZA-T01,Pre-PQ Process,SCMS-33320,ASN-3553,South Africa,PMO - US,Direct Drop,DDP,Truck,Pre-PQ Process,Date Not Captured,17-May-09,9-Oct-08,9-Oct-08,ARV,Adult,"Tenofovir Disoproxil Fumarate 300mg [Viread], tablets, 30 Tabs",Tenofovir Disoproxil Fumarate,300mg,Tablet,30,80,1830.4,22.88,0.76,Yes,Weight Captured Separately,Freight Included in Commodity Cost,3.59
836,116-ZA-T01,Pre-PQ Process,SCMS-33320,ASN-3892,South Africa,PMO - US,Direct Drop,DDP,Truck,Pre-PQ Process,Date Not Captured,17-May-09,17-May-09,17-May-09,ARV,Adult,"Tenofovir Disoproxil Fumarate 300mg [Viread], tablets, 30 Tabs",Tenofovir Disoproxil Fumarate,300mg,Tablet,30,120,2745.6,22.88,0.76,Yes,Weight Captured Separately,Freight Included in Commodity Cost,5.38
837,116-ZA-T01,Pre-PQ Process,SCMS-33320,ASN-3553,South Africa,PMO - US,Direct Drop,DDP,Truck,Pre-PQ Process,Date Not Captured,17-May-09,9-Oct-08,9-Oct-08,ARV,Pediatric,"Stavudine 1mg/ml [Zerit], powder for oral solution, Bottle, 200 ml",Stavudine,1mg/ml,Powder for oral solution,200,600,858.0,1.43,0.01,No,Weight Captured Separately,Freight Included in Commodity Cost,1.68
838,116-ZA-T01,Pre-PQ Process,SCMS-33320,ASN-3553,South Africa,PMO - US,Direct Drop,DDP,Truck,Pre-PQ Process,Date Not Captured,17-May-09,9-Oct-08,9-Oct-08,ARV,Pediatric,"Didanosine 100mg [Videx],chewable tablets, 60 Tabs",Didanosine,100mg,Chewable/dispersible tablet,60,7,91.35,13.05,0.22,No,Weight Captured Separately,Freight Included in Commodity Cost,0.18
839,116-ZA-T01,Pre-PQ Process,SCMS-33320,ASN-3553,South Africa,PMO - US,Direct Drop,DDP,Truck,Pre-PQ Process,Date Not Captured,17-May-09,9-Oct-08,9-Oct-08,ARV,Pediatric,"Lopinavir/Ritonavir 80/20mg/ml [Kaletra], oral solution, cool, Bottle 5 x 60 ml",Lopinavir/Ritonavir,80/20mg/ml,Oral solution,300,40,1375.6,34.39,0.11,No,Weight Captured Separately,Freight Included in Commodity Cost,2.7
849,102-GY-T01,Pre-PQ Process,SCMS-33930,ASN-3209,Guyana,PMO - US,Direct Drop,CIP,Air,Pre-PQ Process,11/19/2008,6-Feb-09,6-Feb-09,6-Feb-09,MRDT,Malaria,"Malaria Paramax-3 Kit, 25 Tests",Malaria Paramax-3 Kit,,Test kit,25,108,4050.0,37.5,1.5,Yes,Weight Captured Separately,Freight Included in Commodity Cost,7.94
858,109-TZ-T01,Pre-PQ Process,SCMS-34680,ASN-3332,Tanzania,PMO - US,Direct Drop,CIP,Air,Pre-PQ Process,12/19/2008,21-Apr-09,21-Apr-09,21-Apr-09,ARV,Adult,"Efavirenz/Emtricitabine/Tenofovir Disoproxil Fumarate 600/200/300mg [Atripla], tablets, 30 Tabs",Efavirenz/Emtricitabine/Tenofovir Disoproxil Fumarate,600/200/300mg,Tablet - FDC,30,50000,2520000.0,50.4,1.68,Yes,4093,9339,4939.2
914,104-CI-T01,Pre-PQ Process,SCMS-35790,ASN-3242,Côte d'Ivoire,PMO - US,Direct Drop,EXW,Air,Pre-PQ Process,12/19/2008,2-Mar-09,2-Mar-09,2-Mar-09,ANTM,Malaria,"Quinine 600mg/2ml (as dihydrochloride), injection, 2ml x 100 Ampules",Quinine (as dihydrochloride),600mg/2ml,Injection,100,140,2731.4,19.51,0.2,Yes,5209,25405.22,5.35
937,111-MZ-T01,Pre-PQ Process,SCMS-36660,ASN-3509,Mozambique,PMO - US,Direct Drop,EXW,Air,Pre-PQ Process,1/5/2009,23-Mar-09,23-Mar-09,23-Mar-09,HRDT,HIV test,"HIV 1/2, Uni-Gold HIV Kit, 20 Tests","HIV 1/2, Uni-Gold HIV Kit",,Test kit,20,5700,182400.0,32.0,1.6,Yes,1906,23914.8,357.5
960,108-VN-T01,Pre-PQ Process,SCMS-37170,ASN-3562,Vietnam,PMO - US,Direct Drop,EXW,Air,Pre-PQ Process,1/16/2009,10-Apr-09,10-Apr-09,10-Apr-09,ARV,Adult,"Lamivudine/Zidovudine 150/300mg, tablets, 60 Tabs",Lamivudine/Zidovudine,150/300mg,Tablet - FDC,60,5964,51350.04,8.61,0.14,Yes,3509,12835.2,100.65
961,108-VN-T01,Pre-PQ Process,SCMS-37170,ASN-3562,Vietnam,PMO - US,Direct Drop,EXW,Air,Pre-PQ Process,1/16/2009,10-Apr-09,10-Apr-09,10-Apr-09,ARV,Adult,"Lamivudine 150mg, tablets, 60 Tabs",Lamivudine,150mg,Tablet,60,21000,50400.0,2.4,0.04,No,See ASN-3562 (ID#:960),See ASN-3562 (ID#:960),98.78
962,108-VN-T01,Pre-PQ Process,SCMS-37180,ASN-3521,Vietnam,PMO - US,Direct Drop,EXW,Air,Pre-PQ Process,1/16/2009,23-Mar-09,23-Mar-09,23-Mar-09,ARV,Adult,"Lamivudine/Nevirapine/Stavudine 150/200/30mg, tablets, 60 Tabs",Lamivudine/Nevirapine/Stavudine,150/200/30mg,Tablet - FDC,60,10560,72864.0,6.9,0.12,Yes,924,4225.93,142.81
979,108-VN-T01,Pre-PQ Process,SCMS-31721,ASN-3454,Vietnam,PMO - US,Direct Drop,EXW,Air,Pre-PQ Process,10/21/2008,16-Mar-09,16-Mar-09,16-Mar-09,ARV,Adult,"Lamivudine/Zidovudine 150/300mg, tablets, 60 Tabs",Lamivudine/Zidovudine,150/300mg,Tablet - FDC,60,2352,20250.72,8.61,0.14,Yes,211,892.5,39.69
985,109-TZ-T01,Pre-PQ Process,SCMS-38370,ASN-3751,Tanzania,PMO - US,Direct Drop,FCA,Air,Pre-PQ Process,2/5/2009,28-May-09,28-May-09,28-May-09,ARV,Pediatric,"Lopinavir/Ritonavir 80/20mg/ml [Kaletra], oral solution, cool, Bottle 5 x 60 ml",Lopinavir/Ritonavir,80/20mg/ml,Oral solution,300,524,21536.4,41.1,0.14,Yes,644,6668.61,42.21
986,109-TZ-T01,Pre-PQ Process,SCMS-38380,ASN-3627,Tanzania,PMO - US,Direct Drop,FCA,Air,Pre-PQ Process,2/5/2009,4-May-09,4-May-09,4-May-09,ARV,Pediatric,"Lopinavir/Ritonavir 100/25mg [Aluvia], tablets, 60 Tabs",Lopinavir/Ritonavir,100/25mg,Tablet,60,2094,21526.32,10.28,0.17,Yes,237,Freight Included in Commodity Cost,42.19
993,107-RW-T01,Pre-PQ Process,SCMS-38660,ASN-3710,Rwanda,PMO - US,Direct Drop,EXW,Air,Pre-PQ Process,2/18/2009,28-Apr-09,28-Apr-09,28-Apr-09,HRDT,HIV test,"HIV 1/2/O, First Response HIV 1-2.0, v.3.0 Cards Kit, 30 Tests","HIV 1/2/O, First Response HIV 1-2.0, v.3.0 Cards Kit",,Test kit,30,8249,185602.5,22.5,0.75,Yes,2800,12595.81,363.78
1037,123-NG-T01,Pre-PQ Process,SCMS-39640,ASN-4747,Nigeria,PMO - US,Direct Drop,CIP,Air,Pre-PQ Process,3/4/2009,30-Sep-09,30-Sep-09,30-Sep-09,ARV,Adult,"Didanosine EC 400mg [Videx EC], delayed-release capsules, Blister 3 x 10 Caps",Didanosine EC,400mg,Delayed-release capsules - blister,30,200,4734.0,23.67,0.79,Yes,11,463,9.28
1046,106-HT-T01,Pre-PQ Process,SCMS-40000,ASN-3675,Haiti,PMO - US,Direct Drop,CIP,Air,Pre-PQ Process,3/6/2009,31-Mar-09,31-Mar-09,31-Mar-09,ARV,Pediatric,"Didanosine 50mg [Videx], chewable tablets, 60 Tabs",Didanosine,50mg,Chewable/dispersible tablet,60,80,760.0,9.5,0.16,Yes,43,260,1.49
1047,106-HT-T01,Pre-PQ Process,SCMS-40000,ASN-3675,Haiti,PMO - US,Direct Drop,CIP,Air,Pre-PQ Process,3/6/2009,31-Mar-09,31-Mar-09,31-Mar-09,ARV,Pediatric,"Didanosine 2g [Videx], powder for oral solution 10mg/ml, reconstitute to 200 ml",Didanosine,2g,Powder for oral solution,200,32,402.88,12.59,0.06,No,See ASN-3675 (ID#:1046),See ASN-3675 (ID#:1046),0.79
1048,106-HT-T01,Pre-PQ Process,SCMS-40030,ASN-3750,Haiti,PMO - US,Direct Drop,FCA,Air,Pre-PQ Process,3/6/2009,15-Apr-09,15-Apr-09,15-Apr-09,ARV,Pediatric,"Lopinavir/Ritonavir 100/25mg [Aluvia], tablets, 60 Tabs",Lopinavir/Ritonavir,100/25mg,Tablet,60,46,472.88,10.28,0.17,Yes,10,893.22,0.93
1063,116-ZA-T01,Pre-PQ Process,SCMS-40810,ASN-3634,South Africa,PMO - US,Direct Drop,DDP,Air,Pre-PQ Process,Date Not Captured,31-Mar-09,2-Dec-08,2-Dec-08,ARV,Adult,"Efavirenz 600mg, tablets, 30 Tabs",Efavirenz,600mg,Tablet,30,3025,47522.75,15.71,0.52,Yes,Weight Captured Separately,Freight Included in Commodity Cost,93.14
1065,116-ZA-T01,Pre-PQ Process,SCMS-41040,ASN-3623,South Africa,PMO - US,Direct Drop,DDP,Air,Pre-PQ Process,Date Not Captured,7-Apr-09,3-Dec-08,3-Dec-08,ARV,Adult,"Efavirenz 600mg, tablets, 30 Tabs",Efavirenz,600mg,Tablet,30,3500,49840.0,14.24,0.47,Yes,Weight Captured Separately,Freight Included in Commodity Cost,97.69
1066,116-ZA-T01,Pre-PQ Process,SCMS-41040,ASN-3623,South Africa,PMO - US,Direct Drop,DDP,Air,Pre-PQ Process,Date Not Captured,7-Apr-09,3-Dec-08,3-Dec-08,ARV,Pediatric,"Zidovudine 10mg/ml, oral solution, Bottle, 240 ml",Zidovudine,10mg/ml,Oral solution,240,1008,3588.48,3.56,0.01,No,Weight Captured Separately,Freight Included in Commodity Cost,7.03
1067,116-ZA-T01,Pre-PQ Process,SCMS-41060,ASN-3624,South Africa,PMO - US,Direct Drop,DDP,Air,Pre-PQ Process,Date Not Captured,5-May-09,23-Dec-08,23-Dec-08,ARV,Pediatric,"Stavudine 1mg/ml [Zerit], powder for oral solution, Bottle, 200 ml",Stavudine,1mg/ml,Powder for oral solution,200,960,1152.0,1.2,0.01,Yes,Weight Captured Separately,Freight Included in Commodity Cost,2.26
1068,116-ZA-T01,Pre-PQ Process,SCMS-41070,ASN-3625,South Africa,PMO - US,Direct Drop,DDP,Air,Pre-PQ Process,Date Not Captured,12-May-09,30-Dec-08,30-Dec-08,ARV,Pediatric,"Lamivudine 10mg/ml [Epivir], oral solution, Bottle, 240 ml",Lamivudine,10mg/ml,Oral solution,240,1800,10512.0,5.84,0.02,Yes,Weight Captured Separately,Freight Included in Commodity Cost,20.6
1070,116-ZA-T01,Pre-PQ Process,SCMS-41140,ASN-3752,South Africa,PMO - US,Direct Drop,DDP,Air,Pre-PQ Process,Date Not Captured,31-Mar-09,21-Nov-08,21-Nov-08,ARV,Adult,"Stavudine 30mg, capsules, 60 Caps",Stavudine,30mg,Capsule,60,1200,3384.0,2.82,0.05,Yes,Weight Captured Separately,Freight Included in Commodity Cost,6.63
1077,116-ZA-T01,Pre-PQ Process,SCMS-41462,ASN-4361,South Africa,PMO - US,Direct Drop,DDP,Air,Pre-PQ Process,3/18/2009,25-Jun-09,21-Apr-09,21-Apr-09,ARV,Pediatric,"Lamivudine 10mg/ml, oral solution, Bottle, 240 ml",Lamivudine,10mg/ml,Oral solution,240,346,1954.9,5.65,0.02,Yes,Weight Captured Separately,Freight Included in Commodity Cost,3.83
1078,116-ZA-T01,Pre-PQ Process,SCMS-41460,ASN-4502,South Africa,PMO - US,Direct Drop,DDP,Truck,Pre-PQ Process,3/18/2009,25-Jun-09,5-Jun-09,5-Jun-09,ARV,Pediatric,"Efavirenz 50mg, capsule, 30 Caps",Efavirenz,50mg,Capsule,30,5300,16642.0,3.14,0.1,Yes,Weight Captured Separately,Freight Included in Commodity Cost,32.62
1079,116-ZA-T01,Pre-PQ Process,SCMS-41464,ASN-4634,South Africa,PMO - US,Direct Drop,DDP,Air,Pre-PQ Process,3/18/2009,25-Jun-09,17-Jun-09,17-Jun-09,ARV,Pediatric,"Lamivudine 10mg/ml, oral solution, Bottle, 240 ml",Lamivudine,10mg/ml,Oral solution,240,342,1932.3,5.65,0.02,Yes,Weight Captured Separately,Freight Included in Commodity Cost,3.79
1080,116-ZA-T01,Pre-PQ Process,SCMS-41480,ASN-5055,South Africa,PMO - US,Direct Drop,DDP,Truck,Pre-PQ Process,6/15/2009,19-Aug-09,19-Aug-09,19-Aug-09,ARV,Adult,"Stavudine 15mg [Zerit], capsules, 60 Caps",Stavudine,15mg,Capsule,60,2700,10665.0,3.95,0.07,Yes,Weight Captured Separately,Freight Included in Commodity Cost,20.9
1084,116-ZA-T01,Pre-PQ Process,SCMS-41581,ASN-4196,South Africa,PMO - US,Direct Drop,DDP,Air,Pre-PQ Process,3/27/2009,25-Jun-09,14-Apr-09,14-Apr-09,ARV,Adult,"Lopinavir/Ritonavir 200/50mg [Aluvia], tablets, 120 Tabs",Lopinavir/Ritonavir,200/50mg,Tablet,120,3735,134385.3,35.98,0.3,Yes,Weight Captured Separately,Freight Included in Commodity Cost,263.4
1085,116-ZA-T01,Pre-PQ Process,SCMS-41589,ASN-4358,South Africa,PMO - US,Direct Drop,DDP,Air,Pre-PQ Process,3/27/2009,25-Jun-09,29-Apr-09,29-Apr-09,ARV,Adult,"Zidovudine 300mg [Retrovir], tablets, 60 Tabs",Zidovudine,300mg,Tablet,60,6000,80640.0,13.44,0.22,Yes,Weight Captured Separately,Freight Included in Commodity Cost,158.05
1086,116-ZA-T01,Pre-PQ Process,SCMS-41584,ASN-4385,South Africa,PMO - US,Direct Drop,DDP,Air,Pre-PQ Process,3/27/2009,25-Jun-09,20-Apr-09,20-Apr-09,ARV,Adult,"Stavudine 30mg, capsules, 60 Caps",Stavudine,30mg,Capsule,60,11672,35016.0,3.0,0.05,Yes,Weight Captured Separately,Freight Included in Commodity Cost,68.63
1095,144-BW-T01,Pre-PQ Process,SCMS-41870,ASN-4896,Botswana,PMO - US,Direct Drop,EXW,Air,Pre-PQ Process,3/25/2009,13-Nov-09,13-Nov-09,13-Nov-09,HRDT,HIV test,"HIV 1/2, OraQuick Advance HIV Rapid Antibody Kit, 100 Tests","HIV 1/2, OraQuick Advance HIV Rapid Antibody Kit",,Test kit,100,20,7000.0,350.0,3.5,Yes,48,1172.11,13.72
1109,104-CI-T01,Pre-PQ Process,SCMS-42210,ASN-4086,Côte d'Ivoire,PMO - US,Direct Drop,FCA,Air,Pre-PQ Process,3/30/2009,30-Jun-09,30-Jun-09,30-Jun-09,ARV,Adult,"Lopinavir/Ritonavir 200/50mg [Aluvia], tablets, 120 Tabs",Lopinavir/Ritonavir,200/50mg,Tablet,120,10240,420864.0,41.1,0.34,Yes,2523,14806.48,824.89
1110,104-CI-T01,Pre-PQ Process,SCMS-42230,ASN-4423,Côte d'Ivoire,PMO - US,Direct Drop,FCA,Air,Pre-PQ Process,3/30/2009,22-Jul-09,22-Jul-09,22-Jul-09,ARV,Adult,"Ritonavir 100mg [Norvir], capsules, cool, 4 x 84 Caps",Ritonavir,100mg,Capsule,336,400,15344.0,38.36,0.11,Yes,175,7642.97,30.07
1111,116-ZA-T01,Pre-PQ Process,SCMS-47390,ASN-4402,South Africa,PMO - US,Direct Drop,DDP,Truck,Pre-PQ Process,4/2/2009,31-Jul-09,21-Apr-09,21-Apr-09,ARV,Pediatric,"Lopinavir/Ritonavir 80/20mg/ml [Kaletra], oral solution, cool, Bottle 5 x 60 ml",Lopinavir/Ritonavir,80/20mg/ml,Oral solution,300,30,1080.0,36.0,0.12,Yes,Weight Captured Separately,Freight Included in Commodity Cost,2.12
1114,116-ZA-T01,Pre-PQ Process,SCMS-47430,ASN-4244,South Africa,PMO - US,Direct Drop,DDP,Truck,Pre-PQ Process,4/2/2009,15-May-09,17-Apr-09,17-Apr-09,ARV,Adult,"Emtricitabine/Tenofovir Disoproxil Fumarate 200/300mg [Truvada], tablets, 30 Tabs",Emtricitabine/Tenofovir Disoproxil Fumarate,300/200mg,Tablet - FDC,30,80,2816.0,35.2,1.17,Yes,Weight Captured Separately,Freight Included in Commodity Cost,5.52
1115,116-ZA-T01,Pre-PQ Process,SCMS-47500,ASN-4332,South Africa,PMO - US,Direct Drop,DDP,Truck,Pre-PQ Process,4/2/2009,15-May-09,23-Apr-09,23-Apr-09,ARV,Adult,"Zidovudine 300mg, tablets, 60 Tabs",Zidovudine,300mg,Tablet,60,1000,19770.0,19.77,0.33,Yes,Weight Captured Separately,3134.85,38.75
1122,106-HT-T01,Pre-PQ Process,SCMS-42720,ASN-4787,Haiti,PMO - US,Direct Drop,EXW,Air,Pre-PQ Process,4/2/2009,16-Sep-09,16-Sep-09,16-Sep-09,HRDT,HIV test,"HIV 1/2, OraQuick Advance HIV Rapid Antibody Kit, 100 Tests","HIV 1/2, OraQuick Advance HIV Rapid Antibody Kit",,Test kit,100,60,21000.0,350.0,3.5,Yes,144,3128.19,41.16
1134,102-KE-T01,Pre-PQ Process,SCMS-42980,ASN-4343,Kenya,PMO - US,Direct Drop,EXW,Air,Pre-PQ Process,4/4/2009,10-Jul-09,10-Jul-09,10-Jul-09,HRDT,HIV test,"HIV 1/2, Determine Complete HIV Kit, 100 Tests","HIV 1/2, Determine Complete HIV Kit",,Test kit,100,7500,600000.0,80.0,0.8,Yes,2215,16835.31,1176.0
1140,133-NG-T01,Pre-PQ Process,SCMS-43330,ASN-4437,Nigeria,PMO - US,Direct Drop,EXW,Air,Pre-PQ Process,4/9/2009,18-Aug-09,18-Aug-09,18-Aug-09,HRDT,HIV test,"HIV 1/2, Determine Complete HIV Kit, 100 Tests","HIV 1/2, Determine Complete HIV Kit",,Test kit,100,6395,511600.0,80.0,0.8,Yes,1915,24514.33,1002.74
1156,107-RW-T01,Pre-PQ Process,SCMS-43890,ASN-4503,Rwanda,PMO - US,Direct Drop,CIP,Air,Pre-PQ Process,4/15/2009,25-Jul-09,25-Jul-09,25-Jul-09,ARV,Adult,"Efavirenz 600mg, tablets, 30 Tabs",Efavirenz,600mg,Tablet,30,55356,386384.88,6.98,0.23,Yes,4482,37404.74,757.31
1162,104-CI-T01,Pre-PQ Process,SCMS-44130,ASN-4791,Côte d'Ivoire,PMO - US,Direct Drop,EXW,Air,Pre-PQ Process,4/15/2009,15-Sep-09,15-Sep-09,15-Sep-09,HRDT,HIV test,"#108853** HIV, Genie II HIV-1/HIV-2 Kit, 40 Tests","HIV, Genie II HIV-1/HIV-2 Kit",,Test kit,40,1000,110000.0,110.0,2.75,Yes,1101,8074.03,215.6
1179,108-VN-T01,Pre-PQ Process,SCMS-44990,ASN-4302,Vietnam,PMO - US,Direct Drop,FCA,Air,Pre-PQ Process,4/29/2009,17-Jul-09,17-Jul-09,17-Jul-09,ARV,Adult,"Ritonavir 100mg [Norvir], capsules, cool, 4 x 84 Caps",Ritonavir,100mg,Capsule,336,8,613.76,76.72,0.23,Yes,48,3366.04,1.2
1183,108-VN-T01,Pre-PQ Process,SCMS-45080,ASN-4420,Vietnam,PMO - US,Direct Drop,EXW,Air,Pre-PQ Process,4/29/2009,10-Jul-09,10-Jul-09,10-Jul-09,ARV,Adult,"Lamivudine/Nevirapine/Zidovudine 150/200/300mg, tablets, 60 Tabs",Lamivudine/Nevirapine/Zidovudine,150/300/200mg,Tablet - FDC,60,3500,39025.0,11.15,0.19,Yes,1804,6341.88,76.49
1196,102-BW-T01,Pre-PQ Process,SCMS-46071,ASN-4324,Botswana,PMO - US,Direct Drop,EXW,Air,Pre-PQ Process,5/27/2009,12-Jun-09,10-Jul-09,10-Jul-09,HRDT,HIV test,"HIV 1/2, OraQuick Advance HIV Rapid Antibody Kit, 100 Tests","HIV 1/2, OraQuick Advance HIV Rapid Antibody Kit",,Test kit,100,5,1750.0,350.0,3.5,Yes,12,684.42,3.43
1198,119-NA-T01,Pre-PQ Process,SCMS-46120,ASN-4659,Namibia,PMO - US,Direct Drop,EXW,Air,Pre-PQ Process,5/18/2009,1-Sep-09,1-Sep-09,1-Sep-09,HRDT,HIV test,"HIV 1/2, Clearview Complete Kit, 25 Tests","HIV 1/2, Clearview Complete Kit",,Test kit,25,67,5025.0,75.0,3.0,Yes,48,401.97,9.85
1213,108-VN-T01,Pre-PQ Process,SCMS-46550,ASN-4488,Vietnam,PMO - US,Direct Drop,CIP,Air,Pre-PQ Process,5/27/2009,28-Jul-09,28-Jul-09,28-Jul-09,ARV,Pediatric,"Didanosine 25mg [Videx], chewable tablets, 60 Tabs",Didanosine,25mg,Chewable/dispersible tablet,60,400,2800.0,7.0,0.12,Yes,148,14.36,5.49
1215,119-NA-T01,Pre-PQ Process,SCMS-46820,ASN-4311,Namibia,PMO - US,Direct Drop,EXW,Air,Pre-PQ Process,6/2/2009,29-Jun-09,29-Jun-09,29-Jun-09,HRDT,HIV test,"HIV 1/2, Uni-Gold HIV Kit, 20 Tests","HIV 1/2, Uni-Gold HIV Kit",,Test kit,20,220,7040.0,32.0,1.6,Yes,79,1736.18,13.8
1221,116-ZA-T01,Pre-PQ Process,SCMS-46970,ASN-4821,South Africa,PMO - US,Direct Drop,DDP,Truck,Pre-PQ Process,6/5/2009,28-Jul-09,28-Jul-09,28-Jul-09,ARV,Adult,"Ritonavir 100mg [Norvir], capsules, cool, 84 Caps",Ritonavir,100mg,Capsule,84,50,490.0,9.8,0.12,Yes,Weight Captured Separately,Freight Included in Commodity Cost,0.96
1222,116-ZA-T01,Pre-PQ Process,SCMS-47051,ASN-4838,South Africa,PMO - US,Direct Drop,DDP,Truck,Pre-PQ Process,6/5/2009,12-Oct-09,5-Aug-09,5-Aug-09,ARV,Adult,"Lamivudine 150mg, tablets, 60 Tabs",Lamivudine,150mg,Tablet,60,5000,41300.0,8.26,0.14,Yes,Weight Captured Separately,Freight Included in Commodity Cost,80.95
1223,116-ZA-T01,Pre-PQ Process,SCMS-47051,ASN-4836,South Africa,PMO - US,Direct Drop,DDP,Truck,Pre-PQ Process,6/5/2009,12-Oct-09,28-Jul-09,28-Jul-09,ARV,Pediatric,"Lamivudine 10mg/ml [Epivir], oral solution, Bottle, 240 ml",Lamivudine,10mg/ml,Oral solution,240,460,2838.2,6.17,0.03,Yes,Weight Captured Separately,Freight Included in Commodity Cost,5.56
1245,100-CI-T01,Pre-PQ Process,SCMS-1,ASN-5,Côte d'Ivoire,PMO - US,Direct Drop,EXW,Air,Pre-PQ Process,4/19/2006,27-Jun-06,27-Jun-06,27-Jun-06,HRDT,HIV test,"#108853** HIV, Genie II HIV-1/HIV-2 Kit, 40 Tests","HIV, Genie II HIV-1/HIV-2 Kit",,Test kit,40,147,11076.45,75.35,1.88,Yes,165,1816.57,
1246,104-CI-T01,Pre-PQ Process,SCMS-5,ASN-7,Côte d'Ivoire,PMO - US,Direct Drop,EXW,Air,Pre-PQ Process,Date Not Captured,14-Jul-06,14-Jul-06,14-Jul-06,HRDT,HIV test,"HIV 1/2, OraQuick Advance HIV Rapid Antibody Kit, 100 Tests","HIV 1/2, OraQuick Advance HIV Rapid Antibody Kit",,Test kit,100,6,2400.0,400.0,4.0,Yes,15,1039.5,
1251,108-VN-T01,Pre-PQ Process,SCMS-12,ASN-91,Vietnam,PMO - US,Direct Drop,CIP,Air,Pre-PQ Process,Date Not Captured,16-Nov-06,16-Nov-06,16-Nov-06,ARV,Pediatric,"Didanosine 25mg [Videx], chewable tablets, 60 Tabs",Didanosine,25mg,Chewable/dispersible tablet,60,2800,19600.0,7.0,0.12,Yes,555,3292.15,
1262,106-HT-T01,Pre-PQ Process,SCMS-74,ASN-46,Haiti,PMO - US,Direct Drop,EXW,Air,Pre-PQ Process,Date Not Captured,9-Nov-06,9-Nov-06,9-Nov-06,HRDT,HIV test,"HIV 1/2, OraQuick Advance HIV Rapid Antibody Kit, 100 Tests","HIV 1/2, OraQuick Advance HIV Rapid Antibody Kit",,Test kit,100,15,6000.0,400.0,4.0,Yes,36,1195.29,
1279,113-ZW-T01,Pre-PQ Process,SCMS-135,ASN-79,Zimbabwe,PMO - US,Direct Drop,CIP,Air,Pre-PQ Process,Date Not Captured,7-Nov-06,7-Nov-06,7-Nov-06,ARV,Adult,"Lopinavir/Ritonavir 133.3/33.3mg [Kaletra], capsules, cool, 2 x 90 Caps",Lopinavir/Ritonavir,133.3/33.3mg,Capsule,180,260,11096.8,42.68,0.24,Yes,135,Freight Included in Commodity Cost,
1281,112-NG-T01,Pre-PQ Process,SCMS-156,ASN-93,Nigeria,PMO - US,Direct Drop,EXW,Air,Pre-PQ Process,Date Not Captured,7-Dec-06,7-Dec-06,7-Dec-06,ARV,Adult,"Lamivudine 150mg, tablets, 60 Tabs",Lamivudine,150mg,Tablet,60,894,2994.9,3.35,0.06,Yes,479,4861.14,
1282,108-VN-T01,Pre-PQ Process,SCMS-169,ASN-272,Vietnam,PMO - US,Direct Drop,EXW,Air,Pre-PQ Process,11/15/2006,14-Mar-07,14-Mar-07,14-Mar-07,ARV,Adult,"Lamivudine/Zidovudine 150/300mg, tablets, 60 Tabs",Lamivudine/Zidovudine,150/300mg,Tablet - FDC,60,25100,276100.0,11.0,0.18,Yes,2575,18772.94,
1283,108-VN-T01,Pre-PQ Process,SCMS-170,ASN-273,Vietnam,PMO - US,Direct Drop,EXW,Air,Pre-PQ Process,11/15/2006,14-Mar-07,14-Mar-07,14-Mar-07,ARV,Adult,"Stavudine 30mg, capsules, 60 Caps",Stavudine,30mg,Capsule,60,95500,144205.0,1.51,0.03,Yes,9170,42453.21,
1285,102-GY-T01,Pre-PQ Process,SCMS-177,ASN-136,Guyana,PMO - US,Direct Drop,EXW,Air,Pre-PQ Process,Date Not Captured,29-Dec-06,29-Dec-06,29-Dec-06,HRDT,HIV test,"HIV 1/2, Uni-Gold HIV Kit, 20 Tests","HIV 1/2, Uni-Gold HIV Kit",,Test kit,20,900,36000.0,40.0,2.0,Yes,316,4989.87,
1295,111-MZ-T01,Pre-PQ Process,SCMS-211,ASN-229,Mozambique,PMO - US,Direct Drop,CIP,Air,Pre-PQ Process,11/17/2006,15-Feb-07,15-Feb-07,15-Feb-07,ARV,Adult,"Lopinavir/Ritonavir 200/50mg [Aluvia], tablets, 120 Tabs",Lopinavir/Ritonavir,200/50mg,Tablet,120,80,3288.0,41.1,0.34,Yes,25,Freight Included in Commodity Cost,
1298,108-VN-T01,Pre-PQ Process,SCMS-262,ASN-386,Vietnam,PMO - US,Direct Drop,EXW,Air,Pre-PQ Process,1/9/2007,12-May-07,12-May-07,12-May-07,ARV,Adult,"Lamivudine/Nevirapine/Stavudine 150/200/30mg, tablets, 60 Tabs",Lamivudine/Nevirapine/Stavudine,150/200/30mg,Tablet - FDC,60,70000,525000.0,7.5,0.12,Yes,6813,31858.09,
1299,107-RW-T01,Pre-PQ Process,SCMS-268,ASN-242,Rwanda,PMO - US,Direct Drop,EXW,Air,Pre-PQ Process,12/22/2006,27-Feb-07,27-Feb-07,27-Feb-07,ARV,Adult,"Efavirenz 600mg, tablets, 30 Tabs",Efavirenz,600mg,Tablet,30,71577,1087970.4,15.2,0.51,No,See ASN-242 (ID#:64),See ASN-242 (ID#:64),
1300,107-RW-T01,Pre-PQ Process,SCMS-268,ASN-242,Rwanda,PMO - US,Direct Drop,EXW,Air,Pre-PQ Process,12/22/2006,27-Feb-07,27-Feb-07,27-Feb-07,ARV,Adult,"Abacavir 300mg, tablets, 60 Tabs",Abacavir,300mg,Tablet,60,5605,202340.5,36.1,0.6,No,See ASN-242 (ID#:64),See ASN-242 (ID#:64),
1303,117-ET-T01,Pre-PQ Process,SCMS-284,ASN-168,Ethiopia,PMO - US,Direct Drop,FCA,Air,Pre-PQ Process,12/14/2006,28-Dec-06,28-Dec-06,28-Dec-06,HRDT,HIV test,"HIV 1/2, Determine Complete HIV Kit, 100 Tests","HIV 1/2, Determine Complete HIV Kit",,Test kit,100,200,16000.0,80.0,0.8,Yes,Weight Captured Separately,Invoiced Separately,
1306,108-VN-T01,Pre-PQ Process,SCMS-314,ASN-624,Vietnam,PMO - US,Direct Drop,EXW,Air,Pre-PQ Process,2/7/2007,24-Aug-07,24-Aug-07,24-Aug-07,ARV,Adult,"Lamivudine/Nevirapine/Stavudine 150/200/30mg, tablets, 60 Tabs",Lamivudine/Nevirapine/Stavudine,150/200/30mg,Tablet - FDC,60,25000,187500.0,7.5,0.12,Yes,2348,21439.59,300.0
1307,102-NG-T01,Pre-PQ Process,SCMS-343,ASN-259,Nigeria,PMO - US,Direct Drop,EXW,Air,Pre-PQ Process,Date Not Captured,15-Mar-07,30-Mar-07,30-Mar-07,HRDT,HIV test,"#108853** HIV, Genie II HIV-1/HIV-2 Kit, 40 Tests","HIV, Genie II HIV-1/HIV-2 Kit",,Test kit,40,375,28500.0,76.0,1.9,Yes,402,4445.75,
1309,117-ET-T01,Pre-PQ Process,SCMS-360,ASN-201,Ethiopia,PMO - US,Direct Drop,EXW,Air,Pre-PQ Process,12/14/2006,15-Jan-07,15-Jan-07,15-Jan-07,HRDT,HIV test,"HIV 1/2, Determine Complete HIV Kit, 100 Tests","HIV 1/2, Determine Complete HIV Kit",,Test kit,100,4650,372000.0,80.0,0.8,Yes,1707,24859.45,
1337,104-CI-T01,Pre-PQ Process,SCMS-610,ASN-813,Côte d'Ivoire,PMO - US,Direct Drop,CIP,Air,Pre-PQ Process,5/9/2007,23-Oct-07,23-Oct-07,23-Oct-07,ARV,Pediatric,"Didanosine 50mg [Videx], chewable tablets, 60 Tabs",Didanosine,50mg,Chewable/dispersible tablet,60,1577,14981.5,9.5,0.16,Yes,306,Freight Included in Commodity Cost,23.97
1347,102-NG-T01,Pre-PQ Process,SCMS-695,ASN-622,Nigeria,PMO - US,Direct Drop,EXW,Air,Pre-PQ Process,Date Not Captured,7-Sep-07,7-Sep-07,7-Sep-07,HRDT,HIV test,"HIV 1/2, Determine Complete HIV Kit, 100 Tests","HIV 1/2, Determine Complete HIV Kit",,Test kit,100,3500,280000.0,80.0,0.8,Yes,1194,5858.57,448.0
1350,104-CI-T01,Pre-PQ Process,SCMS-698,ASN-727,Côte d'Ivoire,PMO - US,Direct Drop,CIP,Air,Pre-PQ Process,7/13/2007,2-Oct-07,2-Oct-07,2-Oct-07,ARV,Pediatric,"Didanosine 50mg [Videx], chewable tablets, 60 Tabs",Didanosine,50mg,Chewable/dispersible tablet,60,4270,40565.0,9.5,0.16,No,Weight Captured Separately,Freight Included in Commodity Cost,64.9
1356,108-VN-T01,Pre-PQ Process,SCMS-749,ASN-744,Vietnam,PMO - US,Direct Drop,EXW,Air,Pre-PQ Process,7/3/2007,2-Oct-07,2-Oct-07,2-Oct-07,ARV,Pediatric,"Nevirapine 10mg/ml, oral suspension, Bottle, 240 ml",Nevirapine,10mg/ml,Oral suspension,240,1000,1920.0,1.92,0.01,Yes,960,13762.41,3.07
1357,108-VN-T01,Pre-PQ Process,SCMS-749,ASN-744,Vietnam,PMO - US,Direct Drop,EXW,Air,Pre-PQ Process,7/3/2007,2-Oct-07,2-Oct-07,2-Oct-07,ARV,Pediatric,"Zidovudine 10mg/ml, oral solution, Bottle, 240 ml",Zidovudine,10mg/ml,Oral solution,240,1000,2100.0,2.1,0.01,No,See ASN-744 (ID#:1356),See ASN-744 (ID#:1356),3.36
1358,108-VN-T01,Pre-PQ Process,SCMS-753,ASN-781,Vietnam,PMO - US,Direct Drop,EXW,Air,Pre-PQ Process,7/4/2007,15-Oct-07,15-Oct-07,15-Oct-07,ARV,Pediatric,"Zidovudine 10mg/ml, oral solution, Bottle, 240 ml",Zidovudine,10mg/ml,Oral solution,240,1000,2100.0,2.1,0.01,No,See ASN-781 (ID#:115),See ASN-781 (ID#:115),3.36
1359,108-VN-T01,Pre-PQ Process,SCMS-753,ASN-782,Vietnam,PMO - US,Direct Drop,EXW,Air,Pre-PQ Process,7/4/2007,15-Oct-07,15-Oct-07,15-Oct-07,ARV,Adult,"Lamivudine/Nevirapine/Zidovudine 150/200/300mg, tablets, 60 Tabs",Lamivudine/Nevirapine/Zidovudine,150/300/200mg,Tablet - FDC,60,3000,40500.0,13.5,0.22,Yes,332,4454.62,64.8
1360,108-VN-T01,Pre-PQ Process,SCMS-754,ASN-926,Vietnam,PMO - US,Direct Drop,EXW,Air,Pre-PQ Process,7/4/2007,23-Nov-07,23-Nov-07,23-Nov-07,ARV,Adult,"Efavirenz 600mg, tablets, 30 Tabs",Efavirenz,600mg,Tablet,30,22500,277425.0,12.33,0.41,Yes,1955,16095.39,443.88
1361,108-VN-T01,Pre-PQ Process,SCMS-757,ASN-631,Vietnam,PMO - US,Direct Drop,FCA,Air,Pre-PQ Process,7/3/2007,27-Aug-07,27-Aug-07,27-Aug-07,ARV,Adult,"Lopinavir/Ritonavir 200/50mg [Aluvia], tablets, 120 Tabs",Lopinavir/Ritonavir,200/50mg,Tablet,120,500,41095.0,82.19,0.68,Yes,117,1767.38,65.75
1383,109-TZ-T01,Pre-PQ Process,SCMS-10240,ASN-649,Tanzania,PMO - US,Direct Drop,EXW,Air,Pre-PQ Process,Date Not Captured,19-Sep-07,19-Sep-07,19-Sep-07,HRDT,HIV test,"HIV 1/2, Bioline 3.0 Kit, Lancets, Capillary pipets, Alcohol swabs included, 25 Tests","HIV 1/2, Bioline 3.0 Kit, Lancets, Capillary pipets, Alcohol swabs included",,Test kit,25,10000,200000.0,20.0,0.8,Yes,3336,25165.3,320.0
1502,107-RW-T01,Pre-PQ Process,SCMS-13900,ASN-990,Rwanda,PMO - US,Direct Drop,EXW,Air,Pre-PQ Process,11/12/2007,28-Jan-08,28-Jan-08,28-Jan-08,ARV,Adult,"Tenofovir Disoproxil Fumarate 300mg [Viread], tablets, 30 Tabs",Tenofovir Disoproxil Fumarate,300mg,Tablet,30,1609,27353.0,17.0,0.57,Yes,157,7922.24,43.76
1512,116-ZA-T01,Pre-PQ Process,SCMS-14050,ASN-1251,South Africa,PMO - US,Direct Drop,DDP,,Pre-PQ Process,11/12/2007,29-Jan-08,29-Jan-08,29-Jan-08,ARV,Pediatric,"Lopinavir/Ritonavir 80/20mg/ml [Kaletra], oral solution, cool, Bottle 5 x 60 ml",Lopinavir/Ritonavir,80/20mg/ml,Oral solution,300,30,1447.8,48.26,0.16,No,Weight Captured Separately,Freight Included in Commodity Cost,2.32
1513,116-ZA-T01,Pre-PQ Process,SCMS-14050,ASN-1251,South Africa,PMO - US,Direct Drop,DDP,,Pre-PQ Process,11/12/2007,29-Jan-08,29-Jan-08,29-Jan-08,ARV,Adult,"Didanosine EC 400mg [Videx EC], delayed-release capsules, Blister 3 x 10 Caps",Didanosine EC,400mg,Delayed-release capsules - blister,30,100,2850.0,28.5,0.95,No,Weight Captured Separately,Freight Included in Commodity Cost,4.56
1519,108-VN-T01,Pre-PQ Process,SCMS-14170,ASN-1439,Vietnam,PMO - US,Direct Drop,FCA,Air,Pre-PQ Process,11/21/2007,28-Mar-08,28-Mar-08,28-Mar-08,ARV,Adult,"Ritonavir 100mg [Norvir], capsules, cool, 4 x 84 Caps",Ritonavir,100mg,Capsule,336,100,18333.0,183.33,0.55,Yes,337,2535.4,29.33
1527,102-NG-T01,Pre-PQ Process,SCMS-14640,ASN-1167,Nigeria,PMO - US,Direct Drop,EXW,Air,Pre-PQ Process,11/30/2007,21-Jan-08,21-Jan-08,21-Jan-08,HRDT,HIV test,"HIV 1/2, Stat-Pak HIV, Kit, 20 Tests","HIV 1/2, Stat-Pak HIV, Kit",,Test kit,20,10000,270000.0,27.0,1.35,Yes,3336,28002.75,432.0
1529,107-RW-T01,Pre-PQ Process,SCMS-14750,ASN-1194,Rwanda,PMO - US,Direct Drop,CIP,Air,Pre-PQ Process,12/3/2007,28-Jan-08,28-Jan-08,28-Jan-08,ARV,Adult,"Abacavir 300mg, tablets, 60 Tabs",Abacavir,300mg,Tablet,60,1099,30222.5,27.5,0.46,Yes,113,1511.25,48.36
1530,108-VN-T01,Pre-PQ Process,SCMS-14760,ASN-1230,Vietnam,PMO - US,Direct Drop,EXW,Air,Pre-PQ Process,12/5/2007,1-Feb-08,1-Feb-08,1-Feb-08,ARV,Adult,"Stavudine 20mg, capsules, 60 Caps",Stavudine,20mg,Capsule,60,1200,2100.0,1.75,0.03,Yes,125,2429.85,3.36
1531,100-KZ-T01,Pre-PQ Process,SCMS-14770,ASN-1061,Kazakhstan,PMO - US,Direct Drop,DDP,Air,Pre-PQ Process,11/30/2007,27-Dec-07,27-Dec-07,27-Dec-07,HRDT,HIV test,"HIV 1/2, OraQuick Advance HIV Rapid Antibody Kit, 100 Tests","HIV 1/2, OraQuick Advance HIV Rapid Antibody Kit",,Test kit,100,50,17500.0,350.0,3.5,Yes,Weight Captured Separately,Freight Included in Commodity Cost,28.0
1549,123-NG-T01,Pre-PQ Process,SCMS-15550,ASN-1197,Nigeria,PMO - US,Direct Drop,EXW,Air,Pre-PQ Process,Date Not Captured,5-Feb-08,5-Feb-08,5-Feb-08,HRDT,HIV test,"HIV 1/2, Determine HIV Kit, without Lancets, 100 Tests","HIV 1/2, Determine HIV Kit, without Lancets",,Test kit,100,650,51993.5,79.99,0.8,Yes,148,2577.27,83.19
1587,116-ZA-T01,Pre-PQ Process,SCMS-16600,ASN-1520,South Africa,PMO - US,Direct Drop,DDP,,Pre-PQ Process,1/4/2008,21-Jan-08,4-Jan-08,4-Jan-08,ARV,Adult,"Stavudine 20mg [Zerit], capsules, 60 Caps",Stavudine,20mg,Capsule,60,100,573.0,5.73,0.1,No,Weight Captured Separately,Freight Included in Commodity Cost,0.92
1593,102-BW-T01,Pre-PQ Process,SCMS-16730,ASN-1721,Botswana,PMO - US,Direct Drop,EXW,Air,Pre-PQ Process,2/4/2008,3-Jul-08,3-Jul-08,3-Jul-08,HRDT,HIV test,"HIV 1/2, Uni-Gold HIV Kit, 20 Tests","HIV 1/2, Uni-Gold HIV Kit",,Test kit,20,450,14400.0,32.0,1.6,Yes,154,2496.62,23.04
1594,102-NG-T01,Pre-PQ Process,SCMS-16890,ASN-2014,Nigeria,PMO - US,Direct Drop,EXW,Air,Pre-PQ Process,1/29/2008,19-Sep-08,16-Jul-08,16-Jul-08,HRDT,HIV test,"HIV 1/2, Stat-Pak HIV, Kit, 20 Tests","HIV 1/2, Stat-Pak HIV, Kit",,Test kit,20,10270,277290.0,27.0,1.35,Yes,2907,18864.37,443.66
1618,111-MZ-T01,Pre-PQ Process,SCMS-17800,ASN-1368,Mozambique,PMO - US,Direct Drop,EXW,Air,Pre-PQ Process,2/19/2008,27-Mar-08,27-Mar-08,27-Mar-08,HRDT,HIV test,"HIV 1/2, Uni-Gold HIV Kit, 20 Tests","HIV 1/2, Uni-Gold HIV Kit",,Test kit,20,9000,288000.0,32.0,1.6,Yes,9000,55746.59,460.8
1628,110-ZM-T01,Pre-PQ Process,SCMS-18030,ASN-1619,Zambia,PMO - US,Direct Drop,EXW,Air,Pre-PQ Process,2/25/2008,14-May-08,14-May-08,14-May-08,HRDT,HIV test,"HIV 1/2, Uni-Gold HIV Kit, 20 Tests","HIV 1/2, Uni-Gold HIV Kit",,Test kit,20,6040,193280.0,32.0,1.6,Yes,2052,24689,309.25
1634,110-ZM-T01,Pre-PQ Process,SCMS-18240,ASN-1789,Zambia,PMO - US,Direct Drop,EXW,Air,Pre-PQ Process,2/29/2008,6-Jun-08,30-May-08,30-May-08,HRDT,HIV test - Ancillary,"HIV, Lancet, Safety, for HIV Test kits, 100 Pcs","HIV, Lancet, Safety, for HIV Test kits, 100 Pcs",,Test kit - Ancillary,100,4300,43.0,0.01,0.0,Yes,284,Freight Included in Commodity Cost,0.07
1637,104-CI-T01,Pre-PQ Process,SCMS-18320,ASN-3465,Côte d'Ivoire,PMO - US,Direct Drop,EXW,Air,Pre-PQ Process,2/27/2008,4-Mar-09,4-Mar-09,4-Mar-09,HRDT,HIV test,"HIV 1/2, Stat-Pak HIV, Kit, 20 Tests","HIV 1/2, Stat-Pak HIV, Kit",,Test kit,20,289,7803.0,27.0,1.35,Yes,79,1104.69,15.29
1638,111-MZ-T01,Pre-PQ Process,SCMS-18340,ASN-1746,Mozambique,PMO - US,Direct Drop,EXW,Air,Pre-PQ Process,2/27/2008,9-Jul-08,4-Jul-08,4-Jul-08,HRDT,HIV test,"HIV 1/2, Determine HIV Kit, without Lancets, 100 Tests","HIV 1/2, Determine HIV Kit, without Lancets",,Test kit,100,3000,215970.0,71.99,0.72,Yes,682,5298.9,345.55
1643,104-CI-T01,Pre-PQ Process,SCMS-18420,ASN-1469,Côte d'Ivoire,PMO - US,Direct Drop,EXW,Air,Pre-PQ Process,2/28/2008,8-Apr-08,4-Apr-08,4-Apr-08,HRDT,HIV test - Ancillary,"HIV, Lancet, Safety, for HIV Test kits, 100 Pcs","HIV, Lancet, Safety, for HIV Test kits, 100 Pcs",,Test kit - Ancillary,100,70,0.7,0.01,0.0,Yes,Weight Captured Separately,Invoiced Separately,0.0
1644,104-CI-T01,Pre-PQ Process,SCMS-18450,ASN-1934,Côte d'Ivoire,PMO - US,Direct Drop,EXW,Air,Pre-PQ Process,2/28/2008,22-Jul-08,22-Jul-08,22-Jul-08,HRDT,HIV test,"HIV 1/2, Determine HIV Kit, without Lancets, 100 Tests","HIV 1/2, Determine HIV Kit, without Lancets",,Test kit,100,1116,78120.0,70.0,0.7,Yes,255,5175.72,124.99
1645,104-CI-T01,Pre-PQ Process,SCMS-18470,ASN-2887,Côte d'Ivoire,PMO - US,Direct Drop,EXW,Air,Pre-PQ Process,2/29/2008,19-Dec-08,19-Dec-08,19-Dec-08,HRDT,HIV test,"HIV 1/2, Determine HIV Kit, without Lancets, 100 Tests","HIV 1/2, Determine HIV Kit, without Lancets",,Test kit,100,1116,78120.0,70.0,0.7,Yes,256,7118.12,153.12
1646,102-GY-T01,Pre-PQ Process,SCMS-18490,ASN-1612,Guyana,PMO - US,Direct Drop,EXW,Air,Pre-PQ Process,2/28/2008,6-May-08,6-May-08,6-May-08,HRDT,HIV test,"HIV 1/2, Uni-Gold HIV Kit, 20 Tests","HIV 1/2, Uni-Gold HIV Kit",,Test kit,20,832,26624.0,32.0,1.6,Yes,832,3740.04,42.6
1647,102-GY-T01,Pre-PQ Process,SCMS-18500,ASN-2100,Guyana,PMO - US,Direct Drop,EXW,Air,Pre-PQ Process,2/28/2008,28-Jul-08,28-Jul-08,28-Jul-08,HRDT,HIV test,"HIV 1/2, Determine HIV Kit, without Lancets, 100 Tests","HIV 1/2, Determine HIV Kit, without Lancets",,Test kit,100,213,15333.87,71.99,0.72,Yes,49,959.46,24.53
1648,102-BW-T01,Pre-PQ Process,SCMS-18550,ASN-1448,Botswana,PMO - US,Direct Drop,EXW,Air,Pre-PQ Process,Date Not Captured,11-Apr-08,11-Apr-08,11-Apr-08,HRDT,HIV test,"HIV 1/2, OraQuick Advance HIV Rapid Antibody Kit, 100 Tests","HIV 1/2, OraQuick Advance HIV Rapid Antibody Kit",,Test kit,100,10,3500.0,350.0,3.5,Yes,39,604,5.6
1660,113-ZW-T01,Pre-PQ Process,SCMS-18870,ASN-2435,Zimbabwe,PMO - US,Direct Drop,EXW,Air,Pre-PQ Process,3/17/2008,17-Nov-08,21-Oct-08,21-Oct-08,HRDT,HIV test - Ancillary,"HIV, Lancet, Safety, for HIV Test kits, 100 Pcs","HIV, Lancet, Safety, for HIV Test kits, 100 Pcs",,Test kit - Ancillary,100,1634,16.34,0.01,0.0,Yes,Weight Captured Separately,Invoiced Separately,0.03
1673,116-ZA-T01,Pre-PQ Process,SCMS-19800,ASN-1665,South Africa,PMO - US,Direct Drop,DDP,Truck,Pre-PQ Process,2/20/2008,24-Apr-08,24-Apr-08,24-Apr-08,ARV,Adult,"Lopinavir/Ritonavir 133.3/33.3mg [Kaletra], capsules, cool, 2 x 90 Caps",Lopinavir/Ritonavir,133.3/33.3mg,Capsule,180,400,15760.0,39.4,0.22,No,Weight Captured Separately,Freight Included in Commodity Cost,25.22
1674,116-ZA-T01,Pre-PQ Process,SCMS-19800,ASN-1665,South Africa,PMO - US,Direct Drop,DDP,Truck,Pre-PQ Process,2/20/2008,24-Apr-08,24-Apr-08,24-Apr-08,ARV,Pediatric,"Ritonavir 80mg/ml [Norvir], oral solution, cool, Bottle, 90 ml",Ritonavir,80mg/ml,Oral solution,90,6,47.28,7.88,0.09,No,Weight Captured Separately,Freight Included in Commodity Cost,0.08
1675,116-ZA-T01,Pre-PQ Process,SCMS-19800,ASN-1665,South Africa,PMO - US,Direct Drop,DDP,Truck,Pre-PQ Process,2/20/2008,24-Apr-08,24-Apr-08,24-Apr-08,ARV,Adult,"Tenofovir Disoproxil Fumarate 300mg [Viread], tablets, 30 Tabs",Tenofovir Disoproxil Fumarate,300mg,Tablet,30,500,10925.0,21.85,0.73,No,Weight Captured Separately,Freight Included in Commodity Cost,17.48
1691,108-VN-T01,Pre-PQ Process,SCMS-20180,ASN-1860,Vietnam,PMO - US,Direct Drop,EXW,Air,Pre-PQ Process,3/31/2008,7-Jul-08,20-Jun-08,20-Jun-08,ARV,Adult,"Lamivudine 150mg, tablets, 60 Tabs",Lamivudine,150mg,Tablet,60,10080,29232.0,2.9,0.05,Yes,507,4159.45,46.77
1693,108-VN-T01,Pre-PQ Process,SCMS-20340,ASN-1754,Vietnam,PMO - US,Direct Drop,EXW,Air,Pre-PQ Process,3/31/2008,1-Jun-08,1-Jun-08,1-Jun-08,ARV,Adult,"Efavirenz 600mg, tablets, 30 Tabs",Efavirenz,600mg,Tablet,30,6720,77145.6,11.48,0.38,Yes,522,3796.05,123.43
1719,104-CI-T01,Pre-PQ Process,SCMS-21270,ASN-1668,Côte d'Ivoire,PMO - US,Direct Drop,EXW,Air,Pre-PQ Process,4/7/2008,9-May-08,9-May-08,9-May-08,HRDT,HIV test - Ancillary,"HIV, Lancet, Safety, for HIV Test kits, 100 Pcs","HIV, Lancet, Safety, for HIV Test kits, 100 Pcs",,Test kit - Ancillary,100,250,2.5,0.01,0.0,Yes,17,Freight Included in Commodity Cost,0.0
1722,116-ZA-T01,Pre-PQ Process,SCMS-21460,ASN-1667,South Africa,PMO - US,Direct Drop,DDP,,Pre-PQ Process,4/4/2008,25-Apr-08,7-Apr-08,7-Apr-08,ARV,Adult,"Efavirenz 600mg, tablets, 30 Tabs",Efavirenz,600mg,Tablet,30,300,4614.0,15.38,0.51,No,Weight Captured Separately,Freight Included in Commodity Cost,7.38
1723,116-ZA-T01,Pre-PQ Process,SCMS-21460,ASN-2291,South Africa,PMO - US,Direct Drop,DDP,,Pre-PQ Process,4/4/2008,25-Apr-08,25-Apr-08,25-Apr-08,ARV,Adult,"Zidovudine 300mg [Retrovir], tablets, 60 Tabs",Zidovudine,300mg,Tablet,60,300,4155.0,13.85,0.23,Yes,Weight Captured Separately,Freight Included in Commodity Cost,6.65
1724,116-ZA-T01,Pre-PQ Process,SCMS-21460,ASN-1667,South Africa,PMO - US,Direct Drop,DDP,,Pre-PQ Process,4/4/2008,25-Apr-08,7-Apr-08,7-Apr-08,ARV,Adult,"Didanosine EC 250mg [Videx EC], delayed-release capsules, Blister 3 x 10 Caps",Didanosine EC,250mg,Delayed-release capsules - blister,30,100,1849.0,18.49,0.62,No,Weight Captured Separately,Freight Included in Commodity Cost,2.96
1730,102-NG-T01,Pre-PQ Process,SCMS-21580,ASN-1797,Nigeria,PMO - US,Direct Drop,EXW,Air,Pre-PQ Process,Date Not Captured,28-May-08,28-May-08,28-May-08,HRDT,HIV test - Ancillary,"HIV, Lancet, Safety, for HIV Test kits, 100 Pcs","HIV, Lancet, Safety, for HIV Test kits, 100 Pcs",,Test kit - Ancillary,100,1130,11.3,0.01,0.0,Yes,Weight Captured Separately,Invoiced Separately,0.02
1797,108-VN-T01,Pre-PQ Process,SCMS-23370,ASN-2523,Vietnam,PMO - US,Direct Drop,CIP,Air,Pre-PQ Process,5/13/2008,3-Oct-08,3-Oct-08,3-Oct-08,ARV,Pediatric,"Didanosine 25mg [Videx], chewable tablets, 60 Tabs",Didanosine,25mg,Chewable/dispersible tablet,60,400,2800.0,7.0,0.12,Yes,81,3013.09,4.48
1798,108-VN-T01,Pre-PQ Process,SCMS-23470,ASN-2244,Vietnam,PMO - US,Direct Drop,EXW,Air,Pre-PQ Process,5/13/2008,19-Aug-08,19-Aug-08,19-Aug-08,ARV,Adult,"Stavudine 30mg, capsules, 60 Caps",Stavudine,30mg,Capsule,60,10780,15631.0,1.45,0.02,Yes,502,7575.6,25.01
1801,116-ZA-T01,Pre-PQ Process,SCMS-23500,ASN-2293,South Africa,PMO - US,Direct Drop,DDP,Truck,Pre-PQ Process,Date Not Captured,20-Aug-08,8-May-08,8-May-08,ARV,Adult,"Lopinavir/Ritonavir 133.3/33.3mg [Kaletra], capsules, cool, 2 x 90 Caps",Lopinavir/Ritonavir,133.3/33.3mg,Capsule,180,670,24783.3,36.99,0.21,No,Weight Captured Separately,Freight Included in Commodity Cost,39.65
1802,116-ZA-T01,Pre-PQ Process,SCMS-23500,ASN-2296,South Africa,PMO - US,Direct Drop,DDP,Truck,Pre-PQ Process,Date Not Captured,20-Aug-08,21-May-08,21-May-08,ARV,Adult,"Lamivudine 150mg [Epivir], tablets, 60 Tabs",Lamivudine,150mg,Tablet,60,2000,11060.0,5.53,0.09,Yes,Weight Captured Separately,Freight Included in Commodity Cost,17.7
1803,116-ZA-T01,Pre-PQ Process,SCMS-23500,ASN-2300,South Africa,PMO - US,Direct Drop,DDP,Truck,Pre-PQ Process,Date Not Captured,20-Aug-08,14-May-08,14-May-08,ARV,Adult,"Zidovudine 300mg [Retrovir], tablets, 60 Tabs",Zidovudine,300mg,Tablet,60,1000,16630.0,16.63,0.28,Yes,Weight Captured Separately,Freight Included in Commodity Cost,26.61
1804,116-ZA-T01,Pre-PQ Process,SCMS-23500,ASN-2293,South Africa,PMO - US,Direct Drop,DDP,Truck,Pre-PQ Process,Date Not Captured,20-Aug-08,8-May-08,8-May-08,ARV,Pediatric,"Nevirapine 10mg/ml [Viramune], oral suspension, Bottle, 240 ml",Nevirapine,10mg/ml,Oral suspension,240,30,435.9,14.53,0.06,No,Weight Captured Separately,Freight Included in Commodity Cost,0.7
1820,106-HT-T01,Pre-PQ Process,SCMS-23980,ASN-2640,Haiti,PMO - US,Direct Drop,EXW,Air,Pre-PQ Process,5/23/2008,27-Oct-08,27-Oct-08,27-Oct-08,HRDT,HIV test,"HIV 1/2, Determine HIV Kit, without Lancets, 100 Tests","HIV 1/2, Determine HIV Kit, without Lancets",,Test kit,100,1123,78610.0,70.0,0.7,Yes,257,2851.72,154.08
1861,107-RW-T01,Pre-PQ Process,SCMS-25090,ASN-2256,Rwanda,PMO - US,Direct Drop,EXW,Air,Pre-PQ Process,6/12/2008,16-Aug-08,16-Aug-08,16-Aug-08,HRDT,HIV test,"HIV 1/2, Capillus HIV Kit, 100 Tests","HIV 1/2, Capillus HIV Kit",,Test kit,100,340,47260.0,139.0,1.39,Yes,234,5446.06,75.62
1888,107-RW-T01,Pre-PQ Process,SCMS-25520,ASN-2079,Rwanda,PMO - US,Direct Drop,CIP,Air,Pre-PQ Process,6/13/2008,23-Jul-08,22-Jul-08,22-Jul-08,ARV,Adult,"Lamivudine/Nevirapine/Zidovudine 150/200/300mg, tablets, 60 Tabs",Lamivudine/Nevirapine/Zidovudine,150/300/200mg,Tablet - FDC,60,47879,569281.31,11.89,0.2,Yes,5311,30408.04,910.85
1889,107-RW-T01,Pre-PQ Process,SCMS-25520,ASN-2080,Rwanda,PMO - US,Direct Drop,CIP,Air,Pre-PQ Process,6/13/2008,23-Jul-08,23-Jul-08,23-Jul-08,ARV,Adult,"Lamivudine/Nevirapine/Zidovudine 150/200/300mg, tablets, 60 Tabs",Lamivudine/Nevirapine/Zidovudine,150/300/200mg,Tablet - FDC,60,61021,725539.69,11.89,0.2,Yes,6768,38120.96,1160.86
1905,108-VN-T01,Pre-PQ Process,SCMS-26180,ASN-2274,Vietnam,PMO - US,Direct Drop,EXW,Air,Pre-PQ Process,7/1/2008,19-Sep-08,19-Sep-08,19-Sep-08,ARV,Adult,"Lamivudine/Zidovudine 150/300mg, tablets, 60 Tabs",Lamivudine/Zidovudine,150/300mg,Tablet - FDC,60,4300,37023.0,8.61,0.14,No,See ASN-2274 (ID#:610),See ASN-2274 (ID#:610),59.24
1919,108-VN-T01,Pre-PQ Process,SCMS-26190,ASN-2562,Vietnam,PMO - US,Direct Drop,EXW,Air,Pre-PQ Process,7/3/2008,3-Oct-08,3-Oct-08,3-Oct-08,ARV,Adult,"Stavudine 30mg, capsules, 60 Caps",Stavudine,30mg,Capsule,60,18030,26143.5,1.45,0.02,Yes,1114,5822.44,41.83
1926,116-ZA-T01,Pre-PQ Process,SCMS-26820,ASN-2487,South Africa,PMO - US,Direct Drop,DDP,Truck,Pre-PQ Process,Date Not Captured,10-Jul-08,14-Jul-08,14-Jul-08,ARV,Adult,"Zidovudine 300mg [Retrovir], tablets, 60 Tabs",Zidovudine,300mg,Tablet,60,50,663.5,13.27,0.22,Yes,Weight Captured Separately,Freight Included in Commodity Cost,1.06
1927,116-ZA-T01,Pre-PQ Process,SCMS-26820,ASN-2488,South Africa,PMO - US,Direct Drop,DDP,Truck,Pre-PQ Process,Date Not Captured,10-Jul-08,8-Jul-08,8-Jul-08,ARV,Pediatric,"Efavirenz 50mg [Stocrin/Sustiva], capsule, 30 Caps",Efavirenz,50mg,Capsule,30,250,715.0,2.86,0.1,No,Weight Captured Separately,Freight Included in Commodity Cost,1.14
1928,116-ZA-T01,Pre-PQ Process,SCMS-26820,ASN-2488,South Africa,PMO - US,Direct Drop,DDP,Truck,Pre-PQ Process,Date Not Captured,10-Jul-08,8-Jul-08,8-Jul-08,ARV,Adult,"Didanosine EC 250mg [Videx EC], delayed-release capsules, Blister 3 x 10 Caps",Didanosine EC,250mg,Delayed-release capsules - blister,30,60,1096.2,18.27,0.61,No,Weight Captured Separately,Freight Included in Commodity Cost,1.75
1929,116-ZA-T01,Pre-PQ Process,SCMS-26820,ASN-2488,South Africa,PMO - US,Direct Drop,DDP,Truck,Pre-PQ Process,Date Not Captured,10-Jul-08,8-Jul-08,8-Jul-08,ARV,Pediatric,"Didanosine 2g [Videx], powder for oral solution 10mg/ml, reconstitute to 200 ml",Didanosine,2g,Powder for oral solution,200,12,150.48,12.54,0.06,No,Weight Captured Separately,Freight Included in Commodity Cost,0.24
1939,110-ZM-T01,Pre-PQ Process,SCMS-27010,ASN-2448,Zambia,PMO - US,Direct Drop,EXW,Air,Pre-PQ Process,8/21/2008,22-Sep-08,22-Sep-08,22-Sep-08,HRDT,HIV test - Ancillary,"HIV, Lancet, Safety, for HIV Test kits, 100 Pcs","HIV, Lancet, Safety, for HIV Test kits, 100 Pcs",,Test kit - Ancillary,100,3000,30.0,0.01,0.0,Yes,889,7303.52,0.05
1940,102-GY-T01,Pre-PQ Process,SCMS-27030,ASN-2638,Guyana,PMO - US,Direct Drop,EXW,Air,Pre-PQ Process,8/21/2008,29-Oct-08,29-Oct-08,29-Oct-08,HRDT,HIV test,"HIV 1/2, Determine HIV Kit, without Lancets, 100 Tests","HIV 1/2, Determine HIV Kit, without Lancets",,Test kit,100,213,15333.87,71.99,0.72,Yes,49,1047.39,30.05
1941,133-NG-T01,Pre-PQ Process,SCMS-27060,ASN-2438,Nigeria,PMO - US,Direct Drop,EXW,Air,Pre-PQ Process,7/18/2008,15-Oct-08,15-Oct-08,15-Oct-08,HRDT,HIV test - Ancillary,"HIV, Lancet, Safety, for HIV Test kits, 100 Pcs","HIV, Lancet, Safety, for HIV Test kits, 100 Pcs",,Test kit - Ancillary,100,6502,65.02,0.01,0.0,Yes,1927,24870.05,0.1
1942,133-NG-T01,Pre-PQ Process,SCMS-27070,ASN-2352,Nigeria,PMO - US,Direct Drop,EXW,Air,Pre-PQ Process,8/21/2008,12-Sep-08,12-Sep-08,12-Sep-08,HRDT,HIV test,"HIV 1/2, Determine HIV Kit, without Lancets, 100 Tests","HIV 1/2, Determine HIV Kit, without Lancets",,Test kit,100,6875,549931.25,79.99,0.8,Yes,1566,19992.75,879.89
1954,108-VN-T01,Pre-PQ Process,SCMS-27290,ASN-2854,Vietnam,PMO - US,Direct Drop,FCA,Air,Pre-PQ Process,7/24/2008,2-Dec-08,2-Dec-08,2-Dec-08,ARV,Adult,"Lopinavir/Ritonavir 200/50mg [Aluvia], tablets, 120 Tabs",Lopinavir/Ritonavir,200/50mg,Tablet,120,434,35674.8,82.2,0.68,Yes,113,2709.98,69.92
1955,108-VN-T01,Pre-PQ Process,SCMS-27310,ASN-2809,Vietnam,PMO - US,Direct Drop,EXW,Air,Pre-PQ Process,7/24/2008,24-Nov-08,24-Nov-08,24-Nov-08,ARV,Adult,"Lamivudine/Nevirapine/Zidovudine 150/200/300mg, tablets, 60 Tabs",Lamivudine/Nevirapine/Zidovudine,150/300/200mg,Tablet - FDC,60,1100,12540.0,11.4,0.19,Yes,159,2568.6,24.58
1956,108-VN-T01,Pre-PQ Process,SCMS-27350,ASN-2766,Vietnam,PMO - US,Direct Drop,EXW,Air,Pre-PQ Process,7/24/2008,25-Nov-08,25-Nov-08,25-Nov-08,ARV,Adult,"Efavirenz 600mg, tablets, 30 Tabs",Efavirenz,600mg,Tablet,30,8400,85596.0,10.19,0.34,Yes,613,3247.73,167.77
1957,108-VN-T01,Pre-PQ Process,SCMS-27380,ASN-2873,Vietnam,PMO - US,Direct Drop,EXW,Air,Pre-PQ Process,7/24/2008,3-Dec-08,3-Dec-08,3-Dec-08,ARV,Adult,"Lamivudine/Nevirapine/Stavudine 150/200/30mg, tablets, 60 Tabs",Lamivudine/Nevirapine/Stavudine,150/200/30mg,Tablet - FDC,60,3648,26448.0,7.25,0.12,Yes,323,2335.19,51.84
1971,102-GY-T01,Pre-PQ Process,SCMS-27680,ASN-2910,Guyana,PMO - US,Direct Drop,EXW,Air,Pre-PQ Process,7/28/2008,15-Dec-08,15-Dec-08,15-Dec-08,MRDT,Malaria,"Malaria Paramax-3 Kit, 25 Tests",Malaria Paramax-3 Kit,,Test kit,25,108,4050.0,37.5,1.5,Yes,34,648.27,7.94
1972,117-ET-T01,Pre-PQ Process,SCMS-27800,ASN-2592,Ethiopia,PMO - US,Direct Drop,EXW,Air,Pre-PQ Process,7/30/2008,3-Nov-08,13-Oct-08,13-Oct-08,HRDT,HIV test,"HIV 1/2, Stat-Pak HIV, Kit, 20 Tests","HIV 1/2, Stat-Pak HIV, Kit",,Test kit,20,5958,160866.0,27.0,1.35,Yes,2147,11066.17,257.39
1973,117-ET-T01,Pre-PQ Process,SCMS-27800,ASN-2747,Ethiopia,PMO - US,Direct Drop,EXW,Air,Pre-PQ Process,7/30/2008,3-Nov-08,3-Nov-08,3-Nov-08,HRDT,HIV test,"HIV 1/2, Stat-Pak HIV, Kit, 20 Tests","HIV 1/2, Stat-Pak HIV, Kit",,Test kit,20,3982,107514.0,27.0,1.35,Yes,1445,7303.25,210.73
2008,117-ET-T01,Pre-PQ Process,SCMS-28710,ASN-2576,Ethiopia,PMO - US,Direct Drop,EXW,Air,Pre-PQ Process,8/22/2008,7-Oct-08,7-Oct-08,7-Oct-08,HRDT,HIV test,"HIV 1/2, SKB Colloidal Gold, Diagnostic Kit, Antibody, 50 Tests","HIV 1/2, Colloidal Gold, Diagnostic Kit, Antibody",,Test kit,1,6998,160954.0,23.0,23.0,Yes,5057,44347.71,257.53
2014,116-ZA-T01,Pre-PQ Process,SCMS-28830,ASN-2503,South Africa,PMO - US,Direct Drop,DDP,Truck,Pre-PQ Process,Date Not Captured,25-Aug-08,14-Aug-08,14-Aug-08,ARV,Adult,"Tenofovir Disoproxil Fumarate 300mg [Viread], tablets, 30 Tabs",Tenofovir Disoproxil Fumarate,300mg,Tablet,30,300,7080.0,23.6,0.79,Yes,Weight Captured Separately,Freight Included in Commodity Cost,11.33
2015,116-ZA-T01,Pre-PQ Process,SCMS-28830,ASN-2503,South Africa,PMO - US,Direct Drop,DDP,Truck,Pre-PQ Process,Date Not Captured,25-Aug-08,14-Aug-08,14-Aug-08,ARV,Pediatric,"Nevirapine 10mg/ml [Viramune], oral suspension, Bottle, 240 ml",Nevirapine,10mg/ml,Oral suspension,240,40,557.6,13.94,0.06,No,Weight Captured Separately,Freight Included in Commodity Cost,0.89
2146,117-ET-T01,Pre-PQ Process,SCMS-32630,ASN-3155,Ethiopia,PMO - US,Direct Drop,EXW,Air,Pre-PQ Process,10/27/2008,26-Jan-09,20-Jan-09,20-Jan-09,HRDT,HIV test,"HIV 1/2, SKB Colloidal Gold, Diagnostic Kit, Antibody, 50 Tests","HIV 1/2, Colloidal Gold, Diagnostic Kit, Antibody",,Test kit,1,3470,79810.0,23.0,23.0,Yes,2509,19882.25,156.43
2147,117-ET-T01,Pre-PQ Process,SCMS-32640,ASN-2935,Ethiopia,PMO - US,Direct Drop,EXW,Air,Pre-PQ Process,10/27/2008,3-Dec-08,3-Dec-08,3-Dec-08,HRDT,HIV test,"HIV 1/2, SKB Colloidal Gold, Diagnostic Kit, Antibody, 50 Tests","HIV 1/2, Colloidal Gold, Diagnostic Kit, Antibody",,Test kit,1,3510,80730.0,23.0,23.0,Yes,2535,22433.91,158.23
2148,113-ZW-T01,Pre-PQ Process,SCMS-32660,ASN-3228,Zimbabwe,PMO - US,Direct Drop,CIP,Air,Pre-PQ Process,10/28/2008,3-Feb-09,3-Feb-09,3-Feb-09,HRDT,HIV test,"#109440**HIV 1/2, INSTI HIV Antibody Individual POC, 1 Test","HIV 1/2, INSTI HIV Antibody Individual POC, 1 Test",,Test kit,1,5000,12706.65,2.54,2.54,Yes,Weight Captured Separately,Freight Included in Commodity Cost,24.91
2153,108-VN-T01,Pre-PQ Process,SCMS-33070,ASN-2888,Vietnam,PMO - US,Direct Drop,EXW,Air,Pre-PQ Process,11/3/2008,27-Nov-08,27-Nov-08,27-Nov-08,ARV,Adult,"Nevirapine 200mg, tablets, 60 Tabs",Nevirapine,200mg,Tablet,60,6000,17400.0,2.9,0.05,Yes,581,2653.27,34.1
2156,116-ZA-T01,Pre-PQ Process,SCMS-33320,ASN-3553,South Africa,PMO - US,Direct Drop,DDP,Truck,Pre-PQ Process,Date Not Captured,17-May-09,9-Oct-08,9-Oct-08,ARV,Adult,"Efavirenz 600mg, tablets, 30 Tabs",Efavirenz,600mg,Tablet,30,1300,20410.0,15.7,0.52,No,Weight Captured Separately,Freight Included in Commodity Cost,40.0
2157,116-ZA-T01,Pre-PQ Process,SCMS-33320,ASN-3553,South Africa,PMO - US,Direct Drop,DDP,Truck,Pre-PQ Process,Date Not Captured,17-May-09,9-Oct-08,9-Oct-08,ARV,Pediatric,"Zidovudine 10mg/ml [Retrovir], oral solution, Bottle, 200 ml",Zidovudine,10mg/ml,Oral solution,200,120,733.2,6.11,0.03,No,Weight Captured Separately,Freight Included in Commodity Cost,1.44
2158,116-ZA-T01,Pre-PQ Process,SCMS-33320,ASN-3553,South Africa,PMO - US,Direct Drop,DDP,Truck,Pre-PQ Process,Date Not Captured,17-May-09,9-Oct-08,9-Oct-08,ARV,Adult,"Saquinavir 200mg [Invirase], capsules, 270 Caps",Saquinavir,200mg,Capsule,270,6,424.08,70.68,0.26,No,Weight Captured Separately,Freight Included in Commodity Cost,0.83
2159,116-ZA-T01,Pre-PQ Process,SCMS-33320,ASN-3553,South Africa,PMO - US,Direct Drop,DDP,Truck,Pre-PQ Process,Date Not Captured,17-May-09,9-Oct-08,9-Oct-08,ARV,Pediatric,"Nevirapine 10mg/ml [Viramune], oral suspension, Bottle, 240 ml",Nevirapine,10mg/ml,Oral suspension,240,40,540.4,13.51,0.06,No,Weight Captured Separately,Freight Included in Commodity Cost,1.06
2171,133-NG-T01,Pre-PQ Process,SCMS-33820,ASN-3665,Nigeria,PMO - US,Direct Drop,EXW,Air,Pre-PQ Process,11/20/2008,8-Apr-09,8-Apr-09,8-Apr-09,HRDT,HIV test,"HIV 1/2, Determine Complete HIV Kit, 100 Tests","HIV 1/2, Determine Complete HIV Kit",,Test kit,100,5751,460080.0,80.0,0.8,Yes,1723,22451.67,901.76
2173,141-NA-T01,Pre-PQ Process,SCMS-33850,ASN-3110,Namibia,PMO - US,Direct Drop,EXW,Air,Pre-PQ Process,11/20/2008,27-Jan-09,27-Jan-09,27-Jan-09,HRDT,HIV test,"HIV 1/2, Clearview Complete Kit, 25 Tests","HIV 1/2, Clearview Complete Kit",,Test kit,25,3,225.0,75.0,3.0,Yes,3,963.34,0.44
2257,102-GY-T01,Pre-PQ Process,SCMS-36540,ASN-3166,Guyana,PMO - US,Direct Drop,EXW,Air,Pre-PQ Process,12/23/2008,25-Feb-09,27-Jan-09,27-Jan-09,HRDT,HIV test,"HIV 1/2, Stat-Pak HIV, Kit, 20 Tests","HIV 1/2, Stat-Pak HIV, Kit",,Test kit,20,100,2700.0,27.0,1.35,Yes,28,692.38,5.29
2295,119-NA-T01,Pre-PQ Process,SCMS-37060,ASN-3303,Namibia,PMO - US,Direct Drop,EXW,Air,Pre-PQ Process,1/13/2009,2-Mar-09,2-Mar-09,2-Mar-09,HRDT,HIV test,"HIV 1/2, Uni-Gold HIV Kit, 20 Tests","HIV 1/2, Uni-Gold HIV Kit",,Test kit,20,68,2176.0,32.0,1.6,Yes,22,1003.52,4.26
2297,108-VN-T01,Pre-PQ Process,SCMS-37160,ASN-3561,Vietnam,PMO - US,Direct Drop,EXW,Air,Pre-PQ Process,1/16/2009,7-Apr-09,7-Apr-09,7-Apr-09,ARV,Adult,"Lamivudine 150mg, tablets, 60 Tabs",Lamivudine,150mg,Tablet,60,9000,21600.0,2.4,0.04,Yes,2228,9809.7,42.34
2298,108-VN-T01,Pre-PQ Process,SCMS-37170,ASN-3562,Vietnam,PMO - US,Direct Drop,EXW,Air,Pre-PQ Process,1/16/2009,10-Apr-09,10-Apr-09,10-Apr-09,ARV,Adult,"Lamivudine/Nevirapine/Zidovudine 150/200/300mg, tablets, 60 Tabs",Lamivudine/Nevirapine/Zidovudine,150/300/200mg,Tablet - FDC,60,700,7805.0,11.15,0.19,No,See ASN-3562 (ID#:960),See ASN-3562 (ID#:960),15.3
2305,131-NG-T01,Pre-PQ Process,SCMS-37370,ASN-3497,Nigeria,PMO - US,Direct Drop,CIP,Air,Pre-PQ Process,2/3/2009,8-Apr-09,8-Apr-09,8-Apr-09,ARV,Adult,"Efavirenz/Emtricitabine/Tenofovir Disoproxil Fumarate 600/200/300mg [Atripla], tablets, 30 Tabs",Efavirenz/Emtricitabine/Tenofovir Disoproxil Fumarate,600/200/300mg,Tablet - FDC,30,25000,1260000.0,50.4,1.68,Yes,2067,7933.38,2469.6
2328,106-HT-T01,Pre-PQ Process,SCMS-38160,ASN-3457,Haiti,PMO - US,Direct Drop,EXW,Air,Pre-PQ Process,2/3/2009,16-Mar-09,16-Mar-09,16-Mar-09,HRDT,HIV test,"HIV 1/2, Determine HIV Kit, without Lancets, 100 Tests","HIV 1/2, Determine HIV Kit, without Lancets",,Test kit,100,1680,117600.0,70.0,0.7,Yes,382,3241.06,230.5
2399,106-HT-T01,Pre-PQ Process,SCMS-39970,ASN-3628,Haiti,PMO - US,Direct Drop,EXW,Air,Pre-PQ Process,3/6/2009,2-Apr-09,2-Apr-09,2-Apr-09,ARV,Pediatric,"Zidovudine 100mg, capsules, 100 Caps",Zidovudine,100mg,Capsule,100,2100,10500.0,5.0,0.05,Yes,187,1903.54,20.58
2417,111-MZ-T01,Pre-PQ Process,SCMS-40370,ASN-3857,Mozambique,PMO - US,Direct Drop,EXW,Air,Pre-PQ Process,3/11/2009,26-May-09,26-May-09,26-May-09,HRDT,HIV test,"HIV 1/2, Determine Complete HIV Kit, 100 Tests","HIV 1/2, Determine Complete HIV Kit",,Test kit,100,9000,648000.0,72.0,0.72,Yes,2655,25052.69,1270.08
2429,116-ZA-T01,Pre-PQ Process,SCMS-40780,ASN-3607,South Africa,PMO - US,Direct Drop,DDP,Air,Pre-PQ Process,Date Not Captured,17-Mar-09,28-Nov-08,28-Nov-08,ARV,Pediatric,"Efavirenz 200mg, capsule, 90 Caps",Efavirenz,200mg,Capsule,90,176,3359.84,19.09,0.21,Yes,Weight Captured Separately,Freight Included in Commodity Cost,6.59
2430,116-ZA-T01,Pre-PQ Process,SCMS-40790,ASN-3575,South Africa,PMO - US,Direct Drop,DDP,Air,Pre-PQ Process,Date Not Captured,24-Mar-09,1-Dec-08,1-Dec-08,ARV,Adult,"Nevirapine 200mg, tablets, 60 Tabs",Nevirapine,200mg,Tablet,60,5017,24583.3,4.9,0.08,Yes,Weight Captured Separately,Freight Included in Commodity Cost,48.18
2431,116-ZA-T01,Pre-PQ Process,SCMS-40810,ASN-3634,South Africa,PMO - US,Direct Drop,DDP,Air,Pre-PQ Process,Date Not Captured,31-Mar-09,2-Dec-08,2-Dec-08,ARV,Pediatric,"Zidovudine 10mg/ml, oral solution, Bottle, 240 ml",Zidovudine,10mg/ml,Oral solution,240,929,3390.85,3.65,0.02,No,Weight Captured Separately,Freight Included in Commodity Cost,6.65
2432,116-ZA-T01,Pre-PQ Process,SCMS-40860,ASN-3581,South Africa,PMO - US,Direct Drop,DDP,Air,Pre-PQ Process,Date Not Captured,23-Jun-09,29-Jan-09,29-Jan-09,ARV,Adult,"Lamivudine 150mg, tablets, 60 Tabs",Lamivudine,150mg,Tablet,60,6700,36582.0,5.46,0.09,Yes,Weight Captured Separately,Freight Included in Commodity Cost,71.7
2436,116-ZA-T01,Pre-PQ Process,SCMS-41070,ASN-3625,South Africa,PMO - US,Direct Drop,DDP,Air,Pre-PQ Process,Date Not Captured,12-May-09,30-Dec-08,30-Dec-08,ARV,Adult,"Zidovudine 300mg [Retrovir], tablets, 60 Tabs",Zidovudine,300mg,Tablet,60,1350,19062.0,14.12,0.24,No,Weight Captured Separately,Freight Included in Commodity Cost,37.36
2437,116-ZA-T01,Pre-PQ Process,SCMS-41080,ASN-3638,South Africa,PMO - US,Direct Drop,DDP,Air,Pre-PQ Process,Date Not Captured,26-May-09,22-Jan-09,22-Jan-09,ARV,Adult,"Efavirenz 600mg, tablets, 30 Tabs",Efavirenz,600mg,Tablet,30,1120,16307.2,14.56,0.49,Yes,Weight Captured Separately,Freight Included in Commodity Cost,31.96
2438,116-ZA-T01,Pre-PQ Process,SCMS-41140,ASN-3752,South Africa,PMO - US,Direct Drop,DDP,Air,Pre-PQ Process,Date Not Captured,31-Mar-09,21-Nov-08,21-Nov-08,ARV,Adult,"Stavudine 20mg [Zerit], capsules, 60 Caps",Stavudine,20mg,Capsule,60,100,371.0,3.71,0.06,No,Weight Captured Separately,Freight Included in Commodity Cost,0.73
2439,116-ZA-T01,Pre-PQ Process,SCMS-41190,ASN-3732,South Africa,PMO - US,Direct Drop,DDP,Air,Pre-PQ Process,Date Not Captured,30-Mar-09,21-Jan-09,21-Jan-09,ARV,Adult,"Stavudine 30mg, capsules, 60 Caps",Stavudine,30mg,Capsule,60,1000,2920.0,2.92,0.05,Yes,Weight Captured Separately,Freight Included in Commodity Cost,5.72
2440,116-ZA-T01,Pre-PQ Process,SCMS-41190,ASN-3732,South Africa,PMO - US,Direct Drop,DDP,Air,Pre-PQ Process,Date Not Captured,30-Mar-09,21-Jan-09,21-Jan-09,ARV,Adult,"Nevirapine 200mg [Viramune], tablets, 60 Tabs",Nevirapine,200mg,Tablet,60,260,4035.2,15.52,0.26,No,Weight Captured Separately,Freight Included in Commodity Cost,7.91
2441,114-UG-T01,Pre-PQ Process,SCMS-41240,ASN-3904,Uganda,PMO - US,Direct Drop,CIP,Air,Pre-PQ Process,3/19/2009,4-May-09,4-May-09,4-May-09,ARV,Adult,"Didanosine EC 250mg [Videx EC], delayed-release capsules, Blister 3 x 10 Caps",Didanosine EC,250mg,Delayed-release capsules - blister,30,60,1100.4,18.34,0.61,Yes,3000,428.91,2.16
2447,116-ZA-T01,Pre-PQ Process,SCMS-41450,ASN-4362,South Africa,PMO - US,Direct Drop,DDP,Truck,Pre-PQ Process,3/18/2009,17-Apr-09,17-Apr-09,17-Apr-09,ARV,Pediatric,"Efavirenz 200mg [Stocrin/Sustiva], capsule, 90 Caps",Efavirenz,200mg,Capsule,90,5000,160900.0,32.18,0.36,Yes,Weight Captured Separately,Freight Included in Commodity Cost,315.36
2450,116-ZA-T01,Pre-PQ Process,SCMS-41584,ASN-4385,South Africa,PMO - US,Direct Drop,DDP,Air,Pre-PQ Process,3/27/2009,25-Jun-09,20-Apr-09,20-Apr-09,ARV,Pediatric,"Zidovudine 10mg/ml [Retrovir], solution for IV infusion injection, Vial 5 x 20 ml",Zidovudine,10mg/ml,Injection,5,166,2265.9,13.65,2.73,No,Weight Captured Separately,Freight Included in Commodity Cost,4.44
2451,116-ZA-T01,Pre-PQ Process,SCMS-41584,ASN-4385,South Africa,PMO - US,Direct Drop,DDP,Air,Pre-PQ Process,3/27/2009,25-Jun-09,20-Apr-09,20-Apr-09,ARV,Pediatric,"Didanosine 50mg [Videx], chewable tablets, 60 Tabs",Didanosine,50mg,Chewable/dispersible tablet,60,1500,15150.0,10.1,0.17,No,Weight Captured Separately,Freight Included in Commodity Cost,29.69
2463,107-RW-T01,Pre-PQ Process,SCMS-30312,ASN-3851,Rwanda,PMO - US,Direct Drop,CIP,Air,Pre-PQ Process,10/21/2008,20-Apr-09,20-Apr-09,20-Apr-09,ARV,Adult,"Lamivudine/Zidovudine 150/300mg, tablets, 60 Tabs",Lamivudine/Zidovudine,150/300mg,Tablet - FDC,60,7840,71344.0,9.1,0.15,Yes,719,853.88,139.83
2474,116-ZA-T01,Pre-PQ Process,SCMS-47420,ASN-4280,South Africa,PMO - US,Direct Drop,DDP,Air,Pre-PQ Process,4/2/2009,31-Jul-09,20-Apr-09,20-Apr-09,ARV,Pediatric,"Lopinavir/Ritonavir 80/20mg/ml [Kaletra], oral solution, cool, Bottle 5 x 60 ml",Lopinavir/Ritonavir,80/20mg/ml,Oral solution,300,40,1440.0,36.0,0.12,Yes,Weight Captured Separately,Freight Included in Commodity Cost,2.82
2475,116-ZA-T01,Pre-PQ Process,SCMS-47360,ASN-4286,South Africa,PMO - US,Direct Drop,DDP,Truck,Pre-PQ Process,4/2/2009,31-Jul-09,4-May-09,4-May-09,ARV,Pediatric,"Ritonavir 80mg/ml [Norvir], oral solution, cool, Bottle, 90 ml",Ritonavir,80mg/ml,Oral solution,90,6,43.2,7.2,0.08,Yes,Weight Captured Separately,Freight Included in Commodity Cost,0.08
2476,116-ZA-T01,Pre-PQ Process,SCMS-42250,ASN-4612,South Africa,PMO - US,Direct Drop,DDP,Truck,Pre-PQ Process,4/2/2009,31-Jul-09,8-Jun-09,8-Jun-09,ARV,Pediatric,"Ritonavir 80mg/ml [Norvir], oral solution, cool, Bottle, 90 ml",Ritonavir,80mg/ml,Oral solution,90,6,43.2,7.2,0.08,Yes,Weight Captured Separately,Freight Included in Commodity Cost,0.08
2477,102-GY-T01,Pre-PQ Process,SCMS-42290,ASN-3987,Guyana,PMO - US,Direct Drop,EXW,Air,Pre-PQ Process,3/31/2009,5-Jun-09,5-Jun-09,5-Jun-09,HRDT,HIV test,"HIV 1/2, Determine Complete HIV Kit, 100 Tests","HIV 1/2, Determine Complete HIV Kit",,Test kit,100,425,38250.0,90.0,0.9,Yes,130,1859.79,74.97
2478,102-GY-T01,Pre-PQ Process,SCMS-42320,ASN-4291,Guyana,PMO - US,Direct Drop,EXW,Air,Pre-PQ Process,3/30/2009,1-Jul-09,1-Jul-09,1-Jul-09,HRDT,HIV test,"HIV 1/2, Determine Complete HIV Kit, 100 Tests","HIV 1/2, Determine Complete HIV Kit",,Test kit,100,276,24840.0,90.0,0.9,Yes,87,1205.7,48.69
2481,116-ZA-T01,Pre-PQ Process,SCMS-47500,ASN-4332,South Africa,PMO - US,Direct Drop,DDP,Truck,Pre-PQ Process,4/2/2009,15-May-09,23-Apr-09,23-Apr-09,ARV,Adult,"Stavudine 20mg [Zerit], capsules, 60 Caps",Stavudine,20mg,Capsule,60,76,300.2,3.95,0.07,No,See ASN-4332 (ID#:1115),See ASN-4332 (ID#:1115),0.59
2499,112-NG-T01,Pre-PQ Process,SCMS-42830,ASN-3984,Nigeria,PMO - US,Direct Drop,FCA,Air,Pre-PQ Process,4/1/2009,20-May-09,20-May-09,20-May-09,ARV,Adult,"Lopinavir/Ritonavir 200/50mg [Aluvia], tablets, 120 Tabs",Lopinavir/Ritonavir,200/50mg,Tablet,120,73,3000.3,41.1,0.34,Yes,69,1332.43,5.88
2502,102-KE-T01,Pre-PQ Process,SCMS-42970,ASN-4098,Kenya,PMO - US,Direct Drop,EXW,Air,Pre-PQ Process,4/4/2009,18-Jun-09,18-Jun-09,18-Jun-09,HRDT,HIV test,"HIV 1/2, Uni-Gold HIV Kit, 20 Tests","HIV 1/2, Uni-Gold HIV Kit",,Test kit,20,5,160.0,32.0,1.6,Yes,2,12561.4,0.31
2503,102-KE-T01,Pre-PQ Process,SCMS-42970,ASN-4099,Kenya,PMO - US,Direct Drop,EXW,Air,Pre-PQ Process,4/4/2009,18-Jun-09,18-Jun-09,18-Jun-09,HRDT,HIV test,"HIV 1/2, Uni-Gold HIV Kit, 20 Tests","HIV 1/2, Uni-Gold HIV Kit",,Test kit,20,4995,159840.0,32.0,1.6,Yes,4995,275,313.29
2506,123-NG-T01,Pre-PQ Process,SCMS-36892,ASN-4206,Nigeria,PMO - US,Direct Drop,FCA,Air,Pre-PQ Process,4/7/2009,14-Jul-09,14-Jul-09,14-Jul-09,ARV,Adult,"Lopinavir/Ritonavir 200/50mg [Aluvia], tablets, 120 Tabs",Lopinavir/Ritonavir,200/50mg,Tablet,120,2040,83844.0,41.1,0.34,Yes,309,3777.93,164.33
2536,107-RW-T01,Pre-PQ Process,SCMS-43880,ASN-4462,Rwanda,PMO - US,Direct Drop,CIP,Air,Pre-PQ Process,4/15/2009,20-Jul-09,20-Jul-09,20-Jul-09,ARV,Adult,"Lamivudine/Nevirapine/Zidovudine 150/200/300mg, tablets, 60 Tabs",Lamivudine/Nevirapine/Zidovudine,150/300/200mg,Tablet - FDC,60,26932,317528.28,11.79,0.2,Yes,3393,30661.5,622.36
2539,104-CI-T01,Pre-PQ Process,SCMS-44120,ASN-4289,Côte d'Ivoire,PMO - US,Direct Drop,EXW,Air,Pre-PQ Process,4/15/2009,10-Jun-09,15-Jul-09,15-Jul-09,HRDT,HIV test,"#108853** HIV, Genie II HIV-1/HIV-2 Kit, 40 Tests","HIV, Genie II HIV-1/HIV-2 Kit",,Test kit,40,1000,110000.0,110.0,2.75,Yes,1073,8114.11,215.6
2558,119-NA-T01,Pre-PQ Process,SCMS-44960,ASN-4186,Namibia,PMO - US,Direct Drop,EXW,Air,Pre-PQ Process,4/27/2009,15-Jun-09,15-Jun-09,15-Jun-09,HRDT,HIV test,"HIV 1/2, Determine HIV Kit, without Lancets, 100 Tests","HIV 1/2, Determine HIV Kit, without Lancets",,Test kit,100,800,56000.0,70.0,0.7,Yes,195,2008.54,109.76
2559,108-VN-T01,Pre-PQ Process,SCMS-44980,ASN-4094,Vietnam,PMO - US,Direct Drop,EXW,Air,Pre-PQ Process,4/29/2009,8-Jun-09,8-Jun-09,8-Jun-09,ARV,Adult,"Didanosine 250mg, delayed-release capsules, 30 Caps",Didanosine,250mg,Delayed-release capsules,30,150,1950.0,13.0,0.43,Yes,30,4111.71,3.82
2562,104-CI-T01,Pre-PQ Process,SCMS-45110,ASN-4046,Côte d'Ivoire,PMO - US,Direct Drop,EXW,Air,Pre-PQ Process,4/29/2009,9-Jun-09,9-Jun-09,9-Jun-09,HRDT,HIV test,"#108853** HIV, Genie II HIV-1/HIV-2 Kit, 40 Tests","HIV, Genie II HIV-1/HIV-2 Kit",,Test kit,40,140,15400.0,110.0,2.75,Yes,158,4318.21,30.18
2571,119-NA-T01,Pre-PQ Process,SCMS-45620,ASN-4511,Namibia,PMO - US,Direct Drop,EXW,Air,Pre-PQ Process,5/8/2009,18-Aug-09,18-Aug-09,18-Aug-09,ARV,Pediatric,"Lamivudine/Stavudine 30/6mg, dispersible tablets, 60 Tabs",Lamivudine/Stavudine,30/6mg,Chewable/dispersible tablet - FDC,60,2000,3800.0,1.9,0.03,Yes,251,1484.75,7.45
2588,108-VN-T01,Pre-PQ Process,SCMS-46560,ASN-4709,Vietnam,PMO - US,Direct Drop,CIP,Air,Pre-PQ Process,5/27/2009,19-Aug-09,19-Aug-09,19-Aug-09,ARV,Pediatric,"Didanosine 25mg [Videx], chewable tablets, 60 Tabs",Didanosine,25mg,Chewable/dispersible tablet,60,120,840.0,7.0,0.12,Yes,Weight Captured Separately,Freight Included in Commodity Cost,1.65
2601,116-ZA-T01,Pre-PQ Process,SCMS-47051,ASN-4837,South Africa,PMO - US,Direct Drop,DDP,Truck,Pre-PQ Process,6/5/2009,12-Oct-09,3-Aug-09,3-Aug-09,ARV,Adult,"Didanosine EC 400mg [Videx EC], delayed-release capsules, Blister 3 x 10 Caps",Didanosine EC,400mg,Delayed-release capsules - blister,30,20,438.0,21.9,0.73,Yes,Weight Captured Separately,Freight Included in Commodity Cost,0.86
2602,116-ZA-T01,Pre-PQ Process,SCMS-47090,ASN-4820,South Africa,PMO - US,Direct Drop,DDP,Truck,Pre-PQ Process,6/5/2009,21-Jul-09,21-Jul-09,21-Jul-09,ARV,Adult,"Stavudine 20mg [Zerit], capsules, 60 Caps",Stavudine,20mg,Capsule,60,320,1475.2,4.61,0.08,Yes,Weight Captured Separately,Freight Included in Commodity Cost,2.89
2603,110-ZM-T01,Pre-PQ Process,SCMS-42641,ASN-5221,Zambia,PMO - US,Direct Drop,EXW,Air,Pre-PQ Process,6/6/2009,11-Nov-09,29-Oct-09,29-Oct-09,HRDT,HIV test,"HIV 1/2, Determine Complete HIV Kit, 100 Tests","HIV 1/2, Determine Complete HIV Kit",,Test kit,100,2000,144000.0,72.0,0.72,Yes,590,5962.58,310.46
2632,105-GY-T01,Pre-PQ Process,SCMS-48690,ASN-4600,Guyana,PMO - US,Direct Drop,CIP,Air,Pre-PQ Process,7/15/2009,7-Aug-09,7-Aug-09,7-Aug-09,ARV,Adult,"Lopinavir/Ritonavir 200/50mg [Aluvia], tablets, 120 Tabs",Lopinavir/Ritonavir,200/50mg,Tablet,120,2733,224625.27,82.19,0.68,Yes,589,314,440.27
2647,104-CI-T01,Pre-PQ Process,SCMS-28,ASN-16,Côte d'Ivoire,PMO - US,Direct Drop,EXW,Air,Pre-PQ Process,Date Not Captured,6-Sep-06,6-Sep-06,6-Sep-06,HRDT,HIV test,"#108853** HIV, Genie II HIV-1/HIV-2 Kit, 40 Tests","HIV, Genie II HIV-1/HIV-2 Kit",,Test kit,40,100,7535.0,75.35,1.88,Yes,107,1845.74,
2654,106-HT-T01,Pre-PQ Process,SCMS-73,ASN-59,Haiti,PMO - US,Direct Drop,EXW,Air,Pre-PQ Process,Date Not Captured,9-Oct-06,9-Oct-06,9-Oct-06,HRDT,HIV test,"HIV 1/2, Capillus HIV Kit, 100 Tests","HIV 1/2, Capillus HIV Kit",,Test kit,100,45,7875.0,175.0,1.75,Yes,29,854.34,
2655,108-VN-T01,Pre-PQ Process,SCMS-80,ASN-49,Vietnam,PMO - US,Direct Drop,EXW,Air,Pre-PQ Process,Date Not Captured,1-Sep-06,1-Sep-06,1-Sep-06,ARV,Adult,"Tenofovir Disoproxil Fumarate 300mg [Viread], tablets, 30 Tabs",Tenofovir Disoproxil Fumarate,300mg,Tablet,30,1000,17000.0,17.0,0.57,Yes,61,7682.69,
2656,108-VN-T01,Pre-PQ Process,SCMS-81,ASN-55,Vietnam,PMO - US,Direct Drop,EXW,Air,Pre-PQ Process,Date Not Captured,11-Aug-06,11-Aug-06,11-Aug-06,ARV,Adult,"Nevirapine 200mg, tablets, 60 Tabs",Nevirapine,200mg,Tablet,60,35000,152250.0,4.35,0.07,No,See ASN-55 (ID#:16),See ASN-55 (ID#:16),
2657,108-VN-T01,Pre-PQ Process,SCMS-81,ASN-55,Vietnam,PMO - US,Direct Drop,EXW,Air,Pre-PQ Process,Date Not Captured,11-Aug-06,11-Aug-06,11-Aug-06,ARV,Adult,"Lamivudine/Zidovudine 150/300mg, tablets, 60 Tabs",Lamivudine/Zidovudine,150/300mg,Tablet - FDC,60,20000,338000.0,16.9,0.28,No,See ASN-55 (ID#:16),See ASN-55 (ID#:16),
2661,112-NG-T01,Pre-PQ Process,SCMS-87,ASN-57,Nigeria,PMO - US,Direct Drop,EXW,Air,Pre-PQ Process,Date Not Captured,28-Sep-06,28-Sep-06,28-Sep-06,ARV,Pediatric,"Lamivudine 10mg/ml, oral solution, Bottle, 240 ml",Lamivudine,10mg/ml,Oral solution,240,416,1809.6,4.35,0.02,No,See ASN-57 (ID#:23),See ASN-57 (ID#:23),
2662,112-NG-T01,Pre-PQ Process,SCMS-87,ASN-57,Nigeria,PMO - US,Direct Drop,EXW,Air,Pre-PQ Process,Date Not Captured,28-Sep-06,28-Sep-06,28-Sep-06,ARV,Adult,"Lamivudine 150mg, tablets, 60 Tabs",Lamivudine,150mg,Tablet,60,486,2041.2,4.2,0.07,No,See ASN-57 (ID#:23),See ASN-57 (ID#:23),
2680,110-ZM-T01,Pre-PQ Process,SCMS-137,ASN-95,Zambia,PMO - US,Direct Drop,EXW,Air,Pre-PQ Process,Date Not Captured,29-Jan-07,29-Jan-07,29-Jan-07,ARV,Pediatric,"Abacavir 20mg/ml, oral solution, Bottle, 240 ml",Abacavir,20mg/ml,Oral solution,240,906,19071.3,21.05,0.09,Yes,316,3850.8,
2681,110-ZM-T01,Pre-PQ Process,SCMS-138,ASN-86,Zambia,PMO - US,Direct Drop,EXW,Air,Pre-PQ Process,Date Not Captured,13-Nov-06,13-Nov-06,13-Nov-06,ARV,Adult,"Lamivudine/Zidovudine 150/300mg, tablets, 60 Tabs",Lamivudine/Zidovudine,150/300mg,Tablet - FDC,60,38780,432009.2,11.14,0.19,Yes,3217,14364.29,
2683,112-NG-T01,Pre-PQ Process,SCMS-156,ASN-93,Nigeria,PMO - US,Direct Drop,EXW,Air,Pre-PQ Process,Date Not Captured,7-Dec-06,7-Dec-06,7-Dec-06,ARV,Adult,"Nevirapine 200mg, tablets, 60 Tabs",Nevirapine,200mg,Tablet,60,4632,16906.8,3.65,0.06,No,See ASN-93 (ID#:1281),See ASN-93 (ID#:1281),
2684,112-NG-T01,Pre-PQ Process,SCMS-156,ASN-93,Nigeria,PMO - US,Direct Drop,EXW,Air,Pre-PQ Process,Date Not Captured,7-Dec-06,7-Dec-06,7-Dec-06,ARV,Adult,"Stavudine 40mg, capsules, 60 Caps",Stavudine,40mg,Capsule,60,166,356.9,2.15,0.04,No,See ASN-93 (ID#:1281),See ASN-93 (ID#:1281),
2685,110-ZM-T01,Pre-PQ Process,SCMS-163,ASN-123,Zambia,PMO - US,Direct Drop,EXW,Air,Pre-PQ Process,Date Not Captured,20-Dec-06,20-Dec-06,20-Dec-06,ARV,Adult,"Efavirenz 600mg, tablets, 30 Tabs",Efavirenz,600mg,Tablet,30,60784,1018132.0,16.75,0.56,Yes,11179,49824.57,
2686,108-VN-T01,Pre-PQ Process,SCMS-168,ASN-276,Vietnam,PMO - US,Direct Drop,EXW,Air,Pre-PQ Process,11/14/2006,14-Mar-07,14-Mar-07,14-Mar-07,ARV,Pediatric,"Zidovudine 10mg/ml, oral solution, Bottle, 240 ml",Zidovudine,10mg/ml,Oral solution,240,1000,5050.0,5.05,0.02,Yes,3822,25124.12,
2687,108-VN-T01,Pre-PQ Process,SCMS-169,ASN-272,Vietnam,PMO - US,Direct Drop,EXW,Air,Pre-PQ Process,11/15/2006,14-Mar-07,14-Mar-07,14-Mar-07,ARV,Pediatric,"Lamivudine 10mg/ml, oral solution, Bottle, 240 ml",Lamivudine,10mg/ml,Oral solution,240,1000,2440.0,2.44,0.01,No,See ASN-272 (ID#:1282),See ASN-272 (ID#:1282),
2705,106-HT-T01,Pre-PQ Process,SCMS-276,ASN-194,Haiti,PMO - US,Direct Drop,EXW,Air,Pre-PQ Process,Date Not Captured,7-Feb-07,7-Feb-07,7-Feb-07,HRDT,HIV test,"HIV 1/2, OraQuick Advance HIV Rapid Antibody Kit, 100 Tests","HIV 1/2, OraQuick Advance HIV Rapid Antibody Kit",,Test kit,100,25,10000.0,400.0,4.0,Yes,60,1498.02,
2708,108-VN-T01,Pre-PQ Process,SCMS-313,ASN-542,Vietnam,PMO - US,Direct Drop,EXW,Air,Pre-PQ Process,2/7/2007,9-Jul-07,9-Jul-07,9-Jul-07,ARV,Adult,"Lamivudine/Nevirapine/Stavudine 150/200/30mg, tablets, 60 Tabs",Lamivudine/Nevirapine/Stavudine,150/200/30mg,Tablet - FDC,60,25000,187500.0,7.5,0.12,Yes,2336,21150.56,300.0
2721,110-ZM-T01,Pre-PQ Process,SCMS-416,ASN-465,Zambia,PMO - US,Direct Drop,CIP,Air,Pre-PQ Process,3/8/2007,6-Jun-07,6-Jun-07,6-Jun-07,ARV,Pediatric,"Didanosine 100mg [Videx],chewable tablets, 60 Tabs",Didanosine,100mg,Chewable/dispersible tablet,60,5408,68952.0,12.75,0.21,Yes,1072,Freight Included in Commodity Cost,
2733,104-CI-T01,Pre-PQ Process,SCMS-593,ASN-452,Côte d'Ivoire,PMO - US,Direct Drop,EXW,Air,Pre-PQ Process,5/1/2007,28-Jun-07,28-Jun-07,28-Jun-07,HRDT,HIV test,"HIV 1/2, OraQuick Advance HIV Rapid Antibody Kit, 100 Tests","HIV 1/2, OraQuick Advance HIV Rapid Antibody Kit",,Test kit,100,50,20000.0,400.0,4.0,Yes,120,3004.62,
2740,102-NG-T01,Pre-PQ Process,SCMS-687,ASN-544,Nigeria,PMO - US,Direct Drop,EXW,Air,Pre-PQ Process,6/8/2007,10-Jul-07,10-Jul-07,10-Jul-07,HRDT,HIV test,"HIV 1/2, Stat-Pak HIV, Kit, 20 Tests","HIV 1/2, Stat-Pak HIV, Kit",,Test kit,20,10000,270000.0,27.0,1.35,Yes,3045,28118.58,432.0
2741,102-NG-T01,Pre-PQ Process,SCMS-687,ASN-587,Nigeria,PMO - US,Direct Drop,EXW,Air,Pre-PQ Process,6/8/2007,10-Jul-07,3-Aug-07,3-Aug-07,HRDT,HIV test,"HIV 1/2, Stat-Pak HIV, Kit, 20 Tests","HIV 1/2, Stat-Pak HIV, Kit",,Test kit,20,11500,310500.0,27.0,1.35,Yes,3276,43664.71,496.8
2756,102-NG-T01,Pre-PQ Process,SCMS-599,ASN-522,Nigeria,PMO - US,Direct Drop,EXW,Air,Pre-PQ Process,6/21/2007,4-Jul-07,4-Jul-07,4-Jul-07,HRDT,HIV test,"HIV 1/2, Stat-Pak HIV, Kit, 20 Tests","HIV 1/2, Stat-Pak HIV, Kit",,Test kit,20,8000,216000.0,27.0,1.35,Yes,2603,22838.29,345.6
2765,108-VN-T01,Pre-PQ Process,SCMS-749,ASN-737,Vietnam,PMO - US,Direct Drop,EXW,Air,Pre-PQ Process,7/3/2007,2-Oct-07,2-Oct-07,2-Oct-07,ARV,Adult,"Efavirenz 600mg, tablets, 30 Tabs",Efavirenz,600mg,Tablet,30,22500,277425.0,12.33,0.41,Yes,2895,18045.24,443.88
2766,108-VN-T01,Pre-PQ Process,SCMS-749,ASN-744,Vietnam,PMO - US,Direct Drop,EXW,Air,Pre-PQ Process,7/3/2007,2-Oct-07,2-Oct-07,2-Oct-07,ARV,Pediatric,"Lamivudine 10mg/ml, oral solution, Bottle, 240 ml",Lamivudine,10mg/ml,Oral solution,240,500,950.0,1.9,0.01,No,See ASN-744 (ID#:1356),See ASN-744 (ID#:1356),1.52
2767,108-VN-T01,Pre-PQ Process,SCMS-752,ASN-884,Vietnam,PMO - US,Direct Drop,CIP,Air,Pre-PQ Process,7/3/2007,8-Nov-07,8-Nov-07,8-Nov-07,ARV,Pediatric,"Didanosine 25mg [Videx], chewable tablets, 60 Tabs",Didanosine,25mg,Chewable/dispersible tablet,60,800,5600.0,7.0,0.12,Yes,161,2514.05,8.96
2785,108-VN-T01,Pre-PQ Process,SCMS-10060,ASN-639,Vietnam,PMO - US,Direct Drop,FCA,Air,Pre-PQ Process,7/20/2007,10-Sep-07,10-Sep-07,10-Sep-07,ARV,Pediatric,"Lopinavir/Ritonavir 80/20mg/ml [Kaletra], oral solution, cool, Bottle 5 x 60 ml",Lopinavir/Ritonavir,80/20mg/ml,Oral solution,300,200,16440.0,82.2,0.27,Yes,340,2326.1,26.3
2794,109-TZ-T01,Pre-PQ Process,SCMS-10310,ASN-893,Tanzania,PMO - US,Direct Drop,EXW,Air,Pre-PQ Process,Date Not Captured,19-Dec-07,19-Dec-07,19-Dec-07,HRDT,HIV test,"HIV 1/2, Bioline 3.0 Kit, Lancets, Capillary pipets, Alcohol swabs included, 25 Tests","HIV 1/2, Bioline 3.0 Kit, Lancets, Capillary pipets, Alcohol swabs included",,Test kit,25,10000,200000.0,20.0,0.8,Yes,3336,27791.62,320.0
2795,109-TZ-T01,Pre-PQ Process,SCMS-10320,ASN-1114,Tanzania,PMO - US,Direct Drop,EXW,Air,Pre-PQ Process,8/15/2007,22-Jan-08,22-Jan-08,22-Jan-08,HRDT,HIV test,"HIV 1/2, Bioline 3.0 Kit, Lancets, Capillary pipets, Alcohol swabs included, 25 Tests","HIV 1/2, Bioline 3.0 Kit, Lancets, Capillary pipets, Alcohol swabs included",,Test kit,25,5000,100000.0,20.0,0.8,Yes,1456,14505.37,160.0
2796,119-NA-T01,Pre-PQ Process,SCMS-10360,ASN-658,Namibia,PMO - US,Direct Drop,EXW,Air,Pre-PQ Process,7/31/2007,29-Aug-07,29-Aug-07,29-Aug-07,HRDT,HIV test,"HIV 1/2, Clearview Complete Kit, 25 Tests","HIV 1/2, Clearview Complete Kit",,Test kit,25,150,11250.0,75.0,3.0,Yes,Weight Captured Separately,Invoiced Separately,18.0
2808,117-ET-T01,Pre-PQ Process,SCMS-11071,ASN-1039,Ethiopia,PMO - US,Direct Drop,EXW,Air,Pre-PQ Process,10/3/2007,20-Nov-07,24-Dec-07,24-Dec-07,ARV,Adult,"Stavudine 30mg, capsules, 60 Caps",Stavudine,30mg,Capsule,60,35065,54350.75,1.55,0.03,Yes,2318,6755.81,86.96
2823,102-GY-T01,Pre-PQ Process,SCMS-11670,ASN-967,Guyana,PMO - US,Direct Drop,EXW,Air,Pre-PQ Process,8/28/2007,3-Dec-07,3-Dec-07,3-Dec-07,HRDT,HIV test,"HIV 1/2, Uni-Gold HIV Kit, 20 Tests","HIV 1/2, Uni-Gold HIV Kit",,Test kit,20,2220,71040.0,32.0,1.6,Yes,732,6524.19,113.66
2892,114-UG-T01,Pre-PQ Process,SCMS-13510,ASN-1483,Uganda,PMO - US,Direct Drop,CIP,Air,Pre-PQ Process,10/3/2007,31-Mar-08,31-Mar-08,31-Mar-08,ARV,Adult,"Didanosine EC 400mg [Videx EC], delayed-release capsules, Blister 3 x 10 Caps",Didanosine EC,400mg,Delayed-release capsules - blister,30,140,3313.8,23.67,0.79,Yes,6,Freight Included in Commodity Cost,5.3
2921,116-ZA-T01,Pre-PQ Process,SCMS-14050,ASN-1251,South Africa,PMO - US,Direct Drop,DDP,,Pre-PQ Process,11/12/2007,29-Jan-08,29-Jan-08,29-Jan-08,ARV,Pediatric,"Lamivudine 10mg/ml [Epivir], oral solution, Bottle, 240 ml",Lamivudine,10mg/ml,Oral solution,240,500,3630.0,7.26,0.03,No,Weight Captured Separately,Freight Included in Commodity Cost,5.81
2922,116-ZA-T01,Pre-PQ Process,SCMS-14050,ASN-1251,South Africa,PMO - US,Direct Drop,DDP,,Pre-PQ Process,11/12/2007,29-Jan-08,29-Jan-08,29-Jan-08,ARV,Adult,"Tenofovir Disoproxil Fumarate 300mg [Viread], tablets, 30 Tabs",Tenofovir Disoproxil Fumarate,300mg,Tablet,30,20,535.2,26.76,0.89,No,Weight Captured Separately,Freight Included in Commodity Cost,0.86
2923,116-ZA-T01,Pre-PQ Process,SCMS-14050,ASN-1251,South Africa,PMO - US,Direct Drop,DDP,,Pre-PQ Process,11/12/2007,29-Jan-08,29-Jan-08,29-Jan-08,ARV,Adult,"Emtricitabine/Tenofovir Disoproxil Fumarate 200/300mg [Truvada], tablets, 30 Tabs",Emtricitabine/Tenofovir Disoproxil Fumarate,300/200mg,Tablet - FDC,30,10,443.0,44.3,1.48,No,Weight Captured Separately,Freight Included in Commodity Cost,0.71
2927,107-RW-T01,Pre-PQ Process,SCMS-14140,ASN-1028,Rwanda,PMO - US,Direct Drop,EXW,Air,Pre-PQ Process,11/16/2007,10-Jan-08,10-Jan-08,10-Jan-08,HRDT,HIV test,"HIV 1/2, Uni-Gold HIV Kit, 20 Tests","HIV 1/2, Uni-Gold HIV Kit",,Test kit,20,4500,144000.0,32.0,1.6,Yes,2300,38425.29,230.4
2947,108-VN-T01,Pre-PQ Process,SCMS-14930,ASN-1231,Vietnam,PMO - US,Direct Drop,EXW,Air,Pre-PQ Process,12/5/2007,22-Jan-08,22-Jan-08,22-Jan-08,ARV,Adult,"Stavudine 15mg, capsules, 60 Caps",Stavudine,15mg,Capsule,60,400,600.0,1.5,0.02,Yes,83,2426.05,0.96
2960,100-HT-T01,Pre-PQ Process,SCMS-15460,ASN-2258,Haiti,PMO - US,Direct Drop,EXW,Air,Pre-PQ Process,Date Not Captured,22-Aug-08,22-Aug-08,22-Aug-08,HRDT,HIV test,"HIV 1/2, Capillus HIV Kit, 100 Tests","HIV 1/2, Capillus HIV Kit",,Test kit,100,2,278.0,139.0,1.39,Yes,Weight Captured Separately,Invoiced Separately,0.44
2965,100-HT-T01,Pre-PQ Process,SCMS-15880,ASN-1301,Haiti,PMO - US,Direct Drop,EXW,Air,Pre-PQ Process,1/3/2008,27-Feb-08,18-Feb-08,18-Feb-08,HRDT,HIV test,"HIV 1/2, Capillus HIV Kit, 100 Tests","HIV 1/2, Capillus HIV Kit",,Test kit,100,4,556.0,139.0,1.39,Yes,Weight Captured Separately,Invoiced Separately,0.89
2993,116-ZA-T01,Pre-PQ Process,SCMS-16600,ASN-1520,South Africa,PMO - US,Direct Drop,DDP,,Pre-PQ Process,1/4/2008,21-Jan-08,4-Jan-08,4-Jan-08,ARV,Pediatric,"Efavirenz 50mg [Stocrin/Sustiva], capsule, 30 Caps",Efavirenz,50mg,Capsule,30,200,696.0,3.48,0.12,No,Weight Captured Separately,Freight Included in Commodity Cost,1.11
2994,116-ZA-T01,Pre-PQ Process,SCMS-16600,ASN-1520,South Africa,PMO - US,Direct Drop,DDP,,Pre-PQ Process,1/4/2008,21-Jan-08,4-Jan-08,4-Jan-08,ARV,Adult,"Efavirenz 600mg [Stocrin/Sustiva], tablets, 30 Tabs",Efavirenz,600mg,Tablet,30,1200,23808.0,19.84,0.66,No,Weight Captured Separately,Freight Included in Commodity Cost,38.09
2995,116-ZA-T01,Pre-PQ Process,SCMS-16600,ASN-1520,South Africa,PMO - US,Direct Drop,DDP,,Pre-PQ Process,1/4/2008,21-Jan-08,4-Jan-08,4-Jan-08,ARV,Adult,"Emtricitabine/Tenofovir Disoproxil Fumarate 200/300mg [Truvada], tablets, 30 Tabs",Emtricitabine/Tenofovir Disoproxil Fumarate,300/200mg,Tablet - FDC,30,30,1271.1,42.37,1.41,No,Weight Captured Separately,Freight Included in Commodity Cost,2.03
2996,116-ZA-T01,Pre-PQ Process,SCMS-16600,ASN-1520,South Africa,PMO - US,Direct Drop,DDP,,Pre-PQ Process,1/4/2008,21-Jan-08,4-Jan-08,4-Jan-08,ARV,Adult,"Ritonavir 100mg [Norvir], capsules, cool, 84 Caps",Ritonavir,100mg,Capsule,84,3,32.31,10.77,0.13,No,Weight Captured Separately,Freight Included in Commodity Cost,0.05
3007,104-CI-T01,Pre-PQ Process,SCMS-16740,ASN-1492,Côte d'Ivoire,PMO - US,Direct Drop,CIP,Air,Pre-PQ Process,1/24/2008,8-Apr-08,8-Apr-08,8-Apr-08,ARV,Pediatric,"Didanosine 25mg [Videx], chewable tablets, 60 Tabs",Didanosine,25mg,Chewable/dispersible tablet,60,546,3822.0,7.0,0.12,Yes,108,Freight Included in Commodity Cost,6.12
3008,102-NG-T01,Pre-PQ Process,SCMS-16890,ASN-2359,Nigeria,PMO - US,Direct Drop,EXW,Air,Pre-PQ Process,1/29/2008,19-Sep-08,19-Sep-08,19-Sep-08,HRDT,HIV test,"HIV 1/2, Stat-Pak HIV, Kit, 20 Tests","HIV 1/2, Stat-Pak HIV, Kit",,Test kit,20,9048,244296.0,27.0,1.35,Yes,2985,20635.3,390.87
3009,102-NG-T01,Pre-PQ Process,SCMS-16900,ASN-1381,Nigeria,PMO - US,Direct Drop,EXW,Air,Pre-PQ Process,1/29/2008,12-Mar-08,10-Mar-08,10-Mar-08,HRDT,HIV test,"HIV 1/2, Determine HIV Kit, without Lancets, 100 Tests","HIV 1/2, Determine HIV Kit, without Lancets",,Test kit,100,3000,239970.0,79.99,0.8,Yes,861,12770.05,383.95
3010,102-NG-T01,Pre-PQ Process,SCMS-16900,ASN-1411,Nigeria,PMO - US,Direct Drop,EXW,Air,Pre-PQ Process,1/29/2008,12-Mar-08,12-Mar-08,12-Mar-08,HRDT,HIV test,"HIV 1/2, Determine HIV Kit, without Lancets, 100 Tests","HIV 1/2, Determine HIV Kit, without Lancets",,Test kit,100,3199,255888.01,79.99,0.8,Yes,550,8213.59,409.42
3026,116-ZA-T01,Pre-PQ Process,SCMS-17630,ASN-1532,South Africa,PMO - US,Direct Drop,DDP,Truck,Pre-PQ Process,1/21/2008,5-Feb-08,21-Jan-08,21-Jan-08,ARV,Adult,"Didanosine EC 250mg [Videx EC], delayed-release capsules, Blister 3 x 10 Caps",Didanosine EC,250mg,Delayed-release capsules - blister,30,400,8416.0,21.04,0.7,Yes,Weight Captured Separately,Freight Included in Commodity Cost,13.47
3037,117-ET-T01,Pre-PQ Process,SCMS-17940,ASN-1405,Ethiopia,PMO - US,Direct Drop,CIP,Air,Pre-PQ Process,2/20/2008,27-Feb-08,27-Feb-08,27-Feb-08,HRDT,HIV test,"HIV 1/2, Determine Complete HIV Kit, 100 Tests","HIV 1/2, Determine Complete HIV Kit",,Test kit,100,805,62967.1,78.22,0.78,Yes,Weight Captured Separately,Freight Included in Commodity Cost,100.75
3039,111-MZ-T01,Pre-PQ Process,SCMS-18060,ASN-1651,Mozambique,PMO - US,Direct Drop,EXW,Air,Pre-PQ Process,2/25/2008,13-Jun-08,13-Jun-08,13-Jun-08,HRDT,HIV test - Ancillary,"HIV, Lancet, Safety, for HIV Test kits, 100 Pcs","HIV, Lancet, Safety, for HIV Test kits, 100 Pcs",,Test kit - Ancillary,100,4200,42.0,0.01,0.0,Yes,Weight Captured Separately,Invoiced Separately,0.07
3040,110-ZM-T01,Pre-PQ Process,SCMS-18070,ASN-1576,Zambia,PMO - US,Direct Drop,EXW,Air,Pre-PQ Process,2/25/2008,22-Apr-08,5-May-08,5-May-08,HRDT,HIV test,"HIV 1/2, Determine HIV Kit, without Lancets, 100 Tests","HIV 1/2, Determine HIV Kit, without Lancets",,Test kit,100,2000,143980.0,71.99,0.72,Yes,455,4113.16,230.37
3049,104-CI-T01,Pre-PQ Process,SCMS-18420,ASN-1468,Côte d'Ivoire,PMO - US,Direct Drop,EXW,Air,Pre-PQ Process,2/28/2008,8-Apr-08,8-Apr-08,8-Apr-08,HRDT,HIV test,"HIV 1/2, Determine HIV Kit, without Lancets, 100 Tests","HIV 1/2, Determine HIV Kit, without Lancets",,Test kit,100,70,5039.3,71.99,0.72,Yes,16,515.48,8.06
3050,104-CI-T01,Pre-PQ Process,SCMS-18440,ASN-1563,Côte d'Ivoire,PMO - US,Direct Drop,EXW,Air,Pre-PQ Process,2/28/2008,25-Apr-08,25-Apr-08,25-Apr-08,HRDT,HIV test,"HIV 1/2, Determine HIV Kit, without Lancets, 100 Tests","HIV 1/2, Determine HIV Kit, without Lancets",,Test kit,100,1116,78120.0,70.0,0.7,Yes,255,5303.05,124.99
3055,114-UG-T01,Pre-PQ Process,SCMS-18750,ASN-1611,Uganda,PMO - US,Direct Drop,EXW,Air,Pre-PQ Process,3/11/2008,22-May-08,22-May-08,22-May-08,HRDT,HIV test,"HIV 1/2, Determine HIV Kit, without Lancets, 100 Tests","HIV 1/2, Determine HIV Kit, without Lancets",,Test kit,100,850,61191.5,71.99,0.72,Yes,194,2642.45,97.91
3080,116-ZA-T01,Pre-PQ Process,SCMS-19800,ASN-1664,South Africa,PMO - US,Direct Drop,DDP,Truck,Pre-PQ Process,2/20/2008,24-Apr-08,29-Feb-08,29-Feb-08,ARV,Pediatric,"Efavirenz 200mg [Stocrin/Sustiva], capsule, 90 Caps",Efavirenz,200mg,Capsule,90,20,563.0,28.15,0.31,Yes,Weight Captured Separately,Freight Included in Commodity Cost,0.9
3081,116-ZA-T01,Pre-PQ Process,SCMS-19800,ASN-1665,South Africa,PMO - US,Direct Drop,DDP,Truck,Pre-PQ Process,2/20/2008,24-Apr-08,24-Apr-08,24-Apr-08,ARV,Adult,"Efavirenz 600mg, tablets, 30 Tabs",Efavirenz,600mg,Tablet,30,2500,37500.0,15.0,0.5,No,Weight Captured Separately,Freight Included in Commodity Cost,60.0
3094,108-VN-T01,Pre-PQ Process,SCMS-20181,ASN-2023,Vietnam,PMO - US,Direct Drop,EXW,Air,Pre-PQ Process,3/31/2008,7-Jul-08,7-Jul-08,7-Jul-08,ARV,Adult,"Abacavir 300mg, tablets, 60 Tabs",Abacavir,300mg,Tablet,60,520,13000.0,25.0,0.42,Yes,137,5260.46,20.8
3096,108-VN-T01,Pre-PQ Process,SCMS-20430,ASN-1887,Vietnam,PMO - US,Direct Drop,EXW,Air,Pre-PQ Process,3/31/2008,17-Jun-08,17-Jun-08,17-Jun-08,ARV,Adult,"Stavudine 30mg, capsules, 60 Caps",Stavudine,30mg,Capsule,60,2576,3889.76,1.51,0.03,Yes,121,2789.74,6.22
3097,108-VN-T01,Pre-PQ Process,SCMS-20450,ASN-1888,Vietnam,PMO - US,Direct Drop,EXW,Air,Pre-PQ Process,3/31/2008,20-Jun-08,20-Jun-08,20-Jun-08,ARV,Adult,"Stavudine 30mg, capsules, 60 Caps",Stavudine,30mg,Capsule,60,2464,3720.64,1.51,0.03,Yes,114,2879.96,5.95
3152,102-BW-T01,Pre-PQ Process,SCMS-22730,ASN-1956,Botswana,PMO - US,Direct Drop,EXW,Air,Pre-PQ Process,4/28/2008,31-Jul-08,31-Jul-08,31-Jul-08,HRDT,HIV test,"HIV 1/2, Determine HIV Kit, without Lancets, 100 Tests","HIV 1/2, Determine HIV Kit, without Lancets",,Test kit,100,100,7199.0,71.99,0.72,Yes,25,641.04,11.52
3153,102-BW-T01,Pre-PQ Process,SCMS-22730,ASN-1939,Botswana,PMO - US,Direct Drop,EXW,Air,Pre-PQ Process,4/28/2008,31-Jul-08,7-Jul-08,7-Jul-08,HRDT,HIV test - Ancillary,"HIV, Lancet, Safety, for HIV Test kits, 100 Pcs","HIV, Lancet, Safety, for HIV Test kits, 100 Pcs",,Test kit - Ancillary,100,100,1.0,0.01,0.0,Yes,Weight Captured Separately,Invoiced Separately,0.0
3154,102-BW-T01,Pre-PQ Process,SCMS-22770,ASN-2234,Botswana,PMO - US,Direct Drop,EXW,Air,Pre-PQ Process,4/28/2008,20-Jan-09,3-Sep-08,3-Sep-08,HRDT,HIV test,"HIV 1/2, Determine HIV Kit, without Lancets, 100 Tests","HIV 1/2, Determine HIV Kit, without Lancets",,Test kit,100,100,7199.0,71.99,0.72,Yes,25,1038.39,11.52
3159,117-ET-T01,Pre-PQ Process,SCMS-22810,ASN-2096,Ethiopia,PMO - US,Direct Drop,DDP,Air,Pre-PQ Process,4/28/2008,1-Jul-08,1-Jul-08,1-Jul-08,HRDT,HIV test,"HIV 1/2, Stat-Pak HIV, Kit, 20 Tests","HIV 1/2, Stat-Pak HIV, Kit",,Test kit,20,81,3798.09,46.89,2.34,Yes,Weight Captured Separately,Freight Included in Commodity Cost,6.08
3191,116-ZA-T01,Pre-PQ Process,SCMS-23500,ASN-2300,South Africa,PMO - US,Direct Drop,DDP,Truck,Pre-PQ Process,Date Not Captured,20-Aug-08,14-May-08,14-May-08,ARV,Adult,"Ritonavir 100mg [Norvir], capsules, cool, 84 Caps",Ritonavir,100mg,Capsule,84,4,38.88,9.72,0.12,No,Weight Captured Separately,Freight Included in Commodity Cost,0.06
3192,116-ZA-T01,Pre-PQ Process,SCMS-23500,ASN-2293,South Africa,PMO - US,Direct Drop,DDP,Truck,Pre-PQ Process,Date Not Captured,20-Aug-08,8-May-08,8-May-08,ARV,Adult,"Nevirapine 200mg, tablets, 60 Tabs",Nevirapine,200mg,Tablet,60,150,3166.5,21.11,0.35,No,Weight Captured Separately,Freight Included in Commodity Cost,5.07
3193,116-ZA-T01,Pre-PQ Process,SCMS-23500,ASN-2293,South Africa,PMO - US,Direct Drop,DDP,Truck,Pre-PQ Process,Date Not Captured,20-Aug-08,8-May-08,8-May-08,ARV,Adult,"Stavudine 30mg [Zerit], capsules, 60 Caps",Stavudine,30mg,Capsule,60,1350,6979.5,5.17,0.09,No,Weight Captured Separately,Freight Included in Commodity Cost,11.17
3202,106-HT-T01,Pre-PQ Process,SCMS-24060,ASN-2800,Haiti,PMO - US,Direct Drop,EXW,Air,Pre-PQ Process,5/23/2008,17-Nov-08,17-Nov-08,17-Nov-08,HRDT,HIV test,"HIV 1/2, Determine HIV Kit, without Lancets, 100 Tests","HIV 1/2, Determine HIV Kit, without Lancets",,Test kit,100,1123,78610.0,70.0,0.7,Yes,257,2873.56,154.08
3245,110-ZM-T01,Pre-PQ Process,SCMS-25790,ASN-2399,Zambia,PMO - US,Direct Drop,EXW,Air,Pre-PQ Process,6/20/2008,26-Sep-08,26-Sep-08,26-Sep-08,HRDT,HIV test,"HIV 1/2, Uni-Gold HIV Kit, 20 Tests","HIV 1/2, Uni-Gold HIV Kit",,Test kit,20,9000,288000.0,32.0,1.6,Yes,3000,34902.96,460.8
3261,108-VN-T01,Pre-PQ Process,SCMS-26380,ASN-2338,Vietnam,PMO - US,Direct Drop,EXW,Air,Pre-PQ Process,7/1/2008,20-Sep-08,20-Sep-08,20-Sep-08,ARV,Adult,"Tenofovir Disoproxil Fumarate 300mg, tablets, 30 Tabs",Tenofovir Disoproxil Fumarate,300mg,Tablet,30,2016,24917.76,12.36,0.41,Yes,120,5921.97,39.87
3282,116-ZA-T01,Pre-PQ Process,SCMS-26820,ASN-2488,South Africa,PMO - US,Direct Drop,DDP,Truck,Pre-PQ Process,Date Not Captured,10-Jul-08,8-Jul-08,8-Jul-08,ARV,Adult,"Efavirenz 600mg, tablets, 30 Tabs",Efavirenz,600mg,Tablet,30,1000,16190.0,16.19,0.54,No,Weight Captured Separately,Freight Included in Commodity Cost,25.9
3292,133-NG-T01,Pre-PQ Process,SCMS-27050,ASN-2572,Nigeria,PMO - US,Direct Drop,EXW,Air,Pre-PQ Process,7/18/2008,7-Nov-08,21-Oct-08,21-Oct-08,HRDT,HIV test,"HIV 1/2, Stat-Pak HIV, Kit, 20 Tests","HIV 1/2, Stat-Pak HIV, Kit",,Test kit,20,12315,332505.0,27.0,1.35,Yes,3508,29954.15,532.01
3294,114-UG-T01,Pre-PQ Process,SCMS-27190,ASN-2391,Uganda,PMO - US,Direct Drop,CIP,Air,Pre-PQ Process,7/18/2008,9-Sep-08,9-Sep-08,9-Sep-08,ARV,Adult,"Didanosine EC 400mg [Videx EC], delayed-release capsules, Blister 3 x 10 Caps",Didanosine EC,400mg,Delayed-release capsules - blister,30,50,1183.5,23.67,0.79,Yes,2,330,1.89
3302,108-VN-T01,Pre-PQ Process,SCMS-27370,ASN-2806,Vietnam,PMO - US,Direct Drop,EXW,Air,Pre-PQ Process,7/24/2008,29-Nov-08,29-Nov-08,29-Nov-08,ARV,Adult,"Lamivudine/Nevirapine/Stavudine 150/200/30mg, tablets, 60 Tabs",Lamivudine/Nevirapine/Stavudine,150/200/30mg,Tablet - FDC,60,1440,10440.0,7.25,0.12,Yes,128,2147.61,20.46
3313,110-ZM-T01,Pre-PQ Process,SCMS-27790,ASN-2641,Zambia,PMO - US,Direct Drop,EXW,Air,Pre-PQ Process,7/31/2008,20-Oct-08,20-Oct-08,20-Oct-08,HRDT,HIV test - Ancillary,"HIV, Lancet, Safety, for HIV Test kits, 100 Pcs","HIV, Lancet, Safety, for HIV Test kits, 100 Pcs",,Test kit - Ancillary,100,4500,45.0,0.01,0.0,No,See ASN-2641 (ID#:670),See ASN-2641 (ID#:670),0.09
3354,117-ET-T01,Pre-PQ Process,SCMS-28690,ASN-2840,Ethiopia,PMO - US,Direct Drop,EXW,Air,Pre-PQ Process,8/22/2008,17-Nov-08,17-Nov-08,17-Nov-08,HRDT,HIV test,"HIV 1/2, SKB Colloidal Gold, Diagnostic Kit, Antibody, 50 Tests","HIV 1/2, Colloidal Gold, Diagnostic Kit, Antibody",,Test kit,1,6998,160954.0,23.0,23.0,Yes,4913,46117.09,315.47
3357,116-ZA-T01,Pre-PQ Process,SCMS-28830,ASN-2502,South Africa,PMO - US,Direct Drop,DDP,Truck,Pre-PQ Process,Date Not Captured,25-Aug-08,18-Aug-08,18-Aug-08,ARV,Pediatric,"Zidovudine 10mg/ml [Retrovir], oral solution, Bottle, 200 ml",Zidovudine,10mg/ml,Oral solution,200,60,360.6,6.01,0.03,Yes,Weight Captured Separately,Freight Included in Commodity Cost,0.58
3358,116-ZA-T01,Pre-PQ Process,SCMS-28830,ASN-2503,South Africa,PMO - US,Direct Drop,DDP,Truck,Pre-PQ Process,Date Not Captured,25-Aug-08,14-Aug-08,14-Aug-08,ARV,Adult,"Stavudine 40mg [Zerit], capsules, 60 Caps",Stavudine,40mg,Capsule,60,130,644.8,4.96,0.08,No,Weight Captured Separately,Freight Included in Commodity Cost,1.03
3359,116-ZA-T01,Pre-PQ Process,SCMS-28830,ASN-2502,South Africa,PMO - US,Direct Drop,DDP,Truck,Pre-PQ Process,Date Not Captured,25-Aug-08,18-Aug-08,18-Aug-08,ARV,Adult,"Abacavir 300mg [Ziagen], tablets, Blister 6 x 10 Tabs",Abacavir,300mg,Tablet - blister,60,40,1337.2,33.43,0.56,No,Weight Captured Separately,Freight Included in Commodity Cost,2.14
3360,119-NA-T01,Pre-PQ Process,SCMS-28850,ASN-2513,Namibia,PMO - US,Direct Drop,EXW,Air,Pre-PQ Process,8/26/2008,25-Sep-08,25-Sep-08,25-Sep-08,HRDT,HIV test,"HIV 1/2, Clearview Complete Kit, 25 Tests","HIV 1/2, Clearview Complete Kit",,Test kit,25,1,75.0,75.0,3.0,Yes,Weight Captured Separately,Invoiced Separately,0.12
3375,104-CI-T01,Pre-PQ Process,SCMS-29340,ASN-2921,Côte d'Ivoire,PMO - US,Direct Drop,EXW,Air,Pre-PQ Process,9/3/2008,23-Jan-09,23-Jan-09,23-Jan-09,ACT,ACT,"Artesunate+Amodiaquine 50+153mg, tablets, co-blister 6+6 Tabs",Artesunate+Amodiaquine,50+153mg,Tablet - FDC + co-blister,12,50000,19500.0,0.39,0.03,No,See ASN-2921 (ID#:719),See ASN-2921 (ID#:719),38.22
3378,111-MZ-T01,Pre-PQ Process,SCMS-29460,ASN-3047,Mozambique,PMO - US,Direct Drop,FCA,Air,Pre-PQ Process,8/29/2008,17-Feb-09,17-Feb-09,17-Feb-09,HRDT,HIV test,"HIV 1/2, Determine Complete HIV Kit, 100 Tests","HIV 1/2, Determine Complete HIV Kit",,Test kit,100,1000,80000.0,80.0,0.8,Yes,337,3499.18,156.8
3386,111-MZ-T01,Pre-PQ Process,SCMS-29440,ASN-2403,Mozambique,PMO - US,Direct Drop,EXW,Air,Pre-PQ Process,8/29/2008,3-Oct-08,3-Oct-08,3-Oct-08,HRDT,HIV test,"HIV 1/2, Determine HIV Kit, without Lancets, 100 Tests","HIV 1/2, Determine HIV Kit, without Lancets",,Test kit,100,1000,71990.0,71.99,0.72,Yes,296,2648.82,115.18
3419,104-CI-T01,Pre-PQ Process,SCMS-30420,ASN-2992,Côte d'Ivoire,PMO - US,Direct Drop,EXW,Air,Pre-PQ Process,9/18/2008,12-Dec-08,12-Dec-08,12-Dec-08,HRDT,HIV test,"#108853** HIV, Genie II HIV-1/HIV-2 Kit, 40 Tests","HIV, Genie II HIV-1/HIV-2 Kit",,Test kit,40,862,65512.0,76.0,1.9,Yes,963,25080.52,128.4
3421,131-NG-T01,Pre-PQ Process,SCMS-26482,ASN-2589,Nigeria,PMO - US,Direct Drop,CIP,Air,Pre-PQ Process,9/17/2008,10-Oct-08,10-Oct-08,10-Oct-08,ARV,Adult,"Efavirenz/Emtricitabine/Tenofovir Disoproxil Fumarate 600/200/300mg [Atripla], tablets, 30 Tabs",Efavirenz/Emtricitabine/Tenofovir Disoproxil Fumarate,600/200/300mg,Tablet - FDC,30,5900,297360.0,50.4,1.68,Yes,493,1727.2,475.78
3441,110-ZM-T01,Pre-PQ Process,SCMS-31390,ASN-3508,Zambia,PMO - US,Direct Drop,EXW,Air,Pre-PQ Process,10/2/2008,18-Mar-09,18-Mar-09,18-Mar-09,HRDT,HIV test,"HIV 1/2, Determine HIV Kit, without Lancets, 100 Tests","HIV 1/2, Determine HIV Kit, without Lancets",,Test kit,100,5500,395945.0,71.99,0.72,Yes,1624,12646.15,776.05
3456,108-VN-T01,Pre-PQ Process,SCMS-31730,ASN-3313,Vietnam,PMO - US,Direct Drop,EXW,Air,Pre-PQ Process,10/21/2008,23-Feb-09,23-Feb-09,23-Feb-09,ARV,Adult,"Lamivudine 150mg, tablets, 60 Tabs",Lamivudine,150mg,Tablet,60,6156,14774.4,2.4,0.04,Yes,1044,3854.23,28.96
3457,119-NA-T01,Pre-PQ Process,SCMS-31810,ASN-3192,Namibia,PMO - US,Direct Drop,EXW,Air,Pre-PQ Process,10/14/2008,22-Jan-09,22-Jan-09,22-Jan-09,HRDT,HIV test,"HIV 1/2, Determine Complete HIV Kit, 100 Tests","HIV 1/2, Determine Complete HIV Kit",,Test kit,100,150,10800.0,72.0,0.72,Yes,46,2946.64,21.17
3470,114-UG-T01,Pre-PQ Process,SCMS-32250,ASN-3001,Uganda,PMO - US,Direct Drop,CIP,Air,Pre-PQ Process,10/17/2008,9-Dec-08,9-Dec-08,9-Dec-08,ARV,Adult,"Didanosine EC 250mg [Videx EC], delayed-release capsules, Blister 3 x 10 Caps",Didanosine EC,250mg,Delayed-release capsules - blister,30,50,917.0,18.34,0.61,Yes,2,378,1.8
3479,117-ET-T01,Pre-PQ Process,SCMS-32630,ASN-3156,Ethiopia,PMO - US,Direct Drop,EXW,Air,Pre-PQ Process,10/27/2008,26-Jan-09,20-Jan-09,20-Jan-09,HRDT,HIV test,"HIV 1/2, SKB Colloidal Gold, Diagnostic Kit, Antibody, 50 Tests","HIV 1/2, Colloidal Gold, Diagnostic Kit, Antibody",,Test kit,1,3510,80730.0,23.0,23.0,Yes,2535,20083.74,158.23
3490,116-ZA-T01,Pre-PQ Process,SCMS-33320,ASN-3553,South Africa,PMO - US,Direct Drop,DDP,Truck,Pre-PQ Process,Date Not Captured,17-May-09,9-Oct-08,9-Oct-08,ARV,Adult,"Stavudine 30mg [Zerit], capsules, 60 Caps",Stavudine,30mg,Capsule,60,1200,5772.0,4.81,0.08,No,Weight Captured Separately,Freight Included in Commodity Cost,11.31
3499,109-TZ-T01,Pre-PQ Process,SCMS-33700,ASN-3080,Tanzania,PMO - US,Direct Drop,EXW,Air,Pre-PQ Process,11/14/2008,19-Jan-09,19-Jan-09,19-Jan-09,HRDT,HIV test,"HIV 1/2, Uni-Gold HIV Kit, 20 Tests","HIV 1/2, Uni-Gold HIV Kit",,Test kit,20,839,26848.0,32.0,1.6,Yes,284,3261.37,52.62
3507,133-NG-T01,Pre-PQ Process,SCMS-33830,ASN-3231,Nigeria,PMO - US,Direct Drop,EXW,Air,Pre-PQ Process,11/20/2008,5-Feb-09,5-Feb-09,5-Feb-09,HRDT,HIV test,"HIV 1/2, Determine Complete HIV Kit, 100 Tests","HIV 1/2, Determine Complete HIV Kit",,Test kit,100,5259,420720.0,80.0,0.8,Yes,1584,22775.45,824.61
3508,141-NA-T01,Pre-PQ Process,SCMS-33850,ASN-3110,Namibia,PMO - US,Direct Drop,EXW,Air,Pre-PQ Process,11/20/2008,27-Jan-09,27-Jan-09,27-Jan-09,HRDT,HIV test,"HIV 1/2, Determine HIV Kit, without Lancets, 100 Tests","HIV 1/2, Determine HIV Kit, without Lancets",,Test kit,100,7,490.0,70.0,0.7,No,See ASN-3110 (ID#:2173),See ASN-3110 (ID#:2173),0.96
3551,102-GY-T01,Pre-PQ Process,SCMS-35560,ASN-3481,Guyana,PMO - US,Direct Drop,EXW,Air,Pre-PQ Process,12/10/2008,17-Mar-09,13-Mar-09,13-Mar-09,HRDT,HIV test,"HIV 1/2, Uni-Gold HIV Kit, 20 Tests","HIV 1/2, Uni-Gold HIV Kit",,Test kit,20,1062,33984.0,32.0,1.6,Yes,355,4457.29,66.61
3552,102-GY-T01,Pre-PQ Process,SCMS-35570,ASN-3511,Guyana,PMO - US,Direct Drop,EXW,Air,Pre-PQ Process,12/11/2008,17-Mar-09,17-Mar-09,17-Mar-09,HRDT,HIV test,"HIV 1/2, Determine Complete HIV Kit, 100 Tests","HIV 1/2, Determine Complete HIV Kit",,Test kit,100,213,15336.0,72.0,0.72,Yes,64,1083.36,30.06
3615,108-VN-T01,Pre-PQ Process,SCMS-37210,ASN-3631,Vietnam,PMO - US,Direct Drop,EXW,Air,Pre-PQ Process,1/16/2009,11-Apr-09,11-Apr-09,11-Apr-09,ARV,Adult,"Zidovudine 300mg, tablets, 60 Tabs",Zidovudine,300mg,Tablet,60,336,2520.0,7.5,0.12,Yes,18,2525.73,4.94
3616,108-VN-T01,Pre-PQ Process,SCMS-37160,ASN-3561,Vietnam,PMO - US,Direct Drop,EXW,Air,Pre-PQ Process,1/16/2009,7-Apr-09,7-Apr-09,7-Apr-09,ARV,Adult,"Lamivudine/Nevirapine/Zidovudine 150/200/300mg, tablets, 60 Tabs",Lamivudine/Nevirapine/Zidovudine,150/300/200mg,Tablet - FDC,60,300,3345.0,11.15,0.19,No,See ASN-3561 (ID#:2297),See ASN-3561 (ID#:2297),6.56
3674,107-RW-T01,Pre-PQ Process,SCMS-38690,ASN-3633,Rwanda,PMO - US,Direct Drop,EXW,Air,Pre-PQ Process,2/18/2009,1-Apr-09,1-Apr-09,1-Apr-09,HRDT,HIV test,"HIV 1/2, Determine HIV Kit, without Lancets, 100 Tests","HIV 1/2, Determine HIV Kit, without Lancets",,Test kit,100,386,27020.0,70.0,0.7,Yes,88,3936.25,52.96
3718,106-HT-T01,Pre-PQ Process,SCMS-40000,ASN-3675,Haiti,PMO - US,Direct Drop,CIP,Air,Pre-PQ Process,3/6/2009,31-Mar-09,31-Mar-09,31-Mar-09,ARV,Pediatric,"Didanosine 25mg [Videx], chewable tablets, 60 Tabs",Didanosine,25mg,Chewable/dispersible tablet,60,80,560.0,7.0,0.12,No,See ASN-3675 (ID#:1046),See ASN-3675 (ID#:1046),1.1
3719,106-HT-T01,Pre-PQ Process,SCMS-40030,ASN-3749,Haiti,PMO - US,Direct Drop,FCA,Air,Pre-PQ Process,3/6/2009,15-Apr-09,15-Apr-09,15-Apr-09,ARV,Adult,"Lopinavir/Ritonavir 200/50mg [Aluvia], tablets, 120 Tabs",Lopinavir/Ritonavir,200/50mg,Tablet,120,1470,60417.0,41.1,0.34,Yes,362,2490.67,118.42
3735,116-ZA-T01,Pre-PQ Process,SCMS-40780,ASN-3607,South Africa,PMO - US,Direct Drop,DDP,Air,Pre-PQ Process,Date Not Captured,17-Mar-09,28-Nov-08,28-Nov-08,ARV,Adult,"Stavudine 15mg [Zerit], capsules, 60 Caps",Stavudine,15mg,Capsule,60,1000,3970.0,3.97,0.07,No,Weight Captured Separately,Freight Included in Commodity Cost,7.78
3736,116-ZA-T01,Pre-PQ Process,SCMS-40780,ASN-3607,South Africa,PMO - US,Direct Drop,DDP,Air,Pre-PQ Process,Date Not Captured,17-Mar-09,28-Nov-08,28-Nov-08,ARV,Adult,"Stavudine 30mg, capsules, 60 Caps",Stavudine,30mg,Capsule,60,3675,9371.25,2.55,0.04,No,Weight Captured Separately,Freight Included in Commodity Cost,18.37
3737,116-ZA-T01,Pre-PQ Process,SCMS-40790,ASN-3575,South Africa,PMO - US,Direct Drop,DDP,Air,Pre-PQ Process,Date Not Captured,24-Mar-09,1-Dec-08,1-Dec-08,ARV,Pediatric,"Efavirenz 200mg, capsule, 90 Caps",Efavirenz,200mg,Capsule,90,824,15515.92,18.83,0.21,No,Weight Captured Separately,Freight Included in Commodity Cost,30.41
3738,116-ZA-T01,Pre-PQ Process,SCMS-40820,ASN-3609,South Africa,PMO - US,Direct Drop,DDP,Air,Pre-PQ Process,Date Not Captured,14-Apr-09,4-Dec-08,4-Dec-08,ARV,Adult,"Nevirapine 200mg [Viramune], tablets, 60 Tabs",Nevirapine,200mg,Tablet,60,10560,163046.4,15.44,0.26,Yes,Weight Captured Separately,Freight Included in Commodity Cost,319.57
3739,116-ZA-T01,Pre-PQ Process,SCMS-40890,ASN-3585,South Africa,PMO - US,Direct Drop,DDP,Air,Pre-PQ Process,Date Not Captured,19-May-09,2-Jan-09,2-Jan-09,ARV,Adult,"Lamivudine 150mg [Epivir], tablets, 60 Tabs",Lamivudine,150mg,Tablet,60,10000,56800.0,5.68,0.09,Yes,Weight Captured Separately,Freight Included in Commodity Cost,111.33
3743,116-ZA-T01,Pre-PQ Process,SCMS-41040,ASN-3623,South Africa,PMO - US,Direct Drop,DDP,Air,Pre-PQ Process,Date Not Captured,7-Apr-09,3-Dec-08,3-Dec-08,ARV,Adult,"Nevirapine 200mg [Viramune], tablets, 60 Tabs",Nevirapine,200mg,Tablet,60,1560,23649.6,15.16,0.25,No,Weight Captured Separately,Freight Included in Commodity Cost,46.35
3745,116-ZA-T01,Pre-PQ Process,SCMS-41050,ASN-3635,South Africa,PMO - US,Direct Drop,DDP,Air,Pre-PQ Process,Date Not Captured,21-Apr-09,5-Dec-08,5-Dec-08,ARV,Pediatric,"Efavirenz 50mg [Stocrin/Sustiva], capsule, 30 Caps",Efavirenz,50mg,Capsule,30,360,849.6,2.36,0.08,Yes,Weight Captured Separately,4230.75,1.67
3746,116-ZA-T01,Pre-PQ Process,SCMS-41080,ASN-3637,South Africa,PMO - US,Direct Drop,DDP,Air,Pre-PQ Process,Date Not Captured,26-May-09,22-Jan-09,22-Jan-09,ARV,Pediatric,"Stavudine 1mg/ml, powder for oral solution, 200 ml",Stavudine,1mg/ml,Oral solution,200,3000,5970.0,1.99,0.01,Yes,Weight Captured Separately,Freight Included in Commodity Cost,11.7
3747,116-ZA-T01,Pre-PQ Process,SCMS-41100,ASN-4018,South Africa,PMO - US,Direct Drop,DDP,Air,Pre-PQ Process,3/13/2009,17-Jun-09,3-Apr-09,3-Apr-09,ARV,Adult,"Zidovudine 300mg, tablets, 60 Tabs",Zidovudine,300mg,Tablet,60,1977,23091.36,11.68,0.19,Yes,Weight Captured Separately,Freight Included in Commodity Cost,45.26
3748,116-ZA-T01,Pre-PQ Process,SCMS-41100,ASN-4670,South Africa,PMO - US,Direct Drop,DDP,Air,Pre-PQ Process,3/13/2009,17-Jun-09,17-Apr-09,17-Apr-09,ARV,Adult,"Efavirenz 600mg, tablets, 30 Tabs",Efavirenz,600mg,Tablet,30,282,4314.6,15.3,0.51,Yes,Weight Captured Separately,Freight Included in Commodity Cost,8.46
3749,116-ZA-T01,Pre-PQ Process,SCMS-41140,ASN-3752,South Africa,PMO - US,Direct Drop,DDP,Air,Pre-PQ Process,Date Not Captured,31-Mar-09,21-Nov-08,21-Nov-08,ARV,Pediatric,"Nevirapine 10mg/ml [Viramune], oral suspension, Bottle, 240 ml",Nevirapine,10mg/ml,Oral suspension,240,30,312.6,10.42,0.04,No,Weight Captured Separately,Freight Included in Commodity Cost,0.61
3751,116-ZA-T01,Pre-PQ Process,SCMS-41190,ASN-3732,South Africa,PMO - US,Direct Drop,DDP,Air,Pre-PQ Process,Date Not Captured,30-Mar-09,21-Jan-09,21-Jan-09,ARV,Adult,"Didanosine EC 400mg [Videx EC], delayed-release capsules, Blister 3 x 10 Caps",Didanosine EC,400mg,Delayed-release capsules - blister,30,60,1095.0,18.25,0.61,No,Weight Captured Separately,Freight Included in Commodity Cost,2.15
3752,116-ZA-T01,Pre-PQ Process,SCMS-41190,ASN-3732,South Africa,PMO - US,Direct Drop,DDP,Air,Pre-PQ Process,Date Not Captured,30-Mar-09,21-Jan-09,21-Jan-09,ARV,Pediatric,"Zidovudine 10mg/ml [Retrovir], solution for IV infusion injection, Vial 5 x 20 ml",Zidovudine,10mg/ml,Injection,5,10,125.1,12.51,2.5,No,Weight Captured Separately,Freight Included in Commodity Cost,0.25
3753,116-ZA-T01,Pre-PQ Process,SCMS-41210,ASN-3737,South Africa,PMO - US,Direct Drop,DDP,Air,Pre-PQ Process,Date Not Captured,30-Mar-09,23-Jan-09,23-Jan-09,ARV,Adult,"Saquinavir 200mg [Invirase], capsules, 270 Caps",Saquinavir,200mg,Capsule,270,2,114.9,57.45,0.21,Yes,Weight Captured Separately,Freight Included in Commodity Cost,0.23
3754,116-ZA-T01,Pre-PQ Process,SCMS-41220,ASN-3739,South Africa,PMO - US,Direct Drop,DDP,Air,Pre-PQ Process,Date Not Captured,30-Mar-09,23-Jan-09,23-Jan-09,ARV,Adult,"Ritonavir 100mg [Norvir], capsules, cool, 84 Caps",Ritonavir,100mg,Capsule,84,20,147.0,7.35,0.09,Yes,Weight Captured Separately,Freight Included in Commodity Cost,0.29
3763,116-ZA-T01,Pre-PQ Process,SCMS-41461,ASN-4360,South Africa,PMO - US,Direct Drop,DDP,Air,Pre-PQ Process,3/18/2009,25-Jun-09,20-Apr-09,20-Apr-09,ARV,Pediatric,"Zidovudine 10mg/ml [Retrovir], solution for IV infusion injection, Vial 5 x 20 ml",Zidovudine,10mg/ml,Injection,5,334,4559.1,13.65,2.73,Yes,Weight Captured Separately,Freight Included in Commodity Cost,8.94
3767,116-ZA-T01,Pre-PQ Process,SCMS-41582,ASN-4304,South Africa,PMO - US,Direct Drop,DDP,Air,Pre-PQ Process,3/27/2009,25-Jun-09,8-Apr-09,8-Apr-09,ARV,Adult,"Efavirenz 600mg, tablets, 30 Tabs",Efavirenz,600mg,Tablet,30,3500,44170.0,12.62,0.42,Yes,Weight Captured Separately,Freight Included in Commodity Cost,86.57
3768,116-ZA-T01,Pre-PQ Process,SCMS-41582,ASN-4304,South Africa,PMO - US,Direct Drop,DDP,Air,Pre-PQ Process,3/27/2009,25-Jun-09,8-Apr-09,8-Apr-09,ARV,Pediatric,"Efavirenz 200mg, capsule, 90 Caps",Efavirenz,200mg,Capsule,90,2000,43360.0,21.68,0.24,No,Weight Captured Separately,Freight Included in Commodity Cost,84.99
3769,116-ZA-T01,Pre-PQ Process,SCMS-41583,ASN-4339,South Africa,PMO - US,Direct Drop,DDP,Air,Pre-PQ Process,3/27/2009,25-Jun-09,9-Apr-09,9-Apr-09,ARV,Adult,"Lopinavir/Ritonavir 200/50mg [Aluvia], tablets, 120 Tabs",Lopinavir/Ritonavir,200/50mg,Tablet,120,1400,49532.0,35.38,0.29,Yes,Weight Captured Separately,Freight Included in Commodity Cost,97.08
3770,116-ZA-T01,Pre-PQ Process,SCMS-41583,ASN-4339,South Africa,PMO - US,Direct Drop,DDP,Air,Pre-PQ Process,3/27/2009,25-Jun-09,9-Apr-09,9-Apr-09,ARV,Adult,"Stavudine 15mg [Zerit], capsules, 60 Caps",Stavudine,15mg,Capsule,60,1800,7110.0,3.95,0.07,No,Weight Captured Separately,Freight Included in Commodity Cost,13.94
3771,116-ZA-T01,Pre-PQ Process,SCMS-41585,ASN-4386,South Africa,PMO - US,Direct Drop,DDP,Air,Pre-PQ Process,3/27/2009,25-Jun-09,21-Apr-09,21-Apr-09,ARV,Pediatric,"Zidovudine 100mg [Retrovir], capsules, 100 Caps",Zidovudine,100mg,Capsule,100,800,9888.0,12.36,0.12,Yes,Weight Captured Separately,Freight Included in Commodity Cost,19.38
3772,116-ZA-T01,Pre-PQ Process,SCMS-41580,ASN-4603,South Africa,PMO - US,Direct Drop,DDP,Truck,Pre-PQ Process,3/27/2009,25-Jun-09,5-Jun-09,5-Jun-09,ARV,Adult,"Lamivudine 150mg, tablets, 60 Tabs",Lamivudine,150mg,Tablet,60,36,254.88,7.08,0.12,Yes,Weight Captured Separately,Freight Included in Commodity Cost,0.5
3781,144-BW-T01,Pre-PQ Process,SCMS-41880,ASN-4323,Botswana,PMO - US,Direct Drop,EXW,Air,Pre-PQ Process,3/25/2009,10-Jul-09,10-Jul-09,10-Jul-09,HRDT,HIV test,"HIV 1/2, OraQuick Advance HIV Rapid Antibody Kit, 100 Tests","HIV 1/2, OraQuick Advance HIV Rapid Antibody Kit",,Test kit,100,20,7000.0,350.0,3.5,Yes,48,684.42,13.72
3787,116-ZA-T01,Pre-PQ Process,SCMS-47350,ASN-4287,South Africa,PMO - US,Direct Drop,DDP,Truck,Pre-PQ Process,4/2/2009,15-May-09,4-May-09,4-May-09,ARV,Pediatric,"Zidovudine 100mg [Retrovir], capsules, 100 Caps",Zidovudine,100mg,Capsule,100,30,371.1,12.37,0.12,Yes,Weight Captured Separately,Freight Included in Commodity Cost,0.73
3808,102-KE-T01,Pre-PQ Process,SCMS-42961,ASN-4648,Kenya,PMO - US,Direct Drop,EXW,Air,Pre-PQ Process,5/14/2009,7-Aug-09,28-Aug-09,28-Aug-09,HRDT,HIV test,"HIV 1/2, Determine Complete HIV Kit, 100 Tests","HIV 1/2, Determine Complete HIV Kit",,Test kit,100,7500,600000.0,80.0,0.8,Yes,2215,17974.65,1176.0
3828,107-RW-T01,Pre-PQ Process,SCMS-43870,ASN-4687,Rwanda,PMO - US,Direct Drop,CIP,Air,Pre-PQ Process,4/15/2009,21-Sep-09,21-Sep-09,21-Sep-09,ARV,Adult,"Lamivudine/Nevirapine/Zidovudine 150/200/300mg, tablets, 60 Tabs",Lamivudine/Nevirapine/Zidovudine,150/300/200mg,Tablet - FDC,60,54432,641753.28,11.79,0.2,Yes,7278,61925.7,1257.84
3839,139-NA-T01,Pre-PQ Process,SCMS-44720,ASN-4047,Namibia,PMO - US,Direct Drop,EXW,Air,Pre-PQ Process,4/20/2009,20-May-09,20-May-09,20-May-09,HRDT,HIV test,"HIV 1/2, Determine HIV Kit, without Lancets, 100 Tests","HIV 1/2, Determine HIV Kit, without Lancets",,Test kit,100,180,12600.0,70.0,0.7,Yes,43,2760.11,24.7
3840,104-CI-T01,Pre-PQ Process,SCMS-44820,ASN-4594,Côte d'Ivoire,PMO - US,Direct Drop,CIP,Air,Pre-PQ Process,4/24/2009,11-Aug-09,11-Aug-09,11-Aug-09,ARV,Adult,"Abacavir/Lamivudine/Zidovudine 300/150/300mg [Trizivir], tablets, 60 Tabs",Abacavir/Lamivudine/Zidovudine,300/150/300mg,Tablet - FDC,60,2048,109998.08,53.71,0.9,Yes,Weight Captured Separately,Freight Included in Commodity Cost,215.6
3846,108-VN-T01,Pre-PQ Process,SCMS-45000,ASN-4371,Vietnam,PMO - US,Direct Drop,EXW,Air,Pre-PQ Process,4/29/2009,21-Jul-09,21-Jul-09,21-Jul-09,ARV,Adult,"Lamivudine/Nevirapine/Stavudine 150/200/30mg, tablets, 60 Tabs",Lamivudine/Nevirapine/Stavudine,150/200/30mg,Tablet - FDC,60,35616,240408.0,6.75,0.11,Yes,3479,10048.1,471.2
3848,108-VN-T01,Pre-PQ Process,SCMS-45020,ASN-4403,Vietnam,PMO - US,Direct Drop,EXW,Air,Pre-PQ Process,4/29/2009,3-Aug-09,3-Aug-09,3-Aug-09,ARV,Adult,"Efavirenz 600mg, tablets, 30 Tabs",Efavirenz,600mg,Tablet,30,6552,42588.0,6.5,0.22,Yes,524,4453.71,83.47
3851,108-VN-T01,Pre-PQ Process,SCMS-45070,ASN-4419,Vietnam,PMO - US,Direct Drop,EXW,Air,Pre-PQ Process,4/29/2009,10-Jul-09,10-Jul-09,10-Jul-09,ARV,Adult,"Stavudine 30mg, capsules, 60 Caps",Stavudine,30mg,Capsule,60,15960,23142.0,1.45,0.02,Yes,1815,9931.49,45.36
3852,108-VN-T01,Pre-PQ Process,SCMS-45070,ASN-4419,Vietnam,PMO - US,Direct Drop,EXW,Air,Pre-PQ Process,4/29/2009,10-Jul-09,10-Jul-09,10-Jul-09,ARV,Adult,"Lamivudine/Nevirapine/Zidovudine 150/200/300mg, tablets, 60 Tabs",Lamivudine/Nevirapine/Zidovudine,150/300/200mg,Tablet - FDC,60,3500,39025.0,11.15,0.19,No,See ASN-4419 (ID#:3851),See ASN-4419 (ID#:3851),76.49
3870,102-BW-T01,Pre-PQ Process,SCMS-46070,ASN-4144,Botswana,PMO - US,Direct Drop,EXW,Air,Pre-PQ Process,5/27/2009,12-Jun-09,12-Jun-09,12-Jun-09,HRDT,HIV test,"HIV 1/2, OraQuick Advance HIV Rapid Antibody Kit, 100 Tests","HIV 1/2, OraQuick Advance HIV Rapid Antibody Kit",,Test kit,100,1,350.0,350.0,3.5,Yes,3,597.43,0.69
3880,108-VN-T01,Pre-PQ Process,SCMS-46540,ASN-4487,Vietnam,PMO - US,Direct Drop,CIP,Air,Pre-PQ Process,5/27/2009,23-Jul-09,23-Jul-09,23-Jul-09,ARV,Pediatric,"Didanosine 25mg [Videx], chewable tablets, 60 Tabs",Didanosine,25mg,Chewable/dispersible tablet,60,120,840.0,7.0,0.12,Yes,Weight Captured Separately,Freight Included in Commodity Cost,1.65
3894,116-ZA-T01,Pre-PQ Process,SCMS-47050,ASN-4819,South Africa,PMO - US,Direct Drop,DDP,Truck,Pre-PQ Process,6/5/2009,12-Oct-09,21-Jul-09,21-Jul-09,ARV,Adult,"Nevirapine 200mg [Viramune], tablets, 60 Tabs",Nevirapine,200mg,Tablet,60,360,7041.6,19.56,0.33,Yes,Weight Captured Separately,Freight Included in Commodity Cost,13.8
3895,116-ZA-T01,Pre-PQ Process,SCMS-47050,ASN-4819,South Africa,PMO - US,Direct Drop,DDP,Truck,Pre-PQ Process,6/5/2009,12-Oct-09,21-Jul-09,21-Jul-09,ARV,Adult,"Didanosine EC 250mg [Videx EC], delayed-release capsules, Blister 3 x 10 Caps",Didanosine EC,250mg,Delayed-release capsules - blister,30,40,678.8,16.97,0.57,No,Weight Captured Separately,Freight Included in Commodity Cost,1.33
3896,116-ZA-T01,Pre-PQ Process,SCMS-47051,ASN-4836,South Africa,PMO - US,Direct Drop,DDP,Truck,Pre-PQ Process,6/5/2009,12-Oct-09,28-Jul-09,28-Jul-09,ARV,Adult,"Zidovudine 300mg [Retrovir], tablets, 60 Tabs",Zidovudine,300mg,Tablet,60,200,3136.0,15.68,0.26,No,Weight Captured Separately,Freight Included in Commodity Cost,6.15
3897,116-ZA-T01,Pre-PQ Process,SCMS-47051,ASN-4836,South Africa,PMO - US,Direct Drop,DDP,Truck,Pre-PQ Process,6/5/2009,12-Oct-09,28-Jul-09,28-Jul-09,ARV,Pediatric,"Nevirapine 10mg/ml, oral suspension, Bottle, 240 ml",Nevirapine,10mg/ml,Oral suspension,240,30,328.2,10.94,0.05,No,Weight Captured Separately,Freight Included in Commodity Cost,0.64
3898,116-ZA-T01,Pre-PQ Process,SCMS-47051,ASN-4836,South Africa,PMO - US,Direct Drop,DDP,Truck,Pre-PQ Process,6/5/2009,12-Oct-09,28-Jul-09,28-Jul-09,ARV,Adult,"Saquinavir 200mg [Invirase], capsules, 270 Caps",Saquinavir,200mg,Capsule,270,30,2298.0,76.6,0.28,No,Weight Captured Separately,Freight Included in Commodity Cost,4.5
3899,116-ZA-T01,Pre-PQ Process,SCMS-47070,ASN-4940,South Africa,PMO - US,Direct Drop,DDP,Truck,Pre-PQ Process,6/5/2009,8-Sep-09,31-Aug-09,31-Aug-09,ARV,Adult,"Tenofovir Disoproxil Fumarate 300mg [Viread], tablets, 30 Tabs",Tenofovir Disoproxil Fumarate,300mg,Tablet,30,300,7440.0,24.8,0.83,Yes,Weight Captured Separately,Freight Included in Commodity Cost,14.58
3926,100-CI-T01,Pre-PQ Process,SCMS-2,ASN-4,Côte d'Ivoire,PMO - US,Direct Drop,EXW,Air,Pre-PQ Process,Date Not Captured,10-May-06,10-May-06,10-May-06,HRDT,HIV test,"HIV 1/2, Visitect Kit, 25 Tests","HIV 1/2, Visitect Kit",,Test kit,25,44,1375.0,31.25,1.25,Yes,15,633.73,
3955,114-UG-T01,Pre-PQ Process,SCMS-157,ASN-127,Uganda,PMO - US,Direct Drop,EXW,Air,Pre-PQ Process,Date Not Captured,21-Dec-06,21-Dec-06,21-Dec-06,ARV,Adult,"Lamivudine/Zidovudine 150/300mg, tablets, 60 Tabs",Lamivudine/Zidovudine,150/300mg,Tablet - FDC,60,5080,55880.0,11.0,0.18,Yes,1172,5595.44,
3956,108-VN-T01,Pre-PQ Process,SCMS-171,ASN-294,Vietnam,PMO - US,Direct Drop,FCA,Air,Pre-PQ Process,11/13/2006,27-Mar-07,27-Mar-07,27-Mar-07,ARV,Adult,"Nelfinavir (as mesilate) 250mg [Viracept], tablets, 270 Tabs",Nelfinavir (as mesilate),250mg,Tablet,270,200,32688.0,163.44,0.61,Yes,54,13981.96,
3970,107-RW-T01,Pre-PQ Process,SCMS-288,ASN-170,Rwanda,PMO - US,Direct Drop,EXW,Air,Pre-PQ Process,12/28/2006,17-Jan-07,17-Jan-07,17-Jan-07,HRDT,HIV test,"HIV 1/2/O, First Response HIV 1-2.0, v.3.0 Cards Kit, 30 Tests","HIV 1/2/O, First Response HIV 1-2.0, v.3.0 Cards Kit",,Test kit,30,2000,42000.0,21.0,0.7,Yes,600,5714.31,
3971,107-RW-T01,Pre-PQ Process,SCMS-290,ASN-191,Rwanda,PMO - US,Direct Drop,EXW,Air,Pre-PQ Process,12/29/2006,25-Jan-07,9-Mar-07,9-Mar-07,HRDT,HIV test,"HIV 1/2, Uni-Gold HIV Kit, 20 Tests","HIV 1/2, Uni-Gold HIV Kit",,Test kit,20,500,20000.0,40.0,2.0,Yes,173,17928.53,
3972,110-ZM-T01,Pre-PQ Process,SCMS-291,ASN-161,Zambia,PMO - US,Direct Drop,EXW,Air,Pre-PQ Process,Date Not Captured,20-Nov-06,20-Nov-06,20-Nov-06,HRDT,HIV test,"HIV 1/2, Determine Complete HIV Kit, 100 Tests","HIV 1/2, Determine Complete HIV Kit",,Test kit,100,2500,200000.0,80.0,0.8,Yes,857354,5157.65,
3976,110-ZM-T01,Pre-PQ Process,SCMS-352,ASN-200,Zambia,PMO - US,Direct Drop,EXW,Air,Pre-PQ Process,Date Not Captured,20-Feb-07,20-Feb-07,20-Feb-07,HRDT,HIV test,"HIV 1/2, Bioline 3.0 Kit, Lancets, Capillary pipets, Alcohol swabs included, 25 Tests","HIV 1/2, Bioline 3.0 Kit, Lancets, Capillary pipets, Alcohol swabs included",,Test kit,25,400,8000.0,20.0,0.8,Yes,134,963.73,
3989,100-HT-T01,Pre-PQ Process,SCMS-540,ASN-362,Haiti,PMO - US,Direct Drop,EXW,Air,Pre-PQ Process,4/4/2007,8-May-07,8-May-07,8-May-07,HRDT,HIV test,"HIV 1/2, Capillus HIV Kit, 100 Tests","HIV 1/2, Capillus HIV Kit",,Test kit,100,125,17375.0,139.0,1.39,Yes,78,4702.79,
3992,102-NG-T01,Pre-PQ Process,SCMS-592,ASN-528,Nigeria,PMO - US,Direct Drop,EXW,Air,Pre-PQ Process,5/13/2007,19-Jun-07,6-Aug-07,6-Aug-07,HRDT,HIV test,"HIV 1/2, Determine Complete HIV Kit, 100 Tests","HIV 1/2, Determine Complete HIV Kit",,Test kit,100,1500,120000.0,80.0,0.8,Yes,512,3906.29,192.0
4020,108-VN-T01,Pre-PQ Process,SCMS-749,ASN-737,Vietnam,PMO - US,Direct Drop,EXW,Air,Pre-PQ Process,7/3/2007,2-Oct-07,2-Oct-07,2-Oct-07,ARV,Adult,"Abacavir 300mg, tablets, 60 Tabs",Abacavir,300mg,Tablet,60,1500,41475.0,27.65,0.46,No,See ASN-737 (ID#:2765),See ASN-737 (ID#:2765),66.36
4021,108-VN-T01,Pre-PQ Process,SCMS-762,ASN-634,Vietnam,PMO - US,Direct Drop,FCA,Air,Pre-PQ Process,7/4/2007,10-Sep-07,10-Sep-07,10-Sep-07,ARV,Adult,"Lopinavir/Ritonavir 200/50mg [Aluvia], tablets, 120 Tabs",Lopinavir/Ritonavir,200/50mg,Tablet,120,1000,82190.0,82.19,0.68,Yes,226,2923.46,131.5
4023,102-GY-T01,Pre-PQ Process,SCMS-767,ASN-607,Guyana,PMO - US,Direct Drop,EXW,Air,Pre-PQ Process,7/25/2007,9-Aug-07,9-Aug-07,9-Aug-07,HRDT,HIV test - Ancillary,"HIV, Lancet, Safety, for HIV Test kits, 100 Pcs","HIV, Lancet, Safety, for HIV Test kits, 100 Pcs",,Test kit - Ancillary,100,300,3.0,0.01,0.0,Yes,Weight Captured Separately,Invoiced Separately,0.0
4025,104-CI-T01,Pre-PQ Process,SCMS-785,ASN-652,Côte d'Ivoire,PMO - US,Direct Drop,CIP,Air,Pre-PQ Process,7/11/2007,27-Aug-07,27-Aug-07,27-Aug-07,ARV,Adult,"Stavudine 20mg [Zerit], capsules, 60 Caps",Stavudine,20mg,Capsule,60,1161,6548.04,5.64,0.09,Yes,Weight Captured Separately,Freight Included in Commodity Cost,10.48
4044,109-TZ-T01,Pre-PQ Process,SCMS-10260,ASN-698,Tanzania,PMO - US,Direct Drop,EXW,Air,Pre-PQ Process,Date Not Captured,16-Oct-07,16-Oct-07,16-Oct-07,HRDT,HIV test,"HIV 1/2, Bioline 3.0 Kit, Lancets, Capillary pipets, Alcohol swabs included, 25 Tests","HIV 1/2, Bioline 3.0 Kit, Lancets, Capillary pipets, Alcohol swabs included",,Test kit,25,10000,200000.0,20.0,0.8,Yes,3338,28466.06,320.0
4045,109-TZ-T01,Pre-PQ Process,SCMS-10340,ASN-2700,Tanzania,PMO - US,Direct Drop,EXW,Air,Pre-PQ Process,9/17/2008,19-Nov-08,19-Nov-08,19-Nov-08,HRDT,HIV test,"HIV 1/2, Bioline 3.0 Kit, Lancets, Capillary pipets, Alcohol swabs included, 25 Tests","HIV 1/2, Bioline 3.0 Kit, Lancets, Capillary pipets, Alcohol swabs included",,Test kit,25,10000,200000.0,20.0,0.8,Yes,3112,22856.02,392.0
4085,102-GY-T01,Pre-PQ Process,SCMS-11650,ASN-834,Guyana,PMO - US,Direct Drop,EXW,Air,Pre-PQ Process,8/28/2007,21-Sep-07,21-Sep-07,21-Sep-07,HRDT,HIV test - Ancillary,"HIV, Lancet, Safety, for HIV Test kits, 100 Pcs","HIV, Lancet, Safety, for HIV Test kits, 100 Pcs",,Test kit - Ancillary,100,442,4.42,0.01,0.0,Yes,Weight Captured Separately,Invoiced Separately,0.01
4100,104-CI-T01,Pre-PQ Process,SCMS-12370,ASN-823,Côte d'Ivoire,PMO - US,Direct Drop,EXW,Air,Pre-PQ Process,9/18/2007,25-Oct-07,25-Oct-07,25-Oct-07,HRDT,HIV test,"HIV 1/2, Stat-Pak HIV, Kit, 20 Tests","HIV 1/2, Stat-Pak HIV, Kit",,Test kit,20,250,6750.0,27.0,1.35,Yes,68,1711.86,10.8
4189,116-ZA-T01,Pre-PQ Process,SCMS-14050,ASN-1251,South Africa,PMO - US,Direct Drop,DDP,,Pre-PQ Process,11/12/2007,29-Jan-08,29-Jan-08,29-Jan-08,ARV,Adult,"Zidovudine 300mg [Retrovir], tablets, 60 Tabs",Zidovudine,300mg,Tablet,60,800,15408.0,19.26,0.32,No,Weight Captured Separately,Freight Included in Commodity Cost,24.65
4190,116-ZA-T01,Pre-PQ Process,SCMS-14050,ASN-1252,South Africa,PMO - US,Direct Drop,DDP,,Pre-PQ Process,11/12/2007,29-Jan-08,24-Jan-07,24-Jan-08,ARV,Adult,"Stavudine 30mg [Zerit], capsules, 60 Caps",Stavudine,30mg,Capsule,60,800,4792.0,5.99,0.1,Yes,Weight Captured Separately,Freight Included in Commodity Cost,7.67
4192,107-RW-T01,Pre-PQ Process,SCMS-14140,ASN-1028,Rwanda,PMO - US,Direct Drop,EXW,Air,Pre-PQ Process,11/16/2007,10-Jan-08,10-Jan-08,10-Jan-08,HRDT,HIV test,"HIV 1/2, Uni-Gold HIV Kit, 20 Tests","HIV 1/2, Uni-Gold HIV Kit",,Test kit,20,2450,78400.0,32.0,1.6,No,See ASN-1028 (ID#:2927),See ASN-1028 (ID#:2927),125.44
4193,107-RW-T01,Pre-PQ Process,SCMS-14221,ASN-1595,Rwanda,PMO - US,Direct Drop,CIP,Air,Pre-PQ Process,11/21/2007,28-Apr-08,22-Apr-08,22-Apr-08,ARV,Adult,"Lamivudine/Nevirapine/Stavudine 150/200/30mg, tablets, 60 Tabs",Lamivudine/Nevirapine/Stavudine,150/200/30mg,Tablet - FDC,60,38784,271488.0,7.0,0.12,Yes,4124,10500,434.38
4198,108-VN-T01,Pre-PQ Process,SCMS-14211,ASN-1341,Vietnam,PMO - US,Direct Drop,FCA,Air,Pre-PQ Process,12/6/2007,22-Jan-08,7-Mar-08,7-Mar-08,ARV,Adult,"Lopinavir/Ritonavir 200/50mg [Aluvia], tablets, 120 Tabs",Lopinavir/Ritonavir,200/50mg,Tablet,120,2000,164400.0,82.2,0.68,Yes,513,5866.31,263.04
4215,108-VN-T01,Pre-PQ Process,SCMS-14930,ASN-1231,Vietnam,PMO - US,Direct Drop,EXW,Air,Pre-PQ Process,12/5/2007,22-Jan-08,22-Jan-08,22-Jan-08,ARV,Adult,"Stavudine 20mg, capsules, 60 Caps",Stavudine,20mg,Capsule,60,800,1400.0,1.75,0.03,No,See ASN-1231 (ID#:2947),See ASN-1231 (ID#:2947),2.24
4257,116-ZA-T01,Pre-PQ Process,SCMS-16600,ASN-1520,South Africa,PMO - US,Direct Drop,DDP,,Pre-PQ Process,1/4/2008,21-Jan-08,4-Jan-08,4-Jan-08,ARV,Adult,"Nevirapine 200mg [Viramune], tablets, 60 Tabs",Nevirapine,200mg,Tablet,60,100,2318.0,23.18,0.39,No,Weight Captured Separately,Freight Included in Commodity Cost,3.71
4258,116-ZA-T01,Pre-PQ Process,SCMS-16600,ASN-1520,South Africa,PMO - US,Direct Drop,DDP,,Pre-PQ Process,1/4/2008,21-Jan-08,4-Jan-08,4-Jan-08,ARV,Adult,"Zidovudine 300mg [Retrovir], tablets, 60 Tabs",Zidovudine,300mg,Tablet,60,800,13960.0,17.45,0.29,No,Weight Captured Separately,Freight Included in Commodity Cost,22.34
4259,116-ZA-T01,Pre-PQ Process,SCMS-16600,ASN-1520,South Africa,PMO - US,Direct Drop,DDP,,Pre-PQ Process,1/4/2008,21-Jan-08,4-Jan-08,4-Jan-08,ARV,Pediatric,"Lamivudine 10mg/ml [Epivir], oral solution, Bottle, 240 ml",Lamivudine,10mg/ml,Oral solution,240,300,2049.0,6.83,0.03,No,Weight Captured Separately,Freight Included in Commodity Cost,3.28
4283,106-HT-T01,Pre-PQ Process,SCMS-17670,ASN-1519,Haiti,PMO - US,Direct Drop,FCA,Air,Pre-PQ Process,2/15/2008,11-Apr-08,11-Apr-08,11-Apr-08,ARV,Pediatric,"Lopinavir/Ritonavir 100/25mg [Aluvia], tablets, 60 Tabs",Lopinavir/Ritonavir,100/25mg,Tablet,60,180,1850.4,10.28,0.17,Yes,31,910.86,2.96
4290,116-ZA-T01,Pre-PQ Process,SCMS-17720,ASN-1530,South Africa,PMO - US,Direct Drop,DDP,Truck,Pre-PQ Process,1/21/2008,5-Feb-08,4-Feb-08,4-Feb-08,ARV,Adult,"Didanosine EC 400mg [Videx EC], delayed-release capsules, Blister 3 x 10 Caps",Didanosine EC,400mg,Delayed-release capsules - blister,30,800,21720.0,27.15,0.9,Yes,Weight Captured Separately,Freight Included in Commodity Cost,34.75
4301,110-ZM-T01,Pre-PQ Process,SCMS-18240,ASN-1788,Zambia,PMO - US,Direct Drop,EXW,Air,Pre-PQ Process,2/29/2008,6-Jun-08,6-Jun-08,6-Jun-08,HRDT,HIV test,"HIV 1/2, Determine HIV Kit, without Lancets, 100 Tests","HIV 1/2, Determine HIV Kit, without Lancets",,Test kit,100,4300,309557.0,71.99,0.72,Yes,979,8690.26,495.29
4302,104-CI-T01,Pre-PQ Process,SCMS-18280,ASN-1550,Côte d'Ivoire,PMO - US,Direct Drop,EXW,Air,Pre-PQ Process,2/27/2008,14-Apr-08,17-Apr-08,17-Apr-08,HRDT,HIV test,"#108853** HIV, Genie II HIV-1/HIV-2 Kit, 40 Tests","HIV, Genie II HIV-1/HIV-2 Kit",,Test kit,40,476,36176.0,76.0,1.9,Yes,522,6924.83,57.88
4303,107-RW-T01,Pre-PQ Process,SCMS-18350,ASN-1401,Rwanda,PMO - US,Direct Drop,EXW,Air,Pre-PQ Process,2/26/2008,11-Jul-08,11-Jul-08,11-Jul-08,HRDT,HIV test,"HIV 1/2, Uni-Gold HIV Kit, 20 Tests","HIV 1/2, Uni-Gold HIV Kit",,Test kit,20,3150,100800.0,32.0,1.6,Yes,1080,15987.05,161.28
4311,104-CI-T01,Pre-PQ Process,SCMS-18460,ASN-2449,Côte d'Ivoire,PMO - US,Direct Drop,EXW,Air,Pre-PQ Process,2/29/2008,26-Sep-08,26-Sep-08,26-Sep-08,HRDT,HIV test,"HIV 1/2, Determine HIV Kit, without Lancets, 100 Tests","HIV 1/2, Determine HIV Kit, without Lancets",,Test kit,100,1116,78120.0,70.0,0.7,Yes,256,4014.57,124.99
4312,102-GY-T01,Pre-PQ Process,SCMS-18510,ASN-2006,Guyana,PMO - US,Direct Drop,EXW,Air,Pre-PQ Process,2/28/2008,21-Jul-08,21-Jul-08,21-Jul-08,HRDT,HIV test,"HIV 1/2, Uni-Gold HIV Kit, 20 Tests","HIV 1/2, Uni-Gold HIV Kit",,Test kit,20,1062,33984.0,32.0,1.6,Yes,362,4717.51,54.37
4321,102-BW-T01,Pre-PQ Process,SCMS-18730,ASN-1609,Botswana,PMO - US,Direct Drop,EXW,Air,Pre-PQ Process,3/11/2008,23-Jun-08,23-Jun-08,23-Jun-08,HRDT,HIV test - Ancillary,"HIV, Lancet, Safety, for HIV Test kits, 100 Pcs","HIV, Lancet, Safety, for HIV Test kits, 100 Pcs",,Test kit - Ancillary,100,200,2.0,0.01,0.0,Yes,Weight Captured Separately,Invoiced Separately,0.0
4331,129-KG-T01,Pre-PQ Process,SCMS-19110,ASN-1801,Kyrgyzstan,PMO - US,Direct Drop,DDP,Air,Pre-PQ Process,3/18/2008,14-Jun-08,14-Jun-08,14-Jun-08,HRDT,HIV test,"HIV 1/2, DoubleCheck II Kit, 40 Tests","HIV 1/2, DoubleCheck II Kit",,Test kit,40,500,39500.0,79.0,1.98,Yes,Weight Captured Separately,Freight Included in Commodity Cost,63.2
4333,119-NA-T01,Pre-PQ Process,SCMS-19130,ASN-1787,Namibia,PMO - US,Direct Drop,EXW,Air,Pre-PQ Process,3/18/2008,4-Jun-08,4-Jun-08,4-Jun-08,HRDT,HIV test - Ancillary,"HIV, Lancet, Safety, for HIV Test kits, 100 Pcs","HIV, Lancet, Safety, for HIV Test kits, 100 Pcs",,Test kit - Ancillary,100,142,1.42,0.01,0.0,Yes,Weight Captured Separately,Invoiced Separately,0.0
4347,116-ZA-T01,Pre-PQ Process,SCMS-19800,ASN-1665,South Africa,PMO - US,Direct Drop,DDP,Truck,Pre-PQ Process,2/20/2008,24-Apr-08,24-Apr-08,24-Apr-08,ARV,Pediatric,"Lamivudine 10mg/ml [Epivir], oral solution, Bottle, 240 ml",Lamivudine,10mg/ml,Oral solution,240,1000,6410.0,6.41,0.03,No,Weight Captured Separately,Freight Included in Commodity Cost,10.26
4367,108-VN-T01,Pre-PQ Process,SCMS-20181,ASN-2023,Vietnam,PMO - US,Direct Drop,EXW,Air,Pre-PQ Process,3/31/2008,7-Jul-08,7-Jul-08,7-Jul-08,ARV,Pediatric,"Didanosine 100mg, chewable/dispersible tablets, 60 Tabs",Didanosine,100mg,Chewable/dispersible tablet,60,408,3162.0,7.75,0.13,No,See ASN-2023 (ID#:3094),See ASN-2023 (ID#:3094),5.06
4368,108-VN-T01,Pre-PQ Process,SCMS-20390,ASN-2204,Vietnam,PMO - US,Direct Drop,EXW,Air,Pre-PQ Process,3/31/2008,12-Aug-08,12-Aug-08,12-Aug-08,ARV,Adult,"Lamivudine/Nevirapine/Stavudine 150/200/30mg, tablets, 60 Tabs",Lamivudine/Nevirapine/Stavudine,150/200/30mg,Tablet - FDC,60,10420,77108.0,7.4,0.12,Yes,1000,7526.06,123.37
4369,108-VN-T01,Pre-PQ Process,SCMS-20400,ASN-2205,Vietnam,PMO - US,Direct Drop,EXW,Air,Pre-PQ Process,3/31/2008,19-Sep-08,19-Sep-08,19-Sep-08,ARV,Adult,"Lamivudine/Nevirapine/Stavudine 150/200/30mg, tablets, 60 Tabs",Lamivudine/Nevirapine/Stavudine,150/200/30mg,Tablet - FDC,60,9600,71040.0,7.4,0.12,Yes,920,7265.05,113.66
4372,108-VN-T01,Pre-PQ Process,SCMS-20410,ASN-2050,Vietnam,PMO - US,Direct Drop,FCA,Air,Pre-PQ Process,3/31/2008,16-Jul-08,16-Jul-08,16-Jul-08,ARV,Adult,"Lopinavir/Ritonavir 200/50mg [Aluvia], tablets, 120 Tabs",Lopinavir/Ritonavir,200/50mg,Tablet,120,1520,124944.0,82.2,0.68,Yes,385,4393.32,199.91
4373,108-VN-T01,Pre-PQ Process,SCMS-20420,ASN-2051,Vietnam,PMO - US,Direct Drop,FCA,Air,Pre-PQ Process,3/31/2008,14-Jul-08,14-Jul-08,14-Jul-08,ARV,Adult,"Lopinavir/Ritonavir 200/50mg [Aluvia], tablets, 120 Tabs",Lopinavir/Ritonavir,200/50mg,Tablet,120,800,65760.0,82.2,0.68,Yes,208,3449.4,105.22
4432,106-HT-T01,Pre-PQ Process,SCMS-22780,ASN-1680,Haiti,PMO - US,Direct Drop,DDP,Air,Pre-PQ Process,4/28/2008,18-Apr-08,3-Jan-08,3-Jan-08,HRDT,HIV test,"HIV 1/2, Determine Complete HIV Kit, 100 Tests","HIV 1/2, Determine Complete HIV Kit",,Test kit,100,30,2550.0,85.0,0.85,Yes,Weight Captured Separately,Freight Included in Commodity Cost,4.08
4456,108-VN-T01,Pre-PQ Process,SCMS-23310,ASN-2486,Vietnam,PMO - US,Direct Drop,EXW,Air,Pre-PQ Process,5/14/2008,11-Oct-08,11-Oct-08,11-Oct-08,ARV,Adult,"Lamivudine/Nevirapine/Stavudine 150/200/30mg, tablets, 60 Tabs",Lamivudine/Nevirapine/Stavudine,150/200/30mg,Tablet - FDC,60,15360,113664.0,7.4,0.12,Yes,1360,5412.14,181.86
4457,108-VN-T01,Pre-PQ Process,SCMS-23320,ASN-2275,Vietnam,PMO - US,Direct Drop,EXW,Air,Pre-PQ Process,5/13/2008,19-Sep-08,19-Sep-08,19-Sep-08,ARV,Adult,"Nevirapine 200mg, tablets, 60 Tabs",Nevirapine,200mg,Tablet,60,2180,6997.8,3.21,0.05,Yes,242,5881.57,11.2
4458,108-VN-T01,Pre-PQ Process,SCMS-23330,ASN-2276,Vietnam,PMO - US,Direct Drop,EXW,Air,Pre-PQ Process,5/13/2008,19-Sep-08,19-Sep-08,19-Sep-08,ARV,Adult,"Lamivudine/Zidovudine 150/300mg, tablets, 60 Tabs",Lamivudine/Zidovudine,150/300mg,Tablet - FDC,60,2016,18648.0,9.25,0.15,Yes,185,5551.97,29.84
4459,108-VN-T01,Pre-PQ Process,SCMS-23380,ASN-2524,Vietnam,PMO - US,Direct Drop,CIP,Air,Pre-PQ Process,5/13/2008,30-Sep-08,30-Sep-08,30-Sep-08,ARV,Pediatric,"Didanosine 25mg [Videx], chewable tablets, 60 Tabs",Didanosine,25mg,Chewable/dispersible tablet,60,400,2800.0,7.0,0.12,Yes,81,2035.66,4.48
4460,108-VN-T01,Pre-PQ Process,SCMS-23450,ASN-2336,Vietnam,PMO - US,Direct Drop,EXW,Air,Pre-PQ Process,5/14/2008,19-Sep-08,19-Sep-08,19-Sep-08,ARV,Adult,"Efavirenz 600mg, tablets, 30 Tabs",Efavirenz,600mg,Tablet,30,10080,103219.2,10.24,0.34,No,See ASN-2336 (ID#:530),See ASN-2336 (ID#:530),165.15
4461,116-ZA-T01,Pre-PQ Process,SCMS-23500,ASN-2293,South Africa,PMO - US,Direct Drop,DDP,Truck,Pre-PQ Process,Date Not Captured,20-Aug-08,8-May-08,8-May-08,ARV,Pediatric,"Didanosine 25mg [Videx], chewable tablets, 60 Tabs",Didanosine,25mg,Chewable/dispersible tablet,60,4,52.96,13.24,0.22,No,Weight Captured Separately,Freight Included in Commodity Cost,0.08
4470,106-HT-T01,Pre-PQ Process,SCMS-23820,ASN-2099,Haiti,PMO - US,Direct Drop,EXW,Air,Pre-PQ Process,5/20/2008,6-Aug-08,6-Aug-08,6-Aug-08,HRDT,HIV test,"HIV 1/2, Determine HIV Kit, without Lancets, 100 Tests","HIV 1/2, Determine HIV Kit, without Lancets",,Test kit,100,2059,144130.0,70.0,0.7,Yes,470,3684.28,230.61
4531,116-ZA-T01,Pre-PQ Process,SCMS-25540,ASN-2295,South Africa,PMO - US,Direct Drop,DDP,Truck,Pre-PQ Process,Date Not Captured,12-Jun-08,9-Jun-08,9-Jun-08,ARV,Adult,"Tenofovir Disoproxil Fumarate 300mg [Viread], tablets, 30 Tabs",Tenofovir Disoproxil Fumarate,300mg,Tablet,30,400,9536.0,23.84,0.79,No,Weight Captured Separately,Freight Included in Commodity Cost,15.26
4534,110-ZM-T01,Pre-PQ Process,SCMS-25700,ASN-2797,Zambia,PMO - US,Direct Drop,EXW,Air,Pre-PQ Process,6/20/2008,18-Nov-08,18-Nov-08,18-Nov-08,HRDT,HIV test,"HIV 1/2, Uni-Gold HIV Kit, 20 Tests","HIV 1/2, Uni-Gold HIV Kit",,Test kit,20,5900,188800.0,32.0,1.6,Yes,1989,19569.48,370.05
4567,109-TZ-T01,Pre-PQ Process,SCMS-23611,ASN-2727,Tanzania,PMO - US,Direct Drop,CIP,Air,Pre-PQ Process,5/15/2008,3-Nov-08,3-Nov-08,3-Nov-08,ARV,Adult,"Didanosine EC 400mg [Videx EC], delayed-release capsules, Blister 3 x 10 Caps",Didanosine EC,400mg,Delayed-release capsules - blister,30,2597,61470.99,23.67,0.79,Yes,Weight Captured Separately,Freight Included in Commodity Cost,120.48
4593,110-ZM-T01,Pre-PQ Process,SCMS-27010,ASN-2448,Zambia,PMO - US,Direct Drop,EXW,Air,Pre-PQ Process,8/21/2008,22-Sep-08,22-Sep-08,22-Sep-08,HRDT,HIV test,"HIV 1/2, Determine HIV Kit, without Lancets, 100 Tests","HIV 1/2, Determine HIV Kit, without Lancets",,Test kit,100,3000,215970.0,71.99,0.72,No,See ASN-2448 (ID#:1939),See ASN-2448 (ID#:1939),345.55
4594,102-GY-T01,Pre-PQ Process,SCMS-27040,ASN-2473,Guyana,PMO - US,Direct Drop,EXW,Air,Pre-PQ Process,7/18/2008,1-Oct-08,1-Oct-08,1-Oct-08,HRDT,HIV test,"HIV 1/2, Uni-Gold HIV Kit, 20 Tests","HIV 1/2, Uni-Gold HIV Kit",,Test kit,20,1062,33984.0,32.0,1.6,Yes,1062,3976.33,54.37
4611,102-BW-T01,Pre-PQ Process,SCMS-27750,ASN-2397,Botswana,PMO - US,Direct Drop,EXW,Air,Pre-PQ Process,7/28/2008,18-Nov-08,18-Nov-08,18-Nov-08,HRDT,HIV test,"HIV 1/2, Uni-Gold HIV Kit, 20 Tests","HIV 1/2, Uni-Gold HIV Kit",,Test kit,20,5,160.0,32.0,1.6,Yes,3,1225.17,0.26
4615,102-BW-T01,Pre-PQ Process,SCMS-27760,ASN-2325,Botswana,PMO - US,Direct Drop,EXW,Air,Pre-PQ Process,7/28/2008,9-Oct-08,2-Oct-08,2-Oct-08,HRDT,HIV test,"HIV 1/2, Determine HIV Kit, without Lancets, 100 Tests","HIV 1/2, Determine HIV Kit, without Lancets",,Test kit,100,8,560.0,70.0,0.7,Yes,5406,559.95,0.9
4635,108-VN-T01,Pre-PQ Process,SCMS-26171,ASN-2515,Vietnam,PMO - US,Direct Drop,EXW,Air,Pre-PQ Process,7/1/2008,25-Sep-08,25-Sep-08,25-Sep-08,ARV,Adult,"Nevirapine 200mg, tablets, 60 Tabs",Nevirapine,200mg,Tablet,60,1848,5359.2,2.9,0.05,Yes,327,3171.36,8.57
4646,102-NG-T01,Pre-PQ Process,SCMS-28650,ASN-3202,Nigeria,PMO - US,Direct Drop,DDP,Air,Pre-PQ Process,8/20/2008,27-Aug-08,27-Aug-08,27-Aug-08,HRDT,HIV test,"HIV 1/2, Bundi Rapid HIV Kit, 25 Tests","HIV 1/2, Bundi Rapid HIV Kit",,Test kit,1,1369,51337.5,37.5,37.5,Yes,Weight Captured Separately,Freight Included in Commodity Cost,100.62
4647,117-ET-T01,Pre-PQ Process,SCMS-28690,ASN-2839,Ethiopia,PMO - US,Direct Drop,EXW,Air,Pre-PQ Process,8/22/2008,17-Nov-08,17-Nov-08,17-Nov-08,HRDT,HIV test,"HIV 1/2, SKB Colloidal Gold, Diagnostic Kit, Antibody, 50 Tests","HIV 1/2, Colloidal Gold, Diagnostic Kit, Antibody",,Test kit,1,7002,161046.0,23.0,23.0,Yes,4922,46117.09,315.65
4648,117-ET-T01,Pre-PQ Process,SCMS-28700,ASN-2719,Ethiopia,PMO - US,Direct Drop,EXW,Air,Pre-PQ Process,8/22/2008,30-Oct-08,28-Oct-08,28-Oct-08,HRDT,HIV test,"HIV 1/2, SKB Colloidal Gold, Diagnostic Kit, Antibody, 50 Tests","HIV 1/2, Colloidal Gold, Diagnostic Kit, Antibody",,Test kit,1,7002,161046.0,23.0,23.0,Yes,5057,44360.44,315.65
4649,117-ET-T01,Pre-PQ Process,SCMS-28720,ASN-2577,Ethiopia,PMO - US,Direct Drop,EXW,Air,Pre-PQ Process,8/22/2008,6-Oct-08,6-Oct-08,6-Oct-08,HRDT,HIV test,"HIV 1/2, SKB Colloidal Gold, Diagnostic Kit, Antibody, 50 Tests","HIV 1/2, Colloidal Gold, Diagnostic Kit, Antibody",,Test kit,1,7002,161046.0,23.0,23.0,Yes,5057,44347.71,257.67
4650,111-MZ-T01,Pre-PQ Process,SCMS-28730,ASN-2658,Mozambique,PMO - US,Direct Drop,EXW,Air,Pre-PQ Process,8/26/2008,1-Nov-08,1-Nov-08,1-Nov-08,HRDT,HIV test - Ancillary,"HIV, Lancet, Safety, for HIV Test kits, 100 Pcs","HIV, Lancet, Safety, for HIV Test kits, 100 Pcs",,Test kit - Ancillary,100,7690,76.9,0.01,0.0,Yes,2278,23743.01,0.15
4709,107-RW-T01,Pre-PQ Process,SCMS-30310,ASN-3505,Rwanda,PMO - US,Direct Drop,CIP,Air,Pre-PQ Process,10/21/2008,10-Mar-09,10-Mar-09,10-Mar-09,ARV,Adult,"Lamivudine/Zidovudine 150/300mg, tablets, 60 Tabs",Lamivudine/Zidovudine,150/300mg,Tablet - FDC,60,18560,168896.0,9.1,0.15,Yes,1698,16414.22,331.04
4722,119-NA-T01,Pre-PQ Process,SCMS-30720,ASN-2586,Namibia,PMO - US,Direct Drop,EXW,Air,Pre-PQ Process,9/19/2008,8-Oct-08,8-Oct-08,8-Oct-08,HRDT,HIV test,"HIV 1/2, Uni-Gold HIV Kit, 20 Tests","HIV 1/2, Uni-Gold HIV Kit",,Test kit,20,650,20800.0,32.0,1.6,Yes,220,7078.9,33.28
4794,110-ZM-T01,Pre-PQ Process,SCMS-33150,ASN-3308,Zambia,PMO - US,Direct Drop,CIP,Air,Pre-PQ Process,11/4/2008,20-Feb-09,20-Feb-09,20-Feb-09,ARV,Pediatric,"Didanosine 25mg [Videx], chewable tablets, 60 Tabs",Didanosine,25mg,Chewable/dispersible tablet,60,545,3815.0,7.0,0.12,Yes,Weight Captured Separately,Freight Included in Commodity Cost,7.48
4798,116-ZA-T01,Pre-PQ Process,SCMS-33320,ASN-3553,South Africa,PMO - US,Direct Drop,DDP,Truck,Pre-PQ Process,Date Not Captured,17-May-09,9-Oct-08,9-Oct-08,ARV,Pediatric,"Efavirenz 50mg [Stocrin/Sustiva], capsule, 30 Caps",Efavirenz,50mg,Capsule,30,200,592.0,2.96,0.1,No,Weight Captured Separately,Freight Included in Commodity Cost,1.16
4804,109-TZ-T01,Pre-PQ Process,SCMS-33690,ASN-3229,Tanzania,PMO - US,Direct Drop,EXW,Air,Pre-PQ Process,11/14/2008,2-Mar-09,2-Mar-09,2-Mar-09,HRDT,HIV test,"HIV 1/2, Uni-Gold HIV Kit, 20 Tests","HIV 1/2, Uni-Gold HIV Kit",,Test kit,20,1678,53696.0,32.0,1.6,Yes,554,4810.99,105.24
4818,117-ET-T01,Pre-PQ Process,SCMS-34310,ASN-3234,Ethiopia,PMO - US,Direct Drop,EXW,Air,Pre-PQ Process,11/24/2008,27-Jan-09,27-Jan-09,27-Jan-09,HRDT,HIV test - Ancillary,"Capillary Tubes, for Determine, EDTA, 50uL,100 Pcs","HIV, Capillary Tubes, for Determine, EDTA, 50uL,100 Pcs",,Test kit - Ancillary,100,10000,80000.0,8.0,0.08,Yes,400,4856.14,156.8
4824,109-TZ-T01,Pre-PQ Process,SCMS-34690,ASN-3853,Tanzania,PMO - US,Direct Drop,CIP,Air,Pre-PQ Process,12/30/2008,15-Jun-09,15-Jun-09,15-Jun-09,ARV,Adult,"Efavirenz/Emtricitabine/Tenofovir Disoproxil Fumarate 600/200/300mg [Atripla], tablets, 30 Tabs",Efavirenz/Emtricitabine/Tenofovir Disoproxil Fumarate,600/200/300mg,Tablet - FDC,30,24963,1258135.2,50.4,1.68,Yes,2462,3451.41,2465.94
4854,102-GY-T01,Pre-PQ Process,SCMS-35550,ASN-3190,Guyana,PMO - US,Direct Drop,EXW,Air,Pre-PQ Process,12/12/2008,30-Jan-09,23-Jan-09,23-Jan-09,HRDT,HIV test,"HIV 1/2, Determine Complete HIV Kit, 100 Tests","HIV 1/2, Determine Complete HIV Kit",,Test kit,100,351,25272.0,72.0,0.72,Yes,60,1097.78,49.53
4921,108-VN-T01,Pre-PQ Process,SCMS-37170,ASN-3562,Vietnam,PMO - US,Direct Drop,EXW,Air,Pre-PQ Process,1/16/2009,10-Apr-09,10-Apr-09,10-Apr-09,ARV,Adult,"Nevirapine 200mg, tablets, 60 Tabs",Nevirapine,200mg,Tablet,60,5200,15080.0,2.9,0.05,No,See ASN-3562 (ID#:960),See ASN-3562 (ID#:960),29.56
4929,110-ZM-T01,Pre-PQ Process,SCMS-37770,ASN-3676,Zambia,PMO - US,Direct Drop,EXW,Air,Pre-PQ Process,1/27/2009,26-Mar-09,26-Mar-09,26-Mar-09,HRDT,HIV test,"HIV 1/2, Bioline 3.0 Kit, Lancets, Capillary pipets, Alcohol swabs included, 25 Tests","HIV 1/2, Bioline 3.0 Kit, Lancets, Capillary pipets, Alcohol swabs included",,Test kit,25,300,6000.0,20.0,0.8,Yes,94,1205.43,11.76
4947,100-SN-T01,Pre-PQ Process,SCMS-38270,ASN-3546,Senegal,PMO - US,Direct Drop,EXW,Air,Pre-PQ Process,2/6/2009,25-Mar-09,25-Mar-09,25-Mar-09,HRDT,HIV test,"HIV 1/2, ImmunoComb TriSpot Ag - Ab Kit, 36 Tests","HIV 1/2, ImmunoComb TriSpot Ag - Ab Kit",,Test kit,36,80,6800.0,85.0,2.36,Yes,33,812,13.33
4949,109-TZ-T01,Pre-PQ Process,SCMS-38410,ASN-4381,Tanzania,PMO - US,Direct Drop,FCA,Air,Pre-PQ Process,2/5/2009,11-Aug-09,11-Aug-09,11-Aug-09,ARV,Adult,"Lopinavir/Ritonavir 200/50mg [Aluvia], tablets, 120 Tabs",Lopinavir/Ritonavir,200/50mg,Tablet,120,10680,438948.0,41.1,0.34,Yes,2724,12620.12,860.34
5032,116-ZA-T01,Pre-PQ Process,SCMS-40780,ASN-3607,South Africa,PMO - US,Direct Drop,DDP,Air,Pre-PQ Process,Date Not Captured,17-Mar-09,28-Nov-08,28-Nov-08,ARV,Adult,"Efavirenz 600mg, tablets, 30 Tabs",Efavirenz,600mg,Tablet,30,7000,113050.0,16.15,0.54,No,Weight Captured Separately,Freight Included in Commodity Cost,221.58
5033,116-ZA-T01,Pre-PQ Process,SCMS-40780,ASN-3607,South Africa,PMO - US,Direct Drop,DDP,Air,Pre-PQ Process,Date Not Captured,17-Mar-09,28-Nov-08,28-Nov-08,ARV,Adult,"Nevirapine 200mg, tablets, 60 Tabs",Nevirapine,200mg,Tablet,60,983,4875.68,4.96,0.08,No,Weight Captured Separately,Freight Included in Commodity Cost,9.56
5034,116-ZA-T01,Pre-PQ Process,SCMS-40790,ASN-3575,South Africa,PMO - US,Direct Drop,DDP,Air,Pre-PQ Process,Date Not Captured,24-Mar-09,1-Dec-08,1-Dec-08,ARV,Adult,"Stavudine 30mg, capsules, 60 Caps",Stavudine,30mg,Capsule,60,1325,3339.0,2.52,0.04,No,Weight Captured Separately,Freight Included in Commodity Cost,6.54
5035,116-ZA-T01,Pre-PQ Process,SCMS-40810,ASN-3634,South Africa,PMO - US,Direct Drop,DDP,Air,Pre-PQ Process,Date Not Captured,31-Mar-09,2-Dec-08,2-Dec-08,ARV,Adult,"Nevirapine 200mg [Viramune], tablets, 60 Tabs",Nevirapine,200mg,Tablet,60,2880,44812.8,15.56,0.26,No,Weight Captured Separately,Freight Included in Commodity Cost,87.83
5036,116-ZA-T01,Pre-PQ Process,SCMS-40850,ASN-3611,South Africa,PMO - US,Direct Drop,DDP,Air,Pre-PQ Process,Date Not Captured,16-Jun-09,28-Jan-09,28-Jan-09,ARV,Adult,"Zidovudine 300mg, tablets, 60 Tabs",Zidovudine,300mg,Tablet,60,6800,82620.0,12.15,0.2,Yes,Weight Captured Separately,Freight Included in Commodity Cost,161.94
5037,116-ZA-T01,Pre-PQ Process,SCMS-40880,ASN-3610,South Africa,PMO - US,Direct Drop,DDP,Air,Pre-PQ Process,Date Not Captured,7-Jul-09,2-Feb-09,2-Feb-09,ARV,Adult,"Efavirenz 600mg, tablets, 30 Tabs",Efavirenz,600mg,Tablet,30,3414,49810.26,14.59,0.49,Yes,Weight Captured Separately,Freight Included in Commodity Cost,97.63
5041,116-ZA-T01,Pre-PQ Process,SCMS-41040,ASN-3623,South Africa,PMO - US,Direct Drop,DDP,Air,Pre-PQ Process,Date Not Captured,7-Apr-09,3-Dec-08,3-Dec-08,ARV,Adult,"Zidovudine 300mg [Retrovir], tablets, 60 Tabs",Zidovudine,300mg,Tablet,60,5000,62750.0,12.55,0.21,No,Weight Captured Separately,Freight Included in Commodity Cost,122.99
5042,116-ZA-T01,Pre-PQ Process,SCMS-41060,ASN-3624,South Africa,PMO - US,Direct Drop,DDP,Air,Pre-PQ Process,Date Not Captured,5-May-09,23-Dec-08,23-Dec-08,ARV,Adult,"Efavirenz 600mg, tablets, 30 Tabs",Efavirenz,600mg,Tablet,30,6215,102609.65,16.51,0.55,No,Weight Captured Separately,Freight Included in Commodity Cost,201.11
5043,116-ZA-T01,Pre-PQ Process,SCMS-41060,ASN-3624,South Africa,PMO - US,Direct Drop,DDP,Air,Pre-PQ Process,Date Not Captured,5-May-09,23-Dec-08,23-Dec-08,ARV,Pediatric,"Efavirenz 50mg [Stocrin/Sustiva], capsule, 30 Caps",Efavirenz,50mg,Capsule,30,3000,7470.0,2.49,0.08,No,Weight Captured Separately,Freight Included in Commodity Cost,14.64
5044,116-ZA-T01,Pre-PQ Process,SCMS-41080,ASN-3637,South Africa,PMO - US,Direct Drop,DDP,Air,Pre-PQ Process,Date Not Captured,26-May-09,22-Jan-09,22-Jan-09,ARV,Pediatric,"Efavirenz 50mg, capsule, 30 Caps",Efavirenz,50mg,Capsule,30,500,1530.0,3.06,0.1,No,Weight Captured Separately,Freight Included in Commodity Cost,3.0
5045,116-ZA-T01,Pre-PQ Process,SCMS-41140,ASN-3752,South Africa,PMO - US,Direct Drop,DDP,Air,Pre-PQ Process,Date Not Captured,31-Mar-09,21-Nov-08,21-Nov-08,ARV,Adult,"Efavirenz 600mg, tablets, 30 Tabs",Efavirenz,600mg,Tablet,30,1200,14532.0,12.11,0.4,No,Weight Captured Separately,Freight Included in Commodity Cost,28.48
5046,116-ZA-T01,Pre-PQ Process,SCMS-41140,ASN-3752,South Africa,PMO - US,Direct Drop,DDP,Air,Pre-PQ Process,Date Not Captured,31-Mar-09,21-Nov-08,21-Nov-08,ARV,Adult,"Tenofovir Disoproxil Fumarate 300mg [Viread], tablets, 30 Tabs",Tenofovir Disoproxil Fumarate,300mg,Tablet,30,500,8820.0,17.64,0.59,No,Weight Captured Separately,Freight Included in Commodity Cost,17.29
5047,116-ZA-T01,Pre-PQ Process,SCMS-41140,ASN-3752,South Africa,PMO - US,Direct Drop,DDP,Air,Pre-PQ Process,Date Not Captured,31-Mar-09,21-Nov-08,21-Nov-08,ARV,Adult,"Emtricitabine/Tenofovir Disoproxil Fumarate 200/300mg [Truvada], tablets, 30 Tabs",Emtricitabine/Tenofovir Disoproxil Fumarate,300/200mg,Tablet - FDC,30,80,2336.0,29.2,0.97,No,Weight Captured Separately,Freight Included in Commodity Cost,4.58
5048,116-ZA-T01,Pre-PQ Process,SCMS-41150,ASN-3759,South Africa,PMO - US,Direct Drop,DDP,Air,Pre-PQ Process,Date Not Captured,1-Apr-09,21-Nov-08,21-Nov-08,ARV,Pediatric,"Ritonavir 80mg/ml [Norvir], oral solution, cool, Bottle, 90 ml",Ritonavir,80mg/ml,Oral solution,90,1,5.97,5.97,0.07,Yes,Weight Captured Separately,Freight Included in Commodity Cost,0.01
5049,116-ZA-T01,Pre-PQ Process,SCMS-41160,ASN-3760,South Africa,PMO - US,Direct Drop,DDP,Air,Pre-PQ Process,Date Not Captured,1-Apr-09,26-Nov-08,26-Nov-08,ARV,Adult,"Zidovudine 300mg [Retrovir], tablets, 60 Tabs",Zidovudine,300mg,Tablet,60,500,6555.0,13.11,0.22,Yes,Weight Captured Separately,1521.4,12.85
5050,116-ZA-T01,Pre-PQ Process,SCMS-41180,ASN-3778,South Africa,PMO - US,Direct Drop,DDP,Air,Pre-PQ Process,Date Not Captured,3-Apr-09,11-Feb-09,11-Feb-09,ARV,Adult,"Stavudine 20mg [Zerit], capsules, 60 Caps",Stavudine,20mg,Capsule,60,300,1179.0,3.93,0.07,Yes,Weight Captured Separately,Freight Included in Commodity Cost,2.31
5051,116-ZA-T01,Pre-PQ Process,SCMS-41190,ASN-3732,South Africa,PMO - US,Direct Drop,DDP,Air,Pre-PQ Process,Date Not Captured,30-Mar-09,21-Jan-09,21-Jan-09,ARV,Pediatric,"Efavirenz 50mg [Stocrin/Sustiva], capsule, 30 Caps",Efavirenz,50mg,Capsule,30,80,188.8,2.36,0.08,No,Weight Captured Separately,Freight Included in Commodity Cost,0.37
5052,116-ZA-T01,Pre-PQ Process,SCMS-41190,ASN-3732,South Africa,PMO - US,Direct Drop,DDP,Air,Pre-PQ Process,Date Not Captured,30-Mar-09,21-Jan-09,21-Jan-09,ARV,Adult,"Saquinavir 200mg [Invirase], capsules, 270 Caps",Saquinavir,200mg,Capsule,270,28,1578.92,56.39,0.21,No,Weight Captured Separately,Freight Included in Commodity Cost,3.09
5053,116-ZA-T01,Pre-PQ Process,SCMS-41190,ASN-3732,South Africa,PMO - US,Direct Drop,DDP,Air,Pre-PQ Process,Date Not Captured,30-Mar-09,21-Jan-09,21-Jan-09,ARV,Pediatric,"Efavirenz 200mg [Stocrin/Sustiva], capsule, 90 Caps",Efavirenz,200mg,Capsule,90,30,829.5,27.65,0.31,No,Weight Captured Separately,Freight Included in Commodity Cost,1.63
5058,116-ZA-T01,Pre-PQ Process,SCMS-41465,ASN-4614,South Africa,PMO - US,Direct Drop,DDP,Air,Pre-PQ Process,3/18/2009,25-Jun-09,25-Jun-09,25-Jun-09,ARV,Pediatric,"Lamivudine 10mg/ml, oral solution, Bottle, 240 ml",Lamivudine,10mg/ml,Oral solution,240,108,610.2,5.65,0.02,Yes,Weight Captured Separately,Freight Included in Commodity Cost,1.2
5059,116-ZA-T01,Pre-PQ Process,SCMS-41586,ASN-4387,South Africa,PMO - US,Direct Drop,DDP,Air,Pre-PQ Process,3/27/2009,25-Jun-09,15-Apr-09,15-Apr-09,ARV,Adult,"Lamivudine 150mg, tablets, 60 Tabs",Lamivudine,150mg,Tablet,60,9620,68109.6,7.08,0.12,Yes,Weight Captured Separately,Freight Included in Commodity Cost,133.49
5066,144-BW-T01,Pre-PQ Process,SCMS-41890,ASN-3780,Botswana,PMO - US,Direct Drop,EXW,Air,Pre-PQ Process,3/25/2009,17-Apr-09,17-Apr-09,17-Apr-09,HRDT,HIV test,"HIV 1/2, OraQuick Advance HIV Rapid Antibody Kit, 100 Tests","HIV 1/2, OraQuick Advance HIV Rapid Antibody Kit",,Test kit,100,20,7000.0,350.0,3.5,Yes,48,1119.99,13.72
5076,116-ZA-T01,Pre-PQ Process,SCMS-42260,ASN-4333,South Africa,PMO - US,Direct Drop,DDP,Truck,Pre-PQ Process,4/2/2009,21-Apr-09,17-Apr-09,17-Apr-09,ARV,Adult,"Tenofovir Disoproxil Fumarate 300mg [Viread], tablets, 30 Tabs",Tenofovir Disoproxil Fumarate,300mg,Tablet,30,250,5315.0,21.26,0.71,Yes,Weight Captured Separately,Freight Included in Commodity Cost,10.42
5081,116-ZA-T01,Pre-PQ Process,SCMS-42430,ASN-4226,South Africa,PMO - US,Direct Drop,DDP,Truck,Pre-PQ Process,Date Not Captured,15-May-09,15-May-09,15-May-09,ARV,Pediatric,"Efavirenz 200mg [Stocrin/Sustiva], capsule, 90 Caps",Efavirenz,200mg,Capsule,90,100,3220.0,32.2,0.36,Yes,Weight Captured Separately,Freight Included in Commodity Cost,6.31
5083,116-ZA-T01,Pre-PQ Process,SCMS-47380,ASN-4285,South Africa,PMO - US,Direct Drop,DDP,Truck,Pre-PQ Process,4/2/2009,15-May-09,21-Apr-09,21-Apr-09,ARV,Adult,"Lopinavir/Ritonavir 200/50mg [Aluvia], tablets, 120 Tabs",Lopinavir/Ritonavir,200/50mg,Tablet,120,400,14400.0,36.0,0.3,Yes,Weight Captured Separately,Freight Included in Commodity Cost,28.22
5113,107-RW-T01,Pre-PQ Process,SCMS-43900,ASN-4553,Rwanda,PMO - US,Direct Drop,CIP,Air,Pre-PQ Process,7/15/2009,12-Aug-09,12-Aug-09,12-Aug-09,ARV,Adult,"Efavirenz 600mg, tablets, 30 Tabs",Efavirenz,600mg,Tablet,30,28034,195677.32,6.98,0.23,Yes,2268,19023.36,383.53
5114,123-NG-T01,Pre-PQ Process,SCMS-43960,ASN-4533,Nigeria,PMO - US,Direct Drop,EXW,Air,Pre-PQ Process,4/10/2009,3-Sep-09,3-Sep-09,3-Sep-09,ACT,ACT,"Artemether/Lumefantrine 20/120mg [Coartem], scored tablets, Blister 30 x 18 Tabs",Artemether/Lumefantrine,20/120mg,Tablet - FDC + blister,540,2000,70420.0,35.21,0.07,Yes,1250,17170.07,138.02
5119,104-CI-T01,Pre-PQ Process,SCMS-44050,ASN-3985,Côte d'Ivoire,PMO - US,Direct Drop,EXW,Air,Pre-PQ Process,4/15/2009,10-Jun-09,9-Jun-09,9-Jun-09,HRDT,HIV test,"#108853** HIV, Genie II HIV-1/HIV-2 Kit, 40 Tests","HIV, Genie II HIV-1/HIV-2 Kit",,Test kit,40,476,52360.0,110.0,2.75,Yes,534,9471.52,102.63
5120,104-CI-T01,Pre-PQ Process,SCMS-44050,ASN-4095,Côte d'Ivoire,PMO - US,Direct Drop,EXW,Air,Pre-PQ Process,4/15/2009,10-Jun-09,17-Jun-09,17-Jun-09,HRDT,HIV test,"#108853** HIV, Genie II HIV-1/HIV-2 Kit, 40 Tests","HIV, Genie II HIV-1/HIV-2 Kit",,Test kit,40,18,1980.0,110.0,2.75,Yes,20,2199.43,3.88
5147,119-NA-T01,Pre-PQ Process,SCMS-44970,ASN-4081,Namibia,PMO - US,Direct Drop,EXW,Air,Pre-PQ Process,4/29/2009,27-May-09,27-May-09,27-May-09,HRDT,HIV test,"HIV 1/2, Uni-Gold HIV Kit, 20 Tests","HIV 1/2, Uni-Gold HIV Kit",,Test kit,20,6760,216320.0,32.0,1.6,Yes,2261,17643.81,423.99
5175,109-TZ-T01,Pre-PQ Process,SCMS-46500,ASN-4223,Tanzania,PMO - US,Direct Drop,FCA,Air,Pre-PQ Process,5/28/2009,30-Jul-09,30-Jul-09,30-Jul-09,ARV,Adult,"Saquinavir 200mg [Invirase], capsules, 270 Caps",Saquinavir,200mg,Capsule,270,820,73074.13,89.11,0.33,Yes,424,3310.89,143.23
5194,116-ZA-T01,Pre-PQ Process,SCMS-47050,ASN-4819,South Africa,PMO - US,Direct Drop,DDP,Truck,Pre-PQ Process,6/5/2009,12-Oct-09,21-Jul-09,21-Jul-09,ARV,Adult,"Abacavir 300mg [Ziagen], tablets, Blister 6 x 10 Tabs",Abacavir,300mg,Tablet - blister,60,30,1081.8,36.06,0.6,No,Weight Captured Separately,Freight Included in Commodity Cost,2.12
5195,116-ZA-T01,Pre-PQ Process,SCMS-47051,ASN-4836,South Africa,PMO - US,Direct Drop,DDP,Truck,Pre-PQ Process,6/5/2009,12-Oct-09,28-Jul-09,28-Jul-09,ARV,Adult,"Lopinavir/Ritonavir 200/50mg [Aluvia], tablets, 120 Tabs",Lopinavir/Ritonavir,200/50mg,Tablet,120,200,8396.0,41.98,0.35,No,Weight Captured Separately,Freight Included in Commodity Cost,16.46
5199,141-NA-T01,Pre-PQ Process,SCMS-47160,ASN-4663,Namibia,PMO - US,Direct Drop,EXW,Air,Pre-PQ Process,6/4/2009,1-Sep-09,1-Sep-09,1-Sep-09,HRDT,HIV test,"HIV 1/2, Clearview Complete Kit, 25 Tests","HIV 1/2, Clearview Complete Kit",,Test kit,25,4,300.0,75.0,3.0,Yes,4,133.25,0.59
5201,104-CI-T01,Pre-PQ Process,SCMS-42241,ASN-4812,Côte d'Ivoire,PMO - US,Direct Drop,CIP,Air,Pre-PQ Process,3/30/2009,15-Sep-09,15-Sep-09,15-Sep-09,ARV,Pediatric,"Lopinavir/Ritonavir 80/20mg/ml [Kaletra], oral solution, cool, Bottle 5 x 60 ml",Lopinavir/Ritonavir,80/20mg/ml,Oral solution,300,20,822.0,41.1,0.14,Yes,Weight Captured Separately,Freight Included in Commodity Cost,1.61
5233,100-CI-T01,Pre-PQ Process,SCMS-3,ASN-6,Côte d'Ivoire,PMO - US,Direct Drop,EXW,Air,Pre-PQ Process,Date Not Captured,2-May-06,2-May-06,2-May-06,HRDT,HIV test,"HIV 1/2, Bioline 3.0 Kit, (no accessories), 30 Tests","HIV 1/2, Bioline 3.0 Kit (no accessories)",,Test kit,30,31,734.7,23.7,0.79,Yes,11,515.32,
5243,104-CI-T01,Pre-PQ Process,SCMS-40,ASN-26,Côte d'Ivoire,PMO - US,Direct Drop,EXW,Air,Pre-PQ Process,Date Not Captured,8-Aug-06,8-Aug-06,8-Aug-06,HRDT,HIV test,"HIV, Reveal G3 Rapid HIV-1 Antibody Test, 30 Tests","HIV, Reveal G3 Rapid HIV-1 Antibody Test",,Test kit,30,19,551.0,29.0,0.97,Yes,13,859.53,
5249,108-VN-T01,Pre-PQ Process,SCMS-79,ASN-53,Vietnam,PMO - US,Direct Drop,CIP,Air,Pre-PQ Process,Date Not Captured,15-Sep-06,15-Sep-06,15-Sep-06,ARV,Adult,"Lopinavir/Ritonavir 133.3/33.3mg [Kaletra], capsules, cool, 2 x 90 Caps",Lopinavir/Ritonavir,133.3/33.3mg,Capsule,180,198,35802.36,180.82,1.0,Yes,389,7286.16,
5253,112-NG-T01,Pre-PQ Process,SCMS-87,ASN-57,Nigeria,PMO - US,Direct Drop,EXW,Air,Pre-PQ Process,Date Not Captured,28-Sep-06,28-Sep-06,28-Sep-06,ARV,Pediatric,"Nevirapine 10mg/ml, oral suspension, Bottle, 240 ml",Nevirapine,10mg/ml,Oral suspension,240,416,2579.2,6.2,0.03,No,See ASN-57 (ID#:23),See ASN-57 (ID#:23),
5260,104-CI-T01,Pre-PQ Process,SCMS-103,ASN-61,Côte d'Ivoire,PMO - US,Direct Drop,EXW,Air,Pre-PQ Process,Date Not Captured,6-Sep-06,6-Sep-06,6-Sep-06,ARV,Adult,"Lamivudine 150mg, tablets, 60 Tabs",Lamivudine,150mg,Tablet,60,16683,65897.85,3.95,0.07,Yes,1498,20257.08,
5261,104-CI-T01,Pre-PQ Process,SCMS-103,ASN-61,Côte d'Ivoire,PMO - US,Direct Drop,EXW,Air,Pre-PQ Process,Date Not Captured,6-Sep-06,6-Sep-06,6-Sep-06,ARV,Adult,"Stavudine 30mg, capsules, 60 Caps",Stavudine,30mg,Capsule,60,9321,29361.15,3.15,0.05,No,See ASN-61 (ID#:5260),See ASN-61 (ID#:5260),
5268,105-GY-T01,Pre-PQ Process,SCMS-122,ASN-116,Guyana,PMO - US,Direct Drop,EXW,Air,Pre-PQ Process,Date Not Captured,25-Dec-06,25-Dec-06,25-Dec-06,ARV,Adult,"Stavudine 15mg, capsules, 60 Caps",Stavudine,15mg,Capsule,60,602,1414.7,2.35,0.04,Yes,37,569.52,
5277,114-UG-T01,Pre-PQ Process,SCMS-159,ASN-125,Uganda,PMO - US,Direct Drop,EXW,Air,Pre-PQ Process,Date Not Captured,22-Dec-06,22-Dec-06,22-Dec-06,ARV,Adult,"Lamivudine 150mg, tablets, 60 Tabs",Lamivudine,150mg,Tablet,60,6349,21269.15,3.35,0.06,Yes,369,2623.49,
5278,110-ZM-T01,Pre-PQ Process,SCMS-163,ASN-123,Zambia,PMO - US,Direct Drop,EXW,Air,Pre-PQ Process,Date Not Captured,20-Dec-06,20-Dec-06,20-Dec-06,ARV,Adult,"Nevirapine 200mg, tablets, 60 Tabs",Nevirapine,200mg,Tablet,60,33333,120332.13,3.61,0.06,No,See ASN-123 (ID#:2685),See ASN-123 (ID#:2685),
5279,108-VN-T01,Pre-PQ Process,SCMS-167,ASN-270,Vietnam,PMO - US,Direct Drop,EXW,Air,Pre-PQ Process,11/14/2006,14-Mar-07,14-Mar-07,14-Mar-07,ARV,Adult,"Lamivudine 150mg, tablets, 60 Tabs",Lamivudine,150mg,Tablet,60,98400,329640.0,3.35,0.06,Yes,4300,27923.26,
5280,108-VN-T01,Pre-PQ Process,SCMS-476,ASN-387,Vietnam,PMO - US,Direct Drop,EXW,Air,Pre-PQ Process,11/14/2006,14-Mar-07,16-May-07,16-May-07,ARV,Pediatric,"Didanosine 100mg, chewable/dispersible tablets, 60 Tabs",Didanosine,100mg,Chewable/dispersible tablet,60,1700,17850.0,10.5,0.18,Yes,356,14982.1,
5281,108-VN-T01,Pre-PQ Process,SCMS-168,ASN-276,Vietnam,PMO - US,Direct Drop,EXW,Air,Pre-PQ Process,11/14/2006,14-Mar-07,14-Mar-07,14-Mar-07,ARV,Adult,"Abacavir 300mg, tablets, 60 Tabs",Abacavir,300mg,Tablet,60,700,30835.0,44.05,0.73,No,See ASN-276 (ID#:2686),See ASN-276 (ID#:2686),
5282,108-VN-T01,Pre-PQ Process,SCMS-168,ASN-276,Vietnam,PMO - US,Direct Drop,EXW,Air,Pre-PQ Process,11/14/2006,14-Mar-07,14-Mar-07,14-Mar-07,ARV,Adult,"Efavirenz 600mg, tablets, 30 Tabs",Efavirenz,600mg,Tablet,30,38300,641525.0,16.75,0.56,No,See ASN-276 (ID#:2686),See ASN-276 (ID#:2686),
5283,108-VN-T01,Pre-PQ Process,SCMS-172,ASN-302,Vietnam,PMO - US,Direct Drop,CIP,Air,Pre-PQ Process,11/29/2006,16-Apr-07,16-Apr-07,16-Apr-07,ARV,Adult,"Lopinavir/Ritonavir 200/50mg [Aluvia], tablets, 120 Tabs",Lopinavir/Ritonavir,200/50mg,Tablet,120,1320,238682.4,180.82,1.51,Yes,304,13453.12,
5293,102-GY-T01,Pre-PQ Process,SCMS-225,ASN-113,Guyana,PMO - US,Direct Drop,EXW,Air,Pre-PQ Process,Date Not Captured,15-Nov-06,15-Nov-06,15-Nov-06,HRDT,HIV test,"HIV 1/2, Determine Complete HIV Kit, 100 Tests","HIV 1/2, Determine Complete HIV Kit",,Test kit,100,230,18400.0,80.0,0.8,Yes,38681,801.54,
5294,102-NG-T01,Pre-PQ Process,SCMS-228,ASN-141,Nigeria,PMO - US,Direct Drop,EXW,Air,Pre-PQ Process,Date Not Captured,18-Jan-07,18-Jan-07,18-Jan-07,HRDT,HIV test,"HIV 1/2, Uni-Gold HIV Kit, 20 Tests","HIV 1/2, Uni-Gold HIV Kit",,Test kit,20,40,1600.0,40.0,2.0,Yes,14,713.58,
5295,102-NG-T01,Pre-PQ Process,SCMS-229,ASN-155,Nigeria,PMO - US,Direct Drop,EXW,Air,Pre-PQ Process,Date Not Captured,17-Dec-06,17-Dec-06,17-Dec-06,HRDT,HIV test,"HIV 1/2, OraQuick Advance HIV Rapid Antibody Kit, 100 Tests","HIV 1/2, OraQuick Advance HIV Rapid Antibody Kit",,Test kit,100,8,3200.0,400.0,4.0,Yes,Weight Captured Separately,Invoiced Separately,
5303,113-ZW-T01,Pre-PQ Process,SCMS-348,ASN-286,Zimbabwe,PMO - US,Direct Drop,CIP,Air,Pre-PQ Process,1/19/2007,19-Mar-07,19-Mar-07,19-Mar-07,ARV,Pediatric,"Didanosine 50mg [Videx], chewable tablets, 60 Tabs",Didanosine,50mg,Chewable/dispersible tablet,60,54,513.0,9.5,0.16,Yes,Weight Captured Separately,Freight Included in Commodity Cost,
5304,109-TZ-T01,Pre-PQ Process,SCMS-367,ASN-221,Tanzania,PMO - US,Direct Drop,EXW,Air,Pre-PQ Process,1/25/2007,23-Mar-07,23-Mar-07,23-Mar-07,HRDT,HIV test,"HIV 1/2, Capillus HIV Kit, 100 Tests","HIV 1/2, Capillus HIV Kit",,Test kit,100,700,97300.0,139.0,1.39,Yes,488,3114.08,
5324,102-GY-T01,Pre-PQ Process,SCMS-526,ASN-343,Guyana,PMO - US,Direct Drop,EXW,Air,Pre-PQ Process,4/2/2007,30-Apr-07,30-Apr-07,30-Apr-07,HRDT,HIV test,"HIV 1/2, Uni-Gold HIV Kit, 20 Tests","HIV 1/2, Uni-Gold HIV Kit",,Test kit,20,1000,32000.0,32.0,1.6,Yes,337,5240.47,
5352,102-GY-T01,Pre-PQ Process,SCMS-765,ASN-575,Guyana,PMO - US,Direct Drop,EXW,Air,Pre-PQ Process,7/6/2007,7-Aug-07,7-Aug-07,7-Aug-07,HRDT,HIV test,"HIV 1/2, Uni-Gold HIV Kit, 20 Tests","HIV 1/2, Uni-Gold HIV Kit",,Test kit,20,1500,48000.0,32.0,1.6,Yes,515,8576.8,76.8
5353,102-GY-T01,Pre-PQ Process,SCMS-767,ASN-620,Guyana,PMO - US,Direct Drop,EXW,Air,Pre-PQ Process,7/25/2007,9-Aug-07,21-Aug-07,21-Aug-07,HRDT,HIV test,"HIV 1/2, Determine HIV Kit, without Lancets, 100 Tests","HIV 1/2, Determine HIV Kit, without Lancets",,Test kit,100,300,21597.0,71.99,0.72,Yes,69,1398.6,34.56
5364,104-CI-T01,Pre-PQ Process,SCMS-10070,ASN-640,Côte d'Ivoire,PMO - US,Direct Drop,CIP,Air,Pre-PQ Process,5/9/2007,24-Aug-07,24-Aug-07,24-Aug-07,ARV,Pediatric,"Didanosine 50mg [Videx], chewable tablets, 60 Tabs",Didanosine,50mg,Chewable/dispersible tablet,60,1577,14981.5,9.5,0.16,Yes,309,Freight Included in Commodity Cost,23.97
5365,100-HT-T01,Pre-PQ Process,SCMS-10080,ASN-664,Haiti,PMO - US,Direct Drop,EXW,Air,Pre-PQ Process,7/26/2007,13-Aug-07,13-Aug-07,13-Aug-07,HRDT,HIV test - Ancillary,"HIV, Lancet, Safety, for HIV Test kits, 100 Pcs","HIV, Lancet, Safety, for HIV Test kits, 100 Pcs",,Test kit - Ancillary,100,450,4.5,0.01,0.0,Yes,Weight Captured Separately,Invoiced Separately,0.01
5366,100-HT-T01,Pre-PQ Process,SCMS-10080,ASN-606,Haiti,PMO - US,Direct Drop,EXW,Air,Pre-PQ Process,7/26/2007,13-Aug-07,7-Aug-07,7-Aug-07,HRDT,HIV test - Ancillary,"HIV, Lancet, Safety, for HIV Test kits, 100 Pcs","HIV, Lancet, Safety, for HIV Test kits, 100 Pcs",,Test kit - Ancillary,100,300,3.0,0.01,0.0,Yes,24,240,0.0
5428,104-CI-T01,Pre-PQ Process,SCMS-12400,ASN-794,Côte d'Ivoire,PMO - US,Direct Drop,EXW,Air,Pre-PQ Process,9/18/2007,23-Oct-07,23-Oct-07,23-Oct-07,HRDT,HIV test,"HIV 1/2, Bioline 3.0 Kit, (no accessories), 30 Tests","HIV 1/2, Bioline 3.0 Kit (no accessories)",,Test kit,30,2000,47000.0,23.5,0.78,Yes,750,7961.7,75.2
5446,107-RW-T01,Pre-PQ Process,SCMS-13020,ASN-914,Rwanda,PMO - US,Direct Drop,EXW,Air,Pre-PQ Process,10/18/2007,19-Nov-07,19-Nov-07,19-Nov-07,HRDT,HIV test,"HIV 1/2/O, First Response HIV 1-2.0, v.3.0 Cards Kit, 30 Tests","HIV 1/2/O, First Response HIV 1-2.0, v.3.0 Cards Kit",,Test kit,30,1400,23100.0,16.5,0.55,Yes,405,3616.95,36.96
5507,116-ZA-T01,Pre-PQ Process,SCMS-14050,ASN-1251,South Africa,PMO - US,Direct Drop,DDP,,Pre-PQ Process,11/12/2007,29-Jan-08,29-Jan-08,29-Jan-08,ARV,Adult,"Efavirenz 600mg [Stocrin/Sustiva], tablets, 30 Tabs",Efavirenz,600mg,Tablet,30,600,12996.0,21.66,0.72,No,Weight Captured Separately,Freight Included in Commodity Cost,20.79
5508,116-ZA-T01,Pre-PQ Process,SCMS-14050,ASN-1251,South Africa,PMO - US,Direct Drop,DDP,,Pre-PQ Process,11/12/2007,29-Jan-08,29-Jan-08,29-Jan-08,ARV,Pediatric,"Ritonavir 80mg/ml [Norvir], oral solution, cool, Bottle, 90 ml",Ritonavir,80mg/ml,Oral solution,90,3,28.95,9.65,0.11,No,Weight Captured Separately,Freight Included in Commodity Cost,0.05
5509,116-ZA-T01,Pre-PQ Process,SCMS-14050,ASN-1251,South Africa,PMO - US,Direct Drop,DDP,,Pre-PQ Process,11/12/2007,29-Jan-08,29-Jan-08,29-Jan-08,ARV,Adult,"Lopinavir/Ritonavir 133.3/33.3mg [Kaletra], capsules, cool, 2 x 90 Caps",Lopinavir/Ritonavir,133.3/33.3mg,Capsule,180,400,19304.0,48.26,0.27,No,Weight Captured Separately,Freight Included in Commodity Cost,30.89
5510,116-ZA-T01,Pre-PQ Process,SCMS-14050,ASN-1251,South Africa,PMO - US,Direct Drop,DDP,,Pre-PQ Process,11/12/2007,29-Jan-08,29-Jan-08,29-Jan-08,ARV,Adult,"Didanosine EC 250mg [Videx EC], delayed-release capsules, Blister 3 x 10 Caps",Didanosine EC,250mg,Delayed-release capsules - blister,30,100,2208.0,22.08,0.74,No,Weight Captured Separately,Freight Included in Commodity Cost,3.53
5522,108-VN-T01,Pre-PQ Process,SCMS-14210,ASN-1340,Vietnam,PMO - US,Direct Drop,FCA,Air,Pre-PQ Process,11/22/2007,6-Mar-08,6-Mar-08,6-Mar-08,ARV,Adult,"Lopinavir/Ritonavir 200/50mg [Aluvia], tablets, 120 Tabs",Lopinavir/Ritonavir,200/50mg,Tablet,120,1000,82200.0,82.2,0.68,Yes,249,3120.92,131.52
5532,107-RW-T01,Pre-PQ Process,SCMS-14630,ASN-1198,Rwanda,PMO - US,Direct Drop,EXW,Air,Pre-PQ Process,12/10/2007,31-Jan-08,28-Jan-08,28-Jan-08,HRDT,HIV test,"HIV 1/2, Determine HIV Kit, without Lancets, 100 Tests","HIV 1/2, Determine HIV Kit, without Lancets",,Test kit,100,1500,107985.0,71.99,0.72,Yes,340,9479.89,172.78
5534,108-VN-T01,Pre-PQ Process,SCMS-14760,ASN-1230,Vietnam,PMO - US,Direct Drop,EXW,Air,Pre-PQ Process,12/5/2007,1-Feb-08,1-Feb-08,1-Feb-08,ARV,Adult,"Stavudine 15mg, capsules, 60 Caps",Stavudine,15mg,Capsule,60,600,900.0,1.5,0.02,No,See ASN-1230 (ID#:1530),See ASN-1230 (ID#:1530),1.44
5551,100-HT-T01,Pre-PQ Process,SCMS-15480,ASN-1403,Haiti,PMO - US,Direct Drop,EXW,Air,Pre-PQ Process,Date Not Captured,10-Mar-08,10-Mar-08,10-Mar-08,HRDT,HIV test,"HIV 1/2, Capillus HIV Kit, 100 Tests","HIV 1/2, Capillus HIV Kit",,Test kit,100,2,278.0,139.0,1.39,Yes,1,897.52,0.44
5575,116-ZA-T01,Pre-PQ Process,SCMS-16600,ASN-1520,South Africa,PMO - US,Direct Drop,DDP,,Pre-PQ Process,1/4/2008,21-Jan-08,4-Jan-08,4-Jan-08,ARV,Adult,"Stavudine 40mg [Zerit], capsules, 60 Caps",Stavudine,40mg,Capsule,60,200,1146.0,5.73,0.1,No,Weight Captured Separately,Freight Included in Commodity Cost,1.83
5589,102-BW-T01,Pre-PQ Process,SCMS-16720,ASN-1402,Botswana,PMO - US,Direct Drop,EXW,Air,Pre-PQ Process,2/4/2008,3-Apr-08,3-Apr-08,3-Apr-08,HRDT,HIV test,"HIV 1/2, Uni-Gold HIV Kit, 20 Tests","HIV 1/2, Uni-Gold HIV Kit",,Test kit,20,450,14400.0,32.0,1.6,Yes,155,1625.08,23.04
5590,102-NG-T01,Pre-PQ Process,SCMS-16890,ASN-1874,Nigeria,PMO - US,Direct Drop,EXW,Air,Pre-PQ Process,1/29/2008,19-Sep-08,20-Jun-08,20-Jun-08,HRDT,HIV test,"HIV 1/2, Stat-Pak HIV, Kit, 20 Tests","HIV 1/2, Stat-Pak HIV, Kit",,Test kit,20,7301,197127.0,27.0,1.35,Yes,2093,16036.94,315.4
5595,128-BJ-T01,Pre-PQ Process,SCMS-17280,ASN-1412,Benin,PMO - US,Direct Drop,EXW,Air,Pre-PQ Process,2/6/2008,10-Mar-08,10-Mar-08,10-Mar-08,HRDT,HIV test - Ancillary,"HIV, Lancet, Safety, for HIV Test kits, 100 Pcs","HIV, Lancet, Safety, for HIV Test kits, 100 Pcs",,Test kit - Ancillary,100,1436,14.36,0.01,0.0,Yes,Weight Captured Separately,Invoiced Separately,0.02
5596,128-BJ-T01,Pre-PQ Process,SCMS-17280,ASN-1380,Benin,PMO - US,Direct Drop,EXW,Air,Pre-PQ Process,2/6/2008,10-Mar-08,4-Mar-08,4-Mar-08,HRDT,HIV test,"HIV 1/2, Determine HIV Kit, without Lancets, 100 Tests","HIV 1/2, Determine HIV Kit, without Lancets",,Test kit,100,1436,103377.64,71.99,0.72,Yes,327,6687.51,165.4
5622,110-ZM-T01,Pre-PQ Process,SCMS-18070,ASN-1577,Zambia,PMO - US,Direct Drop,EXW,Air,Pre-PQ Process,2/25/2008,22-Apr-08,22-Apr-08,22-Apr-08,HRDT,HIV test - Ancillary,"HIV, Lancet, Safety, for HIV Test kits, 100 Pcs","HIV, Lancet, Safety, for HIV Test kits, 100 Pcs",,Test kit - Ancillary,100,2000,20.0,0.01,0.0,Yes,Weight Captured Separately,Invoiced Separately,0.03
5634,104-CI-T01,Pre-PQ Process,SCMS-18300,ASN-3434,Côte d'Ivoire,PMO - US,Direct Drop,EXW,Air,Pre-PQ Process,3/3/2008,19-Mar-09,19-Mar-09,19-Mar-09,HRDT,HIV test,"HIV 1/2, Bioline 3.0 Kit, Lancets, Capillary pipets, Alcohol swabs included, 25 Tests","HIV 1/2, Bioline 3.0 Kit, Lancets, Capillary pipets, Alcohol swabs included",,Test kit,25,659,13180.0,20.0,0.8,Yes,206,2358.13,25.83
5635,102-LS-T01,Pre-PQ Process,SCMS-18370,ASN-1660,Lesotho,PMO - US,Direct Drop,EXW,Air,Pre-PQ Process,2/27/2008,14-Jul-08,14-Jul-08,14-Jul-08,HRDT,HIV test,"HIV 1/2, OraQuick Advance HIV Rapid Antibody Kit, 100 Tests","HIV 1/2, OraQuick Advance HIV Rapid Antibody Kit",,Test kit,100,7,2450.0,350.0,3.5,Yes,17,587.63,3.92
5645,102-BW-T01,Pre-PQ Process,SCMS-18730,ASN-1608,Botswana,PMO - US,Direct Drop,EXW,Air,Pre-PQ Process,3/11/2008,23-Jun-08,4-Jun-08,4-Jun-08,HRDT,HIV test,"HIV 1/2, Determine HIV Kit, without Lancets, 100 Tests","HIV 1/2, Determine HIV Kit, without Lancets",,Test kit,100,200,14398.0,71.99,0.72,Yes,46,1028.18,23.04
5646,123-NG-T01,Pre-PQ Process,SCMS-18740,ASN-1553,Nigeria,PMO - US,Direct Drop,EXW,Air,Pre-PQ Process,3/11/2008,8-May-08,7-Apr-08,7-Apr-08,HRDT,HIV test - Ancillary,"HIV, Lancet, Safety, for HIV Test kits, 100 Pcs","HIV, Lancet, Safety, for HIV Test kits, 100 Pcs",,Test kit - Ancillary,100,285,2.85,0.01,0.0,Yes,Weight Captured Separately,Invoiced Separately,0.0
5647,114-UG-T01,Pre-PQ Process,SCMS-18750,ASN-1618,Uganda,PMO - US,Direct Drop,EXW,Air,Pre-PQ Process,3/11/2008,22-May-08,22-May-08,22-May-08,HRDT,HIV test - Ancillary,"HIV, Lancet, Safety, for HIV Test kits, 100 Pcs","HIV, Lancet, Safety, for HIV Test kits, 100 Pcs",,Test kit - Ancillary,100,850,8.5,0.01,0.0,Yes,56,360,0.01
5657,114-UG-T01,Pre-PQ Process,SCMS-18900,ASN-1543,Uganda,PMO - US,Direct Drop,EXW,Air,Pre-PQ Process,3/14/2008,2-Jun-08,2-Jun-08,2-Jun-08,HRDT,HIV test,"HIV 1/2, Stat-Pak HIV, Kit, 20 Tests","HIV 1/2, Stat-Pak HIV, Kit",,Test kit,20,1275,34425.0,27.0,1.35,Yes,483,4193.88,55.08
5658,114-UG-T01,Pre-PQ Process,SCMS-18910,ASN-1614,Uganda,PMO - US,Direct Drop,EXW,Air,Pre-PQ Process,3/13/2008,2-Jun-08,2-Jun-08,2-Jun-08,HRDT,HIV test,"HIV 1/2, Uni-Gold HIV Kit, 20 Tests","HIV 1/2, Uni-Gold HIV Kit",,Test kit,20,85,2720.0,32.0,1.6,Yes,85,1253.98,4.35
5661,104-CI-T01,Pre-PQ Process,SCMS-19100,ASN-1598,Côte d'Ivoire,PMO - US,Direct Drop,EXW,Air,Pre-PQ Process,3/18/2008,30-May-08,30-May-08,30-May-08,HRDT,HIV test,"#108853** HIV, Genie II HIV-1/HIV-2 Kit, 40 Tests","HIV, Genie II HIV-1/HIV-2 Kit",,Test kit,40,331,25156.0,76.0,1.9,Yes,366,7915.98,40.25
5675,116-ZA-T01,Pre-PQ Process,SCMS-19800,ASN-1664,South Africa,PMO - US,Direct Drop,DDP,Truck,Pre-PQ Process,2/20/2008,24-Apr-08,29-Feb-08,29-Feb-08,ARV,Adult,"Zidovudine 300mg [Retrovir], tablets, 60 Tabs",Zidovudine,300mg,Tablet,60,1000,16400.0,16.4,0.27,No,Weight Captured Separately,Freight Included in Commodity Cost,26.24
5676,116-ZA-T01,Pre-PQ Process,SCMS-19800,ASN-1665,South Africa,PMO - US,Direct Drop,DDP,Truck,Pre-PQ Process,2/20/2008,24-Apr-08,24-Apr-08,24-Apr-08,ARV,Adult,"Lamivudine 150mg [Epivir], tablets, 60 Tabs",Lamivudine,150mg,Tablet,60,3000,16350.0,5.45,0.09,No,Weight Captured Separately,Freight Included in Commodity Cost,26.16
5677,116-ZA-T01,Pre-PQ Process,SCMS-19800,ASN-1665,South Africa,PMO - US,Direct Drop,DDP,Truck,Pre-PQ Process,2/20/2008,24-Apr-08,24-Apr-08,24-Apr-08,ARV,Adult,"Stavudine 20mg [Zerit], capsules, 60 Caps",Stavudine,20mg,Capsule,60,200,978.0,4.89,0.08,No,Weight Captured Separately,Freight Included in Commodity Cost,1.56
5678,116-ZA-T01,Pre-PQ Process,SCMS-19800,ASN-1665,South Africa,PMO - US,Direct Drop,DDP,Truck,Pre-PQ Process,2/20/2008,24-Apr-08,24-Apr-08,24-Apr-08,ARV,Adult,"Emtricitabine/Tenofovir Disoproxil Fumarate 200/300mg [Truvada], tablets, 30 Tabs",Emtricitabine/Tenofovir Disoproxil Fumarate,300/200mg,Tablet - FDC,30,20,723.4,36.17,1.21,No,Weight Captured Separately,Freight Included in Commodity Cost,1.16
5701,108-VN-T01,Pre-PQ Process,SCMS-20200,ASN-2017,Vietnam,PMO - US,Direct Drop,EXW,Air,Pre-PQ Process,3/31/2008,14-Jul-08,14-Jul-08,14-Jul-08,ARV,Adult,"Abacavir 300mg, tablets, 60 Tabs",Abacavir,300mg,Tablet,60,500,12500.0,25.0,0.42,Yes,124,5217.59,20.0
5703,108-VN-T01,Pre-PQ Process,SCMS-20341,ASN-1691,Vietnam,PMO - US,Direct Drop,EXW,Air,Pre-PQ Process,4/10/2008,1-Jun-08,22-May-08,22-May-08,ARV,Adult,"Tenofovir Disoproxil Fumarate 300mg, tablets, 30 Tabs",Tenofovir Disoproxil Fumarate,300mg,Tablet,30,2016,27538.56,13.66,0.46,Yes,122,2864.44,44.06
5713,104-CI-T01,Pre-PQ Process,SCMS-21270,ASN-1669,Côte d'Ivoire,PMO - US,Direct Drop,EXW,Air,Pre-PQ Process,4/7/2008,9-May-08,9-May-08,9-May-08,HRDT,HIV test,"HIV 1/2, Determine HIV Kit, without Lancets, 100 Tests","HIV 1/2, Determine HIV Kit, without Lancets",,Test kit,100,250,17997.5,71.99,0.72,Yes,57,1796.68,28.8
5717,116-ZA-T01,Pre-PQ Process,SCMS-21460,ASN-1667,South Africa,PMO - US,Direct Drop,DDP,,Pre-PQ Process,4/4/2008,25-Apr-08,7-Apr-08,7-Apr-08,ARV,Adult,"Nevirapine 200mg [Viramune], tablets, 60 Tabs",Nevirapine,200mg,Tablet,60,100,2030.0,20.3,0.34,No,Weight Captured Separately,Freight Included in Commodity Cost,3.25
5769,102-BW-T01,Pre-PQ Process,SCMS-22770,ASN-2235,Botswana,PMO - US,Direct Drop,EXW,Air,Pre-PQ Process,4/28/2008,20-Jan-09,20-Jan-09,20-Jan-09,HRDT,HIV test - Ancillary,"HIV, Lancet, Safety, for HIV Test kits, 100 Pcs","HIV, Lancet, Safety, for HIV Test kits, 100 Pcs",,Test kit - Ancillary,100,100,1.0,0.01,0.0,Yes,Weight Captured Separately,Invoiced Separately,0.0
5793,108-VN-T01,Pre-PQ Process,SCMS-23340,ASN-2277,Vietnam,PMO - US,Direct Drop,EXW,Air,Pre-PQ Process,5/13/2008,19-Sep-08,19-Sep-08,19-Sep-08,ARV,Adult,"Lamivudine/Zidovudine 150/300mg, tablets, 60 Tabs",Lamivudine/Zidovudine,150/300mg,Tablet - FDC,60,3024,27972.0,9.25,0.15,Yes,703,10356.86,44.76
5794,108-VN-T01,Pre-PQ Process,SCMS-23350,ASN-2489,Vietnam,PMO - US,Direct Drop,FCA,Air,Pre-PQ Process,5/13/2008,16-Nov-08,16-Nov-08,16-Nov-08,ARV,Adult,"Lopinavir/Ritonavir 200/50mg [Aluvia], tablets, 120 Tabs",Lopinavir/Ritonavir,200/50mg,Tablet,120,1040,85488.0,82.2,0.68,Yes,251,2519.89,136.78
5796,108-VN-T01,Pre-PQ Process,SCMS-23440,ASN-2335,Vietnam,PMO - US,Direct Drop,EXW,Air,Pre-PQ Process,5/13/2008,20-Sep-08,20-Sep-08,20-Sep-08,ARV,Adult,"Lamivudine 150mg, tablets, 60 Tabs",Lamivudine,150mg,Tablet,60,9576,24897.6,2.6,0.04,Yes,889,7884.8,39.84
5799,116-ZA-T01,Pre-PQ Process,SCMS-23500,ASN-2300,South Africa,PMO - US,Direct Drop,DDP,Truck,Pre-PQ Process,Date Not Captured,20-Aug-08,14-May-08,14-May-08,ARV,Adult,"Abacavir 300mg [Ziagen], tablets, Blister 6 x 10 Tabs",Abacavir,300mg,Tablet - blister,60,8,397.92,49.74,0.83,No,Weight Captured Separately,Freight Included in Commodity Cost,0.64
5800,116-ZA-T01,Pre-PQ Process,SCMS-23500,ASN-2293,South Africa,PMO - US,Direct Drop,DDP,Truck,Pre-PQ Process,Date Not Captured,20-Aug-08,8-May-08,8-May-08,ARV,Pediatric,"Didanosine 100mg [Videx],chewable tablets, 60 Tabs",Didanosine,100mg,Chewable/dispersible tablet,60,4,56.16,14.04,0.23,No,Weight Captured Separately,Freight Included in Commodity Cost,0.09
5801,116-ZA-T01,Pre-PQ Process,SCMS-23500,ASN-2293,South Africa,PMO - US,Direct Drop,DDP,Truck,Pre-PQ Process,Date Not Captured,20-Aug-08,8-May-08,8-May-08,ARV,Adult,"Tenofovir Disoproxil Fumarate 300mg [Viread], tablets, 30 Tabs",Tenofovir Disoproxil Fumarate,300mg,Tablet,30,30,738.3,24.61,0.82,No,Weight Captured Separately,Freight Included in Commodity Cost,1.18
5802,116-ZA-T01,Pre-PQ Process,SCMS-23500,ASN-2293,South Africa,PMO - US,Direct Drop,DDP,Truck,Pre-PQ Process,Date Not Captured,20-Aug-08,8-May-08,8-May-08,ARV,Pediatric,"Didanosine 2g [Videx], powder for oral solution 10mg/ml, reconstitute to 200 ml",Didanosine,2g,Powder for oral solution,200,6,78.48,13.08,0.07,No,Weight Captured Separately,Freight Included in Commodity Cost,0.13
5815,106-HT-T01,Pre-PQ Process,SCMS-23800,ASN-2257,Haiti,PMO - US,Direct Drop,EXW,Air,Pre-PQ Process,5/20/2008,22-Aug-08,22-Aug-08,22-Aug-08,HRDT,HIV test,"HIV 1/2, Capillus HIV Kit, 100 Tests","HIV 1/2, Capillus HIV Kit",,Test kit,100,121,16819.0,139.0,1.39,Yes,100,1372.85,26.91
5818,106-HT-T01,Pre-PQ Process,SCMS-23920,ASN-2569,Haiti,PMO - US,Direct Drop,EXW,Air,Pre-PQ Process,5/20/2008,10-Oct-08,10-Oct-08,10-Oct-08,HRDT,HIV test,"HIV 1/2, Capillus HIV Kit, 100 Tests","HIV 1/2, Capillus HIV Kit",,Test kit,100,84,11676.0,139.0,1.39,Yes,54,871.71,18.68
5821,106-HT-T01,Pre-PQ Process,SCMS-24010,ASN-3087,Haiti,PMO - US,Direct Drop,CIP,Air,Pre-PQ Process,5/23/2008,14-Jan-09,14-Jan-09,14-Jan-09,HRDT,HIV test,"HIV 1/2, OraQuick Advance HIV Rapid Antibody Kit, 100 Tests","HIV 1/2, OraQuick Advance HIV Rapid Antibody Kit",,Test kit,100,28,9800.0,350.0,3.5,Yes,Weight Captured Separately,Freight Included in Commodity Cost,19.21
5857,107-RW-T01,Pre-PQ Process,SCMS-25140,ASN-2116,Rwanda,PMO - US,Direct Drop,EXW,Air,Pre-PQ Process,6/12/2008,22-Jul-08,22-Jul-08,22-Jul-08,HRDT,HIV test,"HIV 1/2, Determine HIV Kit, without Lancets, 100 Tests","HIV 1/2, Determine HIV Kit, without Lancets",,Test kit,100,4327,302890.0,70.0,0.7,Yes,986,26574.61,484.62
5860,113-ZW-T01,Pre-PQ Process,SCMS-25300,ASN-2997,Zimbabwe,PMO - US,Direct Drop,EXW,Air,Pre-PQ Process,6/12/2008,22-Jan-09,22-Jan-09,22-Jan-09,HRDT,HIV test,"HIV 1/2, Determine HIV Kit, without Lancets, 100 Tests","HIV 1/2, Determine HIV Kit, without Lancets",,Test kit,100,1396,100498.04,71.99,0.72,Yes,414,5781.14,196.98
5894,108-VN-T01,Pre-PQ Process,SCMS-26170,ASN-2339,Vietnam,PMO - US,Direct Drop,EXW,Air,Pre-PQ Process,7/1/2008,3-Sep-08,3-Sep-08,3-Sep-08,ARV,Adult,"Lamivudine 150mg, tablets, 60 Tabs",Lamivudine,150mg,Tablet,60,15960,38304.0,2.4,0.04,Yes,755,6609.02,61.29
5895,108-VN-T01,Pre-PQ Process,SCMS-26370,ASN-2337,Vietnam,PMO - US,Direct Drop,EXW,Air,Pre-PQ Process,7/1/2008,19-Sep-08,19-Sep-08,19-Sep-08,ARV,Adult,"Tenofovir Disoproxil Fumarate 300mg, tablets, 30 Tabs",Tenofovir Disoproxil Fumarate,300mg,Tablet,30,5040,62294.4,12.36,0.41,Yes,301,4883.46,99.67
5905,109-TZ-T01,Pre-PQ Process,SCMS-26640,ASN-2408,Tanzania,PMO - US,Direct Drop,CIP,Air,Pre-PQ Process,7/4/2008,8-Sep-08,8-Sep-08,8-Sep-08,ARV,Pediatric,"Abacavir 20mg/ml [Ziagen], oral solution, Bottle, 240 ml",Abacavir,20mg/ml,Oral solution,240,132,1990.56,15.08,0.06,Yes,65,633,3.18
5916,116-ZA-T01,Pre-PQ Process,SCMS-26820,ASN-2488,South Africa,PMO - US,Direct Drop,DDP,Truck,Pre-PQ Process,Date Not Captured,10-Jul-08,8-Jul-08,8-Jul-08,ARV,Adult,"Emtricitabine/Tenofovir Disoproxil Fumarate 200/300mg [Truvada], tablets, 30 Tabs",Emtricitabine/Tenofovir Disoproxil Fumarate,300/200mg,Tablet - FDC,30,30,1171.5,39.05,1.3,No,Weight Captured Separately,Freight Included in Commodity Cost,1.87
5917,130-NG-T01,Pre-PQ Process,SCMS-26840,ASN-2554,Nigeria,PMO - US,Direct Drop,EXW,Air,Pre-PQ Process,7/15/2008,9-Oct-08,9-Oct-08,9-Oct-08,ANTM,Malaria,"Sulfadoxine/Pyrimethamine 500/25mg, tablets, 1000 Tabs",Sulfadoxine/Pyrimethamine,500/25mg,Tablet - FDC,1000,7,184.45,26.35,0.03,Yes,488,4404.9,0.3
5928,133-NG-T01,Pre-PQ Process,SCMS-27050,ASN-2694,Nigeria,PMO - US,Direct Drop,EXW,Air,Pre-PQ Process,7/18/2008,7-Nov-08,7-Nov-08,7-Nov-08,HRDT,HIV test,"HIV 1/2, Stat-Pak HIV, Kit, 20 Tests","HIV 1/2, Stat-Pak HIV, Kit",,Test kit,20,8485,229095.0,27.0,1.35,Yes,2441,22229.32,449.03
5935,108-VN-T01,Pre-PQ Process,SCMS-27290,ASN-2853,Vietnam,PMO - US,Direct Drop,FCA,Air,Pre-PQ Process,7/24/2008,2-Dec-08,2-Dec-08,2-Dec-08,ARV,Adult,"Lopinavir/Ritonavir 200/50mg [Aluvia], tablets, 120 Tabs",Lopinavir/Ritonavir,200/50mg,Tablet,120,6,493.2,82.2,0.68,Yes,9,2709.98,0.97
5936,108-VN-T01,Pre-PQ Process,SCMS-27320,ASN-2792,Vietnam,PMO - US,Direct Drop,EXW,Air,Pre-PQ Process,7/24/2008,21-Nov-08,21-Nov-08,21-Nov-08,ARV,Adult,"Abacavir 300mg, tablets, 60 Tabs",Abacavir,300mg,Tablet,60,880,20680.0,23.5,0.39,Yes,331,2771.84,40.53
5937,108-VN-T01,Pre-PQ Process,SCMS-27340,ASN-2862,Vietnam,PMO - US,Direct Drop,CIP,Air,Pre-PQ Process,7/23/2008,21-Nov-08,21-Nov-08,21-Nov-08,ARV,Pediatric,"Didanosine 25mg [Videx], chewable tablets, 60 Tabs",Didanosine,25mg,Chewable/dispersible tablet,60,280,1960.0,7.0,0.12,Yes,60,1516.05,3.84
5976,117-ET-T01,Pre-PQ Process,SCMS-28720,ASN-2579,Ethiopia,PMO - US,Direct Drop,EXW,Air,Pre-PQ Process,8/22/2008,6-Oct-08,3-Oct-08,3-Oct-08,HRDT,HIV test,"HIV 1/2, SKB Colloidal Gold, Diagnostic Kit, Antibody, 50 Tests","HIV 1/2, Colloidal Gold, Diagnostic Kit, Antibody",,Test kit,1,6998,160954.0,23.0,23.0,Yes,5057,44347.71,257.53
5978,116-ZA-T01,Pre-PQ Process,SCMS-28830,ASN-2503,South Africa,PMO - US,Direct Drop,DDP,Truck,Pre-PQ Process,Date Not Captured,25-Aug-08,14-Aug-08,14-Aug-08,ARV,Adult,"Stavudine 30mg [Zerit], capsules, 60 Caps",Stavudine,30mg,Capsule,60,350,1736.0,4.96,0.08,No,Weight Captured Separately,Freight Included in Commodity Cost,2.78
5979,116-ZA-T01,Pre-PQ Process,SCMS-28830,ASN-2503,South Africa,PMO - US,Direct Drop,DDP,Truck,Pre-PQ Process,Date Not Captured,25-Aug-08,14-Aug-08,14-Aug-08,ARV,Adult,"Didanosine EC 250mg [Videx EC], delayed-release capsules, Blister 3 x 10 Caps",Didanosine EC,250mg,Delayed-release capsules - blister,30,100,1828.0,18.28,0.61,No,Weight Captured Separately,Freight Included in Commodity Cost,2.92
5987,104-CI-T01,Pre-PQ Process,SCMS-29160,ASN-2508,Côte d'Ivoire,PMO - US,Direct Drop,EXW,Air,Pre-PQ Process,8/28/2008,13-Oct-08,13-Oct-08,13-Oct-08,HRDT,HIV test,"HIV 1/2, Determine HIV Kit, without Lancets, 100 Tests","HIV 1/2, Determine HIV Kit, without Lancets",,Test kit,100,1174,82180.0,70.0,0.7,Yes,275,4015,131.49
6023,106-HT-T01,Pre-PQ Process,DSCM-10090,ASN-2615,Haiti,PMO - US,Direct Drop,EXW,Air,Pre-PQ Process,Date Not Captured,16-Dec-08,16-Oct-08,16-Oct-08,ANTM,Malaria,"Chloroquine 150mg base (as phosphate), [DON] tablets, 1000 Tabs",Chloroquine base (as phosphate),150mg,Tablet,1000,30,197.1,6.57,0.01,Yes,3221,21015.77,0.39
6041,104-CI-T01,Pre-PQ Process,SCMS-30430,ASN-2799,Côte d'Ivoire,PMO - US,Direct Drop,EXW,Air,Pre-PQ Process,9/18/2008,5-Dec-08,5-Dec-08,5-Dec-08,HRDT,HIV test,"HIV 1/2, Determine HIV Kit, without Lancets, 100 Tests","HIV 1/2, Determine HIV Kit, without Lancets",,Test kit,100,1174,82180.0,70.0,0.7,Yes,268,5243.53,161.07
6062,119-NA-T01,Pre-PQ Process,SCMS-31180,ASN-2717,Namibia,PMO - US,Direct Drop,EXW,Air,Pre-PQ Process,9/24/2008,29-Oct-08,29-Oct-08,29-Oct-08,HRDT,HIV test - Ancillary,"HIV, Lancet, Safety, for HIV Test kits, 100 Pcs","HIV, Lancet, Safety, for HIV Test kits, 100 Pcs",,Test kit - Ancillary,100,150,1.5,0.01,0.0,No,See ASN-2717 (ID#:791),See ASN-2717 (ID#:791),0.0
6081,108-VN-T01,Pre-PQ Process,SCMS-31720,ASN-3312,Vietnam,PMO - US,Direct Drop,EXW,Air,Pre-PQ Process,10/21/2008,27-Feb-09,27-Feb-09,27-Feb-09,ARV,Adult,"Lamivudine 150mg, tablets, 60 Tabs",Lamivudine,150mg,Tablet,60,6966,16718.4,2.4,0.04,Yes,1068,3894.21,32.77
6082,108-VN-T01,Pre-PQ Process,SCMS-31730,ASN-3313,Vietnam,PMO - US,Direct Drop,EXW,Air,Pre-PQ Process,10/21/2008,23-Feb-09,23-Feb-09,23-Feb-09,ARV,Adult,"Nevirapine 200mg, tablets, 60 Tabs",Nevirapine,200mg,Tablet,60,4200,12180.0,2.9,0.05,No,See ASN-3313 (ID#:3456),See ASN-3313 (ID#:3456),23.87
6084,111-MZ-T01,Pre-PQ Process,SCMS-31770,ASN-2946,Mozambique,PMO - US,Direct Drop,EXW,Air,Pre-PQ Process,10/14/2008,29-Dec-08,29-Dec-08,29-Dec-08,HRDT,HIV test,"HIV 1/2, Uni-Gold HIV Kit, 20 Tests","HIV 1/2, Uni-Gold HIV Kit",,Test kit,20,4916,157312.0,32.0,1.6,Yes,1651,23300.18,308.33
6105,117-ET-T01,Pre-PQ Process,SCMS-32400,ASN-3322,Ethiopia,PMO - US,Direct Drop,EXW,Air,Pre-PQ Process,10/22/2008,18-Feb-09,18-Feb-09,18-Feb-09,HRDT,HIV test,"HIV 1/2, Uni-Gold HIV Kit, 20 Tests","HIV 1/2, Uni-Gold HIV Kit",,Test kit,20,2500,80000.0,32.0,1.6,Yes,844,8101.57,156.8
6106,117-ET-T01,Pre-PQ Process,SCMS-32410,ASN-2903,Ethiopia,PMO - US,Direct Drop,EXW,Air,Pre-PQ Process,10/22/2008,30-Jan-09,24-Nov-08,24-Nov-08,HRDT,HIV test,"HIV 1/2, Stat-Pak HIV, Kit, 20 Tests","HIV 1/2, Stat-Pak HIV, Kit",,Test kit,20,8964,242028.0,27.0,1.35,Yes,3231,15619.2,474.37
6111,117-ET-T01,Pre-PQ Process,SCMS-32630,ASN-3157,Ethiopia,PMO - US,Direct Drop,EXW,Air,Pre-PQ Process,10/27/2008,26-Jan-09,26-Jan-09,26-Jan-09,HRDT,HIV test,"HIV 1/2, SKB Colloidal Gold, Diagnostic Kit, Antibody, 50 Tests","HIV 1/2, Colloidal Gold, Diagnostic Kit, Antibody",,Test kit,1,3510,80730.0,23.0,23.0,Yes,2535,20083.74,158.23
6125,116-ZA-T01,Pre-PQ Process,SCMS-33320,ASN-3553,South Africa,PMO - US,Direct Drop,DDP,Truck,Pre-PQ Process,Date Not Captured,17-May-09,9-Oct-08,9-Oct-08,ARV,Adult,"Nevirapine 200mg, tablets, 60 Tabs",Nevirapine,200mg,Tablet,60,120,2355.6,19.63,0.33,No,Weight Captured Separately,Freight Included in Commodity Cost,4.62
6139,102-GY-T01,Pre-PQ Process,SCMS-33940,ASN-3423,Guyana,PMO - US,Direct Drop,CIP,Air,Pre-PQ Process,11/19/2008,6-Mar-09,6-Mar-09,6-Mar-09,MRDT,Malaria,"Malaria Paramax-3 Kit, 25 Tests",Malaria Paramax-3 Kit,,Test kit,25,108,4050.0,37.5,1.5,Yes,Weight Captured Separately,Freight Included in Commodity Cost,7.94
6196,104-CI-T01,Pre-PQ Process,SCMS-35780,ASN-3151,Côte d'Ivoire,PMO - US,Direct Drop,EXW,Air,Pre-PQ Process,12/19/2008,20-Jan-09,20-Jan-09,20-Jan-09,ANTM,Malaria,"Quinine 300mg (as sulfate), tablets, Blister 100 x 10 Tabs",Quinine (as sulfate),300mg,Tablet - blister,1000,12,629.88,52.49,0.05,Yes,12,536.78,1.23
6253,139-NA-T01,Pre-PQ Process,SCMS-37070,ASN-3490,Namibia,PMO - US,Direct Drop,EXW,Air,Pre-PQ Process,1/14/2009,13-Mar-09,13-Mar-09,13-Mar-09,HRDT,HIV test,"HIV 1/2, Uni-Gold HIV Kit, 20 Tests","HIV 1/2, Uni-Gold HIV Kit",,Test kit,20,700,22400.0,32.0,1.6,Yes,236,6862.01,43.9
6257,108-VN-T01,Pre-PQ Process,SCMS-37160,ASN-3561,Vietnam,PMO - US,Direct Drop,EXW,Air,Pre-PQ Process,1/16/2009,7-Apr-09,7-Apr-09,7-Apr-09,ARV,Adult,"Stavudine 30mg, capsules, 60 Caps",Stavudine,30mg,Capsule,60,9576,13885.2,1.45,0.02,No,See ASN-3561 (ID#:2297),See ASN-3561 (ID#:2297),27.21
6272,109-TZ-T01,Pre-PQ Process,SCMS-37790,ASN-3415,Tanzania,PMO - US,Direct Drop,EXW,Air,Pre-PQ Process,1/27/2009,31-Mar-09,31-Mar-09,31-Mar-09,HRDT,HIV test,"HIV 1/2, Determine Complete HIV Kit, 100 Tests","HIV 1/2, Determine Complete HIV Kit",,Test kit,100,1132,81504.0,72.0,0.72,Yes,337,4323.93,159.75
6312,107-RW-T01,Pre-PQ Process,SCMS-38660,ASN-3458,Rwanda,PMO - US,Direct Drop,EXW,Air,Pre-PQ Process,2/18/2009,28-Apr-09,11-Mar-09,11-Mar-09,HRDT,HIV test,"HIV 1/2/O, First Response HIV 1-2.0, v.3.0 Cards Kit, 30 Tests","HIV 1/2/O, First Response HIV 1-2.0, v.3.0 Cards Kit",,Test kit,30,3912,88020.0,22.5,0.75,Yes,1320,15022.74,172.52
6369,106-HT-T01,Pre-PQ Process,SCMS-40030,ASN-3748,Haiti,PMO - US,Direct Drop,FCA,Air,Pre-PQ Process,3/6/2009,15-Apr-09,15-Apr-09,15-Apr-09,ARV,Adult,"Lopinavir/Ritonavir 200/50mg [Aluvia], tablets, 120 Tabs",Lopinavir/Ritonavir,200/50mg,Tablet,120,10,411.0,41.1,0.34,Yes,9,807.28,0.81
6381,108-VN-T01,Pre-PQ Process,SCMS-40390,ASN-3673,Vietnam,PMO - US,Direct Drop,CIP,Air,Pre-PQ Process,3/6/2009,26-Mar-09,26-Mar-09,26-Mar-09,ARV,Pediatric,"Didanosine 100mg [Videx],chewable tablets, 60 Tabs",Didanosine,100mg,Chewable/dispersible tablet,60,260,3315.0,12.75,0.21,Yes,56,2246.81,6.5
6394,116-ZA-T01,Pre-PQ Process,SCMS-40780,ASN-3607,South Africa,PMO - US,Direct Drop,DDP,Air,Pre-PQ Process,Date Not Captured,17-Mar-09,28-Nov-08,28-Nov-08,ARV,Adult,"Lamivudine 150mg, tablets, 60 Tabs",Lamivudine,150mg,Tablet,60,5000,27450.0,5.49,0.09,No,Weight Captured Separately,Freight Included in Commodity Cost,53.8
6395,116-ZA-T01,Pre-PQ Process,SCMS-40810,ASN-3634,South Africa,PMO - US,Direct Drop,DDP,Air,Pre-PQ Process,Date Not Captured,31-Mar-09,2-Dec-08,2-Dec-08,ARV,Pediatric,"Stavudine 1mg/ml [Zerit], powder for oral solution, Bottle, 200 ml",Stavudine,1mg/ml,Powder for oral solution,200,1320,1504.8,1.14,0.01,No,Weight Captured Separately,Freight Included in Commodity Cost,2.95
6396,116-ZA-T01,Pre-PQ Process,SCMS-40810,ASN-3634,South Africa,PMO - US,Direct Drop,DDP,Air,Pre-PQ Process,Date Not Captured,31-Mar-09,2-Dec-08,2-Dec-08,ARV,Pediatric,"Stavudine 1mg/ml, powder for oral solution, 200 ml",Stavudine,1mg/ml,Oral solution,200,500,1000.0,2.0,0.01,No,Weight Captured Separately,Freight Included in Commodity Cost,1.96
6397,116-ZA-T01,Pre-PQ Process,SCMS-40820,ASN-3609,South Africa,PMO - US,Direct Drop,DDP,Air,Pre-PQ Process,Date Not Captured,14-Apr-09,4-Dec-08,4-Dec-08,ARV,Adult,"Stavudine 30mg [Zerit], capsules, 60 Caps",Stavudine,30mg,Capsule,60,10260,39193.2,3.82,0.06,No,Weight Captured Separately,Freight Included in Commodity Cost,76.82
6398,116-ZA-T01,Pre-PQ Process,SCMS-40850,ASN-3611,South Africa,PMO - US,Direct Drop,DDP,Air,Pre-PQ Process,Date Not Captured,16-Jun-09,28-Jan-09,28-Jan-09,ARV,Adult,"Stavudine 30mg, capsules, 60 Caps",Stavudine,30mg,Capsule,60,20213,50734.63,2.51,0.04,No,Weight Captured Separately,Freight Included in Commodity Cost,99.44
6399,116-ZA-T01,Pre-PQ Process,SCMS-41040,ASN-3623,South Africa,PMO - US,Direct Drop,DDP,Air,Pre-PQ Process,Date Not Captured,7-Apr-09,3-Dec-08,3-Dec-08,ARV,Adult,"Stavudine 30mg [Zerit], capsules, 60 Caps",Stavudine,30mg,Capsule,60,1140,4286.4,3.76,0.06,No,Weight Captured Separately,Freight Included in Commodity Cost,8.4
6400,116-ZA-T01,Pre-PQ Process,SCMS-41050,ASN-3635,South Africa,PMO - US,Direct Drop,DDP,Air,Pre-PQ Process,Date Not Captured,21-Apr-09,5-Dec-08,5-Dec-08,ARV,Pediatric,"Zidovudine 10mg/ml, oral solution, Bottle, 240 ml",Zidovudine,10mg/ml,Oral solution,240,23,83.72,3.64,0.02,No,See ASN-3635 (ID#:3745),See ASN-3635 (ID#:3745),0.16
6401,116-ZA-T01,Pre-PQ Process,SCMS-41140,ASN-3752,South Africa,PMO - US,Direct Drop,DDP,Air,Pre-PQ Process,Date Not Captured,31-Mar-09,21-Nov-08,21-Nov-08,ARV,Pediatric,"Stavudine 1mg/ml [Zerit], powder for oral solution, Bottle, 200 ml",Stavudine,1mg/ml,Powder for oral solution,200,400,440.0,1.1,0.01,No,Weight Captured Separately,Freight Included in Commodity Cost,0.86
6402,116-ZA-T01,Pre-PQ Process,SCMS-41160,ASN-3760,South Africa,PMO - US,Direct Drop,DDP,Air,Pre-PQ Process,Date Not Captured,1-Apr-09,26-Nov-08,26-Nov-08,ARV,Pediatric,"Lamivudine 10mg/ml [Epivir], oral solution, Bottle, 240 ml",Lamivudine,10mg/ml,Oral solution,240,156,845.52,5.42,0.02,No,See ASN-3760 (ID#:5049),See ASN-3760 (ID#:5049),1.66
6403,116-ZA-T01,Pre-PQ Process,SCMS-41170,ASN-3770,South Africa,PMO - US,Direct Drop,DDP,Air,Pre-PQ Process,Date Not Captured,18-Mar-09,18-Mar-09,18-Mar-09,ARV,Pediatric,"Lamivudine 10mg/ml [Epivir], oral solution, Bottle, 240 ml",Lamivudine,10mg/ml,Oral solution,240,44,237.6,5.4,0.02,Yes,Weight Captured Separately,Freight Included in Commodity Cost,0.47
6404,116-ZA-T01,Pre-PQ Process,SCMS-41190,ASN-3732,South Africa,PMO - US,Direct Drop,DDP,Air,Pre-PQ Process,Date Not Captured,30-Mar-09,21-Jan-09,21-Jan-09,ARV,Adult,"Efavirenz 600mg [Stocrin/Sustiva], tablets, 30 Tabs",Efavirenz,600mg,Tablet,30,1600,26624.0,16.64,0.55,No,Weight Captured Separately,Freight Included in Commodity Cost,52.18
6405,116-ZA-T01,Pre-PQ Process,SCMS-41190,ASN-3732,South Africa,PMO - US,Direct Drop,DDP,Air,Pre-PQ Process,Date Not Captured,30-Mar-09,21-Jan-09,21-Jan-09,ARV,Adult,"Zidovudine 300mg [Retrovir], tablets, 60 Tabs",Zidovudine,300mg,Tablet,60,800,9856.0,12.32,0.21,No,Weight Captured Separately,Freight Included in Commodity Cost,19.32
6411,116-ZA-T01,Pre-PQ Process,SCMS-41463,ASN-5420,South Africa,PMO - US,Direct Drop,DDP,Air,Pre-PQ Process,3/18/2009,25-Jun-09,30-Oct-09,30-Oct-09,ARV,Pediatric,"Lamivudine 10mg/ml, oral solution, Bottle, 240 ml",Lamivudine,10mg/ml,Oral solution,240,3304,18667.6,5.65,0.02,Yes,Weight Captured Separately,Freight Included in Commodity Cost,40.25
6415,116-ZA-T01,Pre-PQ Process,SCMS-41582,ASN-4304,South Africa,PMO - US,Direct Drop,DDP,Air,Pre-PQ Process,3/27/2009,25-Jun-09,8-Apr-09,8-Apr-09,ARV,Pediatric,"Zidovudine 10mg/ml, oral solution, Bottle, 240 ml",Zidovudine,10mg/ml,Oral solution,240,1200,7248.0,6.04,0.03,No,Weight Captured Separately,Freight Included in Commodity Cost,14.21
6416,116-ZA-T01,Pre-PQ Process,SCMS-41585,ASN-4386,South Africa,PMO - US,Direct Drop,DDP,Air,Pre-PQ Process,3/27/2009,25-Jun-09,21-Apr-09,21-Apr-09,ARV,Adult,"Stavudine 30mg, capsules, 60 Caps",Stavudine,30mg,Capsule,60,2775,8325.0,3.0,0.05,No,Weight Captured Separately,Freight Included in Commodity Cost,16.32
6417,116-ZA-T01,Pre-PQ Process,SCMS-41586,ASN-4387,South Africa,PMO - US,Direct Drop,DDP,Air,Pre-PQ Process,3/27/2009,25-Jun-09,15-Apr-09,15-Apr-09,ARV,Pediatric,"Nevirapine 10mg/ml, oral suspension, Bottle, 240 ml",Nevirapine,10mg/ml,Oral suspension,240,150,1407.0,9.38,0.04,No,Weight Captured Separately,Freight Included in Commodity Cost,2.76
6418,116-ZA-T01,Pre-PQ Process,SCMS-41587,ASN-4602,South Africa,PMO - US,Direct Drop,DDP,Air,Pre-PQ Process,3/27/2009,25-Jun-09,16-Apr-09,16-Apr-09,ARV,Adult,"Efavirenz 600mg, tablets, 30 Tabs",Efavirenz,600mg,Tablet,30,6500,82030.0,12.62,0.42,Yes,Weight Captured Separately,Freight Included in Commodity Cost,160.78
6431,104-CI-T01,Pre-PQ Process,SCMS-42240,ASN-4457,Côte d'Ivoire,PMO - US,Direct Drop,FCA,Air,Pre-PQ Process,3/30/2009,24-Aug-09,24-Aug-09,24-Aug-09,ARV,Pediatric,"Lopinavir/Ritonavir 80/20mg/ml [Kaletra], oral solution, cool, Bottle 5 x 60 ml",Lopinavir/Ritonavir,80/20mg/ml,Oral solution,300,50,2055.0,41.1,0.14,Yes,99,1939.99,4.03
6432,116-ZA-T01,Pre-PQ Process,SCMS-47400,ASN-4284,South Africa,PMO - US,Direct Drop,DDP,Truck,Pre-PQ Process,4/2/2009,21-Apr-09,21-Apr-09,21-Apr-09,ARV,Adult,"Tenofovir Disoproxil Fumarate 300mg [Viread], tablets, 30 Tabs",Tenofovir Disoproxil Fumarate,300mg,Tablet,30,650,13819.0,21.26,0.71,Yes,Weight Captured Separately,Freight Included in Commodity Cost,27.09
6436,116-ZA-T01,Pre-PQ Process,SCMS-47410,ASN-4281,South Africa,PMO - US,Direct Drop,DDP,Truck,Pre-PQ Process,4/2/2009,15-May-09,20-Apr-09,20-Apr-09,ARV,Adult,"Efavirenz 600mg, tablets, 30 Tabs",Efavirenz,600mg,Tablet,30,2000,25040.0,12.52,0.42,Yes,Weight Captured Separately,Freight Included in Commodity Cost,49.08
6437,116-ZA-T01,Pre-PQ Process,SCMS-47500,ASN-4332,South Africa,PMO - US,Direct Drop,DDP,Truck,Pre-PQ Process,4/2/2009,15-May-09,23-Apr-09,23-Apr-09,ARV,Adult,"Lamivudine 150mg, tablets, 60 Tabs",Lamivudine,150mg,Tablet,60,2000,14160.0,7.08,0.12,No,See ASN-4332 (ID#:1115),See ASN-4332 (ID#:1115),27.75
6438,116-ZA-T01,Pre-PQ Process,SCMS-47500,ASN-4332,South Africa,PMO - US,Direct Drop,DDP,Truck,Pre-PQ Process,4/2/2009,15-May-09,23-Apr-09,23-Apr-09,ARV,Pediatric,"Stavudine 1mg/ml, powder for oral solution, 200 ml",Stavudine,1mg/ml,Oral solution,200,400,832.0,2.08,0.01,No,See ASN-4332 (ID#:1115),See ASN-4332 (ID#:1115),1.63
6439,116-ZA-T01,Pre-PQ Process,SCMS-47500,ASN-4332,South Africa,PMO - US,Direct Drop,DDP,Truck,Pre-PQ Process,4/2/2009,15-May-09,23-Apr-09,23-Apr-09,ARV,Pediatric,"Nevirapine 10mg/ml, oral suspension, Bottle, 240 ml",Nevirapine,10mg/ml,Oral suspension,240,80,750.4,9.38,0.04,No,See ASN-4332 (ID#:1115),See ASN-4332 (ID#:1115),1.47
6440,116-ZA-T01,Pre-PQ Process,SCMS-42450,ASN-4772,South Africa,PMO - US,Direct Drop,DDP,Truck,Pre-PQ Process,4/2/2009,15-May-09,17-Jul-09,17-Jul-09,ARV,Adult,"Stavudine 20mg [Zerit], capsules, 60 Caps",Stavudine,20mg,Capsule,60,24,94.8,3.95,0.07,Yes,Weight Captured Separately,Freight Included in Commodity Cost,0.19
6450,104-CI-T01,Pre-PQ Process,SCMS-42590,ASN-4326,Côte d'Ivoire,PMO - US,Direct Drop,EXW,Air,Pre-PQ Process,5/27/2009,14-Jul-09,14-Jul-09,14-Jul-09,HRDT,HIV test,"HIV 1/2, Determine HIV Kit, without Lancets, 100 Tests","HIV 1/2, Determine HIV Kit, without Lancets",,Test kit,100,800,56000.0,70.0,0.7,Yes,182,3272.6,109.76
6451,110-ZM-T01,Pre-PQ Process,SCMS-42620,ASN-4357,Zambia,PMO - US,Direct Drop,EXW,Air,Pre-PQ Process,4/2/2009,10-Jul-09,10-Jul-09,10-Jul-09,HRDT,HIV test,"HIV 1/2, Uni-Gold HIV Kit, 20 Tests","HIV 1/2, Uni-Gold HIV Kit",,Test kit,20,7000,224000.0,32.0,1.6,Yes,2379,21686.21,439.04
6488,123-NG-T01,Pre-PQ Process,SCMS-43910,ASN-4959,Nigeria,PMO - US,Direct Drop,EXW,Air,Pre-PQ Process,4/10/2009,27-Oct-09,27-Oct-09,27-Oct-09,ACT,ACT,"Artemether/Lumefantrine 20/120mg [Coartem], scored tablets, Blister 30 x 18 Tabs",Artemether/Lumefantrine,20/120mg,Tablet - FDC + blister,540,2000,70420.0,35.21,0.07,Yes,10,14515.44,138.02
6517,108-VN-T01,Pre-PQ Process,SCMS-45080,ASN-4420,Vietnam,PMO - US,Direct Drop,EXW,Air,Pre-PQ Process,4/29/2009,10-Jul-09,10-Jul-09,10-Jul-09,ARV,Adult,"Stavudine 30mg, capsules, 60 Caps",Stavudine,30mg,Capsule,60,6048,8769.6,1.45,0.02,No,See ASN-4420 (ID#:1183),See ASN-4420 (ID#:1183),17.19
6519,102-BW-T01,Pre-PQ Process,SCMS-45090,ASN-4215,Botswana,PMO - US,Direct Drop,EXW,Air,Pre-PQ Process,4/30/2009,10-Jul-09,10-Jul-09,10-Jul-09,HRDT,HIV test,"HIV 1/2, Determine HIV Kit, without Lancets, 100 Tests","HIV 1/2, Determine HIV Kit, without Lancets",,Test kit,100,1200,84000.0,70.0,0.7,Yes,274,3321.08,164.64
6524,139-NA-T01,Pre-PQ Process,SCMS-45420,ASN-3988,Namibia,PMO - US,Direct Drop,DDP,Air,Pre-PQ Process,4/30/2009,15-May-09,15-May-09,15-May-09,HRDT,HIV test,"HIV 1/2, Clearview Complete Kit, 25 Tests","HIV 1/2, Clearview Complete Kit",,Test kit,25,7,525.0,75.0,3.0,Yes,5,87.73,1.03
6544,108-VN-T01,Pre-PQ Process,SCMS-46490,ASN-4179,Vietnam,PMO - US,Direct Drop,CIP,Air,Pre-PQ Process,5/25/2009,22-Jun-09,22-Jun-09,22-Jun-09,ARV,Pediatric,"Didanosine 25mg [Videx], chewable tablets, 60 Tabs",Didanosine,25mg,Chewable/dispersible tablet,60,120,840.0,7.0,0.12,Yes,Weight Captured Separately,Freight Included in Commodity Cost,1.65
6546,108-VN-T01,Pre-PQ Process,SCMS-46550,ASN-4488,Vietnam,PMO - US,Direct Drop,CIP,Air,Pre-PQ Process,5/27/2009,28-Jul-09,28-Jul-09,28-Jul-09,ARV,Pediatric,"Didanosine 25mg [Videx], chewable tablets, 60 Tabs",Didanosine,25mg,Chewable/dispersible tablet,60,320,2240.0,7.0,0.12,No,See ASN-4488 (ID#:1213),See ASN-4488 (ID#:1213),4.39
6561,116-ZA-T01,Pre-PQ Process,SCMS-46970,ASN-4822,South Africa,PMO - US,Direct Drop,DDP,Truck,Pre-PQ Process,6/5/2009,28-Jul-09,5-Aug-09,5-Aug-09,ARV,Pediatric,"Lopinavir/Ritonavir 80/20mg/ml [Kaletra], oral solution, cool, Bottle 5 x 60 ml",Lopinavir/Ritonavir,80/20mg/ml,Oral solution,300,50,2099.0,41.98,0.14,Yes,Weight Captured Separately,Freight Included in Commodity Cost,4.11
6563,116-ZA-T01,Pre-PQ Process,SCMS-47051,ASN-4837,South Africa,PMO - US,Direct Drop,DDP,Truck,Pre-PQ Process,6/5/2009,12-Oct-09,3-Aug-09,3-Aug-09,ARV,Pediatric,"Efavirenz 200mg, capsule, 90 Caps",Efavirenz,200mg,Capsule,90,140,3540.6,25.29,0.28,No,Weight Captured Separately,Freight Included in Commodity Cost,6.94
6595,110-ZM-T01,Pre-PQ Process,SCMS-38,ASN-25,Zambia,PMO - US,Direct Drop,FCA,Air,Pre-PQ Process,Date Not Captured,28-Aug-06,28-Aug-06,28-Aug-06,HRDT,HIV test,"HIV 1/2, Determine Complete HIV Kit, 100 Tests","HIV 1/2, Determine Complete HIV Kit",,Test kit,100,500,40000.0,80.0,0.8,Yes,171,1187.19,
6599,106-HT-T01,Pre-PQ Process,SCMS-76,ASN-76,Haiti,PMO - US,Direct Drop,CIP,Air,Pre-PQ Process,Date Not Captured,15-Sep-06,15-Sep-06,15-Sep-06,HRDT,HIV test,"HIV 1/2, Capillus HIV Kit, 100 Tests","HIV 1/2, Capillus HIV Kit",,Test kit,100,12,3240.0,270.0,2.7,Yes,Weight Captured Separately,Freight Included in Commodity Cost,
6600,108-VN-T01,Pre-PQ Process,SCMS-78,ASN-51,Vietnam,PMO - US,Direct Drop,EXW,Air,Pre-PQ Process,Date Not Captured,1-Sep-06,1-Sep-06,1-Sep-06,ARV,Adult,"Lamivudine 150mg, tablets, 60 Tabs",Lamivudine,150mg,Tablet,60,2080,8299.2,3.99,0.07,Yes,87,10657.19,
6601,108-VN-T01,Pre-PQ Process,SCMS-83,ASN-54,Vietnam,PMO - US,Direct Drop,EXW,Air,Pre-PQ Process,Date Not Captured,4-Sep-06,4-Sep-06,4-Sep-06,ARV,Adult,"Efavirenz 600mg, tablets, 30 Tabs",Efavirenz,600mg,Tablet,30,19000,323000.0,17.0,0.57,Yes,1520,19044.32,
6608,104-CI-T01,Pre-PQ Process,SCMS-108,ASN-70,Côte d'Ivoire,PMO - US,Direct Drop,FCA,Air,Pre-PQ Process,Date Not Captured,27-Oct-06,27-Oct-06,27-Oct-06,HRDT,HIV test,"HIV 1/2, Determine Complete HIV Kit, 100 Tests","HIV 1/2, Determine Complete HIV Kit",,Test kit,100,600,48000.0,80.0,0.8,Yes,205503,4110.88,
6621,114-UG-T01,Pre-PQ Process,SCMS-157,ASN-127,Uganda,PMO - US,Direct Drop,EXW,Air,Pre-PQ Process,Date Not Captured,21-Dec-06,21-Dec-06,21-Dec-06,ARV,Adult,"Stavudine 30mg, capsules, 60 Caps",Stavudine,30mg,Capsule,60,6349,12380.55,1.95,0.03,No,See ASN-127 (ID#:3955),See ASN-127 (ID#:3955),
6622,114-UG-T01,Pre-PQ Process,SCMS-160,ASN-124,Uganda,PMO - US,Direct Drop,EXW,Air,Pre-PQ Process,Date Not Captured,2-Jan-07,2-Jan-07,2-Jan-07,ARV,Adult,"Nevirapine 200mg, tablets, 60 Tabs",Nevirapine,200mg,Tablet,60,6349,21586.6,3.4,0.06,Yes,355,3181.2,
6623,110-ZM-T01,Pre-PQ Process,SCMS-162,ASN-115,Zambia,PMO - US,Direct Drop,CIP,Air,Pre-PQ Process,Date Not Captured,5-Dec-06,5-Dec-06,5-Dec-06,ARV,Pediatric,"Lopinavir/Ritonavir 80/20mg/ml [Kaletra], oral solution, cool, Bottle 5 x 60 ml",Lopinavir/Ritonavir,80/20mg/ml,Oral solution,300,70,2877.0,41.1,0.14,Yes,57,Freight Included in Commodity Cost,
6624,110-ZM-T01,Pre-PQ Process,SCMS-164,ASN-146,Zambia,PMO - US,Direct Drop,EXW,Air,Pre-PQ Process,Date Not Captured,9-Jan-07,9-Jan-07,9-Jan-07,ARV,Adult,"Emtricitabine/Tenofovir Disoproxil Fumarate 200/300mg [Truvada], tablets, 30 Tabs",Emtricitabine/Tenofovir Disoproxil Fumarate,300/200mg,Tablet - FDC,30,14851,389838.75,26.25,0.88,Yes,1244,6546.69,
6625,108-VN-T01,Pre-PQ Process,SCMS-166,ASN-261,Vietnam,PMO - US,Direct Drop,EXW,Air,Pre-PQ Process,12/2/2006,16-Mar-07,16-Mar-07,16-Mar-07,ARV,Adult,"Tenofovir Disoproxil Fumarate 300mg [Viread], tablets, 30 Tabs",Tenofovir Disoproxil Fumarate,300mg,Tablet,30,1900,32300.0,17.0,0.57,Yes,116,14571.5,
6626,108-VN-T01,Pre-PQ Process,SCMS-168,ASN-276,Vietnam,PMO - US,Direct Drop,EXW,Air,Pre-PQ Process,11/14/2006,14-Mar-07,14-Mar-07,14-Mar-07,ARV,Pediatric,"Stavudine 1mg/ml, powder for oral solution, 200 ml",Stavudine,1mg/ml,Oral solution,200,1000,1450.0,1.45,0.01,No,See ASN-276 (ID#:2686),See ASN-276 (ID#:2686),
6627,108-VN-T01,Pre-PQ Process,SCMS-170,ASN-273,Vietnam,PMO - US,Direct Drop,EXW,Air,Pre-PQ Process,11/15/2006,14-Mar-07,14-Mar-07,14-Mar-07,ARV,Adult,"Nevirapine 200mg, tablets, 60 Tabs",Nevirapine,200mg,Tablet,60,83000,282200.0,3.4,0.06,No,See ASN-273 (ID#:1283),See ASN-273 (ID#:1283),
6642,110-ZM-T01,Pre-PQ Process,SCMS-223,ASN-283,Zambia,PMO - US,Direct Drop,CIP,Air,Pre-PQ Process,12/5/2006,8-Mar-07,8-Mar-07,8-Mar-07,ARV,Pediatric,"Lopinavir/Ritonavir 80/20mg/ml [Kaletra], oral solution, cool, Bottle 5 x 60 ml",Lopinavir/Ritonavir,80/20mg/ml,Oral solution,300,70,2877.0,41.1,0.14,Yes,58,Freight Included in Commodity Cost,
6647,107-RW-T01,Pre-PQ Process,SCMS-289,ASN-192,Rwanda,PMO - US,Direct Drop,EXW,Air,Pre-PQ Process,12/29/2006,25-Jan-07,25-Jan-07,25-Jan-07,HRDT,HIV test,"HIV 1/2, Capillus HIV Kit, 100 Tests","HIV 1/2, Capillus HIV Kit",,Test kit,100,60,10500.0,175.0,1.75,Yes,39,859.37,
6670,111-MZ-T01,Pre-PQ Process,SCMS-608,ASN-688,Mozambique,PMO - US,Direct Drop,CIP,Air,Pre-PQ Process,5/7/2007,6-Sep-07,6-Sep-07,6-Sep-07,ARV,Adult,"Didanosine EC 250mg [Videx EC], delayed-release capsules, Blister 3 x 10 Caps",Didanosine EC,250mg,Delayed-release capsules - blister,30,44,859.65,19.54,0.65,Yes,Weight Captured Separately,Freight Included in Commodity Cost,1.38
6671,104-CI-T01,Pre-PQ Process,SCMS-609,ASN-704,Côte d'Ivoire,PMO - US,Direct Drop,CIP,Air,Pre-PQ Process,5/30/2007,21-Sep-07,21-Sep-07,21-Sep-07,ARV,Pediatric,"#102198**Didanosine 200mg [Videx], tablets, 60 Tabs",Didanosine,200mg,Tablet,60,5721,145885.5,25.5,0.42,Yes,1232,Freight Included in Commodity Cost,233.42
6691,108-VN-T01,Pre-PQ Process,SCMS-750,ASN-804,Vietnam,PMO - US,Direct Drop,EXW,Air,Pre-PQ Process,7/3/2007,24-Oct-07,24-Oct-07,24-Oct-07,ARV,Adult,"Zidovudine 300mg, tablets, 60 Tabs",Zidovudine,300mg,Tablet,60,100,894.0,8.94,0.15,Yes,6,2794.34,1.43
6692,108-VN-T01,Pre-PQ Process,SCMS-751,ASN-633,Vietnam,PMO - US,Direct Drop,FCA,Air,Pre-PQ Process,7/3/2007,10-Sep-07,10-Sep-07,10-Sep-07,ARV,Adult,"Lopinavir/Ritonavir 200/50mg [Aluvia], tablets, 120 Tabs",Lopinavir/Ritonavir,200/50mg,Tablet,120,1000,82190.0,82.19,0.68,Yes,226,5294.51,131.5
6693,102-GY-T01,Pre-PQ Process,SCMS-766,ASN-588,Guyana,PMO - US,Direct Drop,EXW,Air,Pre-PQ Process,7/6/2007,8-Aug-07,8-Aug-07,8-Aug-07,HRDT,HIV test,"HIV 1/2, Stat-Pak HIV, Kit, 20 Tests","HIV 1/2, Stat-Pak HIV, Kit",,Test kit,20,50,1350.0,27.0,1.35,Yes,13,581.1,2.16
6705,107-RW-T01,Pre-PQ Process,SCMS-800,ASN-719,Rwanda,PMO - US,Direct Drop,CIP,Air,Pre-PQ Process,7/17/2007,14-Sep-07,14-Sep-07,14-Sep-07,ARV,Pediatric,"Didanosine 50mg [Videx], chewable tablets, 60 Tabs",Didanosine,50mg,Chewable/dispersible tablet,60,182,1729.0,9.5,0.16,Yes,40,86.4,2.77
6724,108-VN-T01,Pre-PQ Process,SCMS-10970,ASN-1017,Vietnam,PMO - US,Direct Drop,EXW,Air,Pre-PQ Process,7/3/2007,19-Dec-07,19-Dec-07,19-Dec-07,ARV,Pediatric,"Didanosine 100mg, chewable/dispersible tablets, 60 Tabs",Didanosine,100mg,Chewable/dispersible tablet,60,1200,9300.0,7.75,0.13,Yes,249,3719.91,14.88
6745,102-GY-T01,Pre-PQ Process,SCMS-11650,ASN-763,Guyana,PMO - US,Direct Drop,EXW,Air,Pre-PQ Process,8/28/2007,21-Sep-07,8-Oct-07,8-Oct-07,HRDT,HIV test,"HIV 1/2, Determine HIV Kit, without Lancets, 100 Tests","HIV 1/2, Determine HIV Kit, without Lancets",,Test kit,100,442,31819.58,71.99,0.72,Yes,100,1928.93,50.91
6746,102-NG-T01,Pre-PQ Process,SCMS-11760,ASN-858,Nigeria,PMO - US,Direct Drop,EXW,Air,Pre-PQ Process,8/27/2007,7-Nov-07,7-Nov-07,7-Nov-07,HRDT,HIV test,"HIV 1/2, Stat-Pak HIV, Kit, 20 Tests","HIV 1/2, Stat-Pak HIV, Kit",,Test kit,20,10000,270000.0,27.0,1.35,Yes,3265,6197,432.0
6753,102-NG-T01,Pre-PQ Process,SCMS-12240,ASN-707,Nigeria,PMO - US,Direct Drop,CIP,,Pre-PQ Process,Date Not Captured,7-Sep-07,7-May-07,7-May-07,HRDT,HIV test,"HIV 1/2, Determine Complete HIV Kit, 100 Tests","HIV 1/2, Determine Complete HIV Kit",,Test kit,100,500,40000.0,80.0,0.8,Yes,Weight Captured Separately,Freight Included in Commodity Cost,64.0
6768,102-GY-T01,Pre-PQ Process,SCMS-12680,ASN-968,Guyana,PMO - US,Direct Drop,CIF,,Pre-PQ Process,10/2/2007,7-Nov-07,7-Nov-07,7-Nov-07,MRDT,Malaria,"Malaria Paramax-3 Kit, 25 Tests",Malaria Paramax-3 Kit,,Test kit,25,390,14625.0,37.5,1.5,Yes,145,186.25,23.4
6837,107-RW-T01,Pre-PQ Process,SCMS-13900,ASN-990,Rwanda,PMO - US,Direct Drop,EXW,Air,Pre-PQ Process,11/12/2007,28-Jan-08,28-Jan-08,28-Jan-08,ARV,Adult,"Tenofovir Disoproxil Fumarate 300mg [Viread], tablets, 30 Tabs",Tenofovir Disoproxil Fumarate,300mg,Tablet,30,84,0.84,0.01,0.0,No,See ASN-990 (ID#:1502),See ASN-990 (ID#:1502),0.0
6845,116-ZA-T01,Pre-PQ Process,SCMS-14050,ASN-1251,South Africa,PMO - US,Direct Drop,DDP,,Pre-PQ Process,11/12/2007,29-Jan-08,29-Jan-08,29-Jan-08,ARV,Adult,"Stavudine 20mg [Zerit], capsules, 60 Caps",Stavudine,20mg,Capsule,60,30,179.7,5.99,0.1,No,Weight Captured Separately,Freight Included in Commodity Cost,0.29
6846,116-ZA-T01,Pre-PQ Process,SCMS-14050,ASN-1251,South Africa,PMO - US,Direct Drop,DDP,,Pre-PQ Process,11/12/2007,29-Jan-08,29-Jan-08,29-Jan-08,ARV,Adult,"Nevirapine 200mg [Viramune], tablets, 60 Tabs",Nevirapine,200mg,Tablet,60,300,7272.0,24.24,0.4,No,Weight Captured Separately,Freight Included in Commodity Cost,11.64
6848,107-RW-T01,Pre-PQ Process,SCMS-14221,ASN-1594,Rwanda,PMO - US,Direct Drop,CIP,Air,Pre-PQ Process,11/21/2007,28-Apr-08,22-Apr-08,22-Apr-08,ARV,Adult,"Lamivudine/Nevirapine/Stavudine 150/200/30mg, tablets, 60 Tabs",Lamivudine/Nevirapine/Stavudine,150/200/30mg,Tablet - FDC,60,34576,242032.0,7.0,0.12,Yes,3656,10500,387.25
6849,107-RW-T01,Pre-PQ Process,SCMS-14221,ASN-1596,Rwanda,PMO - US,Direct Drop,CIP,Air,Pre-PQ Process,11/21/2007,28-Apr-08,28-Apr-08,28-Apr-08,ARV,Adult,"Lamivudine/Nevirapine/Stavudine 150/200/30mg, tablets, 60 Tabs",Lamivudine/Nevirapine/Stavudine,150/200/30mg,Tablet - FDC,60,16640,116480.0,7.0,0.12,Yes,1766,10500,186.37
6881,106-HT-T01,Pre-PQ Process,SCMS-15500,ASN-1153,Haiti,PMO - US,Direct Drop,EXW,Air,Pre-PQ Process,Date Not Captured,22-Jan-08,22-Jan-08,22-Jan-08,HRDT,HIV test,"HIV 1/2, OraQuick Advance HIV Rapid Antibody Kit, 100 Tests","HIV 1/2, OraQuick Advance HIV Rapid Antibody Kit",,Test kit,100,25,8750.0,350.0,3.5,Yes,60,1521.11,14.0
6884,106-HT-T01,Pre-PQ Process,SCMS-15590,ASN-1328,Haiti,PMO - US,Direct Drop,EXW,Air,Pre-PQ Process,2/4/2008,18-Feb-08,18-Feb-08,18-Feb-08,HRDT,HIV test,"HIV 1/2, Capillus HIV Kit, 100 Tests","HIV 1/2, Capillus HIV Kit",,Test kit,100,8,1112.0,139.0,1.39,Yes,6,3238.79,1.78
6896,117-ET-T01,Pre-PQ Process,SCMS-16220,ASN-1329,Ethiopia,PMO - US,Direct Drop,EXW,Air,Pre-PQ Process,1/3/2008,4-Mar-08,4-Mar-08,4-Mar-08,ARV,Adult,"Tenofovir Disoproxil Fumarate 300mg [Viread], tablets, 30 Tabs",Tenofovir Disoproxil Fumarate,300mg,Tablet,30,14820,251940.0,17.0,0.57,Yes,1233,5137.76,403.1
6913,116-ZA-T01,Pre-PQ Process,SCMS-16600,ASN-1520,South Africa,PMO - US,Direct Drop,DDP,,Pre-PQ Process,1/4/2008,21-Jan-08,4-Jan-08,4-Jan-08,ARV,Pediatric,"Ritonavir 80mg/ml [Norvir], oral solution, cool, Bottle, 90 ml",Ritonavir,80mg/ml,Oral solution,90,3,27.69,9.23,0.1,No,Weight Captured Separately,Freight Included in Commodity Cost,0.04
6914,116-ZA-T01,Pre-PQ Process,SCMS-16600,ASN-1520,South Africa,PMO - US,Direct Drop,DDP,,Pre-PQ Process,1/4/2008,21-Jan-08,4-Jan-08,4-Jan-08,ARV,Pediatric,"Lopinavir/Ritonavir 80/20mg/ml [Kaletra], oral solution, cool, Bottle 5 x 60 ml",Lopinavir/Ritonavir,80/20mg/ml,Oral solution,300,30,1384.5,46.15,0.15,No,Weight Captured Separately,Freight Included in Commodity Cost,2.22
6915,116-ZA-T01,Pre-PQ Process,SCMS-16600,ASN-1520,South Africa,PMO - US,Direct Drop,DDP,,Pre-PQ Process,1/4/2008,21-Jan-08,4-Jan-08,4-Jan-08,ARV,Adult,"Lamivudine 150mg [Epivir], tablets, 60 Tabs",Lamivudine,150mg,Tablet,60,2500,14525.0,5.81,0.1,No,Weight Captured Separately,Freight Included in Commodity Cost,23.24
6931,109-TZ-T01,Pre-PQ Process,SCMS-16760,ASN-1697,Tanzania,PMO - US,Direct Drop,CIP,Air,Pre-PQ Process,1/24/2008,8-May-08,8-May-08,8-May-08,ARV,Pediatric,"Abacavir 20mg/ml [Ziagen], oral solution, Bottle, 240 ml",Abacavir,20mg/ml,Oral solution,240,132,3300.0,25.0,0.1,Yes,Weight Captured Separately,Freight Included in Commodity Cost,5.28
6932,102-NG-T01,Pre-PQ Process,SCMS-16880,ASN-1354,Nigeria,PMO - US,Direct Drop,EXW,Air,Pre-PQ Process,1/7/2008,21-Apr-08,29-Feb-08,29-Feb-08,HRDT,HIV test,"HIV 1/2, Stat-Pak HIV, Kit, 20 Tests","HIV 1/2, Stat-Pak HIV, Kit",,Test kit,20,9380,253260.0,27.0,1.35,Yes,3058,18750.2,405.22
6933,102-NG-T01,Pre-PQ Process,SCMS-16880,ASN-1462,Nigeria,PMO - US,Direct Drop,EXW,Air,Pre-PQ Process,1/7/2008,21-Apr-08,27-Mar-08,27-Mar-08,HRDT,HIV test,"HIV 1/2, Stat-Pak HIV, Kit, 20 Tests","HIV 1/2, Stat-Pak HIV, Kit",,Test kit,20,8153,220131.0,27.0,1.35,Yes,2707,13535.55,352.21
6962,111-MZ-T01,Pre-PQ Process,SCMS-18060,ASN-1650,Mozambique,PMO - US,Direct Drop,EXW,Air,Pre-PQ Process,2/25/2008,13-Jun-08,27-May-08,27-May-08,HRDT,HIV test,"HIV 1/2, Determine HIV Kit, without Lancets, 100 Tests","HIV 1/2, Determine HIV Kit, without Lancets",,Test kit,100,4200,302358.0,71.99,0.72,Yes,965,7781.88,483.77
6972,102-LS-T01,Pre-PQ Process,SCMS-18360,ASN-1430,Lesotho,PMO - US,Direct Drop,DDP,Air,Pre-PQ Process,2/27/2008,12-Mar-08,12-Mar-08,12-Mar-08,HRDT,HIV test,"HIV 1/2, OraQuick Advance HIV Rapid Antibody Kit, 100 Tests","HIV 1/2, OraQuick Advance HIV Rapid Antibody Kit",,Test kit,100,7,2450.0,350.0,3.5,Yes,Weight Captured Separately,Freight Included in Commodity Cost,3.92
6988,123-NG-T01,Pre-PQ Process,SCMS-18740,ASN-1552,Nigeria,PMO - US,Direct Drop,EXW,Air,Pre-PQ Process,3/11/2008,8-May-08,8-May-08,8-May-08,HRDT,HIV test,"HIV 1/2, Determine HIV Kit, without Lancets, 100 Tests","HIV 1/2, Determine HIV Kit, without Lancets",,Test kit,100,285,22797.15,79.99,0.8,Yes,64,1629,36.48
6994,119-NA-T01,Pre-PQ Process,SCMS-18890,ASN-1487,Namibia,PMO - US,Direct Drop,EXW,Air,Pre-PQ Process,3/14/2008,2-Apr-08,2-Apr-08,2-Apr-08,HRDT,HIV test,"HIV 1/2, Clearview Complete Kit, 25 Tests","HIV 1/2, Clearview Complete Kit",,Test kit,25,271,20325.0,75.0,3.0,Yes,260,1496.76,32.52
7007,108-VN-T01,Pre-PQ Process,SCMS-19630,ASN-1718,Vietnam,PMO - US,Direct Drop,DDU,Truck,Pre-PQ Process,3/21/2008,12-May-08,16-Apr-08,16-Apr-08,ARV,Adult,"Tenofovir Disoproxil Fumarate 300mg [Viread], tablets, 30 Tabs",Tenofovir Disoproxil Fumarate,300mg,Tablet,30,1968,40717.92,20.69,0.69,Yes,Weight Captured Separately,1401.49,65.15
7008,116-ZA-T01,Pre-PQ Process,SCMS-19800,ASN-1665,South Africa,PMO - US,Direct Drop,DDP,Truck,Pre-PQ Process,2/20/2008,24-Apr-08,24-Apr-08,24-Apr-08,ARV,Pediatric,"Lopinavir/Ritonavir 80/20mg/ml [Kaletra], oral solution, cool, Bottle 5 x 60 ml",Lopinavir/Ritonavir,80/20mg/ml,Oral solution,300,10,394.0,39.4,0.13,No,Weight Captured Separately,Freight Included in Commodity Cost,0.63
7009,116-ZA-T01,Pre-PQ Process,SCMS-19800,ASN-1665,South Africa,PMO - US,Direct Drop,DDP,Truck,Pre-PQ Process,2/20/2008,24-Apr-08,24-Apr-08,24-Apr-08,ARV,Pediatric,"Zidovudine 10mg/ml [Retrovir], oral solution, Bottle, 200 ml",Zidovudine,10mg/ml,Oral solution,200,100,676.0,6.76,0.03,No,Weight Captured Separately,Freight Included in Commodity Cost,1.08
7030,108-VN-T01,Pre-PQ Process,SCMS-20330,ASN-1984,Vietnam,PMO - US,Direct Drop,CIP,Air,Pre-PQ Process,3/31/2008,17-Jul-08,17-Jul-08,17-Jul-08,ARV,Pediatric,"Didanosine 25mg [Videx], chewable tablets, 60 Tabs",Didanosine,25mg,Chewable/dispersible tablet,60,400,2800.0,7.0,0.12,Yes,82,2211.05,4.48
7032,108-VN-T01,Pre-PQ Process,SCMS-20490,ASN-1795,Vietnam,PMO - US,Direct Drop,EXW,Air,Pre-PQ Process,3/31/2008,2-Jun-08,2-Jun-08,2-Jun-08,ARV,Pediatric,"Zidovudine 100mg, capsules, 100 Caps",Zidovudine,100mg,Capsule,100,630,3458.7,5.49,0.05,Yes,48,2729.91,5.53
7055,116-ZA-T01,Pre-PQ Process,SCMS-21460,ASN-1667,South Africa,PMO - US,Direct Drop,DDP,,Pre-PQ Process,4/4/2008,25-Apr-08,7-Apr-08,7-Apr-08,ARV,Pediatric,"Didanosine 100mg [Videx],chewable tablets, 60 Tabs",Didanosine,100mg,Chewable/dispersible tablet,60,6,81.66,13.61,0.23,No,Weight Captured Separately,Freight Included in Commodity Cost,0.13
7056,116-ZA-T01,Pre-PQ Process,SCMS-21460,ASN-1666,South Africa,PMO - US,Direct Drop,DDP,,Pre-PQ Process,4/4/2008,25-Apr-08,8-Apr-08,8-Apr-08,ARV,Adult,"Lopinavir/Ritonavir 133.3/33.3mg [Kaletra], capsules, cool, 2 x 90 Caps",Lopinavir/Ritonavir,133.3/33.3mg,Capsule,180,400,14352.0,35.88,0.2,Yes,Weight Captured Separately,Freight Included in Commodity Cost,22.96
7091,102-BW-T01,Pre-PQ Process,SCMS-22680,ASN-1832,Botswana,PMO - US,Direct Drop,EXW,Air,Pre-PQ Process,4/28/2008,3-Jul-08,3-Jul-08,3-Jul-08,HRDT,HIV test,"HIV 1/2, Uni-Gold HIV Kit, 20 Tests","HIV 1/2, Uni-Gold HIV Kit",,Test kit,20,500,16000.0,32.0,1.6,Yes,500,2442.32,25.6
7093,102-BW-T01,Pre-PQ Process,SCMS-22710,ASN-1833,Botswana,PMO - US,Direct Drop,EXW,Air,Pre-PQ Process,4/28/2008,3-Jul-08,3-Jul-08,3-Jul-08,HRDT,HIV test,"HIV 1/2, Uni-Gold HIV Kit, 20 Tests","HIV 1/2, Uni-Gold HIV Kit",,Test kit,20,500,16000.0,32.0,1.6,Yes,500,2442.32,25.6
7120,108-VN-T01,Pre-PQ Process,SCMS-23440,ASN-2335,Vietnam,PMO - US,Direct Drop,EXW,Air,Pre-PQ Process,5/13/2008,20-Sep-08,20-Sep-08,20-Sep-08,ARV,Adult,"Tenofovir Disoproxil Fumarate 300mg, tablets, 30 Tabs",Tenofovir Disoproxil Fumarate,300mg,Tablet,30,672,9179.52,13.66,0.46,No,See ASN-2335 (ID#:5796),See ASN-2335 (ID#:5796),14.69
7121,108-VN-T01,Pre-PQ Process,SCMS-23450,ASN-2336,Vietnam,PMO - US,Direct Drop,EXW,Air,Pre-PQ Process,5/14/2008,19-Sep-08,19-Sep-08,19-Sep-08,ARV,Adult,"Zidovudine 300mg, tablets, 60 Tabs",Zidovudine,300mg,Tablet,60,648,4860.0,7.5,0.12,No,See ASN-2336 (ID#:530),See ASN-2336 (ID#:530),7.78
7122,108-VN-T01,Pre-PQ Process,SCMS-23460,ASN-2243,Vietnam,PMO - US,Direct Drop,EXW,Air,Pre-PQ Process,5/13/2008,11-Aug-08,11-Aug-08,11-Aug-08,ARV,Adult,"Stavudine 30mg, capsules, 60 Caps",Stavudine,30mg,Capsule,60,9275,13448.75,1.45,0.02,Yes,432,7444.35,21.52
7125,116-ZA-T01,Pre-PQ Process,SCMS-23500,ASN-2293,South Africa,PMO - US,Direct Drop,DDP,Truck,Pre-PQ Process,Date Not Captured,20-Aug-08,8-May-08,8-May-08,ARV,Pediatric,"Lopinavir/Ritonavir 80/20mg/ml [Kaletra], oral solution, cool, Bottle 5 x 60 ml",Lopinavir/Ritonavir,80/20mg/ml,Oral solution,300,40,1479.6,36.99,0.12,No,Weight Captured Separately,Freight Included in Commodity Cost,2.37
7126,116-ZA-T01,Pre-PQ Process,SCMS-23500,ASN-2484,South Africa,PMO - US,Direct Drop,DDP,Truck,Pre-PQ Process,Date Not Captured,20-Aug-08,14-Aug-08,14-Aug-08,ARV,Adult,"Emtricitabine/Tenofovir Disoproxil Fumarate 200/300mg [Truvada], tablets, 30 Tabs",Emtricitabine/Tenofovir Disoproxil Fumarate,300/200mg,Tablet - FDC,30,150,5737.5,38.25,1.27,Yes,Weight Captured Separately,Freight Included in Commodity Cost,9.18
7127,116-ZA-T01,Pre-PQ Process,SCMS-23500,ASN-2293,South Africa,PMO - US,Direct Drop,DDP,Truck,Pre-PQ Process,Date Not Captured,20-Aug-08,8-May-08,8-May-08,ARV,Adult,"Efavirenz 600mg, tablets, 30 Tabs",Efavirenz,600mg,Tablet,30,1500,23790.0,15.86,0.53,No,Weight Captured Separately,Freight Included in Commodity Cost,38.06
7128,116-ZA-T01,Pre-PQ Process,SCMS-23500,ASN-2300,South Africa,PMO - US,Direct Drop,DDP,Truck,Pre-PQ Process,Date Not Captured,20-Aug-08,14-May-08,14-May-08,ARV,Pediatric,"Lamivudine 10mg/ml [Epivir], oral solution, Bottle, 240 ml",Lamivudine,10mg/ml,Oral solution,240,470,2942.2,6.26,0.03,No,Weight Captured Separately,Freight Included in Commodity Cost,4.71
7129,116-ZA-T01,Pre-PQ Process,SCMS-23500,ASN-2299,South Africa,PMO - US,Direct Drop,DDP,Truck,Pre-PQ Process,Date Not Captured,20-Aug-08,14-May-08,14-May-08,ARV,Pediatric,"Zidovudine 10mg/ml [Retrovir], oral solution, Bottle, 200 ml",Zidovudine,10mg/ml,Oral solution,200,140,960.4,6.86,0.03,Yes,Weight Captured Separately,Freight Included in Commodity Cost,1.54
7172,130-NG-T01,Pre-PQ Process,SCMS-24590,ASN-2024,Nigeria,PMO - US,Direct Drop,EXW,Air,Pre-PQ Process,6/2/2008,31-Jul-08,31-Jul-08,31-Jul-08,ANTM,Malaria,"Sulfadoxine/Pyrimethamine 500/25mg, tablets, 1000 Tabs",Sulfadoxine/Pyrimethamine,500/25mg,Tablet - FDC,1000,20,527.0,26.35,0.03,Yes,1920,20134.43,0.84
7176,107-RW-T01,Pre-PQ Process,SCMS-25080,ASN-2396,Rwanda,PMO - US,Direct Drop,EXW,Air,Pre-PQ Process,6/12/2008,18-Oct-08,18-Oct-08,18-Oct-08,HRDT,HIV test,"HIV 1/2, Uni-Gold HIV Kit, 20 Tests","HIV 1/2, Uni-Gold HIV Kit",,Test kit,20,3400,108800.0,32.0,1.6,Yes,1131,22370.64,174.08
7183,107-RW-T01,Pre-PQ Process,SCMS-25210,ASN-1966,Rwanda,PMO - US,Direct Drop,EXW,Air,Pre-PQ Process,6/12/2008,4-Jul-08,4-Jul-08,4-Jul-08,HRDT,HIV test,"HIV 1/2/O, First Response HIV 1-2.0, v.3.0 Cards Kit, 30 Tests","HIV 1/2/O, First Response HIV 1-2.0, v.3.0 Cards Kit",,Test kit,30,6180,101970.0,16.5,0.55,Yes,2130,17331.66,163.15
7184,113-ZW-T01,Pre-PQ Process,SCMS-25310,ASN-2632,Zimbabwe,PMO - US,Direct Drop,EXW,Air,Pre-PQ Process,6/12/2008,17-Nov-08,17-Nov-08,17-Nov-08,HRDT,HIV test,"HIV 1/2, Bioline 3.0 Kit, Lancets, Capillary pipets, Alcohol swabs included, 25 Tests","HIV 1/2, Bioline 3.0 Kit, Lancets, Capillary pipets, Alcohol swabs included",,Test kit,25,7864,157280.0,20.0,0.8,Yes,2450,18087.86,308.27
7201,107-RW-T01,Pre-PQ Process,SCMS-25530,ASN-2068,Rwanda,PMO - US,Direct Drop,CIP,Air,Pre-PQ Process,6/13/2008,22-Jul-08,22-Jul-08,22-Jul-08,ARV,Adult,"Lamivudine/Zidovudine 150/300mg, tablets, 60 Tabs",Lamivudine/Zidovudine,150/300mg,Tablet - FDC,60,45168,414642.24,9.18,0.15,Yes,3953,23071.26,663.43
7202,116-ZA-T01,Pre-PQ Process,SCMS-25550,ASN-2294,South Africa,PMO - US,Direct Drop,DDP,Truck,Pre-PQ Process,Date Not Captured,17-Jun-08,17-Jun-08,17-Jun-08,ARV,Adult,"Emtricitabine/Tenofovir Disoproxil Fumarate 200/300mg [Truvada], tablets, 30 Tabs",Emtricitabine/Tenofovir Disoproxil Fumarate,300/200mg,Tablet - FDC,30,60,2368.2,39.47,1.32,Yes,Weight Captured Separately,Freight Included in Commodity Cost,3.79
7218,108-VN-T01,Pre-PQ Process,SCMS-26180,ASN-2274,Vietnam,PMO - US,Direct Drop,EXW,Air,Pre-PQ Process,7/1/2008,19-Sep-08,19-Sep-08,19-Sep-08,ARV,Adult,"Nevirapine 200mg, tablets, 60 Tabs",Nevirapine,200mg,Tablet,60,4200,12180.0,2.9,0.05,No,See ASN-2274 (ID#:610),See ASN-2274 (ID#:610),19.49
7244,116-ZA-T01,Pre-PQ Process,SCMS-26820,ASN-2488,South Africa,PMO - US,Direct Drop,DDP,Truck,Pre-PQ Process,Date Not Captured,10-Jul-08,8-Jul-08,8-Jul-08,ARV,Adult,"Nevirapine 200mg, tablets, 60 Tabs",Nevirapine,200mg,Tablet,60,120,2428.8,20.24,0.34,No,Weight Captured Separately,Freight Included in Commodity Cost,3.89
7259,102-GY-T01,Pre-PQ Process,SCMS-27030,ASN-2639,Guyana,PMO - US,Direct Drop,EXW,Air,Pre-PQ Process,8/21/2008,29-Oct-08,13-Oct-08,13-Oct-08,HRDT,HIV test - Ancillary,"HIV, Lancet, Safety, for HIV Test kits, 100 Pcs","HIV, Lancet, Safety, for HIV Test kits, 100 Pcs",,Test kit - Ancillary,100,213,2.13,0.01,0.0,Yes,14,180,0.0
7260,133-NG-T01,Pre-PQ Process,SCMS-27070,ASN-2353,Nigeria,PMO - US,Direct Drop,EXW,Air,Pre-PQ Process,8/21/2008,12-Sep-08,3-Sep-08,3-Sep-08,HRDT,HIV test - Ancillary,"HIV, Lancet, Safety, for HIV Test kits, 100 Pcs","HIV, Lancet, Safety, for HIV Test kits, 100 Pcs",,Test kit - Ancillary,100,6875,68.75,0.01,0.0,Yes,Weight Captured Separately,Invoiced Separately,0.11
7276,117-ET-T01,Pre-PQ Process,SCMS-27810,ASN-2591,Ethiopia,PMO - US,Direct Drop,EXW,Air,Pre-PQ Process,7/31/2008,6-Oct-08,6-Oct-08,6-Oct-08,HRDT,HIV test,"HIV 1/2, Uni-Gold HIV Kit, 20 Tests","HIV 1/2, Uni-Gold HIV Kit",,Test kit,20,4200,134400.0,32.0,1.6,Yes,1413,18180.65,215.04
7321,111-MZ-T01,Pre-PQ Process,SCMS-28730,ASN-2658,Mozambique,PMO - US,Direct Drop,EXW,Air,Pre-PQ Process,8/26/2008,1-Nov-08,1-Nov-08,1-Nov-08,HRDT,HIV test,"HIV 1/2, Determine HIV Kit, without Lancets, 100 Tests","HIV 1/2, Determine HIV Kit, without Lancets",,Test kit,100,7690,553603.1,71.99,0.72,No,See ASN-2658 (ID#:4650),See ASN-2658 (ID#:4650),1085.06
7325,116-ZA-T01,Pre-PQ Process,SCMS-28830,ASN-2502,South Africa,PMO - US,Direct Drop,DDP,Truck,Pre-PQ Process,Date Not Captured,25-Aug-08,18-Aug-08,18-Aug-08,ARV,Adult,"Nevirapine 200mg, tablets, 60 Tabs",Nevirapine,200mg,Tablet,60,240,4860.0,20.25,0.34,No,Weight Captured Separately,Freight Included in Commodity Cost,7.78
7326,116-ZA-T01,Pre-PQ Process,SCMS-28830,ASN-2503,South Africa,PMO - US,Direct Drop,DDP,Truck,Pre-PQ Process,Date Not Captured,25-Aug-08,14-Aug-08,14-Aug-08,ARV,Pediatric,"Stavudine 1mg/ml [Zerit], powder for oral solution, Bottle, 200 ml",Stavudine,1mg/ml,Powder for oral solution,200,120,176.4,1.47,0.01,No,Weight Captured Separately,Freight Included in Commodity Cost,0.28
7327,116-ZA-T01,Pre-PQ Process,SCMS-28830,ASN-2503,South Africa,PMO - US,Direct Drop,DDP,Truck,Pre-PQ Process,Date Not Captured,25-Aug-08,14-Aug-08,14-Aug-08,ARV,Adult,"Lamivudine 150mg [Epivir], tablets, 60 Tabs",Lamivudine,150mg,Tablet,60,1500,7965.0,5.31,0.09,No,Weight Captured Separately,Freight Included in Commodity Cost,12.74
7338,104-CI-T01,Pre-PQ Process,SCMS-29330,ASN-2923,Côte d'Ivoire,PMO - US,Direct Drop,EXW,Air,Pre-PQ Process,9/3/2008,23-Jan-09,23-Jan-09,23-Jan-09,ACT,ACT,"Artesunate+Amodiaquine 50+153mg, tablets, co-blister 12+12 Tabs",Artesunate+Amodiaquine,50+153mg,Tablet - FDC + co-blister,24,25000,17500.0,0.7,0.03,Yes,634,8530.29,34.3
7398,104-CI-T01,Pre-PQ Process,SCMS-30410,ASN-2712,Côte d'Ivoire,PMO - US,Direct Drop,EXW,Air,Pre-PQ Process,9/18/2008,24-Nov-08,24-Nov-08,24-Nov-08,HRDT,HIV test,"#108853** HIV, Genie II HIV-1/HIV-2 Kit, 40 Tests","HIV, Genie II HIV-1/HIV-2 Kit",,Test kit,40,603,45828.0,76.0,1.9,Yes,679,9698.22,89.82
7421,119-NA-T01,Pre-PQ Process,SCMS-31190,ASN-2718,Namibia,PMO - US,Direct Drop,CIP,Air,Pre-PQ Process,9/24/2008,28-Oct-08,28-Oct-08,28-Oct-08,HRDT,HIV test,"HIV 1/2, Clearview Complete Kit, 25 Tests","HIV 1/2, Clearview Complete Kit",,Test kit,25,7,525.0,75.0,3.0,Yes,3,85.27,1.03
7436,108-VN-T01,Pre-PQ Process,SCMS-31720,ASN-3312,Vietnam,PMO - US,Direct Drop,EXW,Air,Pre-PQ Process,10/21/2008,27-Feb-09,27-Feb-09,27-Feb-09,ARV,Adult,"Nevirapine 200mg, tablets, 60 Tabs",Nevirapine,200mg,Tablet,60,7800,22620.0,2.9,0.05,No,See ASN-3312 (ID#:6081),See ASN-3312 (ID#:6081),44.34
7467,117-ET-T01,Pre-PQ Process,SCMS-32630,ASN-3154,Ethiopia,PMO - US,Direct Drop,EXW,Air,Pre-PQ Process,10/27/2008,26-Jan-09,26-Jan-09,26-Jan-09,HRDT,HIV test,"HIV 1/2, SKB Colloidal Gold, Diagnostic Kit, Antibody, 50 Tests","HIV 1/2, Colloidal Gold, Diagnostic Kit, Antibody",,Test kit,1,3510,80730.0,23.0,23.0,Yes,2535,20083.74,158.23
7468,117-ET-T01,Pre-PQ Process,SCMS-32640,ASN-2933,Ethiopia,PMO - US,Direct Drop,EXW,Air,Pre-PQ Process,10/27/2008,3-Dec-08,1-Dec-08,1-Dec-08,HRDT,HIV test,"HIV 1/2, SKB Colloidal Gold, Diagnostic Kit, Antibody, 50 Tests","HIV 1/2, Colloidal Gold, Diagnostic Kit, Antibody",,Test kit,1,3510,80730.0,23.0,23.0,Yes,2535,23035.69,158.23
7469,117-ET-T01,Pre-PQ Process,SCMS-32640,ASN-2934,Ethiopia,PMO - US,Direct Drop,EXW,Air,Pre-PQ Process,10/27/2008,3-Dec-08,1-Dec-08,1-Dec-08,HRDT,HIV test,"HIV 1/2, SKB Colloidal Gold, Diagnostic Kit, Antibody, 50 Tests","HIV 1/2, Colloidal Gold, Diagnostic Kit, Antibody",,Test kit,1,3510,80730.0,23.0,23.0,Yes,2535,23035.69,158.23
7475,116-ZA-T01,Pre-PQ Process,SCMS-33320,ASN-3553,South Africa,PMO - US,Direct Drop,DDP,Truck,Pre-PQ Process,Date Not Captured,17-May-09,9-Oct-08,9-Oct-08,ARV,Adult,"Zidovudine 300mg [Retrovir], tablets, 60 Tabs",Zidovudine,300mg,Tablet,60,350,4417.0,12.62,0.21,No,Weight Captured Separately,Freight Included in Commodity Cost,8.66
7476,116-ZA-T01,Pre-PQ Process,SCMS-33320,ASN-3553,South Africa,PMO - US,Direct Drop,DDP,Truck,Pre-PQ Process,Date Not Captured,17-May-09,9-Oct-08,9-Oct-08,ARV,Adult,"Lamivudine 150mg [Epivir], tablets, 60 Tabs",Lamivudine,150mg,Tablet,60,1200,5772.0,4.81,0.08,No,Weight Captured Separately,Freight Included in Commodity Cost,11.31
7477,116-ZA-T01,Pre-PQ Process,SCMS-33320,ASN-3553,South Africa,PMO - US,Direct Drop,DDP,Truck,Pre-PQ Process,Date Not Captured,17-May-09,9-Oct-08,9-Oct-08,ARV,Pediatric,"Didanosine 25mg [Videx], chewable tablets, 60 Tabs",Didanosine,25mg,Chewable/dispersible tablet,60,10,123.1,12.31,0.21,No,Weight Captured Separately,Freight Included in Commodity Cost,0.24
7607,108-VN-T01,Pre-PQ Process,SCMS-37160,ASN-3561,Vietnam,PMO - US,Direct Drop,EXW,Air,Pre-PQ Process,1/16/2009,7-Apr-09,7-Apr-09,7-Apr-09,ARV,Adult,"Lamivudine/Zidovudine 150/300mg, tablets, 60 Tabs",Lamivudine/Zidovudine,150/300mg,Tablet - FDC,60,4032,34715.52,8.61,0.14,No,See ASN-3561 (ID#:2297),See ASN-3561 (ID#:2297),68.04
7638,109-TZ-T01,Pre-PQ Process,SCMS-38400,ASN-3694,Tanzania,PMO - US,Direct Drop,FCA,Air,Pre-PQ Process,2/5/2009,27-May-09,27-May-09,27-May-09,ARV,Adult,"Lopinavir/Ritonavir 200/50mg [Aluvia], tablets, 120 Tabs",Lopinavir/Ritonavir,200/50mg,Tablet,120,12560,516216.0,41.1,0.34,Yes,3073,12815.42,1011.78
7675,104-CI-T01,Pre-PQ Process,SCMS-39420,ASN-3632,Côte d'Ivoire,PMO - US,Direct Drop,EXW,Air,Pre-PQ Process,2/24/2009,24-Mar-09,24-Mar-09,24-Mar-09,HRDT,HIV test,"HIV 1/2, Determine HIV Kit, without Lancets, 100 Tests","HIV 1/2, Determine HIV Kit, without Lancets",,Test kit,100,2000,140000.0,70.0,0.7,Yes,453,8603.58,274.4
7695,106-HT-T01,Pre-PQ Process,SCMS-39970,ASN-3628,Haiti,PMO - US,Direct Drop,EXW,Air,Pre-PQ Process,3/6/2009,2-Apr-09,2-Apr-09,2-Apr-09,ARV,Pediatric,"Didanosine 200mg, chewable/dispersible tablets, 60 Tabs",Didanosine,200mg,Chewable/dispersible tablet,60,40,620.0,15.5,0.26,No,See ASN-3628 (ID#:2399),See ASN-3628 (ID#:2399),1.22
7696,106-HT-T01,Pre-PQ Process,SCMS-40010,ASN-3629,Haiti,PMO - US,Direct Drop,EXW,Air,Pre-PQ Process,3/6/2009,7-Apr-09,7-Apr-09,7-Apr-09,ARV,Pediatric,"Efavirenz 50mg, capsule, 30 Caps",Efavirenz,50mg,Capsule,30,1242,2782.08,2.24,0.07,Yes,96,1448.55,5.45
7708,106-HT-T01,Pre-PQ Process,SCMS-40310,ASN-3664,Haiti,PMO - US,Direct Drop,EXW,Air,Pre-PQ Process,3/9/2009,24-Mar-09,24-Mar-09,24-Mar-09,HRDT,HIV test,"HIV 1/2, Capillus HIV Kit, 100 Tests","HIV 1/2, Capillus HIV Kit",,Test kit,100,110,15290.0,139.0,1.39,Yes,78,1953.6,29.97
7718,116-ZA-T01,Pre-PQ Process,SCMS-40780,ASN-3607,South Africa,PMO - US,Direct Drop,DDP,Air,Pre-PQ Process,Date Not Captured,17-Mar-09,28-Nov-08,28-Nov-08,ARV,Adult,"Zidovudine 300mg, tablets, 60 Tabs",Zidovudine,300mg,Tablet,60,300,3699.0,12.33,0.21,No,Weight Captured Separately,Freight Included in Commodity Cost,7.25
7719,116-ZA-T01,Pre-PQ Process,SCMS-40780,ASN-3607,South Africa,PMO - US,Direct Drop,DDP,Air,Pre-PQ Process,Date Not Captured,17-Mar-09,28-Nov-08,28-Nov-08,ARV,Pediatric,"Zidovudine 10mg/ml, oral solution, Bottle, 240 ml",Zidovudine,10mg/ml,Oral solution,240,540,2030.4,3.76,0.02,No,Weight Captured Separately,Freight Included in Commodity Cost,3.98
7720,116-ZA-T01,Pre-PQ Process,SCMS-40780,ASN-3607,South Africa,PMO - US,Direct Drop,DDP,Air,Pre-PQ Process,Date Not Captured,17-Mar-09,28-Nov-08,28-Nov-08,ARV,Adult,"Lopinavir/Ritonavir 200/50mg [Aluvia], tablets, 120 Tabs",Lopinavir/Ritonavir,200/50mg,Tablet,120,1500,47880.0,31.92,0.27,No,Weight Captured Separately,Freight Included in Commodity Cost,93.84
7721,116-ZA-T01,Pre-PQ Process,SCMS-40810,ASN-3634,South Africa,PMO - US,Direct Drop,DDP,Air,Pre-PQ Process,Date Not Captured,31-Mar-09,2-Dec-08,2-Dec-08,ARV,Adult,"Efavirenz 600mg, tablets, 30 Tabs",Efavirenz,600mg,Tablet,30,6734,98383.74,14.61,0.49,No,Weight Captured Separately,Freight Included in Commodity Cost,192.83
7728,116-ZA-T01,Pre-PQ Process,SCMS-41050,ASN-3635,South Africa,PMO - US,Direct Drop,DDP,Air,Pre-PQ Process,Date Not Captured,21-Apr-09,5-Dec-08,5-Dec-08,ARV,Pediatric,"Efavirenz 50mg, capsule, 30 Caps",Efavirenz,50mg,Capsule,30,144,440.64,3.06,0.1,No,See ASN-3635 (ID#:3745),See ASN-3635 (ID#:3745),0.86
7729,116-ZA-T01,Pre-PQ Process,SCMS-41090,ASN-3626,South Africa,PMO - US,Direct Drop,DDP,Air,Pre-PQ Process,Date Not Captured,9-Jun-09,27-Jan-09,27-Jan-09,ARV,Pediatric,"Efavirenz 50mg, capsule, 30 Caps",Efavirenz,50mg,Capsule,30,2996,9197.72,3.07,0.1,Yes,Weight Captured Separately,Freight Included in Commodity Cost,18.03
7730,116-ZA-T01,Pre-PQ Process,SCMS-41140,ASN-3752,South Africa,PMO - US,Direct Drop,DDP,Air,Pre-PQ Process,Date Not Captured,31-Mar-09,21-Nov-08,21-Nov-08,ARV,Adult,"Saquinavir 200mg [Invirase], capsules, 270 Caps",Saquinavir,200mg,Capsule,270,30,1634.7,54.49,0.2,No,Weight Captured Separately,Freight Included in Commodity Cost,3.2
7731,116-ZA-T01,Pre-PQ Process,SCMS-41140,ASN-3752,South Africa,PMO - US,Direct Drop,DDP,Air,Pre-PQ Process,Date Not Captured,31-Mar-09,21-Nov-08,21-Nov-08,ARV,Pediatric,"Efavirenz 50mg [Stocrin/Sustiva], capsule, 30 Caps",Efavirenz,50mg,Capsule,30,400,912.0,2.28,0.08,No,Weight Captured Separately,Freight Included in Commodity Cost,1.79
7732,116-ZA-T01,Pre-PQ Process,SCMS-41140,ASN-3752,South Africa,PMO - US,Direct Drop,DDP,Air,Pre-PQ Process,Date Not Captured,31-Mar-09,21-Nov-08,21-Nov-08,ARV,Pediatric,"Didanosine 100mg [Videx],chewable tablets, 60 Tabs",Didanosine,100mg,Chewable/dispersible tablet,60,10,100.6,10.06,0.17,No,Weight Captured Separately,Freight Included in Commodity Cost,0.2
7734,116-ZA-T01,Pre-PQ Process,SCMS-41190,ASN-3732,South Africa,PMO - US,Direct Drop,DDP,Air,Pre-PQ Process,Date Not Captured,30-Mar-09,21-Jan-09,21-Jan-09,ARV,Pediatric,"Stavudine 1mg/ml [Zerit], powder for oral solution, Bottle, 200 ml",Stavudine,1mg/ml,Powder for oral solution,200,650,741.0,1.14,0.01,No,Weight Captured Separately,Freight Included in Commodity Cost,1.45
7735,116-ZA-T01,Pre-PQ Process,SCMS-41190,ASN-3732,South Africa,PMO - US,Direct Drop,DDP,Air,Pre-PQ Process,Date Not Captured,30-Mar-09,21-Jan-09,21-Jan-09,ARV,Pediatric,"Lamivudine 10mg/ml [Epivir], oral solution, Bottle, 240 ml",Lamivudine,10mg/ml,Oral solution,240,350,1781.5,5.09,0.02,No,Weight Captured Separately,Freight Included in Commodity Cost,3.49
7736,116-ZA-T01,Pre-PQ Process,SCMS-41200,ASN-3735,South Africa,PMO - US,Direct Drop,DDP,Air,Pre-PQ Process,Date Not Captured,30-Mar-09,21-Jan-09,21-Jan-09,ARV,Pediatric,"Lopinavir/Ritonavir 80/20mg/ml [Kaletra], oral solution, cool, Bottle 5 x 60 ml",Lopinavir/Ritonavir,80/20mg/ml,Oral solution,300,70,2163.7,30.91,0.1,Yes,Weight Captured Separately,Freight Included in Commodity Cost,4.24
7741,116-ZA-T01,Pre-PQ Process,SCMS-41440,ASN-4180,South Africa,PMO - US,Direct Drop,DDP,Truck,Pre-PQ Process,3/18/2009,14-Apr-09,14-Apr-09,14-Apr-09,ARV,Pediatric,"Lopinavir/Ritonavir 80/20mg/ml [Kaletra], oral solution, cool, Bottle 5 x 60 ml",Lopinavir/Ritonavir,80/20mg/ml,Oral solution,300,440,15831.2,35.98,0.12,Yes,Weight Captured Separately,Freight Included in Commodity Cost,31.03
7748,116-ZA-T01,Pre-PQ Process,SCMS-41581,ASN-4196,South Africa,PMO - US,Direct Drop,DDP,Air,Pre-PQ Process,3/27/2009,25-Jun-09,14-Apr-09,14-Apr-09,ARV,Pediatric,"Stavudine 1mg/ml, powder for oral solution, 200 ml",Stavudine,1mg/ml,Oral solution,200,1500,3150.0,2.1,0.01,No,Weight Captured Separately,Freight Included in Commodity Cost,6.17
7749,116-ZA-T01,Pre-PQ Process,SCMS-41584,ASN-4385,South Africa,PMO - US,Direct Drop,DDP,Air,Pre-PQ Process,3/27/2009,25-Jun-09,20-Apr-09,20-Apr-09,ARV,Adult,"Lopinavir/Ritonavir 200/50mg [Aluvia], tablets, 120 Tabs",Lopinavir/Ritonavir,200/50mg,Tablet,120,2965,106680.7,35.98,0.3,No,Weight Captured Separately,Freight Included in Commodity Cost,209.09
7750,116-ZA-T01,Pre-PQ Process,SCMS-41585,ASN-4386,South Africa,PMO - US,Direct Drop,DDP,Air,Pre-PQ Process,3/27/2009,25-Jun-09,21-Apr-09,21-Apr-09,ARV,Pediatric,"Lamivudine 10mg/ml [Epivir], oral solution, Bottle, 240 ml",Lamivudine,10mg/ml,Oral solution,240,1900,10564.0,5.56,0.02,No,Weight Captured Separately,Freight Included in Commodity Cost,20.71
7751,116-ZA-T01,Pre-PQ Process,SCMS-41580,ASN-4603,South Africa,PMO - US,Direct Drop,DDP,Truck,Pre-PQ Process,3/27/2009,25-Jun-09,5-Jun-09,5-Jun-09,ARV,Adult,"Stavudine 30mg, capsules, 60 Caps",Stavudine,30mg,Capsule,60,4553,13659.0,3.0,0.05,No,Weight Captured Separately,Freight Included in Commodity Cost,26.77
7775,102-GY-T01,Pre-PQ Process,SCMS-42300,ASN-4318,Guyana,PMO - US,Direct Drop,EXW,Air,Pre-PQ Process,3/31/2009,9-Jul-09,9-Jul-09,9-Jul-09,HRDT,HIV test,"HIV 1/2, Uni-Gold HIV Kit, 20 Tests","HIV 1/2, Uni-Gold HIV Kit",,Test kit,20,1371,43872.0,32.0,1.6,Yes,468,5733.61,85.99
7778,116-ZA-T01,Pre-PQ Process,SCMS-42440,ASN-4514,South Africa,PMO - US,Direct Drop,DDP,Truck,Pre-PQ Process,4/2/2009,8-Jun-09,8-Jun-09,8-Jun-09,ARV,Pediatric,"Efavirenz 50mg, capsule, 30 Caps",Efavirenz,50mg,Capsule,30,600,1890.0,3.15,0.1,Yes,Weight Captured Separately,Freight Included in Commodity Cost,3.7
7779,116-ZA-T01,Pre-PQ Process,SCMS-47430,ASN-4244,South Africa,PMO - US,Direct Drop,DDP,Truck,Pre-PQ Process,4/2/2009,15-May-09,17-Apr-09,17-Apr-09,ARV,Adult,"Nevirapine 200mg [Viramune], tablets, 60 Tabs",Nevirapine,200mg,Tablet,60,300,5031.0,16.77,0.28,No,Weight Captured Separately,Freight Included in Commodity Cost,9.86
7837,108-VN-T01,Pre-PQ Process,SCMS-45080,ASN-4420,Vietnam,PMO - US,Direct Drop,EXW,Air,Pre-PQ Process,4/29/2009,10-Jul-09,10-Jul-09,10-Jul-09,ARV,Adult,"Lamivudine 150mg, tablets, 60 Tabs",Lamivudine,150mg,Tablet,60,18000,43200.0,2.4,0.04,No,See ASN-4420 (ID#:1183),See ASN-4420 (ID#:1183),84.67
7847,119-NA-T01,Pre-PQ Process,SCMS-45620,ASN-4511,Namibia,PMO - US,Direct Drop,EXW,Air,Pre-PQ Process,5/8/2009,18-Aug-09,18-Aug-09,18-Aug-09,ARV,Pediatric,"Lamivudine/Nevirapine/Stavudine 30/50/6mg, dispersible tablets, 60 Tabs",Lamivudine/Nevirapine/Stavudine,30/50/6mg,Chewable/dispersible tablet - FDC,60,1812,4348.8,2.4,0.04,No,See ASN-4511 (ID#:2571),See ASN-4511 (ID#:2571),8.52
7849,114-UG-T01,Pre-PQ Process,SCMS-45660,ASN-4378,Uganda,PMO - US,Direct Drop,CIP,Air,Pre-PQ Process,5/11/2009,6-Jul-09,6-Jul-09,6-Jul-09,ARV,Adult,"Didanosine EC 250mg [Videx EC], delayed-release capsules, Blister 3 x 10 Caps",Didanosine EC,250mg,Delayed-release capsules - blister,30,84,1540.56,18.34,0.61,Yes,4,390.81,3.02
7857,102-BW-T01,Pre-PQ Process,SCMS-46080,ASN-4216,Botswana,PMO - US,Direct Drop,EXW,Air,Pre-PQ Process,5/18/2009,7-Jul-09,7-Jul-09,7-Jul-09,HRDT,HIV test,"HIV 1/2, Determine HIV Kit, without Lancets, 100 Tests","HIV 1/2, Determine HIV Kit, without Lancets",,Test kit,100,15,1050.0,70.0,0.7,Yes,4,383.65,2.06
7868,109-TZ-T01,Pre-PQ Process,SCMS-46510,ASN-4696,Tanzania,PMO - US,Direct Drop,FCA,Air,Pre-PQ Process,5/28/2009,25-Sep-09,25-Sep-09,25-Sep-09,ARV,Adult,"Saquinavir 200mg [Invirase], capsules, 270 Caps",Saquinavir,200mg,Capsule,270,5178,461436.41,89.11,0.33,Yes,2666,16751.58,904.42
7894,119-NA-T01,Pre-PQ Process,SCMS-47130,ASN-4416,Namibia,PMO - US,Direct Drop,EXW,Air,Pre-PQ Process,6/5/2009,27-Jul-09,27-Jul-09,27-Jul-09,HRDT,HIV test,"HIV 1/2, Determine HIV Kit, without Lancets, 100 Tests","HIV 1/2, Determine HIV Kit, without Lancets",,Test kit,100,24,1680.0,70.0,0.7,Yes,6,868.31,3.29
7921,108-VN-T01,Pre-PQ Process,SCMS-19,ASN-13,Vietnam,PMO - US,Direct Drop,EXW,Air,Pre-PQ Process,Date Not Captured,3-Sep-06,3-Sep-06,3-Sep-06,ARV,Adult,"Nelfinavir (as mesilate) 250mg [Viracept], tablets, 270 Tabs",Nelfinavir (as mesilate),250mg,Tablet,270,1000,164620.0,164.62,0.61,Yes,254,7828.28,
7922,104-CI-T01,Pre-PQ Process,SCMS-21,ASN-15,Côte d'Ivoire,PMO - US,Direct Drop,FCA,Air,Pre-PQ Process,Date Not Captured,16-Sep-06,16-Sep-06,16-Sep-06,HRDT,HIV test,"HIV 1/2, Determine Complete HIV Kit, 100 Tests","HIV 1/2, Determine Complete HIV Kit",,Test kit,100,500,40000.0,80.0,0.8,Yes,171,1275.12,
7926,102-NG-T01,Pre-PQ Process,SCMS-33,ASN-19,Nigeria,PMO - US,Direct Drop,DDU,,Pre-PQ Process,Date Not Captured,21-Jul-06,21-Jul-06,21-Jul-06,HRDT,HIV test,"HIV 1/2, Determine Complete HIV Kit, 100 Tests","HIV 1/2, Determine Complete HIV Kit",,Test kit,100,500,60000.0,120.0,1.2,Yes,Weight Captured Separately,Freight Included in Commodity Cost,
7929,110-ZM-T01,Pre-PQ Process,SCMS-39,ASN-37,Zambia,PMO - US,Direct Drop,FCA,Air,Pre-PQ Process,Date Not Captured,19-Sep-06,19-Sep-06,19-Sep-06,HRDT,HIV test,"HIV 1/2, Determine Complete HIV Kit, 100 Tests","HIV 1/2, Determine Complete HIV Kit",,Test kit,100,1000,80000.0,80.0,0.8,Yes,343,2373.73,
7939,106-HT-T01,Pre-PQ Process,SCMS-75,ASN-75,Haiti,PMO - US,Direct Drop,DDP,Air,Pre-PQ Process,Date Not Captured,15-Sep-06,15-Sep-06,15-Sep-06,HRDT,HIV test,"HIV 1/2, Determine Complete HIV Kit, 100 Tests","HIV 1/2, Determine Complete HIV Kit",,Test kit,100,150,22500.0,150.0,1.5,Yes,Weight Captured Separately,Freight Included in Commodity Cost,
7953,104-CI-T01,Pre-PQ Process,SCMS-107,ASN-69,Côte d'Ivoire,PMO - US,Direct Drop,FCA,Air,Pre-PQ Process,Date Not Captured,14-Nov-06,14-Nov-06,14-Nov-06,HRDT,HIV test,"HIV 1/2, Determine Complete HIV Kit, 100 Tests","HIV 1/2, Determine Complete HIV Kit",,Test kit,100,850,68000.0,80.0,0.8,Yes,291096,156.97,
7954,110-ZM-T01,Pre-PQ Process,SCMS-109,ASN-68,Zambia,PMO - US,Direct Drop,FCA,Air,Pre-PQ Process,Date Not Captured,31-Oct-06,31-Oct-06,31-Oct-06,HRDT,HIV test,"HIV 1/2, Determine Complete HIV Kit, 100 Tests","HIV 1/2, Determine Complete HIV Kit",,Test kit,100,1250,100000.0,80.0,0.8,Yes,426,2487.58,
7968,110-ZM-T01,Pre-PQ Process,SCMS-139,ASN-130,Zambia,PMO - US,Direct Drop,DDU,Air,Pre-PQ Process,Date Not Captured,8-Jan-07,8-Jan-07,8-Jan-07,ARV,Adult,"Indinavir 400mg [Crixivan], capsules, 180 Caps",Indinavir,400mg,Capsule,180,1307,64461.24,49.32,0.27,No,Weight Captured Separately,Freight Included in Commodity Cost,
7970,108-VN-T01,Pre-PQ Process,SCMS-167,ASN-270,Vietnam,PMO - US,Direct Drop,EXW,Air,Pre-PQ Process,11/14/2006,14-Mar-07,14-Mar-07,14-Mar-07,ARV,Adult,"Zidovudine 300mg, tablets, 60 Tabs",Zidovudine,300mg,Tablet,60,100,1084.0,10.84,0.18,No,See ASN-270 (ID#:5279),See ASN-270 (ID#:5279),
7975,114-UG-T01,Pre-PQ Process,SCMS-176,ASN-129,Uganda,PMO - US,Direct Drop,EXW,Air,Pre-PQ Process,Date Not Captured,22-Dec-06,22-Dec-06,22-Dec-06,ARV,Adult,"Lamivudine/Zidovudine+Nevirapine 150/300+200mg, tablets, co-blister, 60+60 Tabs",Lamivudine/Zidovudine+Nevirapine,150/300+200mg,Tablet - FDC + co-blister,120,1270,26670.0,21.0,0.18,Yes,201,1262.91,
7983,113-ZW-T01,Pre-PQ Process,SCMS-231,ASN-139,Zimbabwe,PMO - US,Direct Drop,CIP,Air,Pre-PQ Process,Date Not Captured,18-Dec-06,18-Dec-06,18-Dec-06,ARV,Pediatric,"#102198**Didanosine 200mg [Videx], tablets, 60 Tabs",Didanosine,200mg,Tablet,60,425,10837.5,25.5,0.42,Yes,Weight Captured Separately,Freight Included in Commodity Cost,
7984,106-HT-T01,Pre-PQ Process,SCMS-275,ASN-193,Haiti,PMO - US,Direct Drop,EXW,Air,Pre-PQ Process,Date Not Captured,23-Jan-07,23-Jan-07,23-Jan-07,HRDT,HIV test,"HIV 1/2, Capillus HIV Kit, 100 Tests","HIV 1/2, Capillus HIV Kit",,Test kit,100,60,10500.0,175.0,1.75,Yes,40,749.96,
7990,102-NG-T01,Pre-PQ Process,SCMS-344,ASN-207,Nigeria,PMO - US,Direct Drop,EXW,Air,Pre-PQ Process,Date Not Captured,15-Mar-07,5-Mar-07,5-Mar-07,HRDT,HIV test,"HIV 1/2, Stat-Pak HIV, Kit, 20 Tests","HIV 1/2, Stat-Pak HIV, Kit",,Test kit,20,2496,67392.0,27.0,1.35,Yes,702,4474.15,
7991,102-NG-T01,Pre-PQ Process,SCMS-344,ASN-280,Nigeria,PMO - US,Direct Drop,EXW,Air,Pre-PQ Process,Date Not Captured,15-Mar-07,15-Mar-07,15-Mar-07,HRDT,HIV test,"HIV 1/2, Stat-Pak HIV, Kit, 20 Tests","HIV 1/2, Stat-Pak HIV, Kit",,Test kit,20,5004,135108.0,27.0,1.35,Yes,1531,11731.15,
8005,102-GY-T01,Pre-PQ Process,SCMS-433,ASN-281,Guyana,PMO - US,Direct Drop,EXW,Air,Pre-PQ Process,3/1/2007,27-Mar-07,27-Mar-07,27-Mar-07,HRDT,HIV test,"HIV 1/2, Stat-Pak HIV, Kit, 20 Tests","HIV 1/2, Stat-Pak HIV, Kit",,Test kit,20,50,1350.0,27.0,1.35,Yes,18,378.6,
8017,100-HT-T01,Pre-PQ Process,SCMS-539,ASN-364,Haiti,PMO - US,Direct Drop,EXW,Air,Pre-PQ Process,4/4/2007,3-May-07,3-May-07,3-May-07,HRDT,HIV test,"HIV 1/2, Determine Complete HIV Kit, 100 Tests","HIV 1/2, Determine Complete HIV Kit",,Test kit,100,1000,80000.0,80.0,0.8,Yes,343,2802.42,
8023,102-NG-T01,Pre-PQ Process,SCMS-587,ASN-417,Nigeria,PMO - US,Direct Drop,EXW,Air,Pre-PQ Process,4/30/2007,31-May-07,31-May-07,31-May-07,HRDT,HIV test,"HIV 1/2, Determine Complete HIV Kit, 100 Tests","HIV 1/2, Determine Complete HIV Kit",,Test kit,100,2500,200000.0,80.0,0.8,Yes,851,5469.91,
8038,108-VN-T01,Pre-PQ Process,SCMS-753,ASN-781,Vietnam,PMO - US,Direct Drop,EXW,Air,Pre-PQ Process,7/4/2007,15-Oct-07,15-Oct-07,15-Oct-07,ARV,Pediatric,"Lamivudine 10mg/ml, oral solution, Bottle, 240 ml",Lamivudine,10mg/ml,Oral solution,240,500,950.0,1.9,0.01,No,See ASN-781 (ID#:115),See ASN-781 (ID#:115),1.52
8061,109-TZ-T01,Pre-PQ Process,SCMS-10250,ASN-682,Tanzania,PMO - US,Direct Drop,EXW,Air,Pre-PQ Process,Date Not Captured,25-Oct-07,25-Oct-07,25-Oct-07,HRDT,HIV test,"HIV 1/2, Bioline 3.0 Kit, Lancets, Capillary pipets, Alcohol swabs included, 25 Tests","HIV 1/2, Bioline 3.0 Kit, Lancets, Capillary pipets, Alcohol swabs included",,Test kit,25,10000,200000.0,20.0,0.8,Yes,3336,28837.28,320.0
8062,109-TZ-T01,Pre-PQ Process,SCMS-10330,ASN-1932,Tanzania,PMO - US,Direct Drop,EXW,Air,Pre-PQ Process,5/14/2008,22-Jul-08,22-Jul-08,22-Jul-08,HRDT,HIV test,"HIV 1/2, Bioline 3.0 Kit, Lancets, Capillary pipets, Alcohol swabs included, 25 Tests","HIV 1/2, Bioline 3.0 Kit, Lancets, Capillary pipets, Alcohol swabs included",,Test kit,25,10000,200000.0,20.0,0.8,Yes,3122,22691.75,320.0
8100,113-ZW-T01,Pre-PQ Process,SCMS-11690,ASN-871,Zimbabwe,PMO - US,Direct Drop,CIP,Air,Pre-PQ Process,9/28/2007,10-Jan-08,10-Jan-08,10-Jan-08,HRDT,HIV test,"HIV 1/2, OraQuick Advance HIV Rapid Antibody Kit, 100 Tests","HIV 1/2, OraQuick Advance HIV Rapid Antibody Kit",,Test kit,100,5,1750.0,350.0,3.5,Yes,Weight Captured Separately,Freight Included in Commodity Cost,2.8
8185,116-ZA-T01,Pre-PQ Process,SCMS-14050,ASN-1251,South Africa,PMO - US,Direct Drop,DDP,,Pre-PQ Process,11/12/2007,29-Jan-08,29-Jan-08,29-Jan-08,ARV,Pediatric,"Efavirenz 200mg [Stocrin/Sustiva], capsule, 90 Caps",Efavirenz,200mg,Capsule,90,60,2112.0,35.2,0.39,No,Weight Captured Separately,Freight Included in Commodity Cost,3.38
8186,116-ZA-T01,Pre-PQ Process,SCMS-14050,ASN-1251,South Africa,PMO - US,Direct Drop,DDP,,Pre-PQ Process,11/12/2007,29-Jan-08,29-Jan-08,29-Jan-08,ARV,Adult,"Lamivudine 150mg [Epivir], tablets, 60 Tabs",Lamivudine,150mg,Tablet,60,1500,9600.0,6.4,0.11,No,Weight Captured Separately,Freight Included in Commodity Cost,15.36
8192,107-RW-T01,Pre-PQ Process,SCMS-14220,ASN-1305,Rwanda,PMO - US,Direct Drop,CIP,Air,Pre-PQ Process,11/21/2007,28-Apr-08,11-Mar-08,11-Mar-08,ARV,Adult,"Lamivudine/Nevirapine/Stavudine 150/200/30mg, tablets, 60 Tabs",Lamivudine/Nevirapine/Stavudine,150/200/30mg,Tablet - FDC,60,100000,700000.0,7.0,0.12,Yes,10303,35034.75,1120.0
8204,102-BW-T01,Pre-PQ Process,SCMS-14600,ASN-1154,Botswana,PMO - US,Direct Drop,CIF,Air,Pre-PQ Process,11/27/2007,27-Dec-07,27-Dec-07,27-Dec-07,HRDT,HIV test,"HIV 1/2, OraQuick Advance HIV Rapid Antibody Kit, 100 Tests","HIV 1/2, OraQuick Advance HIV Rapid Antibody Kit",,Test kit,100,5,1750.0,350.0,3.5,Yes,Weight Captured Separately,Freight Included in Commodity Cost,2.8
8207,107-RW-T01,Pre-PQ Process,SCMS-14730,ASN-1066,Rwanda,PMO - US,Direct Drop,CIP,Air,Pre-PQ Process,12/3/2007,3-Jan-08,3-Jan-08,3-Jan-08,ARV,Adult,"Efavirenz 600mg, tablets, 30 Tabs",Efavirenz,600mg,Tablet,30,32510,381992.5,11.75,0.39,Yes,2791,28336.18,611.19
8209,100-KZ-T01,Pre-PQ Process,SCMS-14780,ASN-1139,Kazakhstan,PMO - US,Direct Drop,DDP,Air,Pre-PQ Process,11/30/2007,23-Jan-08,23-Jan-08,23-Jan-08,HRDT,HIV test,"HIV 1/2, OraQuick Advance HIV Rapid Antibody Kit, 100 Tests","HIV 1/2, OraQuick Advance HIV Rapid Antibody Kit",,Test kit,100,50,17500.0,350.0,3.5,Yes,Weight Captured Separately,Freight Included in Commodity Cost,28.0
8213,102-NG-T01,Pre-PQ Process,SCMS-15060,ASN-1366,Nigeria,PMO - US,Direct Drop,DDP,,Pre-PQ Process,12/20/2007,24-Jan-08,24-Jan-08,24-Jan-08,HRDT,HIV test,"HIV 1/2, Bundi Rapid HIV Kit, 25 Tests","HIV 1/2, Bundi Rapid HIV Kit",,Test kit,1,600,22500.0,37.5,37.5,Yes,Weight Captured Separately,Freight Included in Commodity Cost,36.0
8218,109-TZ-T01,Pre-PQ Process,SCMS-15220,ASN-1696,Tanzania,PMO - US,Direct Drop,CIP,Air,Pre-PQ Process,12/10/2007,8-May-08,8-May-08,8-May-08,ARV,Pediatric,"Didanosine 2g [Videx], powder for oral solution 10mg/ml, reconstitute to 200 ml",Didanosine,2g,Powder for oral solution,200,712,8964.08,12.59,0.06,Yes,Weight Captured Separately,Freight Included in Commodity Cost,14.34
8231,100-HT-T01,Pre-PQ Process,SCMS-15470,ASN-2759,Haiti,PMO - US,Direct Drop,EXW,Air,Pre-PQ Process,1/5/2008,11-Nov-08,11-Nov-08,11-Nov-08,HRDT,HIV test,"HIV 1/2, Capillus HIV Kit, 100 Tests","HIV 1/2, Capillus HIV Kit",,Test kit,100,2,278.0,139.0,1.39,Yes,4,523.12,0.54
8232,106-HT-T01,Pre-PQ Process,SCMS-15510,ASN-1273,Haiti,PMO - US,Direct Drop,EXW,Air,Pre-PQ Process,Date Not Captured,11-Feb-08,11-Feb-08,11-Feb-08,HRDT,HIV test,"HIV 1/2, Capillus HIV Kit, 100 Tests","HIV 1/2, Capillus HIV Kit",,Test kit,100,125,17375.0,139.0,1.39,Yes,92,1425.77,27.8
8258,116-ZA-T01,Pre-PQ Process,SCMS-16600,ASN-1520,South Africa,PMO - US,Direct Drop,DDP,,Pre-PQ Process,1/4/2008,21-Jan-08,4-Jan-08,4-Jan-08,ARV,Adult,"Lopinavir/Ritonavir 133.3/33.3mg [Kaletra], capsules, cool, 2 x 90 Caps",Lopinavir/Ritonavir,133.3/33.3mg,Capsule,180,400,18460.0,46.15,0.26,No,Weight Captured Separately,Freight Included in Commodity Cost,29.54
8263,102-NG-T01,Pre-PQ Process,SCMS-16890,ASN-2267,Nigeria,PMO - US,Direct Drop,EXW,Air,Pre-PQ Process,1/29/2008,19-Sep-08,20-Aug-08,20-Aug-08,HRDT,HIV test,"HIV 1/2, Stat-Pak HIV, Kit, 20 Tests","HIV 1/2, Stat-Pak HIV, Kit",,Test kit,20,6520,176040.0,27.0,1.35,Yes,2224,12768.47,281.66
8264,102-NG-T01,Pre-PQ Process,SCMS-16900,ASN-1410,Nigeria,PMO - US,Direct Drop,EXW,Air,Pre-PQ Process,1/29/2008,12-Mar-08,10-Mar-08,10-Mar-08,HRDT,HIV test - Ancillary,"HIV, Lancet, Safety, for HIV Test kits, 100 Pcs","HIV, Lancet, Safety, for HIV Test kits, 100 Pcs",,Test kit - Ancillary,100,6199,61.99,0.01,0.0,Yes,Weight Captured Separately,Invoiced Separately,0.1
8271,128-BJ-T01,Pre-PQ Process,SCMS-17290,ASN-1355,Benin,PMO - US,Direct Drop,EXW,Air,Pre-PQ Process,2/6/2008,4-Mar-08,4-Mar-08,4-Mar-08,HRDT,HIV test,"HIV 1/2, Bioline 3.0 Kit, Lancets, Capillary pipets, Alcohol swabs included, 25 Tests","HIV 1/2, Bioline 3.0 Kit, Lancets, Capillary pipets, Alcohol swabs included",,Test kit,25,232,4640.0,20.0,0.8,Yes,70,1136.37,7.42
8315,106-HT-T01,Pre-PQ Process,SCMS-18270,ASN-1463,Haiti,PMO - US,Direct Drop,EXW,Air,Pre-PQ Process,2/27/2008,29-Mar-08,29-Mar-08,29-Mar-08,HRDT,HIV test,"HIV 1/2, OraQuick Advance HIV Rapid Antibody Kit, 100 Tests","HIV 1/2, OraQuick Advance HIV Rapid Antibody Kit",,Test kit,100,30,10500.0,350.0,3.5,Yes,72,2556.61,16.8
8316,104-CI-T01,Pre-PQ Process,SCMS-18330,ASN-3024,Côte d'Ivoire,PMO - US,Direct Drop,EXW,Air,Pre-PQ Process,2/27/2008,18-Feb-09,18-Feb-09,18-Feb-09,HRDT,HIV test,"HIV 1/2, Stat-Pak HIV, Kit, 20 Tests","HIV 1/2, Stat-Pak HIV, Kit",,Test kit,20,289,7803.0,27.0,1.35,Yes,84,1550.95,15.29
8317,111-MZ-T01,Pre-PQ Process,SCMS-18340,ASN-1747,Mozambique,PMO - US,Direct Drop,EXW,Air,Pre-PQ Process,2/27/2008,9-Jul-08,9-Jul-08,9-Jul-08,HRDT,HIV test - Ancillary,"HIV, Lancet, Safety, for HIV Test kits, 100 Pcs","HIV, Lancet, Safety, for HIV Test kits, 100 Pcs",,Test kit - Ancillary,100,3000,30.0,0.01,0.0,Yes,Weight Captured Separately,Invoiced Separately,0.05
8344,129-KG-T01,Pre-PQ Process,SCMS-19120,ASN-2356,Kyrgyzstan,PMO - US,Direct Drop,DDP,Air,Pre-PQ Process,3/18/2008,19-Sep-08,19-Sep-08,19-Sep-08,HRDT,HIV test,"HIV 1/2, DoubleCheck II Kit, 40 Tests","HIV 1/2, DoubleCheck II Kit",,Test kit,40,500,39500.0,79.0,1.98,Yes,Weight Captured Separately,Freight Included in Commodity Cost,63.2
8378,108-VN-T01,Pre-PQ Process,SCMS-20360,ASN-2043,Vietnam,PMO - US,Direct Drop,EXW,Air,Pre-PQ Process,3/31/2008,17-Jul-08,17-Jul-08,17-Jul-08,ARV,Adult,"Efavirenz 600mg, tablets, 30 Tabs",Efavirenz,600mg,Tablet,30,10080,115718.4,11.48,0.38,Yes,772,4408.29,185.15
8407,102-NG-T01,Pre-PQ Process,SCMS-21580,ASN-1786,Nigeria,PMO - US,Direct Drop,EXW,Air,Pre-PQ Process,Date Not Captured,28-May-08,28-May-08,28-May-08,HRDT,HIV test,"HIV 1/2, Determine HIV Kit, without Lancets, 100 Tests","HIV 1/2, Determine HIV Kit, without Lancets",,Test kit,100,1130,90388.7,79.99,0.8,Yes,258,3748.24,144.62
8437,102-BW-T01,Pre-PQ Process,SCMS-22700,ASN-1908,Botswana,PMO - US,Direct Drop,EXW,Air,Pre-PQ Process,4/28/2008,31-Jul-08,31-Jul-08,31-Jul-08,HRDT,HIV test,"HIV 1/2, Determine HIV Kit, without Lancets, 100 Tests","HIV 1/2, Determine HIV Kit, without Lancets",,Test kit,100,100,7199.0,71.99,0.72,Yes,28,641.06,11.52
8438,102-BW-T01,Pre-PQ Process,SCMS-22700,ASN-1909,Botswana,PMO - US,Direct Drop,EXW,Air,Pre-PQ Process,4/28/2008,31-Jul-08,11-Jul-08,11-Jul-08,HRDT,HIV test - Ancillary,"HIV, Lancet, Safety, for HIV Test kits, 100 Pcs","HIV, Lancet, Safety, for HIV Test kits, 100 Pcs",,Test kit - Ancillary,100,100,1.0,0.01,0.0,Yes,Weight Captured Separately,Invoiced Separately,0.0
8440,102-BW-T01,Pre-PQ Process,SCMS-22740,ASN-2400,Botswana,PMO - US,Direct Drop,EXW,Air,Pre-PQ Process,4/28/2008,18-Nov-08,18-Nov-08,18-Nov-08,HRDT,HIV test,"HIV 1/2, Uni-Gold HIV Kit, 20 Tests","HIV 1/2, Uni-Gold HIV Kit",,Test kit,20,500,16000.0,32.0,1.6,Yes,166,1225.17,25.6
8459,108-VN-T01,Pre-PQ Process,SCMS-23300,ASN-2485,Vietnam,PMO - US,Direct Drop,EXW,Air,Pre-PQ Process,5/13/2008,6-Oct-08,6-Oct-08,6-Oct-08,ARV,Adult,"Lamivudine/Nevirapine/Stavudine 150/200/30mg, tablets, 60 Tabs",Lamivudine/Nevirapine/Stavudine,150/200/30mg,Tablet - FDC,60,9792,72460.8,7.4,0.12,Yes,836,5136.08,115.94
8460,108-VN-T01,Pre-PQ Process,SCMS-23340,ASN-2277,Vietnam,PMO - US,Direct Drop,EXW,Air,Pre-PQ Process,5/13/2008,19-Sep-08,19-Sep-08,19-Sep-08,ARV,Adult,"Nevirapine 200mg, tablets, 60 Tabs",Nevirapine,200mg,Tablet,60,3840,12326.4,3.21,0.05,No,See ASN-2277 (ID#:5793),See ASN-2277 (ID#:5793),19.72
8461,108-VN-T01,Pre-PQ Process,SCMS-23440,ASN-2335,Vietnam,PMO - US,Direct Drop,EXW,Air,Pre-PQ Process,5/13/2008,20-Sep-08,20-Sep-08,20-Sep-08,ARV,Adult,"Zidovudine 300mg, tablets, 60 Tabs",Zidovudine,300mg,Tablet,60,432,3240.0,7.5,0.12,No,See ASN-2335 (ID#:5796),See ASN-2335 (ID#:5796),5.18
8462,108-VN-T01,Pre-PQ Process,SCMS-23450,ASN-2336,Vietnam,PMO - US,Direct Drop,EXW,Air,Pre-PQ Process,5/14/2008,19-Sep-08,19-Sep-08,19-Sep-08,ARV,Adult,"Lamivudine 150mg, tablets, 60 Tabs",Lamivudine,150mg,Tablet,60,14364,37346.4,2.6,0.04,No,See ASN-2336 (ID#:530),See ASN-2336 (ID#:530),59.75
8463,116-ZA-T01,Pre-PQ Process,SCMS-23500,ASN-2293,South Africa,PMO - US,Direct Drop,DDP,Truck,Pre-PQ Process,Date Not Captured,20-Aug-08,8-May-08,8-May-08,ARV,Adult,"Stavudine 40mg [Zerit], capsules, 60 Caps",Stavudine,40mg,Capsule,60,100,517.0,5.17,0.09,No,Weight Captured Separately,Freight Included in Commodity Cost,0.83
8464,116-ZA-T01,Pre-PQ Process,SCMS-23500,ASN-2293,South Africa,PMO - US,Direct Drop,DDP,Truck,Pre-PQ Process,Date Not Captured,20-Aug-08,8-May-08,8-May-08,ARV,Adult,"Didanosine EC 400mg [Videx EC], delayed-release capsules, Blister 3 x 10 Caps",Didanosine EC,400mg,Delayed-release capsules - blister,30,80,1968.0,24.6,0.82,No,Weight Captured Separately,Freight Included in Commodity Cost,3.15
8465,116-ZA-T01,Pre-PQ Process,SCMS-23500,ASN-2293,South Africa,PMO - US,Direct Drop,DDP,Truck,Pre-PQ Process,Date Not Captured,20-Aug-08,8-May-08,8-May-08,ARV,Pediatric,"Efavirenz 50mg [Stocrin/Sustiva], capsule, 30 Caps",Efavirenz,50mg,Capsule,30,240,717.6,2.99,0.1,No,Weight Captured Separately,Freight Included in Commodity Cost,1.15
8470,125-HT-T01,Pre-PQ Process,SCMS-23580,ASN-1821,Haiti,PMO - US,Direct Drop,EXW,Air,Pre-PQ Process,5/13/2008,6-Jun-08,6-Jun-08,6-Jun-08,HRDT,HIV test,"HIV 1/2, Capillus HIV Kit, 100 Tests","HIV 1/2, Capillus HIV Kit",,Test kit,100,4,556.0,139.0,1.39,Yes,3,1808.19,0.89
8475,106-HT-T01,Pre-PQ Process,SCMS-23790,ASN-2146,Haiti,PMO - US,Direct Drop,CIP,Air,Pre-PQ Process,5/20/2008,20-Aug-08,20-Aug-08,20-Aug-08,HRDT,HIV test,"HIV 1/2, OraQuick Advance HIV Rapid Antibody Kit, 100 Tests","HIV 1/2, OraQuick Advance HIV Rapid Antibody Kit",,Test kit,100,54,18900.0,350.0,3.5,Yes,Weight Captured Separately,Freight Included in Commodity Cost,30.24
8554,110-ZM-T01,Pre-PQ Process,SCMS-25710,ASN-2843,Zambia,PMO - US,Direct Drop,EXW,Air,Pre-PQ Process,6/20/2008,18-Nov-08,18-Nov-08,18-Nov-08,HRDT,HIV test,"HIV 1/2, Bioline 3.0 Kit, Lancets, Capillary pipets, Alcohol swabs included, 25 Tests","HIV 1/2, Bioline 3.0 Kit, Lancets, Capillary pipets, Alcohol swabs included",,Test kit,25,500,10000.0,20.0,0.8,Yes,157,1754.04,19.6
8590,116-ZA-T01,Pre-PQ Process,SCMS-26820,ASN-2488,South Africa,PMO - US,Direct Drop,DDP,Truck,Pre-PQ Process,Date Not Captured,10-Jul-08,8-Jul-08,8-Jul-08,ARV,Pediatric,"Lopinavir/Ritonavir 80/20mg/ml [Kaletra], oral solution, cool, Bottle 5 x 60 ml",Lopinavir/Ritonavir,80/20mg/ml,Oral solution,300,10,354.6,35.46,0.12,No,Weight Captured Separately,Freight Included in Commodity Cost,0.57
8603,108-VN-T01,Pre-PQ Process,SCMS-27300,ASN-2855,Vietnam,PMO - US,Direct Drop,FCA,Air,Pre-PQ Process,7/24/2008,3-Dec-08,3-Dec-08,3-Dec-08,ARV,Adult,"Lopinavir/Ritonavir 200/50mg [Aluvia], tablets, 120 Tabs",Lopinavir/Ritonavir,200/50mg,Tablet,120,1080,88776.0,82.2,0.68,Yes,259,2985.93,174.0
8604,108-VN-T01,Pre-PQ Process,SCMS-27310,ASN-2809,Vietnam,PMO - US,Direct Drop,EXW,Air,Pre-PQ Process,7/24/2008,24-Nov-08,24-Nov-08,24-Nov-08,ARV,Adult,"Abacavir 300mg, tablets, 60 Tabs",Abacavir,300mg,Tablet,60,380,8930.0,23.5,0.39,No,See ASN-2809 (ID#:1955),See ASN-2809 (ID#:1955),17.5
8605,108-VN-T01,Pre-PQ Process,SCMS-27320,ASN-2792,Vietnam,PMO - US,Direct Drop,EXW,Air,Pre-PQ Process,7/24/2008,21-Nov-08,21-Nov-08,21-Nov-08,ARV,Adult,"Lamivudine/Nevirapine/Zidovudine 150/200/300mg, tablets, 60 Tabs",Lamivudine/Nevirapine/Zidovudine,150/300/200mg,Tablet - FDC,60,2200,25080.0,11.4,0.19,No,See ASN-2792 (ID#:5936),See ASN-2792 (ID#:5936),49.16
8616,106-HT-T01,Pre-PQ Process,SCMS-27880,ASN-2378,Haiti,PMO - US,Direct Drop,FCA,Air,Pre-PQ Process,8/5/2008,29-Sep-08,29-Sep-08,29-Sep-08,ARV,Pediatric,"Lopinavir/Ritonavir 100/25mg [Aluvia], tablets, 60 Tabs",Lopinavir/Ritonavir,100/25mg,Tablet,60,20,205.6,10.28,0.17,Yes,19,658.68,0.33
8642,117-ET-T01,Pre-PQ Process,SCMS-28710,ASN-2575,Ethiopia,PMO - US,Direct Drop,EXW,Air,Pre-PQ Process,8/22/2008,7-Oct-08,6-Oct-08,6-Oct-08,HRDT,HIV test,"HIV 1/2, SKB Colloidal Gold, Diagnostic Kit, Antibody, 50 Tests","HIV 1/2, Colloidal Gold, Diagnostic Kit, Antibody",,Test kit,1,7002,161046.0,23.0,23.0,Yes,5057,44347.71,257.67
8645,116-ZA-T01,Pre-PQ Process,SCMS-28830,ASN-2503,South Africa,PMO - US,Direct Drop,DDP,Truck,Pre-PQ Process,Date Not Captured,25-Aug-08,14-Aug-08,14-Aug-08,ARV,Adult,"Efavirenz 600mg, tablets, 30 Tabs",Efavirenz,600mg,Tablet,30,1500,24300.0,16.2,0.54,No,Weight Captured Separately,Freight Included in Commodity Cost,38.88
8646,116-ZA-T01,Pre-PQ Process,SCMS-28830,ASN-2503,South Africa,PMO - US,Direct Drop,DDP,Truck,Pre-PQ Process,Date Not Captured,25-Aug-08,14-Aug-08,14-Aug-08,ARV,Pediatric,"Efavirenz 50mg [Stocrin/Sustiva], capsule, 30 Caps",Efavirenz,50mg,Capsule,30,200,572.0,2.86,0.1,No,Weight Captured Separately,Freight Included in Commodity Cost,0.92
8648,133-NG-T01,Pre-PQ Process,SCMS-28870,ASN-2794,Nigeria,PMO - US,Direct Drop,EXW,Air,Pre-PQ Process,8/26/2008,15-Jan-09,20-Nov-08,20-Nov-08,HRDT,HIV test,"HIV 1/2, Stat-Pak HIV, Kit, 20 Tests","HIV 1/2, Stat-Pak HIV, Kit",,Test kit,20,10594,286038.0,27.0,1.35,Yes,3039,24025.77,560.63
8692,131-NG-T01,Pre-PQ Process,SCMS-30500,ASN-2896,Nigeria,PMO - US,Direct Drop,CIP,Air,Pre-PQ Process,9/23/2008,10-Mar-09,24-Nov-08,24-Nov-08,ARV,Adult,"Efavirenz/Emtricitabine/Tenofovir Disoproxil Fumarate 600/200/300mg [Atripla], tablets, 30 Tabs",Efavirenz/Emtricitabine/Tenofovir Disoproxil Fumarate,600/200/300mg,Tablet - FDC,30,2000,100800.0,50.4,1.68,Yes,169,924.4,197.57
8693,131-NG-T01,Pre-PQ Process,SCMS-30501,ASN-3706,Nigeria,PMO - US,Direct Drop,CIP,Air,Pre-PQ Process,9/23/2008,10-Mar-09,10-Mar-09,10-Mar-09,ARV,Adult,"Efavirenz/Emtricitabine/Tenofovir Disoproxil Fumarate 600/200/300mg [Atripla], tablets, 30 Tabs",Efavirenz/Emtricitabine/Tenofovir Disoproxil Fumarate,600/200/300mg,Tablet - FDC,30,3991,201146.4,50.4,1.68,Yes,Weight Captured Separately,Freight Included in Commodity Cost,394.25
8713,102-BW-T01,Pre-PQ Process,SCMS-31360,ASN-2737,Botswana,PMO - US,Direct Drop,EXW,Air,Pre-PQ Process,10/2/2008,20-Nov-08,20-Nov-08,20-Nov-08,HRDT,HIV test - Ancillary,"#109435**HIV, OraQuick Controls Kit, 3 Vials","HIV, OraQuick Controls Kit, 3 Vials",,Test kit - Ancillary,3,10,152.5,15.25,5.08,Yes,7,526.05,0.3
8714,110-ZM-T01,Pre-PQ Process,SCMS-31390,ASN-3508,Zambia,PMO - US,Direct Drop,EXW,Air,Pre-PQ Process,10/2/2008,18-Mar-09,18-Mar-09,18-Mar-09,HRDT,HIV test - Ancillary,"HIV, Lancet, Safety, for HIV Test kits, 100 Pcs","HIV, Lancet, Safety, for HIV Test kits, 100 Pcs",,Test kit - Ancillary,100,5500,55.0,0.01,0.0,No,See ASN-3508 (ID#:3441),See ASN-3508 (ID#:3441),0.11
8735,111-MZ-T01,Pre-PQ Process,SCMS-31750,ASN-3507,Mozambique,PMO - US,Direct Drop,EXW,Air,Pre-PQ Process,10/14/2008,14-Apr-09,14-Apr-09,14-Apr-09,HRDT,HIV test,"HIV 1/2, Determine Complete HIV Kit, 100 Tests","HIV 1/2, Determine Complete HIV Kit",,Test kit,100,4800,345600.0,72.0,0.72,Yes,1417,13093.27,677.38
8737,119-NA-T01,Pre-PQ Process,SCMS-31790,ASN-2947,Namibia,PMO - US,Direct Drop,EXW,Air,Pre-PQ Process,10/14/2008,22-Dec-08,22-Dec-08,22-Dec-08,HRDT,HIV test,"HIV 1/2, Uni-Gold HIV Kit, 20 Tests","HIV 1/2, Uni-Gold HIV Kit",,Test kit,20,650,20800.0,32.0,1.6,Yes,278,7936.81,40.77
8738,119-NA-T01,Pre-PQ Process,SCMS-31800,ASN-3210,Namibia,PMO - US,Direct Drop,EXW,Air,Pre-PQ Process,10/14/2008,23-Jan-09,23-Jan-09,23-Jan-09,HRDT,HIV test,"HIV 1/2, Clearview Complete Kit, 25 Tests","HIV 1/2, Clearview Complete Kit",,Test kit,25,20,1500.0,75.0,3.0,Yes,9,1153.43,2.94
8760,141-NA-T01,Pre-PQ Process,SCMS-32420,ASN-3079,Namibia,PMO - US,Direct Drop,EXW,Air,Pre-PQ Process,10/24/2008,14-Jan-09,14-Jan-09,14-Jan-09,HRDT,HIV test,"HIV 1/2, Uni-Gold HIV Kit, 20 Tests","HIV 1/2, Uni-Gold HIV Kit",,Test kit,20,35,1120.0,32.0,1.6,Yes,12,585.12,2.2
8770,117-ET-T01,Pre-PQ Process,SCMS-32640,ASN-2936,Ethiopia,PMO - US,Direct Drop,EXW,Air,Pre-PQ Process,10/27/2008,3-Dec-08,1-Dec-08,1-Dec-08,HRDT,HIV test,"HIV 1/2, SKB Colloidal Gold, Diagnostic Kit, Antibody, 50 Tests","HIV 1/2, Colloidal Gold, Diagnostic Kit, Antibody",,Test kit,1,3470,79810.0,23.0,23.0,Yes,2509,22803.8,156.43
8802,109-TZ-T01,Pre-PQ Process,SCMS-34430,ASN-3699,Tanzania,PMO - US,Direct Drop,EXW,Air,Pre-PQ Process,12/2/2008,17-May-09,17-May-09,17-May-09,HRDT,HIV test,"HIV 1/2, Uni-Gold HIV Kit, 20 Tests","HIV 1/2, Uni-Gold HIV Kit",,Test kit,20,839,26848.0,32.0,1.6,Yes,277,3146.63,52.62
8803,109-TZ-T01,Pre-PQ Process,SCMS-34690,ASN-3853,Tanzania,PMO - US,Direct Drop,CIP,Air,Pre-PQ Process,12/30/2008,15-Jun-09,15-Jun-09,15-Jun-09,ARV,Adult,"Efavirenz/Emtricitabine/Tenofovir Disoproxil Fumarate 600/200/300mg [Atripla], tablets, 30 Tabs",Efavirenz/Emtricitabine/Tenofovir Disoproxil Fumarate,600/200/300mg,Tablet - FDC,30,2680,135072.0,50.4,1.68,No,See ASN-3853 (ID#:4824),See ASN-3853 (ID#:4824),264.74
8864,109-TZ-T01,Pre-PQ Process,SCMS-36490,ASN-3170,Tanzania,PMO - US,Direct Drop,FCA,Air,Pre-PQ Process,12/30/2008,23-Feb-09,23-Feb-09,23-Feb-09,ARV,Adult,"Lopinavir/Ritonavir 200/50mg [Aluvia], tablets, 120 Tabs",Lopinavir/Ritonavir,200/50mg,Tablet,120,12500,513750.0,41.1,0.34,Yes,3088,12937.16,1006.95
8892,108-VN-T01,Pre-PQ Process,SCMS-37200,ASN-3630,Vietnam,PMO - US,Direct Drop,EXW,Air,Pre-PQ Process,1/16/2009,9-Apr-09,9-Apr-09,9-Apr-09,ARV,Adult,"Zidovudine 300mg, tablets, 60 Tabs",Zidovudine,300mg,Tablet,60,168,1260.0,7.5,0.12,Yes,9,2793.62,2.47
8893,108-VN-T01,Pre-PQ Process,SCMS-37190,ASN-3522,Vietnam,PMO - US,Direct Drop,EXW,Air,Pre-PQ Process,1/16/2009,27-Mar-09,27-Mar-09,27-Mar-09,ARV,Adult,"Lamivudine/Nevirapine/Stavudine 150/200/30mg, tablets, 60 Tabs",Lamivudine/Nevirapine/Stavudine,150/200/30mg,Tablet - FDC,60,24480,168912.0,6.9,0.12,Yes,2165,4443.97,331.07
8909,144-BW-T01,Pre-PQ Process,SCMS-38050,ASN-3424,Botswana,PMO - US,Direct Drop,EXW,Air,Pre-PQ Process,2/6/2009,3-Mar-09,3-Mar-09,3-Mar-09,HRDT,HIV test,"HIV 1/2, OraQuick Advance HIV Rapid Antibody Kit, 100 Tests","HIV 1/2, OraQuick Advance HIV Rapid Antibody Kit",,Test kit,100,5,1750.0,350.0,3.5,Yes,12,810.85,3.43
8922,109-TZ-T01,Pre-PQ Process,SCMS-38410,ASN-4381,Tanzania,PMO - US,Direct Drop,FCA,Air,Pre-PQ Process,2/5/2009,11-Aug-09,11-Aug-09,11-Aug-09,ARV,Adult,"Lopinavir/Ritonavir 200/50mg [Aluvia], tablets, 120 Tabs",Lopinavir/Ritonavir,200/50mg,Tablet,120,60,2466.0,41.1,0.34,No,See ASN-4381 (ID#:4949),See ASN-4381 (ID#:4949),4.83
8951,107-RW-T01,Pre-PQ Process,SCMS-38680,ASN-3697,Rwanda,PMO - US,Direct Drop,EXW,Air,Pre-PQ Process,2/18/2009,6-Apr-09,6-Apr-09,6-Apr-09,HRDT,HIV test,"HIV 1/2, Uni-Gold HIV Kit, 20 Tests","HIV 1/2, Uni-Gold HIV Kit",,Test kit,20,1163,37216.0,32.0,1.6,Yes,385,6269.97,72.94
8989,107-RW-T01,Pre-PQ Process,SCMS-30311,ASN-3852,Rwanda,PMO - US,Direct Drop,CIP,Air,Pre-PQ Process,10/21/2008,21-Apr-09,21-Apr-09,21-Apr-09,ARV,Adult,"Lamivudine/Zidovudine 150/300mg, tablets, 60 Tabs",Lamivudine/Zidovudine,150/300mg,Tablet - FDC,60,22752,207043.2,9.1,0.15,Yes,2086,853.87,405.8
8996,106-HT-T01,Pre-PQ Process,SCMS-39940,ASN-3753,Haiti,PMO - US,Direct Drop,FCA,Air,Pre-PQ Process,3/4/2009,15-Apr-09,15-Apr-09,15-Apr-09,ARV,Pediatric,"Lopinavir/Ritonavir 100/25mg [Aluvia], tablets, 60 Tabs",Lopinavir/Ritonavir,100/25mg,Tablet,60,14,143.92,10.28,0.17,Yes,7,810.36,0.28
9000,106-HT-T01,Pre-PQ Process,SCMS-40050,ASN-3743,Haiti,PMO - US,Direct Drop,EXW,Air,Pre-PQ Process,3/6/2009,21-Apr-09,21-Apr-09,21-Apr-09,ARV,Adult,"Tenofovir Disoproxil Fumarate 300mg, tablets, 30 Tabs",Tenofovir Disoproxil Fumarate,300mg,Tablet,30,560,5040.0,9.0,0.3,Yes,32050,806.55,9.88
9002,106-HT-T01,Pre-PQ Process,SCMS-40060,ASN-3712,Haiti,PMO - US,Direct Drop,FCA,Air,Pre-PQ Process,3/6/2009,20-Apr-09,20-Apr-09,20-Apr-09,ARV,Pediatric,"Lopinavir/Ritonavir 80/20mg/ml [Kaletra], oral solution, cool, Bottle 5 x 60 ml",Lopinavir/Ritonavir,80/20mg/ml,Oral solution,300,50,2055.0,41.1,0.14,Yes,99,2704.58,4.03
9022,116-ZA-T01,Pre-PQ Process,SCMS-40800,ASN-3577,South Africa,PMO - US,Direct Drop,DDP,Air,Pre-PQ Process,Date Not Captured,24-Mar-09,1-Dec-08,1-Dec-08,ARV,Pediatric,"Lopinavir/Ritonavir 80/20mg/ml [Kaletra], oral solution, cool, Bottle 5 x 60 ml",Lopinavir/Ritonavir,80/20mg/ml,Oral solution,300,90,2834.1,31.49,0.1,Yes,Weight Captured Separately,Freight Included in Commodity Cost,5.55
9023,116-ZA-T01,Pre-PQ Process,SCMS-40830,ASN-3578,South Africa,PMO - US,Direct Drop,DDP,Air,Pre-PQ Process,Date Not Captured,28-Apr-09,19-Dec-08,19-Dec-08,ARV,Adult,"Efavirenz 600mg, tablets, 30 Tabs",Efavirenz,600mg,Tablet,30,3710,60732.7,16.37,0.55,Yes,Weight Captured Separately,Freight Included in Commodity Cost,119.04
9024,116-ZA-T01,Pre-PQ Process,SCMS-40840,ASN-3779,South Africa,PMO - US,Direct Drop,DDP,Air,Pre-PQ Process,Date Not Captured,3-Apr-09,3-Apr-09,3-Apr-09,ARV,Adult,"Stavudine 30mg, capsules, 60 Caps",Stavudine,30mg,Capsule,60,25637,63323.39,2.47,0.04,Yes,Weight Captured Separately,Freight Included in Commodity Cost,124.11
9025,116-ZA-T01,Pre-PQ Process,SCMS-40870,ASN-3582,South Africa,PMO - US,Direct Drop,DDP,Air,Pre-PQ Process,Date Not Captured,30-Jun-09,30-Jan-09,30-Jan-09,ARV,Adult,"Lamivudine 150mg, tablets, 60 Tabs",Lamivudine,150mg,Tablet,60,1200,6564.0,5.47,0.09,Yes,Weight Captured Separately,Freight Included in Commodity Cost,12.87
9026,116-ZA-T01,Pre-PQ Process,SCMS-40880,ASN-3610,South Africa,PMO - US,Direct Drop,DDP,Air,Pre-PQ Process,Date Not Captured,7-Jul-09,2-Feb-09,2-Feb-09,ARV,Adult,"Lamivudine 150mg, tablets, 60 Tabs",Lamivudine,150mg,Tablet,60,16000,85280.0,5.33,0.09,No,Weight Captured Separately,Freight Included in Commodity Cost,167.15
9032,116-ZA-T01,Pre-PQ Process,SCMS-41040,ASN-3623,South Africa,PMO - US,Direct Drop,DDP,Air,Pre-PQ Process,Date Not Captured,7-Apr-09,3-Dec-08,3-Dec-08,ARV,Pediatric,"Lamivudine 10mg/ml [Epivir], oral solution, Bottle, 240 ml",Lamivudine,10mg/ml,Oral solution,240,2000,10380.0,5.19,0.02,No,Weight Captured Separately,Freight Included in Commodity Cost,20.34
9033,116-ZA-T01,Pre-PQ Process,SCMS-41080,ASN-3637,South Africa,PMO - US,Direct Drop,DDP,Air,Pre-PQ Process,Date Not Captured,26-May-09,22-Jan-09,22-Jan-09,ARV,Pediatric,"Lamivudine 10mg/ml, oral solution, Bottle, 240 ml",Lamivudine,10mg/ml,Oral solution,240,1500,5445.0,3.63,0.02,No,Weight Captured Separately,Freight Included in Commodity Cost,10.67
9034,116-ZA-T01,Pre-PQ Process,SCMS-41100,ASN-4668,South Africa,PMO - US,Direct Drop,DDP,Air,Pre-PQ Process,3/13/2009,17-Jun-09,3-Apr-09,3-Apr-09,ARV,Adult,"Zidovudine 300mg, tablets, 60 Tabs",Zidovudine,300mg,Tablet,60,4023,46988.64,11.68,0.19,Yes,Weight Captured Separately,Freight Included in Commodity Cost,92.1
9036,116-ZA-T01,Pre-PQ Process,SCMS-41140,ASN-3752,South Africa,PMO - US,Direct Drop,DDP,Air,Pre-PQ Process,Date Not Captured,31-Mar-09,21-Nov-08,21-Nov-08,ARV,Adult,"Nevirapine 200mg, tablets, 60 Tabs",Nevirapine,200mg,Tablet,60,200,2998.0,14.99,0.25,No,Weight Captured Separately,Freight Included in Commodity Cost,5.88
9037,116-ZA-T01,Pre-PQ Process,SCMS-41140,ASN-3752,South Africa,PMO - US,Direct Drop,DDP,Air,Pre-PQ Process,Date Not Captured,31-Mar-09,21-Nov-08,21-Nov-08,ARV,Pediatric,"Efavirenz 200mg [Stocrin/Sustiva], capsule, 90 Caps",Efavirenz,200mg,Capsule,90,100,2454.0,24.54,0.27,No,Weight Captured Separately,Freight Included in Commodity Cost,4.81
9038,116-ZA-T01,Pre-PQ Process,SCMS-41150,ASN-3759,South Africa,PMO - US,Direct Drop,DDP,Air,Pre-PQ Process,Date Not Captured,1-Apr-09,21-Nov-08,21-Nov-08,ARV,Pediatric,"Lopinavir/Ritonavir 80/20mg/ml [Kaletra], oral solution, cool, Bottle 5 x 60 ml",Lopinavir/Ritonavir,80/20mg/ml,Oral solution,300,80,2388.8,29.86,0.1,No,Weight Captured Separately,Freight Included in Commodity Cost,4.68
9039,116-ZA-T01,Pre-PQ Process,SCMS-41190,ASN-3732,South Africa,PMO - US,Direct Drop,DDP,Air,Pre-PQ Process,Date Not Captured,30-Mar-09,21-Jan-09,21-Jan-09,ARV,Adult,"Lopinavir/Ritonavir 200/50mg [Aluvia], tablets, 120 Tabs",Lopinavir/Ritonavir,200/50mg,Tablet,120,200,6182.0,30.91,0.26,No,Weight Captured Separately,Freight Included in Commodity Cost,12.12
9040,116-ZA-T01,Pre-PQ Process,SCMS-41190,ASN-3732,South Africa,PMO - US,Direct Drop,DDP,Air,Pre-PQ Process,Date Not Captured,30-Mar-09,21-Jan-09,21-Jan-09,ARV,Pediatric,"Zidovudine 10mg/ml [Retrovir], oral solution, Bottle, 200 ml",Zidovudine,10mg/ml,Oral solution,200,140,833.0,5.95,0.03,No,Weight Captured Separately,Freight Included in Commodity Cost,1.63
9041,116-ZA-T01,Pre-PQ Process,SCMS-41190,ASN-3732,South Africa,PMO - US,Direct Drop,DDP,Air,Pre-PQ Process,Date Not Captured,30-Mar-09,21-Jan-09,21-Jan-09,ARV,Adult,"Emtricitabine/Tenofovir Disoproxil Fumarate 200/300mg [Truvada], tablets, 30 Tabs",Emtricitabine/Tenofovir Disoproxil Fumarate,300/200mg,Tablet - FDC,30,60,1813.2,30.22,1.01,No,Weight Captured Separately,Freight Included in Commodity Cost,3.55
9042,116-ZA-T01,Pre-PQ Process,SCMS-41190,ASN-3732,South Africa,PMO - US,Direct Drop,DDP,Air,Pre-PQ Process,Date Not Captured,30-Mar-09,21-Jan-09,21-Jan-09,ARV,Pediatric,"Nevirapine 10mg/ml [Viramune], oral suspension, Bottle, 240 ml",Nevirapine,10mg/ml,Oral suspension,240,30,323.4,10.78,0.04,No,Weight Captured Separately,Freight Included in Commodity Cost,0.63
9043,116-ZA-T01,Pre-PQ Process,SCMS-41210,ASN-3737,South Africa,PMO - US,Direct Drop,DDP,Air,Pre-PQ Process,Date Not Captured,30-Mar-09,23-Jan-09,23-Jan-09,ARV,Adult,"Lamivudine 150mg [Epivir], tablets, 60 Tabs",Lamivudine,150mg,Tablet,60,1200,6012.0,5.01,0.08,No,Weight Captured Separately,Freight Included in Commodity Cost,11.78
9053,116-ZA-T01,Pre-PQ Process,SCMS-41588,ASN-4359,South Africa,PMO - US,Direct Drop,DDP,Air,Pre-PQ Process,3/27/2009,25-Jun-09,17-Apr-09,17-Apr-09,ARV,Pediatric,"Didanosine 100mg [Videx],chewable tablets, 60 Tabs",Didanosine,100mg,Chewable/dispersible tablet,60,2160,23133.6,10.71,0.18,Yes,Weight Captured Separately,Freight Included in Commodity Cost,45.34
9054,116-ZA-T01,Pre-PQ Process,SCMS-41585,ASN-4386,South Africa,PMO - US,Direct Drop,DDP,Air,Pre-PQ Process,3/27/2009,25-Jun-09,21-Apr-09,21-Apr-09,ARV,Adult,"Lamivudine 150mg [Epivir], tablets, 60 Tabs",Lamivudine,150mg,Tablet,60,3000,16080.0,5.36,0.09,No,Weight Captured Separately,Freight Included in Commodity Cost,31.52
9055,116-ZA-T01,Pre-PQ Process,SCMS-41586,ASN-4387,South Africa,PMO - US,Direct Drop,DDP,Air,Pre-PQ Process,3/27/2009,25-Jun-09,15-Apr-09,15-Apr-09,ARV,Adult,"Nevirapine 200mg [Viramune], tablets, 60 Tabs",Nevirapine,200mg,Tablet,60,6000,100560.0,16.76,0.28,No,Weight Captured Separately,Freight Included in Commodity Cost,197.1
9056,116-ZA-T01,Pre-PQ Process,SCMS-41587,ASN-4602,South Africa,PMO - US,Direct Drop,DDP,Air,Pre-PQ Process,3/27/2009,25-Jun-09,16-Apr-09,16-Apr-09,ARV,Pediatric,"Didanosine 100mg [Videx],chewable tablets, 60 Tabs",Didanosine,100mg,Chewable/dispersible tablet,60,6840,73256.4,10.71,0.18,No,Weight Captured Separately,Freight Included in Commodity Cost,143.58
9078,116-ZA-T01,Pre-PQ Process,SCMS-47390,ASN-4402,South Africa,PMO - US,Direct Drop,DDP,Truck,Pre-PQ Process,4/2/2009,31-Jul-09,21-Apr-09,21-Apr-09,ARV,Adult,"Ritonavir 100mg [Norvir], capsules, cool, 84 Caps",Ritonavir,100mg,Capsule,84,10,84.0,8.4,0.1,No,Weight Captured Separately,Freight Included in Commodity Cost,0.16
9080,116-ZA-T01,Pre-PQ Process,SCMS-47320,ASN-4224,South Africa,PMO - US,Direct Drop,DDP,Truck,Pre-PQ Process,4/2/2009,15-May-09,15-May-09,15-May-09,ARV,Adult,"Didanosine EC 400mg [Videx EC], delayed-release capsules, Blister 3 x 10 Caps",Didanosine EC,400mg,Delayed-release capsules - blister,30,80,1502.4,18.78,0.63,Yes,Weight Captured Separately,Freight Included in Commodity Cost,2.94
9081,116-ZA-T01,Pre-PQ Process,SCMS-47500,ASN-4332,South Africa,PMO - US,Direct Drop,DDP,Truck,Pre-PQ Process,4/2/2009,15-May-09,23-Apr-09,23-Apr-09,ARV,Pediatric,"Zidovudine 10mg/ml, oral solution, Bottle, 240 ml",Zidovudine,10mg/ml,Oral solution,240,200,1208.0,6.04,0.03,No,See ASN-4332 (ID#:1115),See ASN-4332 (ID#:1115),2.37
9085,104-CI-T01,Pre-PQ Process,SCMS-42600,ASN-4242,Côte d'Ivoire,PMO - US,Direct Drop,EXW,Air,Pre-PQ Process,4/2/2009,1-Jul-09,1-Jul-09,1-Jul-09,HRDT,HIV test,"HIV 1/2, Bioline 3.0 Kit, Lancets, Capillary pipets, Alcohol swabs included, 25 Tests","HIV 1/2, Bioline 3.0 Kit, Lancets, Capillary pipets, Alcohol swabs included",,Test kit,25,500,10000.0,20.0,0.8,Yes,136,2094.08,19.6
9086,110-ZM-T01,Pre-PQ Process,SCMS-42640,ASN-4439,Zambia,PMO - US,Direct Drop,EXW,Air,Pre-PQ Process,4/2/2009,23-Jul-09,23-Jul-09,23-Jul-09,HRDT,HIV test,"HIV 1/2, Determine Complete HIV Kit, 100 Tests","HIV 1/2, Determine Complete HIV Kit",,Test kit,100,4500,324000.0,72.0,0.72,Yes,1330,11559.65,635.04
9088,106-HT-T01,Pre-PQ Process,SCMS-42680,ASN-3808,Haiti,PMO - US,Direct Drop,EXW,Air,Pre-PQ Process,4/2/2009,24-Apr-09,24-Apr-09,24-Apr-09,HRDT,HIV test,"HIV 1/2, Capillus HIV Kit, 100 Tests","HIV 1/2, Capillus HIV Kit",,Test kit,100,150,20850.0,139.0,1.39,Yes,105,1894.41,40.87
9089,106-HT-T01,Pre-PQ Process,SCMS-42690,ASN-4799,Haiti,PMO - US,Direct Drop,EXW,Air,Pre-PQ Process,4/2/2009,31-Aug-09,31-Aug-09,31-Aug-09,HRDT,HIV test,"HIV 1/2, Capillus HIV Kit, 100 Tests","HIV 1/2, Capillus HIV Kit",,Test kit,100,150,20850.0,139.0,1.39,Yes,113,2486.15,40.87
9090,106-HT-T01,Pre-PQ Process,SCMS-42700,ASN-4005,Haiti,PMO - US,Direct Drop,EXW,Air,Pre-PQ Process,4/2/2009,3-Jun-09,3-Jun-09,3-Jun-09,HRDT,HIV test,"HIV 1/2, OraQuick Advance HIV Rapid Antibody Kit, 100 Tests","HIV 1/2, OraQuick Advance HIV Rapid Antibody Kit",,Test kit,100,55,19250.0,350.0,3.5,Yes,132,3013.19,37.73
9093,112-NG-T01,Pre-PQ Process,SCMS-42830,ASN-3984,Nigeria,PMO - US,Direct Drop,FCA,Air,Pre-PQ Process,4/1/2009,20-May-09,20-May-09,20-May-09,ARV,Adult,"Lopinavir/Ritonavir 200/50mg [Aluvia], tablets, 120 Tabs",Lopinavir/Ritonavir,200/50mg,Tablet,120,159,6534.9,41.1,0.34,No,See ASN-3984 (ID#:2499),See ASN-3984 (ID#:2499),12.81
9095,102-KE-T01,Pre-PQ Process,SCMS-42981,ASN-4647,Kenya,PMO - US,Direct Drop,EXW,Air,Pre-PQ Process,5/14/2009,10-Jul-09,28-Aug-09,28-Aug-09,HRDT,HIV test,"HIV 1/2, Determine Complete HIV Kit, 100 Tests","HIV 1/2, Determine Complete HIV Kit",,Test kit,100,7500,600000.0,80.0,0.8,Yes,2215,17974.69,1176.0
9096,102-KE-T01,Pre-PQ Process,SCMS-42990,ASN-3894,Kenya,PMO - US,Direct Drop,EXW,Air,Pre-PQ Process,4/4/2009,20-May-09,20-May-09,20-May-09,HRDT,HIV test,"HIV 1/2, Bioline 3.0 Kit, (no accessories), 30 Tests","HIV 1/2, Bioline 3.0 Kit (no accessories)",,Test kit,30,5000,120000.0,24.0,0.8,Yes,1558,11653.64,235.2
9100,133-NG-T01,Pre-PQ Process,SCMS-43320,ASN-4100,Nigeria,PMO - US,Direct Drop,EXW,Air,Pre-PQ Process,4/9/2009,24-Jun-09,8-Jun-09,8-Jun-09,HRDT,HIV test,"HIV 1/2, Determine Complete HIV Kit, 100 Tests","HIV 1/2, Determine Complete HIV Kit",,Test kit,100,1500,120000.0,80.0,0.8,Yes,445,7120,235.2
9145,139-NA-T01,Pre-PQ Process,SCMS-44710,ASN-3897,Namibia,PMO - US,Direct Drop,EXW,Air,Pre-PQ Process,4/20/2009,5-Jun-09,5-Jun-09,5-Jun-09,HRDT,HIV test,"HIV 1/2, Uni-Gold HIV Kit, 20 Tests","HIV 1/2, Uni-Gold HIV Kit",,Test kit,20,600,19200.0,32.0,1.6,Yes,205,6148.29,37.63
9151,108-VN-T01,Pre-PQ Process,SCMS-45010,ASN-4303,Vietnam,PMO - US,Direct Drop,EXW,Air,Pre-PQ Process,4/29/2009,11-Jul-09,11-Jul-09,11-Jul-09,ARV,Adult,"Lamivudine/Nevirapine/Stavudine 150/200/30mg, tablets, 60 Tabs",Lamivudine/Nevirapine/Stavudine,150/200/30mg,Tablet - FDC,60,19392,130896.0,6.75,0.11,Yes,1899,5209.46,256.56
9154,108-VN-T01,Pre-PQ Process,SCMS-45070,ASN-4419,Vietnam,PMO - US,Direct Drop,EXW,Air,Pre-PQ Process,4/29/2009,10-Jul-09,10-Jul-09,10-Jul-09,ARV,Adult,"Lamivudine 150mg, tablets, 60 Tabs",Lamivudine,150mg,Tablet,60,6000,14400.0,2.4,0.04,No,See ASN-4419 (ID#:3851),See ASN-4419 (ID#:3851),28.22
9173,119-NA-T01,Pre-PQ Process,SCMS-45630,ASN-4079,Namibia,PMO - US,Direct Drop,EXW,Air,Pre-PQ Process,5/8/2009,8-Jun-09,8-Jun-09,8-Jun-09,ARV,Pediatric,"Stavudine 1mg/ml, powder for oral solution, 200 ml",Stavudine,1mg/ml,Oral solution,200,800,1072.0,1.34,0.01,Yes,98,1770.43,2.1
9179,102-BW-T01,Pre-PQ Process,SCMS-46110,ASN-4184,Botswana,PMO - US,Direct Drop,EXW,Air,Pre-PQ Process,5/18/2009,19-Jun-09,19-Jun-09,19-Jun-09,HRDT,HIV test,"HIV 1/2, Uni-Gold HIV Kit, 20 Tests","HIV 1/2, Uni-Gold HIV Kit",,Test kit,20,75,2400.0,32.0,1.6,Yes,25,808,4.7
9187,108-VN-T01,Pre-PQ Process,SCMS-46540,ASN-4487,Vietnam,PMO - US,Direct Drop,CIP,Air,Pre-PQ Process,5/27/2009,23-Jul-09,23-Jul-09,23-Jul-09,ARV,Pediatric,"Didanosine 25mg [Videx], chewable tablets, 60 Tabs",Didanosine,25mg,Chewable/dispersible tablet,60,80,560.0,7.0,0.12,No,Weight Captured Separately,Freight Included in Commodity Cost,1.1
9200,116-ZA-T01,Pre-PQ Process,SCMS-47050,ASN-4819,South Africa,PMO - US,Direct Drop,DDP,Truck,Pre-PQ Process,6/5/2009,12-Oct-09,21-Jul-09,21-Jul-09,ARV,Adult,"Efavirenz 600mg, tablets, 30 Tabs",Efavirenz,600mg,Tablet,30,1000,17020.0,17.02,0.57,No,Weight Captured Separately,Freight Included in Commodity Cost,33.36
9201,116-ZA-T01,Pre-PQ Process,SCMS-47050,ASN-4819,South Africa,PMO - US,Direct Drop,DDP,Truck,Pre-PQ Process,6/5/2009,12-Oct-09,21-Jul-09,21-Jul-09,ARV,Adult,"Emtricitabine/Tenofovir Disoproxil Fumarate 200/300mg [Truvada], tablets, 30 Tabs",Emtricitabine/Tenofovir Disoproxil Fumarate,300/200mg,Tablet - FDC,30,260,10670.4,41.04,1.37,No,Weight Captured Separately,Freight Included in Commodity Cost,20.91
9202,116-ZA-T01,Pre-PQ Process,SCMS-47052,ASN-5370,South Africa,PMO - US,Direct Drop,DDP,Truck,Pre-PQ Process,6/5/2009,12-Oct-09,8-Oct-09,8-Oct-09,ARV,Pediatric,"Stavudine 1mg/ml, powder for oral solution, 200 ml",Stavudine,1mg/ml,Oral solution,200,1200,2796.0,2.33,0.01,Yes,Weight Captured Separately,Freight Included in Commodity Cost,6.03
9225,123-NG-T01,Pre-PQ Process,SCMS-48440,ASN-4596,Nigeria,PMO - US,Direct Drop,FCA,Air,Pre-PQ Process,7/13/2009,3-Sep-09,3-Sep-09,3-Sep-09,ARV,Adult,"Lopinavir/Ritonavir 200/50mg [Aluvia], tablets, 120 Tabs",Lopinavir/Ritonavir,200/50mg,Tablet,120,5000,205500.0,41.1,0.34,Yes,1246,10490.77,402.78
9243,104-CI-T01,Pre-PQ Process,SCMS-29,ASN-114,Côte d'Ivoire,PMO - US,Direct Drop,EXW,Air,Pre-PQ Process,Date Not Captured,10-Oct-06,10-Oct-06,10-Oct-06,HRDT,HIV test,"#108853** HIV, Genie II HIV-1/HIV-2 Kit, 40 Tests","HIV, Genie II HIV-1/HIV-2 Kit",,Test kit,40,733,55231.55,75.35,1.88,Yes,783,7079.25,
9252,110-ZM-T01,Pre-PQ Process,SCMS-61,ASN-43,Zambia,PMO - US,Direct Drop,EXW,Air,Pre-PQ Process,Date Not Captured,30-Sep-06,30-Sep-06,30-Sep-06,HRDT,HIV test,"HIV 1/2, Determine Complete HIV Kit, 100 Tests","HIV 1/2, Determine Complete HIV Kit",,Test kit,100,1250,100000.0,80.0,0.8,Yes,428,2829.61,
9253,106-HT-T01,Pre-PQ Process,SCMS-63,ASN-83,Haiti,PMO - US,Direct Drop,EXW,Air,Pre-PQ Process,Date Not Captured,18-Oct-06,18-Oct-06,18-Oct-06,HRDT,HIV test,"HIV 1/2, Determine Complete HIV Kit, 100 Tests","HIV 1/2, Determine Complete HIV Kit",,Test kit,100,500,40000.0,80.0,0.8,Yes,169,1215.84,
9255,108-VN-T01,Pre-PQ Process,SCMS-77,ASN-56,Vietnam,PMO - US,Direct Drop,EXW,Air,Pre-PQ Process,Date Not Captured,3-Oct-06,3-Oct-06,3-Oct-06,ARV,Adult,"Abacavir 300mg, tablets, 60 Tabs",Abacavir,300mg,Tablet,60,1000,44500.0,44.5,0.74,Yes,91,7878.06,
9269,105-GY-T01,Pre-PQ Process,SCMS-123,ASN-78,Guyana,PMO - US,Direct Drop,EXW,Air,Pre-PQ Process,Date Not Captured,8-Nov-06,8-Nov-06,8-Nov-06,ARV,Adult,"Zidovudine 300mg, tablets, 60 Tabs",Zidovudine,300mg,Tablet,60,245,2707.25,11.05,0.18,Yes,13,1020.6,
9279,114-UG-T01,Pre-PQ Process,SCMS-157,ASN-127,Uganda,PMO - US,Direct Drop,EXW,Air,Pre-PQ Process,Date Not Captured,21-Dec-06,21-Dec-06,21-Dec-06,ARV,Adult,"Efavirenz 600mg, tablets, 30 Tabs",Efavirenz,600mg,Tablet,30,5080,85090.0,16.75,0.56,No,See ASN-127 (ID#:3955),See ASN-127 (ID#:3955),
9280,110-ZM-T01,Pre-PQ Process,SCMS-163,ASN-123,Zambia,PMO - US,Direct Drop,EXW,Air,Pre-PQ Process,Date Not Captured,20-Dec-06,20-Dec-06,20-Dec-06,ARV,Adult,"Lamivudine/Zidovudine 150/300mg, tablets, 60 Tabs",Lamivudine/Zidovudine,150/300mg,Tablet - FDC,60,38534,423874.0,11.0,0.18,No,See ASN-123 (ID#:2685),See ASN-123 (ID#:2685),
9316,102-NG-T01,Pre-PQ Process,SCMS-694,ASN-582,Nigeria,PMO - US,Direct Drop,EXW,Air,Pre-PQ Process,6/6/2007,6-Aug-07,6-Aug-07,6-Aug-07,HRDT,HIV test,"HIV 1/2, Determine Complete HIV Kit, 100 Tests","HIV 1/2, Determine Complete HIV Kit",,Test kit,100,3500,280000.0,80.0,0.8,Yes,1192,10879.22,448.0
9321,104-CI-T01,Pre-PQ Process,SCMS-698,ASN-727,Côte d'Ivoire,PMO - US,Direct Drop,CIP,Air,Pre-PQ Process,7/13/2007,2-Oct-07,2-Oct-07,2-Oct-07,ARV,Adult,"Stavudine 20mg [Zerit], capsules, 60 Caps",Stavudine,20mg,Capsule,60,1389,7833.96,5.64,0.09,No,Weight Captured Separately,Freight Included in Commodity Cost,12.53
9331,108-VN-T01,Pre-PQ Process,SCMS-749,ASN-737,Vietnam,PMO - US,Direct Drop,EXW,Air,Pre-PQ Process,7/3/2007,2-Oct-07,2-Oct-07,2-Oct-07,ARV,Adult,"Lamivudine/Nevirapine/Zidovudine 150/200/300mg, tablets, 60 Tabs",Lamivudine/Nevirapine/Zidovudine,150/300/200mg,Tablet - FDC,60,7000,94500.0,13.5,0.22,No,See ASN-737 (ID#:2765),See ASN-737 (ID#:2765),151.2
9351,109-TZ-T01,Pre-PQ Process,SCMS-10280,ASN-787,Tanzania,PMO - US,Direct Drop,EXW,Air,Pre-PQ Process,Date Not Captured,22-Nov-07,22-Nov-07,22-Nov-07,HRDT,HIV test,"HIV 1/2, Bioline 3.0 Kit, Lancets, Capillary pipets, Alcohol swabs included, 25 Tests","HIV 1/2, Bioline 3.0 Kit, Lancets, Capillary pipets, Alcohol swabs included",,Test kit,25,10000,200000.0,20.0,0.8,Yes,3345,29470,320.0
9352,109-TZ-T01,Pre-PQ Process,SCMS-10350,ASN-1933,Tanzania,PMO - US,Direct Drop,EXW,Air,Pre-PQ Process,10/23/2007,22-Jul-08,22-Jul-08,22-Jul-08,HRDT,HIV test,"HIV 1/2, Bioline 3.0 Kit, Lancets, Capillary pipets, Alcohol swabs included, 25 Tests","HIV 1/2, Bioline 3.0 Kit, Lancets, Capillary pipets, Alcohol swabs included",,Test kit,25,10000,200000.0,20.0,0.8,Yes,3110,22663.18,320.0
9353,102-BW-T01,Pre-PQ Process,SCMS-10390,ASN-644,Botswana,PMO - US,Direct Drop,EXW,Air,Pre-PQ Process,7/31/2007,31-Aug-07,31-Aug-07,31-Aug-07,HRDT,HIV test,"HIV 1/2, OraQuick Advance HIV Rapid Antibody Kit, 100 Tests","HIV 1/2, OraQuick Advance HIV Rapid Antibody Kit",,Test kit,100,10,3500.0,350.0,3.5,Yes,24,1091.64,5.6
9366,108-VN-T01,Pre-PQ Process,SCMS-10980,ASN-1016,Vietnam,PMO - US,Direct Drop,EXW,Air,Pre-PQ Process,7/4/2007,6-Dec-07,6-Dec-07,6-Dec-07,ARV,Pediatric,"Didanosine 100mg, chewable/dispersible tablets, 60 Tabs",Didanosine,100mg,Chewable/dispersible tablet,60,1300,10075.0,7.75,0.13,Yes,270,3850.43,16.12
9389,102-GY-T01,Pre-PQ Process,SCMS-11660,ASN-766,Guyana,PMO - US,Direct Drop,EXW,Air,Pre-PQ Process,8/28/2007,5-Oct-07,5-Oct-07,5-Oct-07,HRDT,HIV test,"HIV 1/2, Stat-Pak HIV, Kit, 20 Tests","HIV 1/2, Stat-Pak HIV, Kit",,Test kit,20,120,3240.0,27.0,1.35,Yes,35,379.62,5.18
9390,113-ZW-T01,Pre-PQ Process,SCMS-11680,ASN-746,Zimbabwe,PMO - US,Direct Drop,EXW,Air,Pre-PQ Process,8/28/2007,9-Oct-07,9-Oct-07,9-Oct-07,HRDT,HIV test,"HIV 1/2, OraQuick Advance HIV Rapid Antibody Kit, 100 Tests","HIV 1/2, OraQuick Advance HIV Rapid Antibody Kit",,Test kit,100,10,3500.0,350.0,3.5,Yes,24,536.08,5.6
9422,107-RW-T01,Pre-PQ Process,SCMS-13010,ASN-904,Rwanda,PMO - US,Direct Drop,EXW,Air,Pre-PQ Process,10/18/2007,16-Nov-07,16-Nov-07,16-Nov-07,HRDT,HIV test,"HIV 1/2/O, First Response HIV 1-2.0, v.3.0 Cards Kit, 30 Tests","HIV 1/2/O, First Response HIV 1-2.0, v.3.0 Cards Kit",,Test kit,30,3991,65851.5,16.5,0.55,Yes,1150,9898.8,105.36
9487,107-RW-T01,Pre-PQ Process,SCMS-14150,ASN-1085,Rwanda,PMO - US,Direct Drop,EXW,Air,Pre-PQ Process,11/19/2007,18-Jan-08,18-Jan-08,18-Jan-08,HRDT,HIV test,"HIV 1/2, Capillus HIV Kit, 100 Tests","HIV 1/2, Capillus HIV Kit",,Test kit,100,463,64357.0,139.0,1.39,Yes,450,4360.83,102.97
9488,107-RW-T01,Pre-PQ Process,SCMS-14150,ASN-1085,Rwanda,PMO - US,Direct Drop,EXW,Air,Pre-PQ Process,11/19/2007,18-Jan-08,18-Jan-08,18-Jan-08,HRDT,HIV test,"HIV 1/2, Capillus HIV Kit, 100 Tests","HIV 1/2, Capillus HIV Kit",,Test kit,100,300,41700.0,139.0,1.39,No,See ASN-1085 (ID#:9487),See ASN-1085 (ID#:9487),66.72
9489,108-VN-T01,Pre-PQ Process,SCMS-14201,ASN-1172,Vietnam,PMO - US,Direct Drop,EXW,Air,Pre-PQ Process,11/21/2007,22-Jan-08,25-Jan-08,25-Jan-08,ARV,Adult,"Zidovudine 300mg, tablets, 60 Tabs",Zidovudine,300mg,Tablet,60,600,5028.0,8.38,0.14,Yes,34,2127.22,8.04
9499,107-RW-T01,Pre-PQ Process,SCMS-14730,ASN-1067,Rwanda,PMO - US,Direct Drop,CIP,Air,Pre-PQ Process,12/3/2007,3-Jan-08,3-Jan-08,3-Jan-08,ARV,Adult,"Efavirenz 600mg, tablets, 30 Tabs",Efavirenz,600mg,Tablet,30,48259,567043.25,11.75,0.39,Yes,4143,19088.86,907.27
9530,100-HT-T01,Pre-PQ Process,SCMS-15490,ASN-4374,Haiti,PMO - US,Direct Drop,EXW,Air,Pre-PQ Process,1/8/2008,6-Jul-09,6-Jul-09,6-Jul-09,HRDT,HIV test,"HIV 1/2, Capillus HIV Kit, 100 Tests","HIV 1/2, Capillus HIV Kit",,Test kit,100,3,417.0,139.0,1.39,Yes,2,1800.33,0.82
9531,106-HT-T01,Pre-PQ Process,SCMS-15520,ASN-1199,Haiti,PMO - US,Direct Drop,EXW,Air,Pre-PQ Process,Date Not Captured,23-Jan-08,23-Jan-08,23-Jan-08,HRDT,HIV test,"HIV 1/2, Determine HIV Kit, without Lancets, 100 Tests","HIV 1/2, Determine HIV Kit, without Lancets",,Test kit,100,1000,70000.0,70.0,0.7,Yes,228,4829.61,112.0
9536,100-HT-T01,Pre-PQ Process,SCMS-15870,ASN-1319,Haiti,PMO - US,Direct Drop,EXW,Air,Pre-PQ Process,1/3/2008,18-Feb-08,18-Feb-08,18-Feb-08,HRDT,HIV test,"HIV 1/2, Capillus HIV Kit, 100 Tests","HIV 1/2, Capillus HIV Kit",,Test kit,100,2,278.0,139.0,1.39,Yes,Weight Captured Separately,Invoiced Separately,0.44
9550,117-ET-T01,Pre-PQ Process,SCMS-16220,ASN-1329,Ethiopia,PMO - US,Direct Drop,EXW,Air,Pre-PQ Process,1/3/2008,4-Mar-08,4-Mar-08,4-Mar-08,ARV,Adult,"Tenofovir Disoproxil Fumarate 300mg [Viread], tablets, 30 Tabs",Tenofovir Disoproxil Fumarate,300mg,Tablet,30,780,7.8,0.01,0.0,No,See ASN-1329 (ID#:6896),See ASN-1329 (ID#:6896),0.01
9564,116-ZA-T01,Pre-PQ Process,SCMS-16600,ASN-2292,South Africa,PMO - US,Direct Drop,DDP,,Pre-PQ Process,1/4/2008,21-Jan-08,25-Apr-08,25-Apr-08,ARV,Pediatric,"Didanosine 2g [Videx], powder for oral solution 10mg/ml, reconstitute to 200 ml",Didanosine,2g,Powder for oral solution,200,4,57.92,14.48,0.07,Yes,Weight Captured Separately,Freight Included in Commodity Cost,0.09
9565,116-ZA-T01,Pre-PQ Process,SCMS-16600,ASN-1526,South Africa,PMO - US,Direct Drop,DDP,,Pre-PQ Process,1/4/2008,21-Jan-08,21-Jan-08,21-Jan-08,ARV,Adult,"Stavudine 30mg [Zerit], capsules, 60 Caps",Stavudine,30mg,Capsule,60,2500,14325.0,5.73,0.1,Yes,Weight Captured Separately,Freight Included in Commodity Cost,22.92
9566,116-ZA-T01,Pre-PQ Process,SCMS-16600,ASN-1520,South Africa,PMO - US,Direct Drop,DDP,,Pre-PQ Process,1/4/2008,21-Jan-08,4-Jan-08,4-Jan-08,ARV,Pediatric,"Efavirenz 200mg [Stocrin/Sustiva], capsule, 90 Caps",Efavirenz,200mg,Capsule,90,100,3297.0,32.97,0.37,No,Weight Captured Separately,Freight Included in Commodity Cost,5.28
9567,116-ZA-T01,Pre-PQ Process,SCMS-16600,ASN-1520,South Africa,PMO - US,Direct Drop,DDP,,Pre-PQ Process,1/4/2008,21-Jan-08,4-Jan-08,4-Jan-08,ARV,Adult,"Tenofovir Disoproxil Fumarate 300mg [Viread], tablets, 30 Tabs",Tenofovir Disoproxil Fumarate,300mg,Tablet,30,150,3838.5,25.59,0.85,No,Weight Captured Separately,Freight Included in Commodity Cost,6.14
9578,106-HT-T01,Pre-PQ Process,SCMS-16700,ASN-1327,Haiti,PMO - US,Direct Drop,EXW,Air,Pre-PQ Process,2/4/2008,18-Feb-08,18-Feb-08,18-Feb-08,HRDT,HIV test,"HIV 1/2, Capillus HIV Kit, 100 Tests","HIV 1/2, Capillus HIV Kit",,Test kit,100,250,34750.0,139.0,1.39,Yes,Weight Captured Separately,Invoiced Separately,55.6
9579,102-NG-T01,Pre-PQ Process,SCMS-16880,ASN-1592,Nigeria,PMO - US,Direct Drop,EXW,Air,Pre-PQ Process,1/7/2008,21-Apr-08,21-Apr-08,21-Apr-08,HRDT,HIV test,"HIV 1/2, Stat-Pak HIV, Kit, 20 Tests","HIV 1/2, Stat-Pak HIV, Kit",,Test kit,20,7719,208413.0,27.0,1.35,Yes,2502,15636.7,333.46
9585,111-MZ-T01,Pre-PQ Process,SCMS-17260,ASN-2532,Mozambique,PMO - US,Direct Drop,EXW,Air,Pre-PQ Process,2/6/2008,17-Oct-08,17-Oct-08,17-Oct-08,HRDT,HIV test,"HIV 1/2, Uni-Gold HIV Kit, 20 Tests","HIV 1/2, Uni-Gold HIV Kit",,Test kit,20,5300,169600.0,32.0,1.6,Yes,1796,32437.45,271.36
9603,116-ZA-T01,Pre-PQ Process,SCMS-17630,ASN-1532,South Africa,PMO - US,Direct Drop,DDP,Truck,Pre-PQ Process,1/21/2008,5-Feb-08,21-Jan-08,21-Jan-08,ARV,Adult,"Stavudine 30mg [Zerit], capsules, 60 Caps",Stavudine,30mg,Capsule,60,600,3426.0,5.71,0.1,No,Weight Captured Separately,Freight Included in Commodity Cost,5.48
9628,102-GY-T01,Pre-PQ Process,SCMS-18480,ASN-1503,Guyana,PMO - US,Direct Drop,EXW,Air,Pre-PQ Process,2/28/2008,9-Apr-08,9-Apr-08,9-Apr-08,HRDT,HIV test,"HIV 1/2, Determine HIV Kit, without Lancets, 100 Tests","HIV 1/2, Determine HIV Kit, without Lancets",,Test kit,100,240,17277.6,71.99,0.72,Yes,55,1442.92,27.64
9629,117-ET-T01,Pre-PQ Process,SCMS-18520,ASN-1591,Ethiopia,PMO - US,Direct Drop,EXW,Air,Pre-PQ Process,2/29/2008,17-Apr-08,17-Apr-08,17-Apr-08,HRDT,HIV test,"HIV 1/2, SKB Colloidal Gold, Diagnostic Kit, Antibody, 50 Tests","HIV 1/2, Colloidal Gold, Diagnostic Kit, Antibody",,Test kit,1,1044,24012.0,23.0,23.0,Yes,754,6267.38,38.42
9639,106-HT-T01,Pre-PQ Process,SCMS-18720,ASN-1610,Haiti,PMO - US,Direct Drop,EXW,Air,Pre-PQ Process,3/11/2008,9-May-08,9-May-08,9-May-08,HRDT,HIV test,"HIV 1/2, Determine HIV Kit, without Lancets, 100 Tests","HIV 1/2, Determine HIV Kit, without Lancets",,Test kit,100,955,63985.0,67.0,0.67,Yes,164,1802.14,102.38
9640,102-GY-T01,Pre-PQ Process,SCMS-18800,ASN-1613,Guyana,PMO - US,Direct Drop,EXW,Air,Pre-PQ Process,3/13/2008,6-May-08,6-May-08,6-May-08,HRDT,HIV test,"HIV 1/2, Uni-Gold HIV Kit, 20 Tests","HIV 1/2, Uni-Gold HIV Kit",,Test kit,20,748,23936.0,32.0,1.6,Yes,748,3740.04,38.3
9655,116-ZA-T01,Pre-PQ Process,SCMS-19800,ASN-1665,South Africa,PMO - US,Direct Drop,DDP,Truck,Pre-PQ Process,2/20/2008,24-Apr-08,24-Apr-08,24-Apr-08,ARV,Pediatric,"Efavirenz 200mg [Stocrin/Sustiva], capsule, 90 Caps",Efavirenz,200mg,Capsule,90,80,2252.0,28.15,0.31,No,Weight Captured Separately,Freight Included in Commodity Cost,3.6
9656,116-ZA-T01,Pre-PQ Process,SCMS-19800,ASN-1665,South Africa,PMO - US,Direct Drop,DDP,Truck,Pre-PQ Process,2/20/2008,24-Apr-08,24-Apr-08,24-Apr-08,ARV,Adult,"Ritonavir 100mg [Norvir], capsules, cool, 84 Caps",Ritonavir,100mg,Capsule,84,10,91.9,9.19,0.11,No,Weight Captured Separately,Freight Included in Commodity Cost,0.15
9657,116-ZA-T01,Pre-PQ Process,SCMS-19800,ASN-1665,South Africa,PMO - US,Direct Drop,DDP,Truck,Pre-PQ Process,2/20/2008,24-Apr-08,24-Apr-08,24-Apr-08,ARV,Adult,"Stavudine 30mg [Zerit], capsules, 60 Caps",Stavudine,30mg,Capsule,60,1000,4890.0,4.89,0.08,No,Weight Captured Separately,Freight Included in Commodity Cost,7.82
9658,116-ZA-T01,Pre-PQ Process,SCMS-19800,ASN-1665,South Africa,PMO - US,Direct Drop,DDP,Truck,Pre-PQ Process,2/20/2008,24-Apr-08,24-Apr-08,24-Apr-08,ARV,Pediatric,"Efavirenz 50mg [Stocrin/Sustiva], capsule, 30 Caps",Efavirenz,50mg,Capsule,30,200,596.0,2.98,0.1,No,Weight Captured Separately,Freight Included in Commodity Cost,0.95
9669,108-VN-T01,Pre-PQ Process,SCMS-20200,ASN-2017,Vietnam,PMO - US,Direct Drop,EXW,Air,Pre-PQ Process,3/31/2008,14-Jul-08,14-Jul-08,14-Jul-08,ARV,Pediatric,"Didanosine 100mg, chewable/dispersible tablets, 60 Tabs",Didanosine,100mg,Chewable/dispersible tablet,60,360,2790.0,7.75,0.13,No,See ASN-2017 (ID#:5701),See ASN-2017 (ID#:5701),4.46
9673,108-VN-T01,Pre-PQ Process,SCMS-20520,ASN-1794,Vietnam,PMO - US,Direct Drop,EXW,Air,Pre-PQ Process,3/31/2008,2-Jun-08,2-Jun-08,2-Jun-08,ARV,Pediatric,"Zidovudine 100mg, capsules, 100 Caps",Zidovudine,100mg,Capsule,100,1400,7686.0,5.49,0.05,Yes,106,2869.03,12.3
9675,108-VN-T01,Pre-PQ Process,SCMS-20540,ASN-2044,Vietnam,PMO - US,Direct Drop,EXW,Air,Pre-PQ Process,3/31/2008,18-Jul-08,18-Jul-08,18-Jul-08,ARV,Adult,"Efavirenz 600mg, tablets, 30 Tabs",Efavirenz,600mg,Tablet,30,10080,115718.4,11.48,0.38,Yes,772,5893.08,185.15
9676,108-VN-T01,Pre-PQ Process,SCMS-20541,ASN-1793,Vietnam,PMO - US,Direct Drop,EXW,Air,Pre-PQ Process,4/10/2008,18-Jul-08,2-Jun-08,2-Jun-08,ARV,Adult,"Tenofovir Disoproxil Fumarate 300mg, tablets, 30 Tabs",Tenofovir Disoproxil Fumarate,300mg,Tablet,30,2016,27538.56,13.66,0.46,Yes,122,2867.81,44.06
9694,116-ZA-T01,Pre-PQ Process,SCMS-21460,ASN-1667,South Africa,PMO - US,Direct Drop,DDP,,Pre-PQ Process,4/4/2008,25-Apr-08,7-Apr-08,7-Apr-08,ARV,Adult,"Didanosine EC 400mg [Videx EC], delayed-release capsules, Blister 3 x 10 Caps",Didanosine EC,400mg,Delayed-release capsules - blister,30,100,2386.0,23.86,0.8,No,Weight Captured Separately,Freight Included in Commodity Cost,3.82
9749,108-VN-T01,Pre-PQ Process,SCMS-23360,ASN-2490,Vietnam,PMO - US,Direct Drop,FCA,Air,Pre-PQ Process,5/15/2008,16-Nov-08,16-Nov-08,16-Nov-08,ARV,Adult,"Lopinavir/Ritonavir 200/50mg [Aluvia], tablets, 120 Tabs",Lopinavir/Ritonavir,200/50mg,Tablet,120,1480,121656.0,82.2,0.68,Yes,370,2652.33,194.65
9750,108-VN-T01,Pre-PQ Process,SCMS-23440,ASN-2335,Vietnam,PMO - US,Direct Drop,EXW,Air,Pre-PQ Process,5/13/2008,20-Sep-08,20-Sep-08,20-Sep-08,ARV,Adult,"Efavirenz 600mg, tablets, 30 Tabs",Efavirenz,600mg,Tablet,30,5040,51609.6,10.24,0.34,No,See ASN-2335 (ID#:5796),See ASN-2335 (ID#:5796),82.58
9751,116-ZA-T01,Pre-PQ Process,SCMS-23500,ASN-2293,South Africa,PMO - US,Direct Drop,DDP,Truck,Pre-PQ Process,Date Not Captured,20-Aug-08,8-May-08,8-May-08,ARV,Pediatric,"Efavirenz 200mg [Stocrin/Sustiva], capsule, 90 Caps",Efavirenz,200mg,Capsule,90,80,2572.0,32.15,0.36,No,Weight Captured Separately,Freight Included in Commodity Cost,4.12
9752,116-ZA-T01,Pre-PQ Process,SCMS-23500,ASN-2300,South Africa,PMO - US,Direct Drop,DDP,Truck,Pre-PQ Process,Date Not Captured,20-Aug-08,14-May-08,14-May-08,ARV,Adult,"Emtricitabine/Tenofovir Disoproxil Fumarate 200/300mg [Truvada], tablets, 30 Tabs",Emtricitabine/Tenofovir Disoproxil Fumarate,300/200mg,Tablet - FDC,30,20,765.0,38.25,1.27,No,Weight Captured Separately,Freight Included in Commodity Cost,1.22
9753,116-ZA-T01,Pre-PQ Process,SCMS-23500,ASN-2300,South Africa,PMO - US,Direct Drop,DDP,Truck,Pre-PQ Process,Date Not Captured,20-Aug-08,14-May-08,14-May-08,ARV,Adult,"Saquinavir 200mg [Invirase], capsules, 270 Caps",Saquinavir,200mg,Capsule,270,4,285.52,71.38,0.26,No,Weight Captured Separately,Freight Included in Commodity Cost,0.46
9804,117-ET-T01,Pre-PQ Process,SCMS-24890,ASN-2218,Ethiopia,PMO - US,Direct Drop,EXW,Air,Pre-PQ Process,6/10/2008,13-Aug-08,13-Aug-08,13-Aug-08,ANTM,Malaria,"Primaquine 15mg base (as diphosphate), tablets, 1000 Tabs",Primaquine base (as diphosphate),15mg,Tablet,1000,32,1434.88,44.84,0.04,Yes,7,399.18,2.3
9815,113-ZW-T01,Pre-PQ Process,SCMS-25300,ASN-2997,Zimbabwe,PMO - US,Direct Drop,EXW,Air,Pre-PQ Process,6/12/2008,22-Jan-09,22-Jan-09,22-Jan-09,HRDT,HIV test - Ancillary,"HIV, Lancet, Safety, for HIV Test kits, 100 Pcs","HIV, Lancet, Safety, for HIV Test kits, 100 Pcs",,Test kit - Ancillary,100,1396,13.96,0.01,0.0,No,See ASN-2997 (ID#:5860),See ASN-2997 (ID#:5860),0.03
9836,107-RW-T01,Pre-PQ Process,SCMS-25910,ASN-2390,Rwanda,PMO - US,Direct Drop,CIP,Air,Pre-PQ Process,8/6/2008,23-Sep-08,23-Sep-08,23-Sep-08,ARV,Adult,"Efavirenz 600mg, tablets, 30 Tabs",Efavirenz,600mg,Tablet,30,83400,931578.0,11.17,0.37,Yes,6701,87692.85,1490.52
9841,112-NG-T01,Pre-PQ Process,SCMS-26290,ASN-2106,Nigeria,PMO - US,Direct Drop,EXW,Air,Pre-PQ Process,6/30/2008,5-Aug-08,5-Aug-08,5-Aug-08,ACT,ACT,"Artemether/Lumefantrine 20/120mg [Coartem], scored tablets, Blister 30 x 18 Tabs",Artemether/Lumefantrine,20/120mg,Tablet - FDC + blister,540,34,1547.68,45.52,0.08,Yes,159,1976.57,2.48
9842,112-NG-T01,Pre-PQ Process,SCMS-26290,ASN-2106,Nigeria,PMO - US,Direct Drop,EXW,Air,Pre-PQ Process,6/30/2008,5-Aug-08,5-Aug-08,5-Aug-08,ACT,ACT,"Artemether/Lumefantrine 20/120mg [Coartem], scored tablets, Blister 30 x 18 Tabs",Artemether/Lumefantrine,20/120mg,Tablet - FDC + blister,540,34,1547.68,45.52,0.08,No,See ASN-2106 (ID#:9841),See ASN-2106 (ID#:9841),2.48
9860,116-ZA-T01,Pre-PQ Process,SCMS-26820,ASN-2487,South Africa,PMO - US,Direct Drop,DDP,Truck,Pre-PQ Process,Date Not Captured,10-Jul-08,14-Jul-08,14-Jul-08,ARV,Adult,"Lamivudine 150mg [Epivir], tablets, 60 Tabs",Lamivudine,150mg,Tablet,60,1000,5310.0,5.31,0.09,No,Weight Captured Separately,Freight Included in Commodity Cost,8.5
9866,133-NG-T01,Pre-PQ Process,SCMS-27060,ASN-2438,Nigeria,PMO - US,Direct Drop,EXW,Air,Pre-PQ Process,7/18/2008,15-Oct-08,15-Oct-08,15-Oct-08,HRDT,HIV test,"HIV 1/2, Determine HIV Kit, without Lancets, 100 Tests","HIV 1/2, Determine HIV Kit, without Lancets",,Test kit,100,6502,520094.98,79.99,0.8,No,See ASN-2438 (ID#:1941),See ASN-2438 (ID#:1941),832.15
9874,108-VN-T01,Pre-PQ Process,SCMS-27330,ASN-2861,Vietnam,PMO - US,Direct Drop,CIP,Air,Pre-PQ Process,7/23/2008,13-Nov-08,13-Nov-08,13-Nov-08,ARV,Pediatric,"Didanosine 25mg [Videx], chewable tablets, 60 Tabs",Didanosine,25mg,Chewable/dispersible tablet,60,240,1680.0,7.0,0.12,Yes,52,1516.05,3.29
9916,123-NG-T01,Pre-PQ Process,SCMS-28390,ASN-2367,Nigeria,PMO - US,Direct Drop,EXW,Air,Pre-PQ Process,8/15/2008,23-Oct-08,23-Oct-08,23-Oct-08,ACT,ACT,"Artemether/Lumefantrine 20/120mg [Coartem], scored tablets, Blister 30 x 18 Tabs",Artemether/Lumefantrine,20/120mg,Tablet - FDC + blister,540,25,875.0,35.0,0.06,Yes,86,1528.06,1.4
9918,108-VN-T01,Pre-PQ Process,SCMS-26171,ASN-2515,Vietnam,PMO - US,Direct Drop,EXW,Air,Pre-PQ Process,7/1/2008,25-Sep-08,25-Sep-08,25-Sep-08,ARV,Adult,"Lamivudine/Zidovudine 150/300mg, tablets, 60 Tabs",Lamivudine/Zidovudine,150/300mg,Tablet - FDC,60,1800,15498.0,8.61,0.14,No,See ASN-2515 (ID#:4635),See ASN-2515 (ID#:4635),24.8
9933,117-ET-T01,Pre-PQ Process,SCMS-28700,ASN-2720,Ethiopia,PMO - US,Direct Drop,EXW,Air,Pre-PQ Process,8/22/2008,30-Oct-08,30-Oct-08,30-Oct-08,HRDT,HIV test,"HIV 1/2, SKB Colloidal Gold, Diagnostic Kit, Antibody, 50 Tests","HIV 1/2, Colloidal Gold, Diagnostic Kit, Antibody",,Test kit,1,6998,160954.0,23.0,23.0,Yes,5056,44360.44,315.47
9936,116-ZA-T01,Pre-PQ Process,SCMS-28830,ASN-2502,South Africa,PMO - US,Direct Drop,DDP,Truck,Pre-PQ Process,Date Not Captured,25-Aug-08,18-Aug-08,18-Aug-08,ARV,Adult,"Zidovudine 300mg [Retrovir], tablets, 60 Tabs",Zidovudine,300mg,Tablet,60,550,6820.0,12.4,0.21,No,Weight Captured Separately,Freight Included in Commodity Cost,10.91
9937,116-ZA-T01,Pre-PQ Process,SCMS-28830,ASN-2503,South Africa,PMO - US,Direct Drop,DDP,Truck,Pre-PQ Process,Date Not Captured,25-Aug-08,14-Aug-08,14-Aug-08,ARV,Pediatric,"Didanosine 2g [Videx], powder for oral solution 10mg/ml, reconstitute to 200 ml",Didanosine,2g,Powder for oral solution,200,10,125.4,12.54,0.06,No,Weight Captured Separately,Freight Included in Commodity Cost,0.2
9939,119-NA-T01,Pre-PQ Process,SCMS-28850,ASN-2513,Namibia,PMO - US,Direct Drop,EXW,Air,Pre-PQ Process,8/26/2008,25-Sep-08,25-Sep-08,25-Sep-08,HRDT,HIV test,"HIV 1/2, Determine HIV Kit, without Lancets, 100 Tests","HIV 1/2, Determine HIV Kit, without Lancets",,Test kit,100,2,140.0,70.0,0.7,No,See ASN-2513 (ID#:3360),See ASN-2513 (ID#:3360),0.22
9952,104-CI-T01,Pre-PQ Process,SCMS-29340,ASN-2921,Côte d'Ivoire,PMO - US,Direct Drop,EXW,Air,Pre-PQ Process,9/3/2008,23-Jan-09,23-Jan-09,23-Jan-09,ACT,ACT,"Artesunate+Amodiaquine 50+153mg, tablets, co-blister 12+12 Tabs",Artesunate+Amodiaquine,50+153mg,Tablet - FDC + co-blister,24,20000,14000.0,0.7,0.03,No,See ASN-2921 (ID#:719),See ASN-2921 (ID#:719),27.44
9960,111-MZ-T01,Pre-PQ Process,SCMS-29440,ASN-2403,Mozambique,PMO - US,Direct Drop,EXW,Air,Pre-PQ Process,8/29/2008,3-Oct-08,3-Oct-08,3-Oct-08,HRDT,HIV test - Ancillary,"HIV, Lancet, Safety, for HIV Test kits, 100 Pcs","HIV, Lancet, Safety, for HIV Test kits, 100 Pcs",,Test kit - Ancillary,100,1000,10.0,0.01,0.0,No,See ASN-2403 (ID#:3386),See ASN-2403 (ID#:3386),0.02
10062,108-VN-T01,Pre-PQ Process,SCMS-31730,ASN-3313,Vietnam,PMO - US,Direct Drop,EXW,Air,Pre-PQ Process,10/21/2008,23-Feb-09,23-Feb-09,23-Feb-09,ARV,Adult,"Lamivudine 150mg, tablets, 60 Tabs",Lamivudine,150mg,Tablet,60,6966,16718.4,2.4,0.04,No,See ASN-3313 (ID#:3456),See ASN-3313 (ID#:3456),32.77
10063,113-ZW-T01,Pre-PQ Process,SCMS-31850,ASN-2711,Zimbabwe,PMO - US,Direct Drop,CIP,Air,Pre-PQ Process,10/10/2008,15-Nov-08,15-Nov-08,15-Nov-08,HRDT,HIV test,"#109440**HIV 1/2, INSTI HIV Antibody Individual POC, 1 Test","HIV 1/2, INSTI HIV Antibody Individual POC, 1 Test",,Test kit,1,5000,13398.72,2.68,2.68,Yes,Weight Captured Separately,Freight Included in Commodity Cost,26.26
10085,117-ET-T01,Pre-PQ Process,SCMS-32410,ASN-3178,Ethiopia,PMO - US,Direct Drop,EXW,Air,Pre-PQ Process,10/22/2008,30-Jan-09,20-Jan-09,20-Jan-09,HRDT,HIV test,"HIV 1/2, Stat-Pak HIV, Kit, 20 Tests","HIV 1/2, Stat-Pak HIV, Kit",,Test kit,20,9325,251775.0,27.0,1.35,Yes,3061,15288.75,493.48
10086,117-ET-T01,Pre-PQ Process,SCMS-32410,ASN-3259,Ethiopia,PMO - US,Direct Drop,EXW,Air,Pre-PQ Process,10/22/2008,30-Jan-09,30-Jan-09,30-Jan-09,HRDT,HIV test,"HIV 1/2, Stat-Pak HIV, Kit, 20 Tests","HIV 1/2, Stat-Pak HIV, Kit",,Test kit,20,3711,100197.0,27.0,1.35,Yes,1341,6112.63,196.39
10089,102-BW-T01,Pre-PQ Process,SCMS-32490,ASN-2941,Botswana,PMO - US,Direct Drop,DDP,Truck,Pre-PQ Process,10/21/2008,12-Nov-08,12-Nov-08,12-Nov-08,HRDT,HIV test,"HIV 1/2, OraQuick Advance HIV Rapid Antibody Kit, 100 Tests","HIV 1/2, OraQuick Advance HIV Rapid Antibody Kit",,Test kit,100,5,3500.0,700.0,7.0,Yes,Weight Captured Separately,Freight Included in Commodity Cost,6.86
10102,133-NG-T01,Pre-PQ Process,SCMS-32920,ASN-2909,Nigeria,PMO - US,Direct Drop,EXW,Air,Pre-PQ Process,10/30/2008,2-Dec-08,2-Dec-08,2-Dec-08,HRDT,HIV test,"HIV 1/2, Determine Complete HIV Kit, 100 Tests","HIV 1/2, Determine Complete HIV Kit",,Test kit,100,3622,289760.0,80.0,0.8,Yes,1091,15045.56,567.93
10126,109-TZ-T01,Pre-PQ Process,SCMS-34690,ASN-3853,Tanzania,PMO - US,Direct Drop,CIP,Air,Pre-PQ Process,12/30/2008,15-Jun-09,15-Jun-09,15-Jun-09,ARV,Adult,"Efavirenz/Emtricitabine/Tenofovir Disoproxil Fumarate 600/200/300mg [Atripla], tablets, 30 Tabs",Efavirenz/Emtricitabine/Tenofovir Disoproxil Fumarate,600/200/300mg,Tablet - FDC,30,2357,118792.8,50.4,1.68,No,See ASN-3853 (ID#:4824),See ASN-3853 (ID#:4824),232.83
10155,102-GY-T01,Pre-PQ Process,SCMS-35540,ASN-3208,Guyana,PMO - US,Direct Drop,EXW,Air,Pre-PQ Process,12/11/2008,30-Jan-09,30-Jan-09,30-Jan-09,HRDT,HIV test,"HIV 1/2, Uni-Gold HIV Kit, 20 Tests","HIV 1/2, Uni-Gold HIV Kit",,Test kit,20,2086,66752.0,32.0,1.6,Yes,707,5926.53,130.83
10228,108-VN-T01,Pre-PQ Process,SCMS-37160,ASN-3561,Vietnam,PMO - US,Direct Drop,EXW,Air,Pre-PQ Process,1/16/2009,7-Apr-09,7-Apr-09,7-Apr-09,ARV,Adult,"Nevirapine 200mg, tablets, 60 Tabs",Nevirapine,200mg,Tablet,60,7800,22620.0,2.9,0.05,No,See ASN-3561 (ID#:2297),See ASN-3561 (ID#:2297),44.34
10229,108-VN-T01,Pre-PQ Process,SCMS-37170,ASN-3562,Vietnam,PMO - US,Direct Drop,EXW,Air,Pre-PQ Process,1/16/2009,10-Apr-09,10-Apr-09,10-Apr-09,ARV,Adult,"Stavudine 30mg, capsules, 60 Caps",Stavudine,30mg,Capsule,60,22428,32520.6,1.45,0.02,No,See ASN-3562 (ID#:960),See ASN-3562 (ID#:960),63.74
10239,110-ZM-T01,Pre-PQ Process,SCMS-37780,ASN-3698,Zambia,PMO - US,Direct Drop,EXW,Air,Pre-PQ Process,1/27/2009,9-Apr-09,9-Apr-09,9-Apr-09,HRDT,HIV test,"HIV 1/2, Uni-Gold HIV Kit, 20 Tests","HIV 1/2, Uni-Gold HIV Kit",,Test kit,20,8000,256000.0,32.0,1.6,Yes,2657,25513.66,501.76
10240,109-TZ-T01,Pre-PQ Process,SCMS-37800,ASN-3479,Tanzania,PMO - US,Direct Drop,DDP,Truck,Pre-PQ Process,1/26/2009,23-Feb-09,23-Feb-09,23-Feb-09,HRDT,HIV test,"HIV 1/2, Determine Complete HIV Kit, 100 Tests","HIV 1/2, Determine Complete HIV Kit",,Test kit,100,110,12650.0,115.0,1.15,Yes,Weight Captured Separately,Freight Included in Commodity Cost,24.79
10246,108-VN-T01,Pre-PQ Process,SCMS-31731,ASN-3455,Vietnam,PMO - US,Direct Drop,EXW,Air,Pre-PQ Process,10/21/2008,10-Mar-09,10-Mar-09,10-Mar-09,ARV,Adult,"Lamivudine/Zidovudine 150/300mg, tablets, 60 Tabs",Lamivudine/Zidovudine,150/300mg,Tablet - FDC,60,1176,10125.36,8.61,0.14,Yes,105,865.6,19.85
10282,107-RW-T01,Pre-PQ Process,SCMS-38670,ASN-3678,Rwanda,PMO - US,Direct Drop,EXW,Air,Pre-PQ Process,2/18/2009,6-Apr-09,6-Apr-09,6-Apr-09,HRDT,HIV test,"HIV 1/2, Uni-Gold HIV Kit, 20 Tests","HIV 1/2, Uni-Gold HIV Kit",,Test kit,20,963,30816.0,32.0,1.6,Yes,320,3100.66,60.4
10298,104-CI-T01,Pre-PQ Process,SCMS-39430,ASN-3761,Côte d'Ivoire,PMO - US,Direct Drop,EXW,Air,Pre-PQ Process,2/24/2009,14-May-09,14-May-09,14-May-09,HRDT,HIV test,"HIV 1/2, Determine HIV Kit, without Lancets, 100 Tests","HIV 1/2, Determine HIV Kit, without Lancets",,Test kit,100,1500,105000.0,70.0,0.7,Yes,341,9749.73,205.8
10342,116-ZA-T01,Pre-PQ Process,SCMS-40780,ASN-3607,South Africa,PMO - US,Direct Drop,DDP,Air,Pre-PQ Process,Date Not Captured,17-Mar-09,28-Nov-08,28-Nov-08,ARV,Pediatric,"Stavudine 1mg/ml [Zerit], powder for oral solution, Bottle, 200 ml",Stavudine,1mg/ml,Powder for oral solution,200,180,210.6,1.17,0.01,No,Weight Captured Separately,Freight Included in Commodity Cost,0.41
10343,116-ZA-T01,Pre-PQ Process,SCMS-40790,ASN-3575,South Africa,PMO - US,Direct Drop,DDP,Air,Pre-PQ Process,Date Not Captured,24-Mar-09,1-Dec-08,1-Dec-08,ARV,Adult,"Lamivudine 150mg, tablets, 60 Tabs",Lamivudine,150mg,Tablet,60,6000,32520.0,5.42,0.09,No,Weight Captured Separately,Freight Included in Commodity Cost,63.74
10344,116-ZA-T01,Pre-PQ Process,SCMS-40810,ASN-3634,South Africa,PMO - US,Direct Drop,DDP,Air,Pre-PQ Process,Date Not Captured,31-Mar-09,2-Dec-08,2-Dec-08,ARV,Adult,"Stavudine 30mg [Zerit], capsules, 60 Caps",Stavudine,30mg,Capsule,60,3600,13896.0,3.86,0.06,No,Weight Captured Separately,Freight Included in Commodity Cost,27.24
10345,116-ZA-T01,Pre-PQ Process,SCMS-40870,ASN-3582,South Africa,PMO - US,Direct Drop,DDP,Air,Pre-PQ Process,Date Not Captured,30-Jun-09,30-Jan-09,30-Jan-09,ARV,Adult,"Zidovudine 300mg, tablets, 60 Tabs",Zidovudine,300mg,Tablet,60,5550,68098.5,12.27,0.2,No,Weight Captured Separately,Freight Included in Commodity Cost,133.47
10347,116-ZA-T01,Pre-PQ Process,SCMS-41070,ASN-3625,South Africa,PMO - US,Direct Drop,DDP,Air,Pre-PQ Process,Date Not Captured,12-May-09,30-Dec-08,30-Dec-08,ARV,Pediatric,"Stavudine 1mg/ml [Zerit], powder for oral solution, Bottle, 200 ml",Stavudine,1mg/ml,Powder for oral solution,200,40,48.4,1.21,0.01,No,Weight Captured Separately,Freight Included in Commodity Cost,0.09
10348,116-ZA-T01,Pre-PQ Process,SCMS-41090,ASN-3626,South Africa,PMO - US,Direct Drop,DDP,Air,Pre-PQ Process,Date Not Captured,9-Jun-09,27-Jan-09,27-Jan-09,ARV,Adult,"Stavudine 30mg, capsules, 60 Caps",Stavudine,30mg,Capsule,60,24150,59892.0,2.48,0.04,No,Weight Captured Separately,Freight Included in Commodity Cost,117.39
10350,116-ZA-T01,Pre-PQ Process,SCMS-41100,ASN-4018,South Africa,PMO - US,Direct Drop,DDP,Air,Pre-PQ Process,3/13/2009,17-Jun-09,3-Apr-09,3-Apr-09,ARV,Adult,"Lamivudine 150mg, tablets, 60 Tabs",Lamivudine,150mg,Tablet,60,100,520.0,5.2,0.09,No,Weight Captured Separately,Freight Included in Commodity Cost,1.02
10351,116-ZA-T01,Pre-PQ Process,SCMS-50670,ASN-4609,South Africa,PMO - US,Direct Drop,DDP,Air,Pre-PQ Process,3/13/2009,17-Jun-09,17-Jun-09,17-Jun-09,ARV,Pediatric,"Lamivudine 10mg/ml, oral solution, Bottle, 240 ml",Lamivudine,10mg/ml,Oral solution,240,1000,3550.0,3.55,0.01,Yes,Weight Captured Separately,Freight Included in Commodity Cost,6.96
10352,116-ZA-T01,Pre-PQ Process,SCMS-41140,ASN-3752,South Africa,PMO - US,Direct Drop,DDP,Air,Pre-PQ Process,Date Not Captured,31-Mar-09,21-Nov-08,21-Nov-08,ARV,Pediatric,"Didanosine 25mg [Videx], chewable tablets, 60 Tabs",Didanosine,25mg,Chewable/dispersible tablet,60,10,94.9,9.49,0.16,No,Weight Captured Separately,Freight Included in Commodity Cost,0.19
10353,116-ZA-T01,Pre-PQ Process,SCMS-41160,ASN-3760,South Africa,PMO - US,Direct Drop,DDP,Air,Pre-PQ Process,Date Not Captured,1-Apr-09,26-Nov-08,26-Nov-08,ARV,Adult,"Lamivudine 150mg [Epivir], tablets, 60 Tabs",Lamivudine,150mg,Tablet,60,2000,10460.0,5.23,0.09,No,See ASN-3760 (ID#:5049),See ASN-3760 (ID#:5049),20.5
10354,116-ZA-T01,Pre-PQ Process,SCMS-41160,ASN-3760,South Africa,PMO - US,Direct Drop,DDP,Air,Pre-PQ Process,Date Not Captured,1-Apr-09,26-Nov-08,26-Nov-08,ARV,Pediatric,"Zidovudine 10mg/ml [Retrovir], oral solution, Bottle, 200 ml",Zidovudine,10mg/ml,Oral solution,200,150,949.5,6.33,0.03,No,See ASN-3760 (ID#:5049),See ASN-3760 (ID#:5049),1.86
10355,116-ZA-T01,Pre-PQ Process,SCMS-41230,ASN-3758,South Africa,PMO - US,Direct Drop,DDP,Air,Pre-PQ Process,Date Not Captured,1-Apr-09,11-Feb-09,11-Feb-09,ARV,Adult,"Emtricitabine/Tenofovir Disoproxil Fumarate 200/300mg [Truvada], tablets, 30 Tabs",Emtricitabine/Tenofovir Disoproxil Fumarate,300/200mg,Tablet - FDC,30,80,2542.4,31.78,1.06,Yes,Weight Captured Separately,Freight Included in Commodity Cost,4.98
10356,116-ZA-T01,Pre-PQ Process,SCMS-41230,ASN-3758,South Africa,PMO - US,Direct Drop,DDP,Air,Pre-PQ Process,Date Not Captured,1-Apr-09,11-Feb-09,11-Feb-09,ARV,Adult,"Stavudine 20mg [Zerit], capsules, 60 Caps",Stavudine,20mg,Capsule,60,300,1212.0,4.04,0.07,No,Weight Captured Separately,Freight Included in Commodity Cost,2.38
10357,116-ZA-T01,Pre-PQ Process,SCMS-41230,ASN-3758,South Africa,PMO - US,Direct Drop,DDP,Air,Pre-PQ Process,Date Not Captured,1-Apr-09,11-Feb-09,11-Feb-09,ARV,Adult,"Tenofovir Disoproxil Fumarate 300mg [Viread], tablets, 30 Tabs",Tenofovir Disoproxil Fumarate,300mg,Tablet,30,400,8692.0,21.73,0.72,No,Weight Captured Separately,Freight Included in Commodity Cost,17.04
10364,116-ZA-T01,Pre-PQ Process,SCMS-41582,ASN-4304,South Africa,PMO - US,Direct Drop,DDP,Air,Pre-PQ Process,3/27/2009,25-Jun-09,8-Apr-09,8-Apr-09,ARV,Adult,"Zidovudine 300mg, tablets, 60 Tabs",Zidovudine,300mg,Tablet,60,1000,19760.0,19.76,0.33,No,Weight Captured Separately,Freight Included in Commodity Cost,38.73
10365,116-ZA-T01,Pre-PQ Process,SCMS-41585,ASN-4386,South Africa,PMO - US,Direct Drop,DDP,Air,Pre-PQ Process,3/27/2009,25-Jun-09,21-Apr-09,21-Apr-09,ARV,Adult,"Lopinavir/Ritonavir 200/50mg [Aluvia], tablets, 120 Tabs",Lopinavir/Ritonavir,200/50mg,Tablet,120,1900,68362.0,35.98,0.3,No,Weight Captured Separately,Freight Included in Commodity Cost,133.99
10366,116-ZA-T01,Pre-PQ Process,SCMS-41585,ASN-4386,South Africa,PMO - US,Direct Drop,DDP,Air,Pre-PQ Process,3/27/2009,25-Jun-09,21-Apr-09,21-Apr-09,ARV,Adult,"Lamivudine 150mg, tablets, 60 Tabs",Lamivudine,150mg,Tablet,60,3344,23675.52,7.08,0.12,No,Weight Captured Separately,Freight Included in Commodity Cost,46.4
10367,116-ZA-T01,Pre-PQ Process,SCMS-49550,ASN-4610,South Africa,PMO - US,Direct Drop,DDP,Truck,Pre-PQ Process,3/27/2009,25-Jun-09,25-Jun-09,25-Jun-09,ARV,Adult,"Lamivudine 150mg [Epivir], tablets, 60 Tabs",Lamivudine,150mg,Tablet,60,7000,37520.0,5.36,0.09,Yes,Weight Captured Separately,Freight Included in Commodity Cost,73.54
10368,116-ZA-T01,Pre-PQ Process,SCMS-49530,ASN-4613,South Africa,PMO - US,Direct Drop,DDP,Truck,Pre-PQ Process,3/27/2009,25-Jun-09,17-Jun-09,17-Jun-09,ARV,Pediatric,"Lamivudine 10mg/ml, oral solution, Bottle, 240 ml",Lamivudine,10mg/ml,Oral solution,240,1000,5650.0,5.65,0.02,Yes,Weight Captured Separately,Freight Included in Commodity Cost,11.07
10386,102-GY-T01,Pre-PQ Process,SCMS-42310,ASN-3896,Guyana,PMO - US,Direct Drop,EXW,Air,Pre-PQ Process,3/30/2009,18-May-09,18-May-09,18-May-09,HRDT,HIV test,"HIV 1/2, Uni-Gold HIV Kit, 20 Tests","HIV 1/2, Uni-Gold HIV Kit",,Test kit,20,2026,64832.0,32.0,1.6,Yes,675,8727.54,127.07
10388,116-ZA-T01,Pre-PQ Process,SCMS-47320,ASN-4224,South Africa,PMO - US,Direct Drop,DDP,Truck,Pre-PQ Process,4/2/2009,15-May-09,15-May-09,15-May-09,ARV,Adult,"Stavudine 30mg, capsules, 60 Caps",Stavudine,30mg,Capsule,60,1800,5418.0,3.01,0.05,No,Weight Captured Separately,Freight Included in Commodity Cost,10.62
10389,116-ZA-T01,Pre-PQ Process,SCMS-47320,ASN-4224,South Africa,PMO - US,Direct Drop,DDP,Truck,Pre-PQ Process,4/2/2009,15-May-09,15-May-09,15-May-09,ARV,Pediatric,"Lamivudine 10mg/ml [Epivir], oral solution, Bottle, 240 ml",Lamivudine,10mg/ml,Oral solution,240,650,3614.0,5.56,0.02,No,Weight Captured Separately,Freight Included in Commodity Cost,7.08
10390,116-ZA-T01,Pre-PQ Process,SCMS-47380,ASN-4285,South Africa,PMO - US,Direct Drop,DDP,Truck,Pre-PQ Process,4/2/2009,15-May-09,21-Apr-09,21-Apr-09,ARV,Adult,"Saquinavir 200mg [Invirase], capsules, 270 Caps",Saquinavir,200mg,Capsule,270,30,1970.4,65.68,0.24,No,Weight Captured Separately,Freight Included in Commodity Cost,3.86
10395,106-HT-T01,Pre-PQ Process,SCMS-42710,ASN-4322,Haiti,PMO - US,Direct Drop,EXW,Air,Pre-PQ Process,4/2/2009,6-Jul-09,6-Jul-09,6-Jul-09,HRDT,HIV test,"HIV 1/2, OraQuick Advance HIV Rapid Antibody Kit, 100 Tests","HIV 1/2, OraQuick Advance HIV Rapid Antibody Kit",,Test kit,100,60,21000.0,350.0,3.5,Yes,144,4185.29,41.16
10401,102-KE-T01,Pre-PQ Process,SCMS-42960,ASN-4500,Kenya,PMO - US,Direct Drop,EXW,Air,Pre-PQ Process,4/6/2009,7-Aug-09,7-Aug-09,7-Aug-09,HRDT,HIV test,"HIV 1/2, Determine Complete HIV Kit, 100 Tests","HIV 1/2, Determine Complete HIV Kit",,Test kit,100,7500,600000.0,80.0,0.8,Yes,2215,17662.98,1176.0
10406,133-NG-T01,Pre-PQ Process,SCMS-43321,ASN-4294,Nigeria,PMO - US,Direct Drop,EXW,Air,Pre-PQ Process,5/14/2009,24-Jun-09,24-Jun-09,24-Jun-09,HRDT,HIV test,"HIV 1/2, Determine Complete HIV Kit, 100 Tests","HIV 1/2, Determine Complete HIV Kit",,Test kit,100,6393,511440.0,80.0,0.8,Yes,1920,30697.91,1002.42
10416,107-RW-T01,Pre-PQ Process,SCMS-43790,ASN-4460,Rwanda,PMO - US,Direct Drop,CIP,Air,Pre-PQ Process,4/15/2009,14-Sep-09,14-Sep-09,14-Sep-09,ARV,Adult,"Lamivudine/Zidovudine 150/300mg, tablets, 60 Tabs",Lamivudine/Zidovudine,150/300mg,Tablet - FDC,60,38736,348624.0,9.0,0.15,Yes,3080,33235.44,683.3
10438,108-VN-T01,Pre-PQ Process,SCMS-45050,ASN-4446,Vietnam,PMO - US,Direct Drop,EXW,Air,Pre-PQ Process,4/29/2009,3-Aug-09,3-Aug-09,3-Aug-09,ARV,Adult,"Efavirenz 600mg, tablets, 30 Tabs",Efavirenz,600mg,Tablet,30,22512,146328.0,6.5,0.22,Yes,1775,5761.87,286.8
10446,139-NA-T01,Pre-PQ Process,SCMS-45430,ASN-4660,Namibia,PMO - US,Direct Drop,EXW,Air,Pre-PQ Process,5/4/2009,1-Sep-09,1-Sep-09,1-Sep-09,HRDT,HIV test,"HIV 1/2, Clearview Complete Kit, 25 Tests","HIV 1/2, Clearview Complete Kit",,Test kit,25,33,2475.0,75.0,3.0,Yes,25,238.56,4.85
10464,119-NA-T01,Pre-PQ Process,SCMS-46050,ASN-4658,Namibia,PMO - US,Direct Drop,EXW,Air,Pre-PQ Process,5/18/2009,8-Sep-09,8-Sep-09,8-Sep-09,HRDT,HIV test,"HIV 1/2, Clearview Complete Kit, 25 Tests","HIV 1/2, Clearview Complete Kit",,Test kit,25,950,71250.0,75.0,3.0,Yes,760,5213.02,139.65
10472,100-BW-T01,Pre-PQ Process,SCMS-46460,ASN-4185,Botswana,PMO - US,Direct Drop,EXW,Air,Pre-PQ Process,5/26/2009,10-Jul-09,10-Jul-09,10-Jul-09,HRDT,HIV test,"HIV 1/2, Uni-Gold HIV Kit, 20 Tests","HIV 1/2, Uni-Gold HIV Kit",,Test kit,20,138,4416.0,32.0,1.6,Yes,56,1060.43,8.66
10476,108-VN-T01,Pre-PQ Process,SCMS-46570,ASN-4710,Vietnam,PMO - US,Direct Drop,CIP,Air,Pre-PQ Process,5/27/2009,24-Aug-09,24-Aug-09,24-Aug-09,ARV,Pediatric,"Didanosine 25mg [Videx], chewable tablets, 60 Tabs",Didanosine,25mg,Chewable/dispersible tablet,60,480,3360.0,7.0,0.12,Yes,Weight Captured Separately,Freight Included in Commodity Cost,6.59
10477,119-NA-T01,Pre-PQ Process,SCMS-46810,ASN-4412,Namibia,PMO - US,Direct Drop,EXW,Air,Pre-PQ Process,6/1/2009,29-Jul-09,29-Jul-09,29-Jul-09,HRDT,HIV test,"HIV 1/2, Determine Complete HIV Kit, 100 Tests","HIV 1/2, Determine Complete HIV Kit",,Test kit,100,150,10800.0,72.0,0.72,Yes,47,2681.23,21.17
10498,116-ZA-T01,Pre-PQ Process,SCMS-47050,ASN-4819,South Africa,PMO - US,Direct Drop,DDP,Truck,Pre-PQ Process,6/5/2009,12-Oct-09,21-Jul-09,21-Jul-09,ARV,Adult,"Zidovudine 300mg [Retrovir], tablets, 60 Tabs",Zidovudine,300mg,Tablet,60,550,8624.0,15.68,0.26,No,Weight Captured Separately,Freight Included in Commodity Cost,16.9
10499,116-ZA-T01,Pre-PQ Process,SCMS-47051,ASN-4837,South Africa,PMO - US,Direct Drop,DDP,Truck,Pre-PQ Process,6/5/2009,12-Oct-09,3-Aug-09,3-Aug-09,ARV,Adult,"Stavudine 30mg, capsules, 60 Caps",Stavudine,30mg,Capsule,60,700,2457.0,3.51,0.06,No,Weight Captured Separately,Freight Included in Commodity Cost,4.82
10500,116-ZA-T01,Pre-PQ Process,SCMS-47052,ASN-5369,South Africa,PMO - US,Direct Drop,DDP,Truck,Pre-PQ Process,6/5/2009,12-Oct-09,12-Oct-09,12-Oct-09,ARV,Pediatric,"Zidovudine 10mg/ml, oral solution, Bottle, 240 ml",Zidovudine,10mg/ml,Oral solution,240,200,1410.0,7.05,0.03,Yes,Weight Captured Separately,Freight Included in Commodity Cost,3.04
10501,116-ZA-T01,Pre-PQ Process,SCMS-47060,ASN-4815,South Africa,PMO - US,Direct Drop,DDP,Truck,Pre-PQ Process,6/5/2009,21-Jul-09,21-Jul-09,21-Jul-09,ARV,Pediatric,"Efavirenz 50mg, capsule, 30 Caps",Efavirenz,50mg,Capsule,30,400,1468.0,3.67,0.12,Yes,Weight Captured Separately,Freight Included in Commodity Cost,2.88
10503,110-ZM-T01,Pre-PQ Process,SCMS-54620,ASN-5365,Zambia,PMO - US,Direct Drop,EXW,Air,Pre-PQ Process,10/5/2009,11-Nov-09,11-Nov-09,11-Nov-09,HRDT,HIV test,"HIV 1/2, Determine Complete HIV Kit, 100 Tests","HIV 1/2, Determine Complete HIV Kit",,Test kit,100,2500,180000.0,72.0,0.72,Yes,740,7513.71,388.08
10504,119-NA-T01,Pre-PQ Process,SCMS-47150,ASN-4310,Namibia,PMO - US,Direct Drop,EXW,Air,Pre-PQ Process,6/4/2009,29-Jun-09,29-Jun-09,29-Jun-09,HRDT,HIV test,"HIV 1/2, Uni-Gold HIV Kit, 20 Tests","HIV 1/2, Uni-Gold HIV Kit",,Test kit,20,120,3840.0,32.0,1.6,Yes,41,1862.27,7.53
10534,110-ZM-T01,Pre-PQ Process,SO-220,DN-4,Zambia,PMO - US,From RDC,N/A - From RDC,,Pre-PQ Process,N/A - From RDC,2-Feb-07,2-Feb-07,2-Feb-07,ARV,Adult,"Nelfinavir (as mesilate) 250mg [Viracept], tablets, 270 Tabs",Nelfinavir (as mesilate),250mg,Tablet,270,228,17948.16,78.72,0.29,Yes,60,1218.91,
10535,111-MZ-T01,Pre-PQ Process,SO-321,DN-13,Mozambique,PMO - US,From RDC,N/A - From RDC,Air,Pre-PQ Process,N/A - From RDC,8-Jan-07,8-Jan-07,8-Jan-07,ARV,Adult,"Nelfinavir (as mesilate) 250mg [Viracept], tablets, 270 Tabs",Nelfinavir (as mesilate),250mg,Tablet,270,764,60814.4,79.6,0.29,Yes,1669,859.14,
10536,111-MZ-T01,Pre-PQ Process,SO-321,DN-13,Mozambique,PMO - US,From RDC,N/A - From RDC,Air,Pre-PQ Process,N/A - From RDC,8-Jan-07,8-Jan-07,8-Jan-07,ARV,Pediatric,"Efavirenz 50mg [Stocrin/Sustiva], capsule, 30 Caps",Efavirenz,50mg,Capsule,30,341,1166.22,3.42,0.11,No,See DN-13 (ID#:10535),See DN-13 (ID#:10535),
10537,111-MZ-T01,Pre-PQ Process,SO-322,DN-14,Mozambique,PMO - US,From RDC,N/A - From RDC,Air,Pre-PQ Process,N/A - From RDC,9-Jan-07,9-Jan-07,9-Jan-07,ARV,Adult,"Efavirenz 600mg, tablets, 30 Tabs",Efavirenz,600mg,Tablet,30,10403,174250.25,16.75,0.56,Yes,1717,1893.82,
10539,112-NG-T01,Pre-PQ Process,SO-328,DN-22,Nigeria,PMO - US,From RDC,N/A - From RDC,,Pre-PQ Process,N/A - From RDC,22-Feb-07,22-Feb-07,22-Feb-07,ARV,Adult,"Lamivudine/Zidovudine+Nevirapine 150/300+200mg, tablets, co-blister, 60+60 Tabs",Lamivudine/Zidovudine+Nevirapine,150/300+200mg,Tablet - FDC + co-blister,120,5151,105595.5,20.5,0.17,Yes,667,2921,
10540,100-CI-T01,Pre-PQ Process,SO-283,DN-16,Côte d'Ivoire,PMO - US,From RDC,N/A - From RDC,,Pre-PQ Process,N/A - From RDC,22-Feb-07,22-Feb-07,22-Feb-07,ARV,Adult,"Lamivudine/Zidovudine 150/300mg, tablets, 60 Tabs",Lamivudine/Zidovudine,150/300mg,Tablet - FDC,60,2230,22857.5,10.25,0.17,Yes,909,2804,
10541,111-MZ-T01,Pre-PQ Process,SO-324,DN-17,Mozambique,PMO - US,From RDC,N/A - From RDC,Air,Pre-PQ Process,N/A - From RDC,9-Jan-07,9-Jan-07,9-Jan-07,ARV,Adult,"Tenofovir Disoproxil Fumarate 300mg [Viread], tablets, 30 Tabs",Tenofovir Disoproxil Fumarate,300mg,Tablet,30,747,12699.0,17.0,0.57,Yes,84,1338.04,
10542,113-ZW-T01,Pre-PQ Process,SO-253,DN-5,Zimbabwe,PMO - US,From RDC,N/A - From RDC,,Pre-PQ Process,N/A - From RDC,6-Feb-07,6-Feb-07,6-Feb-07,ARV,Adult,"Efavirenz 600mg, tablets, 30 Tabs",Efavirenz,600mg,Tablet,30,1050,17062.5,16.25,0.54,Yes,90,1428.67,
10544,112-NG-T01,Pre-PQ Process,SO-339,DN-27,Nigeria,PMO - US,From RDC,N/A - From RDC,,Pre-PQ Process,N/A - From RDC,22-Feb-07,22-Feb-07,22-Feb-07,ARV,Pediatric,"Lamivudine 10mg/ml, oral solution, Bottle, 240 ml",Lamivudine,10mg/ml,Oral solution,240,1200,2640.0,2.2,0.01,Yes,1178,4535,
10545,112-NG-T01,Pre-PQ Process,SO-339,DN-27,Nigeria,PMO - US,From RDC,N/A - From RDC,,Pre-PQ Process,N/A - From RDC,22-Feb-07,22-Feb-07,22-Feb-07,ARV,Adult,"Lamivudine 150mg, tablets, 60 Tabs",Lamivudine,150mg,Tablet,60,2170,6727.0,3.1,0.05,No,See DN-27 (ID#:10544),See DN-27 (ID#:10544),
10546,112-NG-T01,Pre-PQ Process,SO-341,DN-93,Nigeria,PMO - US,From RDC,N/A - From RDC,,Pre-PQ Process,N/A - From RDC,17-Apr-07,17-Apr-07,17-Apr-07,ARV,Pediatric,"Nevirapine 10mg/ml, oral suspension, Bottle, 240 ml",Nevirapine,10mg/ml,Oral suspension,240,1216,4256.0,3.5,0.01,Yes,840,3736,
10547,110-ZM-T01,Pre-PQ Process,SO-210,DN-114,Zambia,PMO - US,From RDC,N/A - From RDC,,Pre-PQ Process,N/A - From RDC,16-May-07,16-May-07,16-May-07,ARV,Adult,"Emtricitabine/Tenofovir Disoproxil Fumarate 200/300mg [Truvada], tablets, 30 Tabs",Emtricitabine/Tenofovir Disoproxil Fumarate,300/200mg,Tablet - FDC,30,14851,389838.75,26.25,0.88,Yes,899,5245.98,
10548,112-NG-T01,Pre-PQ Process,SO-343,DN-118,Nigeria,PMO - US,From RDC,N/A - From RDC,,Pre-PQ Process,N/A - From RDC,8-May-07,8-May-07,8-May-07,ARV,Adult,"Lamivudine/Zidovudine+Nevirapine 150/300+200mg, tablets, co-blister, 60+60 Tabs",Lamivudine/Zidovudine+Nevirapine,150/300+200mg,Tablet - FDC + co-blister,120,5661,116050.5,20.5,0.17,Yes,725,4104.5,
10549,111-MZ-T01,Pre-PQ Process,SO-293,DN-44,Mozambique,PMO - US,From RDC,N/A - From RDC,Air,Pre-PQ Process,N/A - From RDC,17-Apr-07,17-Apr-07,17-Apr-07,ARV,Adult,"Saquinavir 200mg [Invirase], capsules, 270 Caps",Saquinavir,200mg,Capsule,270,470,35856.3,76.29,0.28,Yes,Weight Captured Separately,7364.3,
10550,100-CI-T01,Pre-PQ Process,SO-284,DN-46,Côte d'Ivoire,PMO - US,From RDC,N/A - From RDC,,Pre-PQ Process,N/A - From RDC,4-May-07,4-May-07,4-May-07,ARV,Adult,"Lamivudine/Zidovudine 150/300mg, tablets, 60 Tabs",Lamivudine/Zidovudine,150/300mg,Tablet - FDC,60,1778,18224.5,10.25,0.17,Yes,716,2601,
10551,100-CI-T01,Pre-PQ Process,SO-436,DN-73,Côte d'Ivoire,PMO - US,From RDC,N/A - From RDC,,Pre-PQ Process,N/A - From RDC,30-Apr-07,30-Apr-07,30-Apr-07,ARV,Adult,"Lamivudine/Nevirapine/Stavudine 150/200/30mg, tablets, 60 Tabs",Lamivudine/Nevirapine/Stavudine,150/200/30mg,Tablet - FDC,60,9000,67500.0,7.5,0.12,Yes,974,3166,
10553,110-ZM-T01,Pre-PQ Process,SO-537,DN-143,Zambia,PMO - US,From RDC,N/A - From RDC,,Pre-PQ Process,N/A - From RDC,21-May-07,21-May-07,21-May-07,HRDT,HIV test,"HIV 1/2, Uni-Gold HIV Kit, 20 Tests","HIV 1/2, Uni-Gold HIV Kit",,Test kit,20,5212,166784.0,32.0,1.6,Yes,1780,13736.03,
10562,110-ZM-T01,Pre-PQ Process,SO-498,DN-182,Zambia,PMO - US,From RDC,N/A - From RDC,,Pre-PQ Process,N/A - From RDC,14-Jun-07,14-Jun-07,14-Jun-07,ARV,Adult,"Abacavir 300mg, tablets, 60 Tabs",Abacavir,300mg,Tablet,60,8905,318799.0,35.8,0.6,Yes,3139,13094.69,
10563,110-ZM-T01,Pre-PQ Process,SO-624,DN-203,Zambia,PMO - US,From RDC,N/A - From RDC,,Pre-PQ Process,N/A - From RDC,27-Jul-07,27-Jul-07,27-Jul-07,ARV,Adult,"Lopinavir/Ritonavir 200/50mg [Aluvia], tablets, 120 Tabs",Lopinavir/Ritonavir,200/50mg,Tablet,120,5019,206280.9,41.1,0.34,Yes,1092,4761.51,330.05
10564,111-MZ-T01,Pre-PQ Process,SO-576,DN-148,Mozambique,PMO - US,From RDC,N/A - From RDC,Air,Pre-PQ Process,N/A - From RDC,13-Jun-07,13-Jun-07,13-Jun-07,ARV,Adult,"Indinavir 400mg [Crixivan], capsules, 180 Caps",Indinavir,400mg,Capsule,180,564,27816.48,49.32,0.27,Yes,3946,8892.48,
10565,111-MZ-T01,Pre-PQ Process,SO-576,DN-148,Mozambique,PMO - US,From RDC,N/A - From RDC,Air,Pre-PQ Process,N/A - From RDC,13-Jun-07,13-Jun-07,13-Jun-07,ARV,Adult,"Saquinavir 200mg [Invirase], capsules, 270 Caps",Saquinavir,200mg,Capsule,270,421,32118.09,76.29,0.28,No,See DN-148 (ID#:10564),See DN-148 (ID#:10564),
10566,112-NG-T01,Pre-PQ Process,SO-557,DN-172,Nigeria,PMO - US,From RDC,N/A - From RDC,,Pre-PQ Process,N/A - From RDC,26-Jun-07,26-Jun-07,26-Jun-07,ARV,Adult,"Lamivudine 150mg, tablets, 60 Tabs",Lamivudine,150mg,Tablet,60,880,2912.8,3.31,0.06,Yes,226,1732,
10567,104-CI-T01,Pre-PQ Process,SO-556,DN-159,Côte d'Ivoire,PMO - US,From RDC,N/A - From RDC,,Pre-PQ Process,N/A - From RDC,4-Jun-07,4-Jun-07,4-Jun-07,ARV,Adult,"Stavudine 15mg, capsules, 60 Caps",Stavudine,15mg,Capsule,60,875,1881.25,2.15,0.04,Yes,58,727,
10570,112-NG-T01,Pre-PQ Process,SO-663,DN-190,Nigeria,PMO - US,From RDC,N/A - From RDC,,Pre-PQ Process,N/A - From RDC,26-Jun-07,26-Jun-07,26-Jun-07,ARV,Adult,"Stavudine 40mg, capsules, 60 Caps",Stavudine,40mg,Capsule,60,300,537.0,1.79,0.03,Yes,54,1283.24,0.86
10571,113-ZW-T01,Pre-PQ Process,SO-278,DN-141,Zimbabwe,PMO - US,From RDC,N/A - From RDC,,Pre-PQ Process,N/A - From RDC,20-May-07,20-May-07,20-May-07,ARV,Adult,"Efavirenz 600mg, tablets, 30 Tabs",Efavirenz,600mg,Tablet,30,6000,97500.0,16.25,0.54,Yes,553,1956.93,
10572,104-CI-T01,Pre-PQ Process,SO-618,DN-164,Côte d'Ivoire,PMO - US,From RDC,N/A - From RDC,,Pre-PQ Process,N/A - From RDC,8-Jun-07,8-Jun-07,8-Jun-07,ARV,Adult,"Zidovudine 300mg, tablets, 60 Tabs",Zidovudine,300mg,Tablet,60,1926,16409.52,8.52,0.14,Yes,105,977.55,
10573,104-CI-T01,Pre-PQ Process,SO-603,DN-196,Côte d'Ivoire,PMO - US,From RDC,N/A - From RDC,,Pre-PQ Process,N/A - From RDC,28-Jun-07,28-Jun-07,28-Jun-07,ARV,Adult,"Lamivudine/Nevirapine/Stavudine 150/200/30mg, tablets, 60 Tabs",Lamivudine/Nevirapine/Stavudine,150/200/30mg,Tablet - FDC,60,40411,303082.5,7.5,0.12,Yes,7185,17587,484.93
10576,104-CI-T01,Pre-PQ Process,SO-781,DN-245,Côte d'Ivoire,PMO - US,From RDC,N/A - From RDC,,Pre-PQ Process,N/A - From RDC,31-Jul-07,31-Jul-07,31-Jul-07,HRDT,HIV test,"HIV 1/2, Determine Complete HIV Kit, 100 Tests","HIV 1/2, Determine Complete HIV Kit",,Test kit,100,2,160.0,80.0,0.8,Yes,1,9789.07,0.26
10577,105-GY-T01,Pre-PQ Process,SO-694,DN-280,Guyana,PMO - US,From RDC,N/A - From RDC,Air,Pre-PQ Process,N/A - From RDC,9-Aug-07,9-Aug-07,9-Aug-07,ARV,Adult,"Zidovudine 300mg, tablets, 60 Tabs",Zidovudine,300mg,Tablet,60,564,4596.6,8.15,0.14,Yes,34,1920,7.35
10578,100-ZW-T01,Pre-PQ Process,SO-702,DN-212,Zimbabwe,PMO - US,From RDC,N/A - From RDC,Truck,Pre-PQ Process,N/A - From RDC,4-Jul-07,4-Jul-07,4-Jul-07,ARV,Adult,"Lamivudine/Nevirapine/Stavudine 150/200/30mg, tablets, 60 Tabs",Lamivudine/Nevirapine/Stavudine,150/200/30mg,Tablet - FDC,60,8694,64335.6,7.4,0.12,Yes,819,3135,102.94
10579,109-TZ-T01,Pre-PQ Process,SO-749,DN-257,Tanzania,PMO - US,From RDC,N/A - From RDC,Air,Pre-PQ Process,N/A - From RDC,14-Aug-07,14-Aug-07,14-Aug-07,HRDT,HIV test,"HIV 1/2, Determine Complete HIV Kit, 100 Tests","HIV 1/2, Determine Complete HIV Kit",,Test kit,100,302,24160.0,80.0,0.8,Yes,98,1266.39,38.66
10580,104-CI-T01,Pre-PQ Process,SO-816,DN-265,Côte d'Ivoire,PMO - US,From RDC,N/A - From RDC,Air,Pre-PQ Process,N/A - From RDC,17-Aug-07,17-Aug-07,17-Aug-07,ARV,Adult,"Lamivudine 150mg, tablets, 60 Tabs",Lamivudine,150mg,Tablet,60,3145,9560.8,3.04,0.05,Yes,206,2731.58,15.3
10585,104-CI-T01,Pre-PQ Process,SO-590,DN-220,Côte d'Ivoire,PMO - US,From RDC,N/A - From RDC,,Pre-PQ Process,N/A - From RDC,18-Jul-07,18-Jul-07,18-Jul-07,ARV,Pediatric,"Efavirenz 50mg [Stocrin/Sustiva], capsule, 30 Caps",Efavirenz,50mg,Capsule,30,5000,17350.0,3.47,0.12,Yes,263,1699,27.76
10587,119-NA-T01,Pre-PQ Process,SO-884,DN-322,Namibia,PMO - US,From RDC,N/A - From RDC,,Pre-PQ Process,N/A - From RDC,7-Sep-07,7-Sep-07,7-Sep-07,HRDT,HIV test,"HIV 1/2, Uni-Gold HIV Kit, 20 Tests","HIV 1/2, Uni-Gold HIV Kit",,Test kit,20,300,9600.0,32.0,1.6,Yes,172,688.84,15.36
10588,104-CI-T01,Pre-PQ Process,SO-963,DN-323,Côte d'Ivoire,PMO - US,From RDC,N/A - From RDC,,Pre-PQ Process,N/A - From RDC,14-Sep-07,14-Sep-07,14-Sep-07,ARV,Adult,"Indinavir 400mg [Crixivan], capsules, 180 Caps",Indinavir,400mg,Capsule,180,1076,53800.0,50.0,0.28,Yes,1286,7629.94,86.08
10589,111-MZ-T01,Pre-PQ Process,SO-298,DN-304,Mozambique,PMO - US,From RDC,N/A - From RDC,Air,Pre-PQ Process,N/A - From RDC,21-Sep-07,21-Sep-07,21-Sep-07,ARV,Pediatric,"Abacavir 20mg/ml, oral solution, Bottle, 240 ml",Abacavir,20mg/ml,Oral solution,240,338,7114.9,21.05,0.09,Yes,9006,9869.55,11.38
10590,100-ZW-T01,Pre-PQ Process,SO-897,DN-299,Zimbabwe,PMO - US,From RDC,N/A - From RDC,Truck,Pre-PQ Process,N/A - From RDC,17-Aug-07,17-Aug-07,17-Aug-07,ARV,Adult,"Zidovudine 300mg, tablets, 60 Tabs",Zidovudine,300mg,Tablet,60,1200,9780.0,8.15,0.14,Yes,70,1949.84,15.65
10593,104-CI-T01,Pre-PQ Process,SO-959,DN-320,Côte d'Ivoire,PMO - US,From RDC,N/A - From RDC,,Pre-PQ Process,N/A - From RDC,30-Aug-07,30-Aug-07,30-Aug-07,ARV,Adult,"Stavudine 30mg, capsules, 60 Caps",Stavudine,30mg,Capsule,60,1796,2729.92,1.52,0.03,Yes,5880,14656,4.37
10596,100-ZW-T01,Pre-PQ Process,SO-719,DN-338,Zimbabwe,PMO - US,From RDC,N/A - From RDC,Truck,Pre-PQ Process,N/A - From RDC,26-Sep-07,26-Sep-07,26-Sep-07,ARV,Adult,"Lamivudine/Nevirapine/Stavudine 150/200/30mg, tablets, 60 Tabs",Lamivudine/Nevirapine/Stavudine,150/200/30mg,Tablet - FDC,60,53546,396240.4,7.4,0.12,Yes,5467,18941.31,633.98
10597,100-ZW-T01,Pre-PQ Process,SO-1074,DN-354,Zimbabwe,PMO - US,From RDC,N/A - From RDC,Truck,Pre-PQ Process,N/A - From RDC,18-Sep-07,18-Sep-07,18-Sep-07,ARV,Adult,"Lamivudine/Stavudine 150/30mg, tablets, 30 Tabs",Lamivudine/Stavudine,150/30mg,Tablet - FDC,30,537,1074.0,2.0,0.07,Yes,143,2099,1.72
10600,114-UG-T01,Pre-PQ Process,SO-1080,DN-362,Uganda,PMO - US,From RDC,N/A - From RDC,Air,Pre-PQ Process,N/A - From RDC,5-Nov-07,5-Nov-07,5-Nov-07,ARV,Adult,"Lamivudine/Nevirapine/Stavudine 150/200/30mg, tablets, 60 Tabs",Lamivudine/Nevirapine/Stavudine,150/200/30mg,Tablet - FDC,60,1953,14452.2,7.4,0.12,Yes,283,1673,23.12
10610,104-CI-T01,Pre-PQ Process,SO-997,DN-324,Côte d'Ivoire,PMO - US,From RDC,N/A - From RDC,,Pre-PQ Process,N/A - From RDC,31-Aug-07,31-Aug-07,31-Aug-07,ARV,Adult,"Ritonavir 100mg [Norvir], capsules, cool, 4 x 84 Caps",Ritonavir,100mg,Capsule,336,245,9398.2,38.36,0.11,Yes,1468,4602.4,15.04
10612,104-CI-T01,Pre-PQ Process,SO-843,DN-330,Côte d'Ivoire,PMO - US,From RDC,N/A - From RDC,,Pre-PQ Process,N/A - From RDC,4-Sep-07,4-Sep-07,4-Sep-07,ARV,Adult,"Efavirenz 600mg, tablets, 30 Tabs",Efavirenz,600mg,Tablet,30,24265,394548.9,16.26,0.54,Yes,2518,6667,631.28
10613,117-ET-T01,Pre-PQ Process,SO-914,DN-332,Ethiopia,PMO - US,From RDC,N/A - From RDC,,Pre-PQ Process,N/A - From RDC,4-Sep-07,4-Sep-07,4-Sep-07,ARV,Pediatric,"Zidovudine 10mg/ml, oral solution, Bottle, 240 ml",Zidovudine,10mg/ml,Oral solution,240,13850,29777.5,2.15,0.01,Yes,35216,88801,47.64
10614,104-CI-T01,Pre-PQ Process,SO-923,DN-336,Côte d'Ivoire,PMO - US,From RDC,N/A - From RDC,,Pre-PQ Process,N/A - From RDC,21-Sep-07,21-Sep-07,21-Sep-07,ARV,Adult,"Lamivudine/Zidovudine 150/300mg, tablets, 60 Tabs",Lamivudine/Zidovudine,150/300mg,Tablet - FDC,60,11803,126056.04,10.68,0.18,Yes,1148,2762,201.69
10616,110-ZM-T01,Pre-PQ Process,SO-804,DN-328,Zambia,PMO - US,From RDC,N/A - From RDC,,Pre-PQ Process,N/A - From RDC,31-Aug-07,31-Aug-07,31-Aug-07,ARV,Adult,"Lopinavir/Ritonavir 200/50mg [Aluvia], tablets, 120 Tabs",Lopinavir/Ritonavir,200/50mg,Tablet,120,3769,154905.9,41.1,0.34,Yes,821,4068.44,247.85
10622,110-ZM-T01,Pre-PQ Process,SO-535,DN-380,Zambia,PMO - US,From RDC,N/A - From RDC,,Pre-PQ Process,N/A - From RDC,17-Oct-07,17-Oct-07,17-Oct-07,HRDT,HIV test,"HIV 1/2, Determine Complete HIV Kit, 100 Tests","HIV 1/2, Determine Complete HIV Kit",,Test kit,100,1128,90240.0,80.0,0.8,Yes,629,2938.27,144.38
10623,112-NG-T01,Pre-PQ Process,SO-565,DN-373,Nigeria,PMO - US,From RDC,N/A - From RDC,Air,Pre-PQ Process,N/A - From RDC,20-Sep-07,20-Sep-07,20-Sep-07,ARV,Adult,"Lamivudine/Zidovudine+Nevirapine 150/300+200mg, tablets, co-blister, 60+60 Tabs",Lamivudine/Zidovudine+Nevirapine,150/300+200mg,Tablet - FDC + co-blister,120,9980,204590.0,20.5,0.17,Yes,2846,13873,327.34
10624,112-NG-T01,Pre-PQ Process,SO-565,DN-373,Nigeria,PMO - US,From RDC,N/A - From RDC,Air,Pre-PQ Process,N/A - From RDC,20-Sep-07,20-Sep-07,20-Sep-07,ARV,Adult,"Lamivudine/Nevirapine/Stavudine 150/200/30mg, tablets, 60 Tabs",Lamivudine/Nevirapine/Stavudine,150/200/30mg,Tablet - FDC,60,222,1665.0,7.5,0.12,No,See DN-373 (ID#:10623),See DN-373 (ID#:10623),2.66
10625,112-NG-T01,Pre-PQ Process,SO-565,DN-373,Nigeria,PMO - US,From RDC,N/A - From RDC,Air,Pre-PQ Process,N/A - From RDC,20-Sep-07,20-Sep-07,20-Sep-07,ARV,Adult,"Lamivudine/Nevirapine/Stavudine 150/200/40mg, tablets, 60 Tabs",Lamivudine/Nevirapine/Stavudine,150/200/40mg,Tablet - FDC,60,1132,8716.4,7.7,0.13,No,See DN-373 (ID#:10623),See DN-373 (ID#:10623),13.95
10626,112-NG-T01,Pre-PQ Process,SO-565,DN-373,Nigeria,PMO - US,From RDC,N/A - From RDC,Air,Pre-PQ Process,N/A - From RDC,20-Sep-07,20-Sep-07,20-Sep-07,ARV,Pediatric,"Zidovudine 10mg/ml, oral solution, Bottle, 240 ml",Zidovudine,10mg/ml,Oral solution,240,1653,6529.35,3.95,0.02,No,See DN-373 (ID#:10623),See DN-373 (ID#:10623),10.45
10628,104-CI-T01,Pre-PQ Process,SO-845,DN-376,Côte d'Ivoire,PMO - US,From RDC,N/A - From RDC,Air,Pre-PQ Process,N/A - From RDC,2-Oct-07,2-Oct-07,2-Oct-07,HRDT,HIV test,"HIV 1/2, Determine Complete HIV Kit, 100 Tests","HIV 1/2, Determine Complete HIV Kit",,Test kit,100,1150,82800.0,72.0,0.72,Yes,476,2172,132.48
10630,110-ZM-T01,Pre-PQ Process,SO-1121,DN-418,Zambia,PMO - US,From RDC,N/A - From RDC,Air,Pre-PQ Process,N/A - From RDC,13-Nov-07,13-Nov-07,13-Nov-07,ARV,Adult,"Emtricitabine/Tenofovir Disoproxil Fumarate 200/300mg [Truvada], tablets, 30 Tabs",Emtricitabine/Tenofovir Disoproxil Fumarate,300/200mg,Tablet - FDC,30,3360,88200.0,26.25,0.88,Yes,281,1532.41,141.12
10631,112-NG-T01,Pre-PQ Process,SO-1225,DN-411,Nigeria,PMO - US,From RDC,N/A - From RDC,Air,Pre-PQ Process,N/A - From RDC,1-Nov-07,1-Nov-07,1-Nov-07,ARV,Adult,"Stavudine 30mg, capsules, 60 Caps",Stavudine,30mg,Capsule,60,1500,2280.0,1.52,0.03,Yes,178,1621,3.65
10632,110-ZM-T01,Pre-PQ Process,SO-1122,DN-417,Zambia,PMO - US,From RDC,N/A - From RDC,Air,Pre-PQ Process,N/A - From RDC,2-Nov-07,2-Nov-07,2-Nov-07,ARV,Adult,"Lamivudine/Zidovudine 150/300mg, tablets, 60 Tabs",Lamivudine/Zidovudine,150/300mg,Tablet - FDC,60,40245,382327.5,9.5,0.16,Yes,3254,13267.3,611.72
10633,111-MZ-T01,Pre-PQ Process,SO-1038,DN-426,Mozambique,PMO - US,From RDC,N/A - From RDC,Air,Pre-PQ Process,N/A - From RDC,29-Nov-07,29-Nov-07,29-Nov-07,ARV,Adult,"Lamivudine/Zidovudine 150/300mg, tablets, 60 Tabs",Lamivudine/Zidovudine,150/300mg,Tablet - FDC,60,10044,95418.0,9.5,0.16,Yes,7341,10879.28,152.67
10634,112-NG-T01,Pre-PQ Process,SO-1109,DN-422,Nigeria,PMO - US,From RDC,N/A - From RDC,Air,Pre-PQ Process,N/A - From RDC,9-Nov-07,9-Nov-07,9-Nov-07,ARV,Adult,"Lamivudine/Nevirapine/Zidovudine 150/200/300mg, tablets, 60 Tabs",Lamivudine/Nevirapine/Zidovudine,150/300/200mg,Tablet - FDC,60,7436,100386.0,13.5,0.22,Yes,962,5180,160.62
10636,110-ZM-T01,Pre-PQ Process,SO-1317,DN-605,Zambia,PMO - US,From RDC,N/A - From RDC,Truck,Pre-PQ Process,N/A - From RDC,21-Feb-08,21-Feb-08,21-Feb-08,ARV,Adult,"Nevirapine 200mg, tablets, 60 Tabs",Nevirapine,200mg,Tablet,60,72333,245932.2,3.4,0.06,Yes,4957,15220.18,393.49
10637,117-ET-T01,Pre-PQ Process,SO-1342,DN-459,Ethiopia,PMO - US,From RDC,N/A - From RDC,Air,Pre-PQ Process,N/A - From RDC,26-Nov-07,26-Nov-07,26-Nov-07,ARV,Pediatric,"Stavudine 1mg/ml, powder for oral solution, 200 ml",Stavudine,1mg/ml,Oral solution,200,7294,10211.6,1.4,0.01,Yes,753,8004,16.34
10639,125-HT-T01,Pre-PQ Process,SO-1290,DN-444,Haiti,PMO - US,From RDC,N/A - From RDC,Air,Pre-PQ Process,N/A - From RDC,31-Dec-07,31-Dec-07,31-Dec-07,HRDT,HIV test,"HIV 1/2, Determine HIV Kit, without Lancets, 100 Tests","HIV 1/2, Determine HIV Kit, without Lancets",,Test kit,100,10,720.0,72.0,0.72,Yes,6,2219.44,1.15
10640,106-HT-T01,Pre-PQ Process,SO-1288,DN-445,Haiti,PMO - US,From RDC,N/A - From RDC,Air,Pre-PQ Process,N/A - From RDC,22-Jan-08,22-Jan-08,22-Jan-08,ARV,Pediatric,"Lamivudine 10mg/ml, oral solution, Bottle, 240 ml",Lamivudine,10mg/ml,Oral solution,240,2000,3940.0,1.97,0.01,Yes,4213,38515.8,6.3
10641,106-HT-T01,Pre-PQ Process,SO-1288,DN-445,Haiti,PMO - US,From RDC,N/A - From RDC,Air,Pre-PQ Process,N/A - From RDC,22-Jan-08,22-Jan-08,22-Jan-08,ARV,Adult,"Lamivudine 150mg, tablets, 60 Tabs",Lamivudine,150mg,Tablet,60,5000,15200.0,3.04,0.05,No,See DN-445 (ID#:10640),See DN-445 (ID#:10640),24.32
10642,112-NG-T01,Pre-PQ Process,SO-567,DN-475,Nigeria,PMO - US,From RDC,N/A - From RDC,Air,Pre-PQ Process,N/A - From RDC,3-Dec-07,3-Dec-07,3-Dec-07,ARV,Adult,"Lamivudine/Nevirapine/Zidovudine 150/200/300mg, tablets, 60 Tabs",Lamivudine/Nevirapine/Zidovudine,150/300/200mg,Tablet - FDC,60,12984,266172.0,20.5,0.34,Yes,3286,18208,425.88
10643,110-ZM-T01,Pre-PQ Process,SO-1309,DN-484,Zambia,PMO - US,From RDC,N/A - From RDC,,Pre-PQ Process,N/A - From RDC,7-Dec-07,7-Dec-07,7-Dec-07,ARV,Adult,"Lamivudine/Nevirapine/Stavudine 150/200/30mg, tablets, 60 Tabs",Lamivudine/Nevirapine/Stavudine,150/200/30mg,Tablet - FDC,60,14052,103984.8,7.4,0.12,Yes,1420,5780.2,166.38
10644,110-ZM-T01,Pre-PQ Process,SO-1029,DN-486,Zambia,PMO - US,From RDC,N/A - From RDC,,Pre-PQ Process,N/A - From RDC,6-Dec-07,6-Dec-07,6-Dec-07,ARV,Pediatric,"Efavirenz 50mg, capsule, 30 Caps",Efavirenz,50mg,Capsule,30,3690,10147.5,2.75,0.09,Yes,226,1370.28,16.24
10645,104-CI-T01,Pre-PQ Process,SO-1408,DN-478,Côte d'Ivoire,PMO - US,From RDC,N/A - From RDC,Air,Pre-PQ Process,N/A - From RDC,10-Dec-07,10-Dec-07,10-Dec-07,ARV,Adult,"Nevirapine 200mg, tablets, 60 Tabs",Nevirapine,200mg,Tablet,60,8000,27200.0,3.4,0.06,Yes,1013,3646,43.52
10647,100-ZW-T01,Pre-PQ Process,SO-708,DN-479,Zimbabwe,PMO - US,From RDC,N/A - From RDC,Air,Pre-PQ Process,N/A - From RDC,5-Feb-08,5-Feb-08,5-Feb-08,ARV,Adult,"Efavirenz 600mg, tablets, 30 Tabs",Efavirenz,600mg,Tablet,30,1860,23101.2,12.42,0.41,Yes,2425,13356.65,36.96
10648,104-CI-T01,Pre-PQ Process,SO-1361,DN-503,Côte d'Ivoire,PMO - US,From RDC,N/A - From RDC,Air,Pre-PQ Process,N/A - From RDC,14-Dec-07,14-Dec-07,14-Dec-07,ARV,Adult,"Abacavir/Lamivudine/Zidovudine 300/150/300mg [Trizivir], tablets, 60 Tabs",Abacavir/Lamivudine/Zidovudine,300/150/300mg,Tablet - FDC,60,1847,129290.0,70.0,1.17,Yes,271,1700,206.86
10650,102-BW-T01,Pre-PQ Process,SO-1662,DN-621,Botswana,PMO - US,From RDC,N/A - From RDC,Air,Pre-PQ Process,N/A - From RDC,12-Mar-08,12-Mar-08,12-Mar-08,HRDT,HIV test,"HIV 1/2, Uni-Gold HIV Kit, 20 Tests","HIV 1/2, Uni-Gold HIV Kit",,Test kit,20,100,3200.0,32.0,1.6,Yes,35,861,5.12
10651,111-MZ-T01,Pre-PQ Process,SO-1039,DN-601,Mozambique,PMO - US,From RDC,N/A - From RDC,Air,Pre-PQ Process,N/A - From RDC,8-Apr-08,5-Apr-08,5-Apr-08,ARV,Adult,"Stavudine 30mg, capsules, 60 Caps",Stavudine,30mg,Capsule,60,120,182.4,1.52,0.03,Yes,5092,8118.64,0.29
10652,100-ZW-T01,Pre-PQ Process,SO-710,DN-488,Zimbabwe,PMO - US,From RDC,N/A - From RDC,Air,Pre-PQ Process,N/A - From RDC,14-Jan-08,14-Jan-08,14-Jan-08,ARV,Adult,"Efavirenz 600mg, tablets, 30 Tabs",Efavirenz,600mg,Tablet,30,1860,23101.2,12.42,0.41,Yes,4091,12130.9,36.96
10653,111-MZ-T01,Pre-PQ Process,SO-579,DN-600,Mozambique,PMO - US,From RDC,N/A - From RDC,Air,Pre-PQ Process,N/A - From RDC,18-Apr-08,18-Apr-08,18-Apr-08,ARV,Pediatric,"Lamivudine 10mg/ml, oral solution, Bottle, 240 ml",Lamivudine,10mg/ml,Oral solution,240,2744,6695.36,2.44,0.01,Yes,998,3894.6,10.71
10654,111-MZ-T01,Pre-PQ Process,SO-1039,DN-628,Mozambique,PMO - US,From RDC,N/A - From RDC,Air,Pre-PQ Process,N/A - From RDC,8-Apr-08,5-Apr-08,5-Apr-08,ARV,Adult,"Lamivudine/Stavudine 150/30mg, tablets, 30 Tabs",Lamivudine/Stavudine,150/30mg,Tablet - FDC,30,52240,104480.0,2.0,0.07,Yes,4230,8771.34,167.17
10656,110-ZM-T01,Pre-PQ Process,SO-783,DN-481,Zambia,PMO - US,From RDC,N/A - From RDC,,Pre-PQ Process,N/A - From RDC,15-Jan-08,15-Jan-08,15-Jan-08,HRDT,HIV test,"HIV 1/2, Determine HIV Kit, without Lancets, 100 Tests","HIV 1/2, Determine HIV Kit, without Lancets",,Test kit,100,2100,151179.0,71.99,0.72,Yes,498,2292.6,241.89
10658,112-NG-T01,Pre-PQ Process,SO-1570,DN-535,Nigeria,PMO - US,From RDC,N/A - From RDC,Air,Pre-PQ Process,N/A - From RDC,9-Jan-08,9-Jan-08,9-Jan-08,ARV,Adult,"Lamivudine/Zidovudine 150/300mg, tablets, 60 Tabs",Lamivudine/Zidovudine,150/300mg,Tablet - FDC,60,367,3486.5,9.5,0.16,Yes,447,2230,5.58
10660,107-RW-T01,Pre-PQ Process,SO-1222,DN-571,Rwanda,PMO - US,From RDC,N/A - From RDC,Air,Pre-PQ Process,N/A - From RDC,28-Jan-08,28-Jan-08,28-Jan-08,HRDT,HIV test - Ancillary,"HIV, Lancet, Safety, for HIV Test kits, 100 Pcs","HIV, Lancet, Safety, for HIV Test kits, 100 Pcs",,Test kit - Ancillary,100,2093,20.93,0.01,0.0,Yes,609,12977.28,0.03
10662,109-TZ-T01,Pre-PQ Process,SO-1647,DN-556,Tanzania,PMO - US,From RDC,N/A - From RDC,Air,Pre-PQ Process,N/A - From RDC,6-Feb-08,6-Feb-08,6-Feb-08,ARV,Adult,"Lamivudine/Zidovudine 150/300mg, tablets, 60 Tabs",Lamivudine/Zidovudine,150/300mg,Tablet - FDC,60,9476,90022.0,9.5,0.16,Yes,1008,4207.4,144.04
10663,105-GY-T01,Pre-PQ Process,SO-1239,DN-557,Guyana,PMO - US,From RDC,N/A - From RDC,Air,Pre-PQ Process,N/A - From RDC,24-Jan-08,24-Jan-08,24-Jan-08,ARV,Adult,"Efavirenz 600mg, tablets, 30 Tabs",Efavirenz,600mg,Tablet,30,5670,70421.4,12.42,0.41,Yes,441,6141.25,112.67
10664,104-CI-T01,Pre-PQ Process,SO-1278,DN-561,Côte d'Ivoire,PMO - US,From RDC,N/A - From RDC,Air,Pre-PQ Process,N/A - From RDC,17-Jan-08,17-Jan-08,17-Jan-08,HRDT,HIV test,"HIV 2, New LAV Blot 2 HIV Kit, 18 Tests","HIV 2, New LAV Blot 2 HIV Kit",,Test kit,18,9,2773.53,308.17,17.12,Yes,13,1148,4.44
10665,104-CI-T01,Pre-PQ Process,SO-1144,DN-539,Côte d'Ivoire,PMO - US,From RDC,N/A - From RDC,Air,Pre-PQ Process,N/A - From RDC,28-Dec-07,28-Dec-07,28-Dec-07,ARV,Pediatric,"Nevirapine 10mg/ml, oral suspension, Bottle, 240 ml",Nevirapine,10mg/ml,Oral suspension,240,475,912.0,1.92,0.01,Yes,170,1301,1.46
10666,110-ZM-T01,Pre-PQ Process,SO-1034,DN-554,Zambia,PMO - US,From RDC,N/A - From RDC,,Pre-PQ Process,N/A - From RDC,12-Feb-08,12-Feb-08,12-Feb-08,ARV,Adult,"Efavirenz 600mg, tablets, 30 Tabs",Efavirenz,600mg,Tablet,30,44135,548156.7,12.42,0.41,Yes,3462,12569.92,877.05
10667,104-CI-T01,Pre-PQ Process,SO-1679,DN-581,Côte d'Ivoire,PMO - US,From RDC,N/A - From RDC,Air,Pre-PQ Process,N/A - From RDC,5-Feb-08,5-Feb-08,5-Feb-08,ARV,Pediatric,"Stavudine 1mg/ml, powder for oral solution, 200 ml",Stavudine,1mg/ml,Oral solution,200,5900,8260.0,1.4,0.01,Yes,2093,5962.31,13.22
10669,114-UG-T01,Pre-PQ Process,SO-1715,DN-588,Uganda,PMO - US,From RDC,N/A - From RDC,,Pre-PQ Process,N/A - From RDC,6-Mar-08,6-Mar-08,6-Mar-08,ARV,Adult,"Emtricitabine/Tenofovir Disoproxil Fumarate 200/300mg [Truvada], tablets, 30 Tabs",Emtricitabine/Tenofovir Disoproxil Fumarate,300/200mg,Tablet - FDC,30,656,17220.0,26.25,0.88,Yes,58,794.22,27.55
10670,114-UG-T01,Pre-PQ Process,SO-1082,DN-589,Uganda,PMO - US,From RDC,N/A - From RDC,,Pre-PQ Process,N/A - From RDC,28-Feb-08,28-Feb-08,28-Feb-08,ARV,Adult,"Lamivudine/Nevirapine/Stavudine 150/200/30mg, tablets, 60 Tabs",Lamivudine/Nevirapine/Stavudine,150/200/30mg,Tablet - FDC,60,93,688.2,7.4,0.12,Yes,311,1430.22,1.1
10671,111-MZ-T01,Pre-PQ Process,SO-1063,DN-597,Mozambique,PMO - US,From RDC,N/A - From RDC,Air,Pre-PQ Process,N/A - From RDC,29-Feb-08,29-Feb-08,29-Feb-08,HRDT,HIV test,"HIV 1/2, Determine HIV Kit, without Lancets, 100 Tests","HIV 1/2, Determine HIV Kit, without Lancets",,Test kit,100,4300,309557.0,71.99,0.72,Yes,1017,519.71,495.29
10672,111-MZ-T01,Pre-PQ Process,SO-1613,DN-599,Mozambique,PMO - US,From RDC,N/A - From RDC,Air,Pre-PQ Process,N/A - From RDC,10-Mar-08,10-Mar-08,10-Mar-08,ARV,Adult,"Lamivudine 150mg, tablets, 60 Tabs",Lamivudine,150mg,Tablet,60,2106,6402.24,3.04,0.05,Yes,113,919.2,10.24
10673,110-ZM-T01,Pre-PQ Process,SO-2730,DN-821,Zambia,PMO - US,From RDC,N/A - From RDC,Truck,Pre-PQ Process,N/A - From RDC,29-Jul-08,29-Jul-08,29-Jul-08,ARV,Adult,"Lamivudine/Nevirapine/Stavudine 150/200/30mg, tablets, 60 Tabs",Lamivudine/Nevirapine/Stavudine,150/200/30mg,Tablet - FDC,60,50000,360000.0,7.2,0.12,Yes,3679,5014.65,576.0
10674,109-TZ-T01,Pre-PQ Process,SO-2560,DN-826,Tanzania,PMO - US,From RDC,N/A - From RDC,Air,Pre-PQ Process,N/A - From RDC,29-Jul-08,29-Jul-08,29-Jul-08,ARV,Adult,"Nevirapine 200mg, tablets, 60 Tabs",Nevirapine,200mg,Tablet,60,1300,4420.0,3.4,0.06,Yes,16709,15210,7.07
10675,100-PK-T01,Pre-PQ Process,SO-2496,DN-732,Pakistan,PMO - US,From RDC,N/A - From RDC,Air,Pre-PQ Process,N/A - From RDC,19-May-08,19-May-08,19-May-08,HRDT,HIV test,"HIV 1/2, Determine HIV Kit, without Lancets, 100 Tests","HIV 1/2, Determine HIV Kit, without Lancets",,Test kit,100,20,1439.8,71.99,0.72,Yes,Weight Captured Separately,Invoiced Separately,2.3
10676,131-NG-T01,Pre-PQ Process,SO-2577,DN-738,Nigeria,PMO - US,From RDC,N/A - From RDC,Air,Pre-PQ Process,N/A - From RDC,20-May-08,20-May-08,20-May-08,ARV,Adult,"Lamivudine/Nevirapine/Zidovudine 150/200/300mg, tablets, 60 Tabs",Lamivudine/Nevirapine/Zidovudine,150/300/200mg,Tablet - FDC,60,3226,42841.28,13.28,0.22,Yes,359,2750.89,68.55
10677,119-NA-T01,Pre-PQ Process,SO-1765,DN-759,Namibia,PMO - US,From RDC,N/A - From RDC,Air,Pre-PQ Process,N/A - From RDC,19-Jun-08,19-Jun-08,19-Jun-08,ARV,Adult,"Efavirenz 600mg, tablets, 30 Tabs",Efavirenz,600mg,Tablet,30,24320,292083.2,12.01,0.4,Yes,2094,4528.5,467.33
10678,110-ZM-T01,Pre-PQ Process,SO-2485,DN-828,Zambia,PMO - US,From RDC,N/A - From RDC,Truck,Pre-PQ Process,N/A - From RDC,29-Jul-08,29-Jul-08,29-Jul-08,ARV,Adult,"Lamivudine/Zidovudine 150/300mg, tablets, 60 Tabs",Lamivudine/Zidovudine,150/300mg,Tablet - FDC,60,14124,133471.8,9.45,0.16,Yes,2115,2882.85,213.55
10679,102-KE-T01,Pre-PQ Process,SO-1740,DN-829,Kenya,PMO - US,From RDC,N/A - From RDC,Truck,Pre-PQ Process,N/A - From RDC,31-Mar-08,31-Mar-08,31-Mar-08,HRDT,HIV test,"HIV, Bioline HIV 1/2 3.0 Kit, [DON] 25 Tests","HIV, Bioline HIV 1/2 3.0 Kit",,Test kit,25,3,0.03,0.01,0.0,Yes,3,99,0.0
10680,102-KE-T01,Pre-PQ Process,SO-1720,DN-830,Kenya,PMO - US,From RDC,N/A - From RDC,Truck,Pre-PQ Process,N/A - From RDC,30-May-08,30-May-08,30-May-08,HRDT,HIV test,"HIV, Bioline HIV 1/2 3.0 Kit, [DON] 25 Tests","HIV, Bioline HIV 1/2 3.0 Kit",,Test kit,25,997,9.97,0.01,0.0,Yes,399,417.42,0.02
10681,100-ZW-T01,Pre-PQ Process,SO-1608,DN-771,Zimbabwe,PMO - US,From RDC,N/A - From RDC,Truck,Pre-PQ Process,N/A - From RDC,9-Jun-08,9-Jun-08,9-Jun-08,ARV,Adult,"Lamivudine/Stavudine 150/30mg, tablets, 30 Tabs",Lamivudine/Stavudine,150/30mg,Tablet - FDC,30,1600,3200.0,2.0,0.07,Yes,96,2145.17,5.12
10682,104-CI-T01,Pre-PQ Process,SO-1680,DN-673,Côte d'Ivoire,PMO - US,From RDC,N/A - From RDC,Air,Pre-PQ Process,N/A - From RDC,27-Mar-08,27-Mar-08,27-Mar-08,ARV,Adult,"Abacavir 300mg, tablets, 60 Tabs",Abacavir,300mg,Tablet,60,374,10296.22,27.53,0.46,Yes,1118,2810.58,16.47
10683,106-HT-T01,Pre-PQ Process,SO-2056,DN-743,Haiti,PMO - US,From RDC,N/A - From RDC,Air,Pre-PQ Process,N/A - From RDC,27-May-08,27-May-08,27-May-08,ARV,Pediatric,"Nevirapine 10mg/ml, oral suspension, Bottle, 240 ml",Nevirapine,10mg/ml,Oral suspension,240,5056,9707.52,1.92,0.01,Yes,2166,22956,15.53
10684,106-HT-T01,Pre-PQ Process,SO-2053,DN-744,Haiti,PMO - US,From RDC,N/A - From RDC,Air,Pre-PQ Process,N/A - From RDC,2-Jun-08,2-Jun-08,2-Jun-08,ARV,Adult,"Stavudine 30mg, capsules, 60 Caps",Stavudine,30mg,Capsule,60,4725,7182.0,1.52,0.03,Yes,1154,12508.65,11.49
10685,117-ET-T01,Pre-PQ Process,SO-1949,DN-668,Ethiopia,PMO - US,From RDC,N/A - From RDC,,Pre-PQ Process,N/A - From RDC,25-Mar-08,25-Mar-08,25-Mar-08,ARV,Adult,"Stavudine 30mg, capsules, 60 Caps",Stavudine,30mg,Capsule,60,51293,77965.36,1.52,0.03,Yes,3371,11862.2,124.74
10686,123-NG-T01,Pre-PQ Process,SO-2552,DN-834,Nigeria,PMO - US,From RDC,N/A - From RDC,Air,Pre-PQ Process,N/A - From RDC,16-Jul-08,16-Jul-08,16-Jul-08,ARV,Adult,"Efavirenz 600mg, tablets, 30 Tabs",Efavirenz,600mg,Tablet,30,11527,138439.27,12.01,0.4,Yes,1994,10231.84,221.5
10687,102-KE-T01,Pre-PQ Process,SO-1389,DN-646,Kenya,PMO - US,From RDC,N/A - From RDC,Truck,Pre-PQ Process,N/A - From RDC,27-Feb-08,27-Feb-08,27-Feb-08,HRDT,HIV test,"HIV 1/2, Bioline 3.0 Kit, Lancets, Capillary pipets, Alcohol swabs included, 25 Tests","HIV 1/2, Bioline 3.0 Kit, Lancets, Capillary pipets, Alcohol swabs included",,Test kit,25,270,5400.0,20.0,0.8,Yes,97,98.08,8.64
10688,106-HT-T01,Pre-PQ Process,SO-2059,DN-733,Haiti,PMO - US,From RDC,N/A - From RDC,Air,Pre-PQ Process,N/A - From RDC,26-May-08,26-May-08,26-May-08,ARV,Adult,"Nevirapine 200mg, tablets, 60 Tabs",Nevirapine,200mg,Tablet,60,11760,39984.0,3.4,0.06,Yes,3820,35933.8,63.97
10689,104-CI-T01,Pre-PQ Process,SO-2044,DN-734,Côte d'Ivoire,PMO - US,From RDC,N/A - From RDC,Air,Pre-PQ Process,N/A - From RDC,2-Jun-08,2-Jun-08,2-Jun-08,ARV,Pediatric,"Abacavir 20mg/ml, oral solution, Bottle, 240 ml",Abacavir,20mg/ml,Oral solution,240,1664,27456.0,16.5,0.07,Yes,905,10451.25,43.93
10690,110-ZM-T01,Pre-PQ Process,SO-2546,DN-769,Zambia,PMO - US,From RDC,N/A - From RDC,Truck,Pre-PQ Process,N/A - From RDC,17-Jun-08,17-Jun-08,17-Jun-08,ARV,Adult,"Lamivudine/Stavudine 150/30mg, tablets, 30 Tabs",Lamivudine/Stavudine,150/30mg,Tablet - FDC,30,42768,85536.0,2.0,0.07,Yes,2493,4887.18,136.86
10691,125-HT-T01,Pre-PQ Process,SO-1291,DN-686,Haiti,PMO - US,From RDC,N/A - From RDC,Air,Pre-PQ Process,N/A - From RDC,3-Apr-08,3-Apr-08,3-Apr-08,HRDT,HIV test,"HIV 1/2, Determine HIV Kit, without Lancets, 100 Tests","HIV 1/2, Determine HIV Kit, without Lancets",,Test kit,100,10,720.0,72.0,0.72,Yes,12,785.88,1.15
10692,125-HT-T01,Pre-PQ Process,SO-1291,DN-686,Haiti,PMO - US,From RDC,N/A - From RDC,Air,Pre-PQ Process,N/A - From RDC,3-Apr-08,3-Apr-08,3-Apr-08,HRDT,HIV test,"HIV 1/2, Determine HIV Kit, without Lancets, 100 Tests","HIV 1/2, Determine HIV Kit, without Lancets",,Test kit,100,10,720.0,72.0,0.72,No,See DN-686 (ID#:10691),See DN-686 (ID#:10691),1.15
10693,114-UG-T01,Pre-PQ Process,SO-1301,DN-480,Uganda,PMO - US,From RDC,N/A - From RDC,Air,Pre-PQ Process,N/A - From RDC,19-Mar-08,19-Mar-08,19-Mar-08,ARV,Adult,"Efavirenz 600mg, tablets, 30 Tabs",Efavirenz,600mg,Tablet,30,2060,25585.2,12.42,0.41,Yes,196,1381.7,40.94
10694,119-NA-T01,Pre-PQ Process,SO-1131,DN-616,Namibia,PMO - US,From RDC,N/A - From RDC,Air,Pre-PQ Process,N/A - From RDC,5-Mar-08,5-Mar-08,5-Mar-08,HRDT,HIV test,"HIV 1/2, Uni-Gold HIV Kit, 20 Tests","HIV 1/2, Uni-Gold HIV Kit",,Test kit,20,737,23584.0,32.0,1.6,Yes,231,5491.08,37.73
10695,104-CI-T01,Pre-PQ Process,SO-791,DN-641,Côte d'Ivoire,PMO - US,From RDC,N/A - From RDC,,Pre-PQ Process,N/A - From RDC,3-Mar-08,3-Mar-08,3-Mar-08,HRDT,HIV test - Ancillary,"HIV, Lancet, Safety, for HIV Test kits, 100 Pcs","HIV, Lancet, Safety, for HIV Test kits, 100 Pcs",,Test kit - Ancillary,100,1505,15.05,0.01,0.0,Yes,440,1759.4,0.02
10696,109-TZ-T01,Pre-PQ Process,SO-2704,DN-799,Tanzania,PMO - US,From RDC,N/A - From RDC,Air,Pre-PQ Process,N/A - From RDC,9-Jul-08,9-Jul-08,9-Jul-08,ARV,Adult,"Abacavir 300mg, tablets, 60 Tabs",Abacavir,300mg,Tablet,60,5730,157746.9,27.53,0.46,Yes,569,886.35,252.4
10697,100-ZW-T01,Pre-PQ Process,SO-713,DN-687,Zimbabwe,PMO - US,From RDC,N/A - From RDC,Air,Pre-PQ Process,N/A - From RDC,30-Mar-08,30-Mar-08,30-Mar-08,ARV,Adult,"Lamivudine/Stavudine 150/30mg, tablets, 30 Tabs",Lamivudine/Stavudine,150/30mg,Tablet - FDC,30,1600,3200.0,2.0,0.07,Yes,4252,15696.7,5.12
10698,104-CI-T01,Pre-PQ Process,SO-1663,DN-643,Côte d'Ivoire,PMO - US,From RDC,N/A - From RDC,Air,Pre-PQ Process,N/A - From RDC,6-Mar-08,6-Mar-08,6-Mar-08,ARV,Adult,"Lamivudine/Nevirapine/Stavudine 150/200/30mg, tablets, 60 Tabs",Lamivudine/Nevirapine/Stavudine,150/200/30mg,Tablet - FDC,60,12833,94964.2,7.4,0.12,Yes,1316,3056.96,151.94
10700,104-CI-T01,Pre-PQ Process,SO-1685,DN-613,Côte d'Ivoire,PMO - US,From RDC,N/A - From RDC,Air,Pre-PQ Process,N/A - From RDC,19-Feb-08,19-Feb-08,19-Feb-08,ARV,Adult,"Lamivudine/Zidovudine 150/300mg, tablets, 60 Tabs",Lamivudine/Zidovudine,150/300mg,Tablet - FDC,60,20284,192698.0,9.5,0.16,Yes,1897,3826.17,308.32
10702,110-ZM-T01,Pre-PQ Process,SO-1887,DN-700,Zambia,PMO - US,From RDC,N/A - From RDC,,Pre-PQ Process,N/A - From RDC,8-May-08,8-May-08,8-May-08,ARV,Adult,"Emtricitabine/Tenofovir Disoproxil Fumarate 200/300mg [Truvada], tablets, 30 Tabs",Emtricitabine/Tenofovir Disoproxil Fumarate,300/200mg,Tablet - FDC,30,43154,1132792.5,26.25,0.88,Yes,3788,1910.61,1812.47
10703,119-NA-T01,Pre-PQ Process,SO-2349,DN-710,Namibia,PMO - US,From RDC,N/A - From RDC,Air,Pre-PQ Process,N/A - From RDC,10-Apr-08,10-Apr-08,10-Apr-08,ARV,Adult,"Efavirenz 600mg, tablets, 30 Tabs",Efavirenz,600mg,Tablet,30,2100,25221.0,12.01,0.4,Yes,181,690.39,40.35
10704,106-HT-T01,Pre-PQ Process,SO-2600,DN-775,Haiti,PMO - US,From RDC,N/A - From RDC,Air,Pre-PQ Process,N/A - From RDC,27-Jun-08,27-Jun-08,27-Jun-08,ARV,Adult,"Zidovudine 300mg, tablets, 60 Tabs",Zidovudine,300mg,Tablet,60,3150,25672.5,8.15,0.14,Yes,181,2944.21,41.08
10705,106-HT-T01,Pre-PQ Process,SO-2057,DN-691,Haiti,PMO - US,From RDC,N/A - From RDC,Air,Pre-PQ Process,N/A - From RDC,2-Apr-08,2-Apr-08,2-Apr-08,ARV,Adult,"Lamivudine 150mg, tablets, 60 Tabs",Lamivudine,150mg,Tablet,60,10283,29923.53,2.91,0.05,Yes,519,5974.7,47.88
10706,106-HT-T01,Pre-PQ Process,SO-2055,DN-690,Haiti,PMO - US,From RDC,N/A - From RDC,Air,Pre-PQ Process,N/A - From RDC,14-Apr-08,14-Apr-08,14-Apr-08,ARV,Adult,"Lopinavir/Ritonavir 200/50mg [Aluvia], tablets, 120 Tabs",Lopinavir/Ritonavir,200/50mg,Tablet,120,389,15987.9,41.1,0.34,Yes,4639,47525.69,25.58
10707,110-ZM-T01,Pre-PQ Process,SO-1890,DN-719,Zambia,PMO - US,From RDC,N/A - From RDC,,Pre-PQ Process,N/A - From RDC,9-May-08,9-May-08,9-May-08,ARV,Adult,"Lamivudine/Zidovudine 150/300mg, tablets, 60 Tabs",Lamivudine/Zidovudine,150/300mg,Tablet - FDC,60,40320,381024.0,9.45,0.16,Yes,3750,1891.44,609.64
10708,109-TZ-T01,Pre-PQ Process,SO-2720,DN-765,Tanzania,PMO - US,From RDC,N/A - From RDC,Air,Pre-PQ Process,N/A - From RDC,1-Jul-08,1-Jul-08,1-Jul-08,ARV,Adult,"Lamivudine 150mg, tablets, 60 Tabs",Lamivudine,150mg,Tablet,60,23230,67599.3,2.91,0.05,Yes,1156,6308.6,108.16
10709,104-CI-T01,Pre-PQ Process,SO-16180,DN-1001,Côte d'Ivoire,PMO - US,From RDC,N/A - From RDC,Air,Pre-PQ Process,N/A - From RDC,3-Dec-08,3-Dec-08,3-Dec-08,ARV,Pediatric,"Zidovudine 10mg/ml, oral solution, Bottle, 240 ml",Zidovudine,10mg/ml,Oral solution,240,1200,2520.0,2.1,0.01,Yes,448,2605.77,4.94
10710,123-NG-T01,Pre-PQ Process,SO-19071,DN-1045,Nigeria,PMO - US,From RDC,N/A - From RDC,Truck,Pre-PQ Process,N/A - From RDC,19-Jan-09,19-Jan-09,19-Jan-09,ARV,Adult,"Stavudine 30mg, capsules, 60 Caps",Stavudine,30mg,Capsule,60,858,1329.9,1.55,0.03,Yes,58,7363.73,2.61
10711,114-UG-T01,Pre-PQ Process,SO-17760,DN-1143,Uganda,PMO - US,From RDC,N/A - From RDC,Air,Pre-PQ Process,N/A - From RDC,2-Apr-09,2-Apr-09,2-Apr-09,ARV,Adult,"Lamivudine/Zidovudine 150/300mg, tablets, 60 Tabs",Lamivudine/Zidovudine,150/300mg,Tablet - FDC,60,3505,32771.75,9.35,0.16,Yes,6556,5401.95,64.23
10712,111-MZ-T01,Pre-PQ Process,SO-15081,DN-1035,Mozambique,PMO - US,From RDC,N/A - From RDC,Air,Pre-PQ Process,N/A - From RDC,21-Feb-09,21-Feb-09,21-Feb-09,ARV,Adult,"Lamivudine/Nevirapine/Stavudine 150/200/30mg, tablets, 60 Tabs",Lamivudine/Nevirapine/Stavudine,150/200/30mg,Tablet - FDC,60,125000,900000.0,7.2,0.12,Yes,9228,3671.92,1764.0
10714,111-MZ-T01,Pre-PQ Process,SO-15082,DN-1036,Mozambique,PMO - US,From RDC,N/A - From RDC,Air,Pre-PQ Process,N/A - From RDC,26-Feb-09,21-Feb-09,21-Feb-09,ARV,Adult,"Lamivudine/Nevirapine/Stavudine 150/200/30mg, tablets, 60 Tabs",Lamivudine/Nevirapine/Stavudine,150/200/30mg,Tablet - FDC,60,32067,230882.4,7.2,0.12,Yes,2382,3671.92,452.53
10715,110-ZM-T01,Pre-PQ Process,SO-2491,DN-951,Zambia,PMO - US,From RDC,N/A - From RDC,Truck,Pre-PQ Process,N/A - From RDC,21-Oct-08,21-Oct-08,21-Oct-08,ARV,Adult,"Nevirapine 200mg, tablets, 60 Tabs",Nevirapine,200mg,Tablet,60,29011,98637.4,3.4,0.06,Yes,2717,4060.55,193.33
10716,114-UG-T01,Pre-PQ Process,SO-17910,DN-1068,Uganda,PMO - US,From RDC,N/A - From RDC,Air,Pre-PQ Process,N/A - From RDC,19-Feb-09,19-Feb-09,19-Feb-09,ARV,Adult,"Efavirenz 600mg, tablets, 30 Tabs",Efavirenz,600mg,Tablet,30,1747,19217.0,11.0,0.37,Yes,152,1340.96,37.67
10717,107-RW-T01,Pre-PQ Process,SO-24630,DN-1118,Rwanda,PMO - US,From RDC,N/A - From RDC,Air,Pre-PQ Process,N/A - From RDC,16-Mar-09,16-Mar-09,16-Mar-09,ARV,Adult,"Nevirapine 200mg, tablets, 60 Tabs",Nevirapine,200mg,Tablet,60,7425,23760.0,3.2,0.05,Yes,404,5637.82,46.57
10718,113-ZW-T01,Pre-PQ Process,SO-1052,DN-838,Zimbabwe,PMO - US,From RDC,N/A - From RDC,Truck,Pre-PQ Process,N/A - From RDC,26-Jul-08,26-Jul-08,26-Jul-08,HRDT,HIV test,"HIV 1/2, Bioline 3.0 Kit, Lancets, Capillary pipets, Alcohol swabs included, 25 Tests","HIV 1/2, Bioline 3.0 Kit, Lancets, Capillary pipets, Alcohol swabs included",,Test kit,25,307,6140.0,20.0,0.8,Yes,1368,5663,9.82
10719,111-MZ-T01,Pre-PQ Process,SO-11071,DN-932,Mozambique,PMO - US,From RDC,N/A - From RDC,Truck,Pre-PQ Process,N/A - From RDC,14-Nov-08,14-Nov-08,14-Nov-08,ARV,Adult,"Lamivudine/Nevirapine/Stavudine 150/200/30mg, tablets, 60 Tabs",Lamivudine/Nevirapine/Stavudine,150/200/30mg,Tablet - FDC,60,125010,900072.0,7.2,0.12,Yes,3918,1012.43,1440.12
10720,126-NG-T01,Pre-PQ Process,SO-10810,DN-886,Nigeria,PMO - US,From RDC,N/A - From RDC,Air,Pre-PQ Process,N/A - From RDC,31-Aug-08,31-Aug-08,31-Aug-08,ARV,Adult,"Lamivudine/Zidovudine 150/300mg, tablets, 60 Tabs",Lamivudine/Zidovudine,150/300mg,Tablet - FDC,60,45000,420750.0,9.35,0.16,Yes,3657,23070.58,673.2
10721,131-NG-T01,Pre-PQ Process,SO-10821,DN-919,Nigeria,PMO - US,From RDC,N/A - From RDC,Air,Pre-PQ Process,N/A - From RDC,28-Sep-08,28-Sep-08,28-Sep-08,ARV,Adult,"Efavirenz/Emtricitabine/Tenofovir Disoproxil Fumarate 600/200/300mg [Atripla], tablets, 30 Tabs",Efavirenz/Emtricitabine/Tenofovir Disoproxil Fumarate,600/200/300mg,Tablet - FDC,30,1000,50400.0,50.4,1.68,Yes,108,13353.34,80.64
10722,131-NG-T01,Pre-PQ Process,SO-10820,DN-897,Nigeria,PMO - US,From RDC,N/A - From RDC,Air,Pre-PQ Process,N/A - From RDC,10-Sep-08,10-Sep-08,10-Sep-08,ARV,Adult,"Emtricitabine/Tenofovir Disoproxil Fumarate 200/300mg [Truvada], tablets, 30 Tabs",Emtricitabine/Tenofovir Disoproxil Fumarate,300/200mg,Tablet - FDC,30,6000,157500.0,26.25,0.88,Yes,1566,10624.04,252.0
10723,106-HT-T01,Pre-PQ Process,SO-12160,DN-930,Haiti,PMO - US,From RDC,N/A - From RDC,Air,Pre-PQ Process,N/A - From RDC,6-Oct-08,6-Oct-08,6-Oct-08,ARV,Pediatric,"Zidovudine 10mg/ml, oral solution, Bottle, 240 ml",Zidovudine,10mg/ml,Oral solution,240,9187,19292.7,2.1,0.01,Yes,3435,40301.65,30.87
10724,117-ET-T01,Pre-PQ Process,SO-19400,DN-1027,Ethiopia,PMO - US,From RDC,N/A - From RDC,Air,Pre-PQ Process,N/A - From RDC,12-Dec-08,12-Dec-08,12-Dec-08,ARV,Adult,"Lamivudine/Zidovudine 150/300mg, tablets, 60 Tabs",Lamivudine/Zidovudine,150/300mg,Tablet - FDC,60,31000,271560.0,8.76,0.15,Yes,1787,10073.76,532.26
10726,110-ZM-T01,Pre-PQ Process,SO-2492,DN-966,Zambia,PMO - US,From RDC,N/A - From RDC,Truck,Pre-PQ Process,N/A - From RDC,7-Nov-08,7-Nov-08,7-Nov-08,ARV,Adult,"Nevirapine 200mg, tablets, 60 Tabs",Nevirapine,200mg,Tablet,60,50000,170000.0,3.4,0.06,Yes,2764,2938.92,333.2
10727,130-NG-T01,Pre-PQ Process,SO-10580,DN-909,Nigeria,PMO - US,From RDC,N/A - From RDC,Air,Pre-PQ Process,N/A - From RDC,22-Sep-08,22-Sep-08,22-Sep-08,ARV,Adult,"Nevirapine 200mg, tablets, 60 Tabs",Nevirapine,200mg,Tablet,60,2066,7024.4,3.4,0.06,Yes,451,3487.94,11.24
10728,130-NG-T01,Pre-PQ Process,SO-10580,DN-909,Nigeria,PMO - US,From RDC,N/A - From RDC,Air,Pre-PQ Process,N/A - From RDC,22-Sep-08,22-Sep-08,22-Sep-08,ARV,Adult,"Lamivudine/Zidovudine 150/300mg, tablets, 60 Tabs",Lamivudine/Zidovudine,150/300mg,Tablet - FDC,60,1894,17708.9,9.35,0.16,No,See DN-909 (ID#:10727),See DN-909 (ID#:10727),28.33
10731,114-UG-T01,Pre-PQ Process,SO-17420,DN-971,Uganda,PMO - US,From RDC,N/A - From RDC,Air,Pre-PQ Process,N/A - From RDC,4-Nov-08,4-Nov-08,4-Nov-08,ARV,Adult,"Lamivudine/Nevirapine/Stavudine 150/200/30mg, tablets, 60 Tabs",Lamivudine/Nevirapine/Stavudine,150/200/30mg,Tablet - FDC,60,2742,20290.8,7.4,0.12,Yes,204,3477,39.77
10732,111-MZ-T01,Pre-PQ Process,SO-15080,DN-1034,Mozambique,PMO - US,From RDC,N/A - From RDC,Air,Pre-PQ Process,N/A - From RDC,21-Feb-09,21-Feb-09,21-Feb-09,ARV,Adult,"Lamivudine/Nevirapine/Zidovudine 150/200/300mg, tablets, 60 Tabs",Lamivudine/Nevirapine/Zidovudine,150/300/200mg,Tablet - FDC,60,13100,154580.0,11.8,0.2,Yes,6036,3671.92,302.98
10733,111-MZ-T01,Pre-PQ Process,SO-2424,DN-850,Mozambique,PMO - US,From RDC,N/A - From RDC,Air,Pre-PQ Process,N/A - From RDC,5-Sep-08,5-Sep-08,5-Sep-08,ARV,Adult,"Lamivudine 150mg, tablets, 60 Tabs",Lamivudine,150mg,Tablet,60,528,1536.48,2.91,0.05,Yes,4211,3227.48,2.46
10734,109-TZ-T01,Pre-PQ Process,SO-11821,DN-890,Tanzania,PMO - US,From RDC,N/A - From RDC,Air,Pre-PQ Process,N/A - From RDC,15-Sep-08,15-Sep-08,15-Sep-08,ARV,Adult,"Efavirenz 600mg, tablets, 30 Tabs",Efavirenz,600mg,Tablet,30,5000,60050.0,12.01,0.4,Yes,379,1188.97,96.08
10735,111-MZ-T01,Pre-PQ Process,SO-15083,DN-1055,Mozambique,PMO - US,From RDC,N/A - From RDC,Air,Pre-PQ Process,N/A - From RDC,18-Mar-09,18-Mar-09,18-Mar-09,ARV,Adult,"Lamivudine/Nevirapine/Stavudine 150/200/30mg, tablets, 60 Tabs",Lamivudine/Nevirapine/Stavudine,150/200/30mg,Tablet - FDC,60,115130,828936.0,7.2,0.12,Yes,8693,6757.33,1624.71
10736,112-NG-T01,Pre-PQ Process,SO-22530,DN-1081,Nigeria,PMO - US,From RDC,N/A - From RDC,Air,Pre-PQ Process,N/A - From RDC,16-Feb-09,16-Feb-09,16-Feb-09,ARV,Adult,"Lamivudine/Zidovudine 150/300mg, tablets, 60 Tabs",Lamivudine/Zidovudine,150/300mg,Tablet - FDC,60,1116,10434.6,9.35,0.16,Yes,102,3680.33,20.45
10737,117-ET-T01,Pre-PQ Process,SO-22020,DN-1052,Ethiopia,PMO - US,From RDC,N/A - From RDC,Air,Pre-PQ Process,N/A - From RDC,3-Mar-09,3-Mar-09,3-Mar-09,ARV,Adult,"Efavirenz 600mg, tablets, 30 Tabs",Efavirenz,600mg,Tablet,30,28926,307194.12,10.62,0.35,Yes,4593,16901.37,602.1
10741,109-TZ-T01,Pre-PQ Process,SO-2562,DN-849,Tanzania,PMO - US,From RDC,N/A - From RDC,Truck,Pre-PQ Process,N/A - From RDC,22-Aug-08,22-Aug-08,22-Aug-08,ARV,Adult,"Lamivudine/Zidovudine 150/300mg, tablets, 60 Tabs",Lamivudine/Zidovudine,150/300mg,Tablet - FDC,60,46163,436240.35,9.45,0.16,Yes,4237,3482.59,697.98
10743,111-MZ-T01,Pre-PQ Process,SO-13990,DN-904,Mozambique,PMO - US,From RDC,N/A - From RDC,Truck,Pre-PQ Process,N/A - From RDC,10-Oct-08,10-Oct-08,10-Oct-08,ARV,Adult,"Nevirapine 200mg, tablets, 60 Tabs",Nevirapine,200mg,Tablet,60,12040,38528.0,3.2,0.05,Yes,677,1522.92,61.64
10744,112-NG-T01,Pre-PQ Process,SO-12790,DN-916,Nigeria,PMO - US,From RDC,N/A - From RDC,Air,Pre-PQ Process,N/A - From RDC,19-Sep-08,19-Sep-08,19-Sep-08,ARV,Adult,"Emtricitabine/Tenofovir Disoproxil Fumarate 200/300mg [Truvada], tablets, 30 Tabs",Emtricitabine/Tenofovir Disoproxil Fumarate,300/200mg,Tablet - FDC,30,4,105.0,26.25,0.88,Yes,1,462.5,0.17
10745,112-NG-T01,Pre-PQ Process,SO-2728,DN-917,Nigeria,PMO - US,From RDC,N/A - From RDC,Air,Pre-PQ Process,N/A - From RDC,24-Sep-08,24-Sep-08,24-Sep-08,ARV,Adult,"Lamivudine 150mg, tablets, 60 Tabs",Lamivudine,150mg,Tablet,60,1017,2949.3,2.9,0.05,Yes,892,13353.34,4.72
10746,112-NG-T01,Pre-PQ Process,SO-22550,DN-1066,Nigeria,PMO - US,From RDC,N/A - From RDC,Air,Pre-PQ Process,N/A - From RDC,9-Feb-09,9-Feb-09,9-Feb-09,ARV,Adult,"Lamivudine/Nevirapine/Stavudine 150/200/30mg, tablets, 60 Tabs",Lamivudine/Nevirapine/Stavudine,150/200/30mg,Tablet - FDC,60,5217,38605.8,7.4,0.12,Yes,563,3852.55,75.67
10747,151-NG-T01,Pre-PQ Process,SO-21786,DN-1155,Nigeria,PMO - US,From RDC,N/A - From RDC,Air,Pre-PQ Process,N/A - From RDC,29-Apr-09,29-Apr-09,29-Apr-09,ARV,Adult,"Emtricitabine/Tenofovir Disoproxil Fumarate 200/300mg [Truvada], tablets, 30 Tabs",Emtricitabine/Tenofovir Disoproxil Fumarate,300/200mg,Tablet - FDC,30,17067,448008.75,26.25,0.88,Yes,1481,14974.4,878.1
10748,114-UG-T01,Pre-PQ Process,SO-17870,DN-986,Uganda,PMO - US,From RDC,N/A - From RDC,Air,Pre-PQ Process,N/A - From RDC,9-Jan-09,9-Jan-09,9-Jan-09,ARV,Adult,"Lamivudine/Nevirapine/Zidovudine 150/200/300mg, tablets, 60 Tabs",Lamivudine/Nevirapine/Zidovudine,150/300/200mg,Tablet - FDC,60,6296,74292.8,11.8,0.2,Yes,822,7321.04,145.61
10749,130-NG-T01,Pre-PQ Process,SO-10610,DN-959,Nigeria,PMO - US,From RDC,N/A - From RDC,Air,Pre-PQ Process,N/A - From RDC,30-Oct-08,30-Oct-08,30-Oct-08,ARV,Adult,"Efavirenz 600mg, tablets, 30 Tabs",Efavirenz,600mg,Tablet,30,2003,23475.16,11.72,0.39,Yes,181,18617.93,46.01
10750,123-NG-T01,Pre-PQ Process,SO-11232,DN-958,Nigeria,PMO - US,From RDC,N/A - From RDC,Air,Pre-PQ Process,N/A - From RDC,31-Oct-08,31-Oct-08,31-Oct-08,ARV,Adult,"Lopinavir/Ritonavir 200/50mg [Aluvia], tablets, 120 Tabs",Lopinavir/Ritonavir,200/50mg,Tablet,120,2034,83597.4,41.1,0.34,Yes,937,10990.36,163.85
10751,110-ZM-T01,Pre-PQ Process,SO-2483,DN-954,Zambia,PMO - US,From RDC,N/A - From RDC,Truck,Pre-PQ Process,N/A - From RDC,21-Oct-08,21-Oct-08,21-Oct-08,ARV,Adult,"Efavirenz 600mg, tablets, 30 Tabs",Efavirenz,600mg,Tablet,30,50000,600500.0,12.01,0.4,Yes,3775,4060.54,1176.98
10753,151-NG-T01,Pre-PQ Process,SO-21807,DN-1141,Nigeria,PMO - US,From RDC,N/A - From RDC,Air Charter,Pre-PQ Process,N/A - From RDC,19-Mar-09,19-Mar-09,19-Mar-09,ARV,Adult,"Lamivudine/Nevirapine/Zidovudine 150/200/300mg, tablets, 60 Tabs",Lamivudine/Nevirapine/Zidovudine,150/300/200mg,Tablet - FDC,60,4501,51311.4,11.4,0.19,Yes,506,22985.72,100.57
10754,109-TZ-T01,Pre-PQ Process,SO-11820,DN-868,Tanzania,PMO - US,From RDC,N/A - From RDC,Air,Pre-PQ Process,N/A - From RDC,22-Aug-08,22-Aug-08,22-Aug-08,ARV,Adult,"Efavirenz 600mg, tablets, 30 Tabs",Efavirenz,600mg,Tablet,30,145000,1741450.0,12.01,0.4,Yes,11186,9330,2786.32
10755,111-MZ-T01,Pre-PQ Process,SO-15090,DN-933,Mozambique,PMO - US,From RDC,N/A - From RDC,Air,Pre-PQ Process,N/A - From RDC,14-Nov-08,14-Nov-08,14-Nov-08,ARV,Adult,"Lamivudine/Zidovudine 150/300mg, tablets, 60 Tabs",Lamivudine/Zidovudine,150/300mg,Tablet - FDC,60,3672,34333.2,9.35,0.16,Yes,3427,3874.22,54.93
10756,111-MZ-T01,Pre-PQ Process,SO-27880,DN-1174,Mozambique,PMO - US,From RDC,N/A - From RDC,Air,Pre-PQ Process,N/A - From RDC,14-May-09,14-May-09,14-May-09,ARV,Adult,"Lamivudine 150mg, tablets, 60 Tabs",Lamivudine,150mg,Tablet,60,486,1409.4,2.9,0.05,Yes,23,968.55,2.76
10759,102-KE-T01,Pre-PQ Process,SO-18001,DN-1189,Kenya,PMO - US,From RDC,N/A - From RDC,Truck,Pre-PQ Process,N/A - From RDC,27-Apr-09,27-Apr-09,27-Apr-09,HRDT,HIV test,"HIV 1/2, Bioline 3.0 Kit, (no accessories), 30 Tests","HIV 1/2, Bioline 3.0 Kit (no accessories)",,Test kit,30,5000,118500.0,23.7,0.79,Yes,Weight Captured Separately,Invoiced Separately,232.26
10761,151-NG-T01,Pre-PQ Process,SO-21787,DN-1194,Nigeria,PMO - US,From RDC,N/A - From RDC,Air,Pre-PQ Process,N/A - From RDC,30-Apr-09,30-Apr-09,30-Apr-09,ARV,Adult,"Emtricitabine/Tenofovir Disoproxil Fumarate 200/300mg [Truvada], tablets, 30 Tabs",Emtricitabine/Tenofovir Disoproxil Fumarate,300/200mg,Tablet - FDC,30,3392,89040.0,26.25,0.88,Yes,298,2922.53,174.52
10763,151-NG-T01,Pre-PQ Process,SO-22527,DN-1209,Nigeria,PMO - US,From RDC,N/A - From RDC,Air Charter,Pre-PQ Process,N/A - From RDC,8-May-09,8-May-09,8-May-09,ARV,Adult,"Lamivudine/Nevirapine/Zidovudine 150/200/300mg, tablets, 60 Tabs",Lamivudine/Nevirapine/Zidovudine,150/300/200mg,Tablet - FDC,60,30415,346731.0,11.4,0.19,Yes,3415,15128.37,679.59
10764,111-MZ-T01,Pre-PQ Process,SO-28550,DN-1215,Mozambique,PMO - US,From RDC,N/A - From RDC,Air,Pre-PQ Process,N/A - From RDC,28-Jun-09,28-Jun-09,28-Jun-09,ARV,Adult,"Lamivudine/Nevirapine/Stavudine 150/200/30mg, tablets, 60 Tabs",Lamivudine/Nevirapine/Stavudine,150/200/30mg,Tablet - FDC,60,47392,341222.4,7.2,0.12,Yes,7113,3599.76,668.8
10765,151-NG-T01,Pre-PQ Process,SO-30020,DN-1216,Nigeria,PMO - US,From RDC,N/A - From RDC,Air Charter,Pre-PQ Process,N/A - From RDC,8-May-09,8-May-09,8-May-09,ARV,Adult,"Emtricitabine/Tenofovir Disoproxil Fumarate 200/300mg [Truvada], tablets, 30 Tabs",Emtricitabine/Tenofovir Disoproxil Fumarate,300/200mg,Tablet - FDC,30,2561,67226.25,26.25,0.88,Yes,235,15128.37,131.76
10766,114-UG-T01,Pre-PQ Process,SO-30100,DN-1232,Uganda,PMO - US,From RDC,N/A - From RDC,Air,Pre-PQ Process,N/A - From RDC,1-Jun-09,1-Jun-09,1-Jun-09,ARV,Adult,"Lamivudine/Zidovudine 150/300mg, tablets, 60 Tabs",Lamivudine/Zidovudine,150/300mg,Tablet - FDC,60,3574,31308.24,8.76,0.15,Yes,14,1375.36,61.36
10767,100-SZ-T01,Pre-PQ Process,SO-30800,DN-1237,Swaziland,PMO - US,From RDC,N/A - From RDC,Air,Pre-PQ Process,N/A - From RDC,20-May-09,20-May-09,20-May-09,ARV,Adult,"Efavirenz 600mg, tablets, 30 Tabs",Efavirenz,600mg,Tablet,30,2345,16063.25,6.85,0.23,Yes,239,2393.34,31.48
10768,100-SZ-T01,Pre-PQ Process,SO-30800,DN-1237,Swaziland,PMO - US,From RDC,N/A - From RDC,Air,Pre-PQ Process,N/A - From RDC,20-May-09,20-May-09,20-May-09,ARV,Pediatric,"Efavirenz 200mg, capsule, 90 Caps",Efavirenz,200mg,Capsule,90,523,6657.79,12.73,0.14,No,See DN-1237 (ID#:10767),See DN-1237 (ID#:10767),13.05
10769,100-GH-T01,Pre-PQ Process,SO-30700,DN-1235,Ghana,PMO - US,From RDC,N/A - From RDC,Truck,Date Not Captured,N/A - From RDC,12-Aug-09,12-Aug-09,12-Aug-09,ARV,Adult,"Abacavir 300mg, tablets, 60 Tabs",Abacavir,300mg,Tablet,60,6133,61.33,0.01,0.0,Yes,Weight Captured Separately,Invoiced Separately,0.12
10771,104-CI-T01,Pre-PQ Process,SO-21881,DN-1242,Côte d'Ivoire,PMO - US,From RDC,N/A - From RDC,Air,Pre-PQ Process,N/A - From RDC,17-Jun-09,17-Jun-09,17-Jun-09,ARV,Adult,"Nevirapine 200mg, tablets, 60 Tabs",Nevirapine,200mg,Tablet,60,5601,16803.0,3.0,0.05,Yes,545,2280.64,32.93
10774,110-ZM-T01,Pre-PQ Process,SO-30300,DN-1250,Zambia,PMO - US,From RDC,N/A - From RDC,Truck,Pre-PQ Process,N/A - From RDC,15-Jun-09,15-Jun-09,15-Jun-09,ARV,Adult,"Zidovudine 300mg, tablets, 60 Tabs",Zidovudine,300mg,Tablet,60,500,3855.0,7.71,0.13,Yes,10681,17384.76,7.56
10776,106-HT-T01,Pre-PQ Process,SO-24850,DN-1280,Haiti,PMO - US,From RDC,N/A - From RDC,Air,Pre-PQ Process,N/A - From RDC,18-Jun-09,18-Jun-09,18-Jun-09,ARV,Pediatric,"Nevirapine 10mg/ml, oral suspension, Bottle, 240 ml",Nevirapine,10mg/ml,Oral suspension,240,2208,4239.36,1.92,0.01,Yes,827,7789.88,8.31
10777,110-ZM-T01,Pre-PQ Process,SO-24960,DN-1284,Zambia,PMO - US,From RDC,N/A - From RDC,Air,Pre-PQ Process,N/A - From RDC,12-Jun-09,12-Jun-09,12-Jun-09,ARV,Adult,"Zidovudine 300mg, tablets, 60 Tabs",Zidovudine,300mg,Tablet,60,6000,46260.0,7.71,0.13,Yes,341,2219.27,90.67
10779,123-NG-T01,Pre-PQ Process,SO-24481,DN-1296,Nigeria,PMO - US,From RDC,N/A - From RDC,Air Charter,Pre-PQ Process,N/A - From RDC,16-Jun-09,16-Jun-09,16-Jun-09,ARV,Adult,"Efavirenz 600mg, tablets, 30 Tabs",Efavirenz,600mg,Tablet,30,30000,291600.0,9.72,0.32,Yes,3364,7329.83,571.54
10780,110-ZM-T01,Pre-PQ Process,SO-31940,DN-1301,Zambia,PMO - US,From RDC,N/A - From RDC,Air,Pre-PQ Process,N/A - From RDC,24-Jun-09,24-Jun-09,24-Jun-09,ARV,Pediatric,"Efavirenz 200mg, capsule, 90 Caps",Efavirenz,200mg,Capsule,90,1093,16679.18,15.26,0.17,Yes,133,1759.21,32.69
10781,104-CI-T01,Pre-PQ Process,SO-27540,DN-1315,Côte d'Ivoire,PMO - US,From RDC,N/A - From RDC,Air,Date Not Captured,N/A - From RDC,14-Jul-09,14-Jul-09,14-Jul-09,ARV,Adult,"Lamivudine/Zidovudine 150/300mg, tablets, 60 Tabs",Lamivudine/Zidovudine,150/300mg,Tablet - FDC,60,10962,96027.12,8.76,0.15,Yes,2634,6111.21,188.21
10783,111-MZ-T01,Pre-PQ Process,SO-32180,DN-1334,Mozambique,PMO - US,From RDC,N/A - From RDC,Air,Date Not Captured,N/A - From RDC,17-Aug-09,17-Aug-09,17-Aug-09,ARV,Adult,"Stavudine 30mg, capsules, 60 Caps",Stavudine,30mg,Capsule,60,470,700.3,1.49,0.02,Yes,31,1047.04,1.37
10784,104-CI-T01,Pre-PQ Process,SO-27542,DN-1356,Côte d'Ivoire,PMO - US,From RDC,N/A - From RDC,Air,Date Not Captured,N/A - From RDC,11-Aug-09,11-Aug-09,11-Aug-09,ARV,Adult,"Abacavir 300mg, tablets, 60 Tabs",Abacavir,300mg,Tablet,60,6930,176368.5,25.45,0.42,Yes,687,1854.88,345.68
10785,111-MZ-T01,Pre-PQ Process,SO-32540,DN-1358,Mozambique,PMO - US,From RDC,N/A - From RDC,Truck,Date Not Captured,N/A - From RDC,27-Aug-09,27-Aug-09,27-Aug-09,ARV,Adult,"Lamivudine/Nevirapine/Stavudine 150/200/30mg, tablets, 60 Tabs",Lamivudine/Nevirapine/Stavudine,150/200/30mg,Tablet - FDC,60,125000,890000.0,7.12,0.12,Yes,9290,2400.26,1744.4
10786,110-ZM-T01,Pre-PQ Process,SO-31950,DN-1361,Zambia,PMO - US,From RDC,N/A - From RDC,Truck,Date Not Captured,N/A - From RDC,4-Sep-09,4-Sep-09,4-Sep-09,ARV,Adult,"Zidovudine 300mg, tablets, 60 Tabs",Zidovudine,300mg,Tablet,60,9700,74787.0,7.71,0.13,Yes,551,2448.71,146.58
10787,109-TZ-T01,Pre-PQ Process,SO-31280,DN-1368,Tanzania,PMO - US,From RDC,N/A - From RDC,Truck,Date Not Captured,N/A - From RDC,20-Aug-09,20-Aug-09,20-Aug-09,ARV,Adult,"Abacavir 300mg, tablets, 60 Tabs",Abacavir,300mg,Tablet,60,4794,122007.3,25.45,0.42,Yes,475,3588.34,239.13
10788,110-ZM-T01,Pre-PQ Process,SO-32550,DN-1382,Zambia,PMO - US,From RDC,N/A - From RDC,Truck,Date Not Captured,N/A - From RDC,17-Aug-09,17-Aug-09,17-Aug-09,ARV,Adult,"Lamivudine/Zidovudine 150/300mg, tablets, 60 Tabs",Lamivudine/Zidovudine,150/300mg,Tablet - FDC,60,108000,946080.0,8.76,0.15,Yes,10865,13518.56,1854.32
10791,104-CI-T01,Pre-PQ Process,SO-32840,DN-1388,Côte d'Ivoire,PMO - US,From RDC,N/A - From RDC,Air,Date Not Captured,N/A - From RDC,28-Sep-09,28-Sep-09,28-Sep-09,ARV,Adult,"Zidovudine 300mg, tablets, 60 Tabs",Zidovudine,300mg,Tablet,60,7000,52710.0,7.53,0.13,Yes,396,6087.84,103.31
10792,104-CI-T01,Pre-PQ Process,SO-31730,DN-1400,Côte d'Ivoire,PMO - US,From RDC,N/A - From RDC,Air,Date Not Captured,N/A - From RDC,9-Sep-09,9-Sep-09,9-Sep-09,ARV,Adult,"Lamivudine/Zidovudine 150/300mg, tablets, 60 Tabs",Lamivudine/Zidovudine,150/300mg,Tablet - FDC,60,8824,77298.24,8.76,0.15,Yes,706,3144.57,151.5
10793,104-CI-T01,Pre-PQ Process,SO-32210,DN-1401,Côte d'Ivoire,PMO - US,From RDC,N/A - From RDC,Air,Date Not Captured,N/A - From RDC,8-Sep-09,8-Sep-09,8-Sep-09,ARV,Adult,"Stavudine 15mg, capsules, 60 Caps",Stavudine,15mg,Capsule,60,1216,1824.0,1.5,0.02,Yes,3426,9797.41,3.58
10794,110-ZM-T01,Pre-PQ Process,SO-33020,DN-1416,Zambia,PMO - US,From RDC,N/A - From RDC,Truck,Date Not Captured,N/A - From RDC,22-Sep-09,22-Sep-09,22-Sep-09,ARV,Adult,"Nevirapine 200mg, tablets, 60 Tabs",Nevirapine,200mg,Tablet,60,98000,294000.0,3.0,0.05,Yes,9522,13518.56,576.24
10795,106-HT-T01,Pre-PQ Process,SO-33030,DN-1458,Haiti,PMO - US,From RDC,N/A - From RDC,Air,Date Not Captured,N/A - From RDC,13-Oct-09,13-Oct-09,13-Oct-09,ARV,Pediatric,"Zidovudine 10mg/ml, oral solution, Bottle, 240 ml",Zidovudine,10mg/ml,Oral solution,240,4315,9061.5,2.1,0.01,Yes,2520,25874.1,17.76
10796,106-HT-T01,Pre-PQ Process,SO-33030,DN-1458,Haiti,PMO - US,From RDC,N/A - From RDC,Air,Date Not Captured,N/A - From RDC,13-Oct-09,13-Oct-09,13-Oct-09,ARV,Pediatric,"Lamivudine 10mg/ml, oral solution, Bottle, 240 ml",Lamivudine,10mg/ml,Oral solution,240,2415,4588.5,1.9,0.01,No,See DN-1458 (ID#:10795),See DN-1458 (ID#:10795),8.99
10797,114-UG-T01,Pre-PQ Process,SO-33570,DN-1464,Uganda,PMO - US,From RDC,N/A - From RDC,Air,Date Not Captured,N/A - From RDC,8-Oct-09,8-Oct-09,8-Oct-09,ARV,Adult,"Lamivudine/Nevirapine/Stavudine 150/200/30mg, tablets, 60 Tabs",Lamivudine/Nevirapine/Stavudine,150/200/30mg,Tablet - FDC,60,240,1680.0,7.0,0.12,Yes,23,1173.1,3.29
10798,109-TZ-T01,Pre-PQ Process,SO-31283,DN-1470,Tanzania,PMO - US,From RDC,N/A - From RDC,Truck,Date Not Captured,N/A - From RDC,26-Oct-09,26-Oct-09,26-Oct-09,ARV,Adult,"Abacavir 300mg, tablets, 60 Tabs",Abacavir,300mg,Tablet,60,6915,175986.75,25.45,0.42,Yes,1067,2217.5,344.93
10799,114-UG-T01,Pre-PQ Process,SO-33400,DN-1480,Uganda,PMO - US,From RDC,N/A - From RDC,Truck,Date Not Captured,N/A - From RDC,12-Oct-09,12-Oct-09,12-Oct-09,ARV,Adult,"Lamivudine/Nevirapine/Zidovudine 150/200/300mg, tablets, 60 Tabs",Lamivudine/Nevirapine/Zidovudine,150/300/200mg,Tablet - FDC,60,14066,159649.1,11.35,0.19,Yes,1593,9547.7,312.91
10800,104-CI-T01,Pre-PQ Process,SO-34070,DN-1492,Côte d'Ivoire,PMO - US,From RDC,N/A - From RDC,Air,Date Not Captured,N/A - From RDC,27-Oct-09,27-Oct-09,27-Oct-09,ARV,Pediatric,"Lamivudine 10mg/ml, oral solution, Bottle, 240 ml",Lamivudine,10mg/ml,Oral solution,240,3535,6716.5,1.9,0.01,Yes,1224,2298.61,14.48
10801,104-CI-T01,Pre-PQ Process,SO-34140,DN-1494,Côte d'Ivoire,PMO - US,From RDC,N/A - From RDC,Air,Date Not Captured,N/A - From RDC,27-Oct-09,27-Oct-09,27-Oct-09,ARV,Adult,"Stavudine 30mg, capsules, 60 Caps",Stavudine,30mg,Capsule,60,2430,3547.8,1.46,0.02,Yes,156,2298.6,7.65
10803,104-CI-T01,Pre-PQ Process,SO-1688,DN-1557,Côte d'Ivoire,PMO - US,From RDC,N/A - From RDC,Air,Date Not Captured,N/A - From RDC,20-Dec-09,20-Dec-09,20-Dec-09,ARV,Adult,"Saquinavir 200mg [Invirase], capsules, 270 Caps",Saquinavir,200mg,Capsule,270,1042,82463.88,79.14,0.29,Yes,Weight Captured Separately,Invoiced Separately,177.79
10804,111-MZ-T01,Pre-PQ Process,SO-323,DN-15,Mozambique,PMO - US,From RDC,N/A - From RDC,Air,Pre-PQ Process,N/A - From RDC,1-Feb-07,1-Feb-07,1-Feb-07,ARV,Adult,"Saquinavir 200mg [Invirase], capsules, 270 Caps",Saquinavir,200mg,Capsule,270,117,9117.81,77.93,0.29,Yes,155,939.08,
10809,107-RW-T01,Pre-PQ Process,SO-249,DN-6,Rwanda,PMO - US,From RDC,N/A - From RDC,Air,Pre-PQ Process,N/A - From RDC,1-Feb-07,1-Feb-07,1-Feb-07,ARV,Adult,"Abacavir 300mg, tablets, 60 Tabs",Abacavir,300mg,Tablet,60,600,21480.0,35.8,0.6,Yes,55,913.15,
10810,107-RW-T01,Pre-PQ Process,SO-290,DN-9,Rwanda,PMO - US,From RDC,N/A - From RDC,Air,Pre-PQ Process,N/A - From RDC,5-Feb-07,5-Feb-07,5-Feb-07,ARV,Adult,"Nelfinavir (as mesilate) 250mg [Viracept], tablets, 270 Tabs",Nelfinavir (as mesilate),250mg,Tablet,270,400,38920.0,97.3,0.36,Yes,108,23000.34,
10811,100-CI-T01,Pre-PQ Process,SO-350,DN-28,Côte d'Ivoire,PMO - US,From RDC,N/A - From RDC,,Pre-PQ Process,N/A - From RDC,8-Mar-07,8-Mar-07,8-Mar-07,ARV,Adult,"Ritonavir 100mg [Norvir], capsules, cool, 4 x 84 Caps",Ritonavir,100mg,Capsule,336,360,13809.6,38.36,0.11,Yes,630,3660.4,
10813,110-ZM-T01,Pre-PQ Process,SO-232,DN-89,Zambia,PMO - US,From RDC,N/A - From RDC,,Pre-PQ Process,N/A - From RDC,4-May-07,4-May-07,4-May-07,HRDT,HIV test,"HIV 1/2, Uni-Gold HIV Kit, 20 Tests","HIV 1/2, Uni-Gold HIV Kit",,Test kit,20,1500,48000.0,32.0,1.6,Yes,580,4965.24,
10814,111-MZ-T01,Pre-PQ Process,SO-497,DN-121,Mozambique,PMO - US,From RDC,N/A - From RDC,Air,Pre-PQ Process,N/A - From RDC,18-May-07,18-May-07,18-May-07,ARV,Pediatric,"Abacavir 20mg/ml, oral solution, Bottle, 240 ml",Abacavir,20mg/ml,Oral solution,240,474,10191.0,21.5,0.09,Yes,221,710.68,
10816,111-MZ-T01,Pre-PQ Process,SO-533,DN-123,Mozambique,PMO - US,From RDC,N/A - From RDC,Air,Pre-PQ Process,N/A - From RDC,18-May-07,18-May-07,18-May-07,ARV,Pediatric,"Efavirenz 200mg [Stocrin/Sustiva], capsule, 90 Caps",Efavirenz,200mg,Capsule,90,409,13251.6,32.4,0.36,Yes,45,348.09,
10817,111-MZ-T01,Pre-PQ Process,SO-383,DN-124,Mozambique,PMO - US,From RDC,N/A - From RDC,Air,Pre-PQ Process,N/A - From RDC,18-May-07,18-May-07,18-May-07,ARV,Adult,"Lopinavir/Ritonavir 200/50mg [Aluvia], tablets, 120 Tabs",Lopinavir/Ritonavir,200/50mg,Tablet,120,250,10275.0,41.1,0.34,Yes,105,348.09,
10818,110-ZM-T01,Pre-PQ Process,SO-311,DN-129,Zambia,PMO - US,From RDC,N/A - From RDC,,Pre-PQ Process,N/A - From RDC,15-May-07,15-May-07,15-May-07,ARV,Adult,"Lamivudine/Zidovudine 150/300mg, tablets, 60 Tabs",Lamivudine/Zidovudine,150/300mg,Tablet - FDC,60,85158,909487.44,10.68,0.18,Yes,8169,33572.78,
10819,109-TZ-T01,Pre-PQ Process,SO-420,DN-133,Tanzania,PMO - US,From RDC,N/A - From RDC,Air,Pre-PQ Process,N/A - From RDC,31-May-07,31-May-07,31-May-07,HRDT,HIV test,"HIV 1/2, Bioline 3.0 Kit, Lancets, Capillary pipets, Alcohol swabs included, 25 Tests","HIV 1/2, Bioline 3.0 Kit, Lancets, Capillary pipets, Alcohol swabs included",,Test kit,25,8009,160180.0,20.0,0.8,Yes,Weight Captured Separately,12740.42,
10820,111-MZ-T01,Pre-PQ Process,SO-293,DN-44,Mozambique,PMO - US,From RDC,N/A - From RDC,Air,Pre-PQ Process,N/A - From RDC,17-Apr-07,17-Apr-07,17-Apr-07,ARV,Pediatric,"Efavirenz 200mg [Stocrin/Sustiva], capsule, 90 Caps",Efavirenz,200mg,Capsule,90,151,4892.4,32.4,0.36,No,See DN-44 (ID#:10549),See DN-44 (ID#:10549),
10821,111-MZ-T01,Pre-PQ Process,SO-293,DN-44,Mozambique,PMO - US,From RDC,N/A - From RDC,Air,Pre-PQ Process,N/A - From RDC,17-Apr-07,17-Apr-07,17-Apr-07,ARV,Adult,"Tenofovir Disoproxil Fumarate 300mg [Viread], tablets, 30 Tabs",Tenofovir Disoproxil Fumarate,300mg,Tablet,30,2997,50949.0,17.0,0.57,No,See DN-44 (ID#:10549),See DN-44 (ID#:10549),
10823,107-RW-T01,Pre-PQ Process,SO-481,DN-100,Rwanda,PMO - US,From RDC,N/A - From RDC,Air,Pre-PQ Process,N/A - From RDC,14-May-07,14-May-07,14-May-07,ARV,Pediatric,"Abacavir 20mg/ml, oral solution, Bottle, 240 ml",Abacavir,20mg/ml,Oral solution,240,90,1935.0,21.5,0.09,Yes,120,11609.31,
10824,100-CI-T01,Pre-PQ Process,SO-430,DN-75,Côte d'Ivoire,PMO - US,From RDC,N/A - From RDC,,Pre-PQ Process,N/A - From RDC,30-Apr-07,30-Apr-07,30-Apr-07,ARV,Adult,"Lamivudine/Zidovudine 150/300mg, tablets, 60 Tabs",Lamivudine/Zidovudine,150/300mg,Tablet - FDC,60,6945,71186.25,10.25,0.17,Yes,650,2457,
10825,113-ZW-T01,Pre-PQ Process,SO-279,DN-187,Zimbabwe,PMO - US,From RDC,N/A - From RDC,,Pre-PQ Process,N/A - From RDC,12-Jun-07,12-Jun-07,12-Jun-07,ARV,Adult,"Lamivudine 150mg, tablets, 60 Tabs",Lamivudine,150mg,Tablet,60,2329,7615.83,3.27,0.05,Yes,153,1013.24,12.19
10830,109-TZ-T01,Pre-PQ Process,SO-606,DN-168,Tanzania,PMO - US,From RDC,N/A - From RDC,Air,Pre-PQ Process,N/A - From RDC,6-Jul-07,6-Jul-07,6-Jul-07,ARV,Adult,"Abacavir 300mg, tablets, 60 Tabs",Abacavir,300mg,Tablet,60,6781,242759.8,35.8,0.6,Yes,675,2440,
10831,104-CI-T01,Pre-PQ Process,SO-635,DN-170,Côte d'Ivoire,PMO - US,From RDC,N/A - From RDC,,Pre-PQ Process,N/A - From RDC,8-Jun-07,8-Jun-07,8-Jun-07,HRDT,HIV test,"HIV 1/2, Determine Complete HIV Kit, 100 Tests","HIV 1/2, Determine Complete HIV Kit",,Test kit,100,50,4000.0,80.0,0.8,Yes,15,1363,
10832,111-MZ-T01,Pre-PQ Process,SO-576,DN-148,Mozambique,PMO - US,From RDC,N/A - From RDC,Air,Pre-PQ Process,N/A - From RDC,13-Jun-07,13-Jun-07,13-Jun-07,ARV,Adult,"Abacavir 300mg, tablets, 60 Tabs",Abacavir,300mg,Tablet,60,570,20235.0,35.5,0.59,No,See DN-148 (ID#:10564),See DN-148 (ID#:10564),
10833,112-NG-T01,Pre-PQ Process,SO-557,DN-172,Nigeria,PMO - US,From RDC,N/A - From RDC,,Pre-PQ Process,N/A - From RDC,26-Jun-07,26-Jun-07,26-Jun-07,ARV,Adult,"Nevirapine 200mg, tablets, 60 Tabs",Nevirapine,200mg,Tablet,60,1198,4276.86,3.57,0.06,No,See DN-172 (ID#:10566),See DN-172 (ID#:10566),
10834,104-CI-T01,Pre-PQ Process,SO-560,DN-146,Côte d'Ivoire,PMO - US,From RDC,N/A - From RDC,,Pre-PQ Process,N/A - From RDC,16-May-07,16-May-07,16-May-07,ARV,Adult,"Abacavir 300mg, tablets, 60 Tabs",Abacavir,300mg,Tablet,60,268,9594.4,35.8,0.6,Yes,151,1516,
10837,109-TZ-T01,Pre-PQ Process,SO-428,DN-161,Tanzania,PMO - US,From RDC,N/A - From RDC,Air,Pre-PQ Process,N/A - From RDC,6-Jul-07,6-Jul-07,6-Jul-07,ARV,Adult,"Lamivudine/Nevirapine/Stavudine 150/200/30mg, tablets, 60 Tabs",Lamivudine/Nevirapine/Stavudine,150/200/30mg,Tablet - FDC,60,3386,25395.0,7.5,0.12,Yes,31,1589,
10838,104-CI-T01,Pre-PQ Process,SO-603,DN-196,Côte d'Ivoire,PMO - US,From RDC,N/A - From RDC,,Pre-PQ Process,N/A - From RDC,28-Jun-07,28-Jun-07,28-Jun-07,ARV,Adult,"Lamivudine/Stavudine 150/30mg, tablets, 30 Tabs",Lamivudine/Stavudine,150/30mg,Tablet - FDC,30,54263,108526.0,2.0,0.07,No,See DN-196 (ID#:10573),See DN-196 (ID#:10573),173.64
10840,109-TZ-T01,Pre-PQ Process,SO-850,DN-281,Tanzania,PMO - US,From RDC,N/A - From RDC,,Pre-PQ Process,N/A - From RDC,22-Aug-07,22-Aug-07,22-Aug-07,ARV,Adult,"Lamivudine/Nevirapine/Stavudine 150/200/30mg, tablets, 60 Tabs",Lamivudine/Nevirapine/Stavudine,150/200/30mg,Tablet - FDC,60,3386,25395.0,7.5,0.12,Yes,345,2554.39,40.63
10841,120-AO-T01,Pre-PQ Process,SO-780,DN-256,Angola,PMO - US,From RDC,N/A - From RDC,Truck,Pre-PQ Process,N/A - From RDC,15-Oct-07,15-Oct-07,15-Oct-07,HRDT,HIV test,"HIV 1/2, Determine Complete HIV Kit, 100 Tests","HIV 1/2, Determine Complete HIV Kit",,Test kit,100,150,12000.0,80.0,0.8,Yes,49,1012.59,19.2
10842,107-RW-T01,Pre-PQ Process,SO-826,DN-261,Rwanda,PMO - US,From RDC,N/A - From RDC,Air,Pre-PQ Process,N/A - From RDC,22-Aug-07,22-Aug-07,22-Aug-07,HRDT,HIV test,"HIV 1/2, Uni-Gold HIV Kit, 20 Tests","HIV 1/2, Uni-Gold HIV Kit",,Test kit,20,155,4960.0,32.0,1.6,Yes,55,1126.84,7.94
10843,110-ZM-T01,Pre-PQ Process,SO-314,DN-270,Zambia,PMO - US,From RDC,N/A - From RDC,,Pre-PQ Process,N/A - From RDC,7-Aug-07,7-Aug-07,7-Aug-07,ARV,Adult,"Nevirapine 200mg, tablets, 60 Tabs",Nevirapine,200mg,Tablet,60,52865,188728.05,3.57,0.06,Yes,9182,37695.46,301.96
10844,107-RW-T01,Pre-PQ Process,SO-644,DN-217,Rwanda,PMO - US,From RDC,N/A - From RDC,Air,Pre-PQ Process,N/A - From RDC,30-Jul-07,30-Jul-07,30-Jul-07,HRDT,HIV test,"HIV 1/2, Uni-Gold HIV Kit, 20 Tests","HIV 1/2, Uni-Gold HIV Kit",,Test kit,20,250,8000.0,32.0,1.6,Yes,78,1324.61,12.8
10845,102-NG-T01,Pre-PQ Process,SO-667,DN-236,Nigeria,PMO - US,From RDC,N/A - From RDC,,Pre-PQ Process,N/A - From RDC,5-Jul-07,5-Jul-07,5-Jul-07,HRDT,HIV test,"HIV 1/2, Stat-Pak HIV, Kit, 20 Tests","HIV 1/2, Stat-Pak HIV, Kit",,Test kit,20,500,13500.0,27.0,1.35,Yes,115,1352,21.6
10846,105-GY-T01,Pre-PQ Process,SO-693,DN-232,Guyana,PMO - US,From RDC,N/A - From RDC,Air,Pre-PQ Process,N/A - From RDC,18-Jul-07,18-Jul-07,18-Jul-07,ARV,Adult,"Zidovudine 300mg, tablets, 60 Tabs",Zidovudine,300mg,Tablet,60,209,1703.35,8.15,0.14,Yes,12,764.62,2.73
10847,104-CI-T01,Pre-PQ Process,SO-522,DN-240,Côte d'Ivoire,PMO - US,From RDC,N/A - From RDC,,Pre-PQ Process,N/A - From RDC,16-Jul-07,16-Jul-07,16-Jul-07,ARV,Adult,"Abacavir 300mg, tablets, 60 Tabs",Abacavir,300mg,Tablet,60,1051,37625.8,35.8,0.6,Yes,373,1850,60.2
10851,111-MZ-T01,Pre-PQ Process,SO-382,DN-259,Mozambique,PMO - US,From RDC,N/A - From RDC,Air,Pre-PQ Process,N/A - From RDC,21-Sep-07,21-Sep-07,21-Sep-07,ARV,Pediatric,"Stavudine 1mg/ml, powder for oral solution, 200 ml",Stavudine,1mg/ml,Oral solution,200,165,239.25,1.45,0.01,Yes,15,350.78,0.38
10852,112-NG-T01,Pre-PQ Process,SO-642,DN-213,Nigeria,PMO - US,From RDC,N/A - From RDC,Air,Pre-PQ Process,N/A - From RDC,6-Jul-07,6-Jul-07,6-Jul-07,ARV,Adult,"Stavudine 20mg, capsules, 60 Caps",Stavudine,20mg,Capsule,60,253,442.75,1.75,0.03,Yes,15,460,0.71
10855,104-CI-T01,Pre-PQ Process,SO-616,DN-288,Côte d'Ivoire,PMO - US,From RDC,N/A - From RDC,,Pre-PQ Process,N/A - From RDC,13-Aug-07,13-Aug-07,13-Aug-07,ARV,Adult,"Zidovudine 300mg, tablets, 60 Tabs",Zidovudine,300mg,Tablet,60,18290,155830.8,8.52,0.14,Yes,1114,3473,249.33
10857,104-CI-T01,Pre-PQ Process,SO-963,DN-323,Côte d'Ivoire,PMO - US,From RDC,N/A - From RDC,,Pre-PQ Process,N/A - From RDC,14-Sep-07,14-Sep-07,14-Sep-07,ARV,Adult,"Stavudine 30mg, capsules, 60 Caps",Stavudine,30mg,Capsule,60,3285,4993.2,1.52,0.03,No,See DN-323 (ID#:10588),See DN-323 (ID#:10588),7.99
10859,109-TZ-T01,Pre-PQ Process,SO-455,DN-290,Tanzania,PMO - US,From RDC,N/A - From RDC,,Pre-PQ Process,N/A - From RDC,10-Sep-07,10-Sep-07,10-Sep-07,ARV,Adult,"Abacavir 300mg, tablets, 60 Tabs",Abacavir,300mg,Tablet,60,3896,139476.8,35.8,0.6,Yes,3369,9689,223.16
10860,109-TZ-T01,Pre-PQ Process,SO-646,DN-294,Tanzania,PMO - US,From RDC,N/A - From RDC,,Pre-PQ Process,N/A - From RDC,18-Oct-07,18-Oct-07,18-Oct-07,HRDT,HIV test,"HIV 1/2, Bioline 3.0 Kit, Lancets, Capillary pipets, Alcohol swabs included, 25 Tests","HIV 1/2, Bioline 3.0 Kit, Lancets, Capillary pipets, Alcohol swabs included",,Test kit,25,8000,160000.0,20.0,0.8,Yes,2366,13952.38,256.0
10861,111-MZ-T01,Pre-PQ Process,SO-298,DN-304,Mozambique,PMO - US,From RDC,N/A - From RDC,Air,Pre-PQ Process,N/A - From RDC,21-Sep-07,21-Sep-07,21-Sep-07,ARV,Adult,"Ritonavir 100mg [Norvir], capsules, cool, 4 x 84 Caps",Ritonavir,100mg,Capsule,336,143,5485.48,38.36,0.11,No,See DN-304 (ID#:10589),See DN-304 (ID#:10589),8.78
10862,111-MZ-T01,Pre-PQ Process,SO-298,DN-304,Mozambique,PMO - US,From RDC,N/A - From RDC,Air,Pre-PQ Process,N/A - From RDC,21-Sep-07,21-Sep-07,21-Sep-07,ARV,Adult,"Lamivudine/Nevirapine/Zidovudine 150/200/300mg, tablets, 60 Tabs",Lamivudine/Nevirapine/Zidovudine,150/300/200mg,Tablet - FDC,60,17191,300842.5,17.5,0.29,No,See DN-304 (ID#:10589),See DN-304 (ID#:10589),481.35
10863,114-UG-T01,Pre-PQ Process,SO-895,DN-298,Uganda,PMO - US,From RDC,N/A - From RDC,Air,Pre-PQ Process,N/A - From RDC,27-Aug-07,27-Aug-07,27-Aug-07,ARV,Adult,"Nevirapine 200mg, tablets, 60 Tabs",Nevirapine,200mg,Tablet,60,1859,6320.6,3.4,0.06,Yes,214,891,10.11
10865,104-CI-T01,Pre-PQ Process,SO-959,DN-320,Côte d'Ivoire,PMO - US,From RDC,N/A - From RDC,,Pre-PQ Process,N/A - From RDC,30-Aug-07,30-Aug-07,30-Aug-07,ARV,Pediatric,"Efavirenz 30mg/ml [Stocrin/Sustiva], oral solution, Bottle, 180 ml",Efavirenz,30mg/ml,Oral solution,180,508,8620.76,16.97,0.09,No,See DN-320 (ID#:10593),See DN-320 (ID#:10593),13.79
10866,104-CI-T01,Pre-PQ Process,SO-959,DN-320,Côte d'Ivoire,PMO - US,From RDC,N/A - From RDC,,Pre-PQ Process,N/A - From RDC,30-Aug-07,30-Aug-07,30-Aug-07,ARV,Adult,"Nevirapine 200mg, tablets, 60 Tabs",Nevirapine,200mg,Tablet,60,25799,87716.6,3.4,0.06,No,See DN-320 (ID#:10593),See DN-320 (ID#:10593),140.35
10867,104-CI-T01,Pre-PQ Process,SO-792,DN-356,Côte d'Ivoire,PMO - US,From RDC,N/A - From RDC,,Pre-PQ Process,N/A - From RDC,19-Sep-07,19-Sep-07,19-Sep-07,HRDT,HIV test,"#108853** HIV, Genie II HIV-1/HIV-2 Kit, 40 Tests","HIV, Genie II HIV-1/HIV-2 Kit",,Test kit,40,230,17480.0,76.0,1.9,Yes,917,6056.76,27.97
10868,104-CI-T01,Pre-PQ Process,SO-792,DN-356,Côte d'Ivoire,PMO - US,From RDC,N/A - From RDC,,Pre-PQ Process,N/A - From RDC,19-Sep-07,19-Sep-07,19-Sep-07,HRDT,HIV test,"#108853** HIV, Genie II HIV-1/HIV-2 Kit, 40 Tests","HIV, Genie II HIV-1/HIV-2 Kit",,Test kit,40,615,46740.0,76.0,1.9,No,See DN-356 (ID#:10867),See DN-356 (ID#:10867),74.78
10877,104-CI-T01,Pre-PQ Process,SO-843,DN-330,Côte d'Ivoire,PMO - US,From RDC,N/A - From RDC,,Pre-PQ Process,N/A - From RDC,4-Sep-07,4-Sep-07,4-Sep-07,ARV,Adult,"Lamivudine/Zidovudine 150/300mg, tablets, 60 Tabs",Lamivudine/Zidovudine,150/300mg,Tablet - FDC,60,10000,106800.0,10.68,0.18,No,See DN-330 (ID#:10612),See DN-330 (ID#:10612),170.88
10878,117-ET-T01,Pre-PQ Process,SO-914,DN-332,Ethiopia,PMO - US,From RDC,N/A - From RDC,,Pre-PQ Process,N/A - From RDC,4-Sep-07,4-Sep-07,4-Sep-07,ARV,Pediatric,"Zidovudine 10mg/ml, oral solution, Bottle, 240 ml",Zidovudine,10mg/ml,Oral solution,240,13850,29777.5,2.15,0.01,No,See DN-332 (ID#:10613),See DN-332 (ID#:10613),47.64
10879,117-ET-T01,Pre-PQ Process,SO-914,DN-332,Ethiopia,PMO - US,From RDC,N/A - From RDC,,Pre-PQ Process,N/A - From RDC,4-Sep-07,4-Sep-07,4-Sep-07,ARV,Pediatric,"Lamivudine 10mg/ml, oral solution, Bottle, 240 ml",Lamivudine,10mg/ml,Oral solution,240,15913,31348.61,1.97,0.01,No,See DN-332 (ID#:10613),See DN-332 (ID#:10613),50.16
10880,117-ET-T01,Pre-PQ Process,SO-914,DN-332,Ethiopia,PMO - US,From RDC,N/A - From RDC,,Pre-PQ Process,N/A - From RDC,4-Sep-07,4-Sep-07,4-Sep-07,ARV,Adult,"Stavudine 30mg, capsules, 60 Caps",Stavudine,30mg,Capsule,60,14700,22344.0,1.52,0.03,No,See DN-332 (ID#:10613),See DN-332 (ID#:10613),35.75
10881,110-ZM-T01,Pre-PQ Process,SO-752,DN-351,Zambia,PMO - US,From RDC,N/A - From RDC,,Pre-PQ Process,N/A - From RDC,12-Sep-07,12-Sep-07,12-Sep-07,ARV,Pediatric,"Efavirenz 200mg, capsule, 90 Caps",Efavirenz,200mg,Capsule,90,1064,17024.0,16.0,0.18,Yes,128,944.21,27.24
10882,104-CI-T01,Pre-PQ Process,SO-998,DN-326,Côte d'Ivoire,PMO - US,From RDC,N/A - From RDC,,Pre-PQ Process,N/A - From RDC,5-Sep-07,5-Sep-07,5-Sep-07,HRDT,HIV test,"#108853** HIV, Genie II HIV-1/HIV-2 Kit, 40 Tests","HIV, Genie II HIV-1/HIV-2 Kit",,Test kit,40,450,34200.0,76.0,1.9,Yes,497,2650.36,54.72
10883,104-CI-T01,Pre-PQ Process,SO-972,DN-327,Côte d'Ivoire,PMO - US,From RDC,N/A - From RDC,,Pre-PQ Process,N/A - From RDC,10-Sep-07,10-Sep-07,10-Sep-07,ARV,Adult,"Saquinavir 200mg [Invirase], capsules, 270 Caps",Saquinavir,200mg,Capsule,270,252,19817.28,78.64,0.29,Yes,1736,14182.54,31.71
10884,104-CI-T01,Pre-PQ Process,SO-956,DN-350,Côte d'Ivoire,PMO - US,From RDC,N/A - From RDC,,Pre-PQ Process,N/A - From RDC,17-Sep-07,17-Sep-07,17-Sep-07,ARV,Adult,"Lopinavir/Ritonavir 200/50mg [Aluvia], tablets, 120 Tabs",Lopinavir/Ritonavir,200/50mg,Tablet,120,3200,131520.0,41.1,0.34,Yes,749,2717,210.43
10885,104-CI-T01,Pre-PQ Process,SO-999,DN-349,Côte d'Ivoire,PMO - US,From RDC,N/A - From RDC,,Pre-PQ Process,N/A - From RDC,12-Sep-07,12-Sep-07,12-Sep-07,ARV,Adult,"Saquinavir 200mg [Invirase], capsules, 270 Caps",Saquinavir,200mg,Capsule,270,16,1258.24,78.64,0.29,Yes,295,1737,2.01
10886,104-CI-T01,Pre-PQ Process,SO-999,DN-349,Côte d'Ivoire,PMO - US,From RDC,N/A - From RDC,,Pre-PQ Process,N/A - From RDC,12-Sep-07,12-Sep-07,12-Sep-07,ARV,Adult,"Saquinavir 200mg [Invirase], capsules, 270 Caps",Saquinavir,200mg,Capsule,270,526,41364.64,78.64,0.29,No,See DN-349 (ID#:10885),See DN-349 (ID#:10885),66.18
10887,110-ZM-T01,Pre-PQ Process,SO-753,DN-395,Zambia,PMO - US,From RDC,N/A - From RDC,,Pre-PQ Process,N/A - From RDC,2-Nov-07,2-Nov-07,2-Nov-07,ARV,Pediatric,"Abacavir 20mg/ml, oral solution, Bottle, 240 ml",Abacavir,20mg/ml,Oral solution,240,1341,22126.5,16.5,0.07,Yes,395,3478,35.4
10889,114-UG-T01,Pre-PQ Process,SO-1123,DN-381,Uganda,PMO - US,From RDC,N/A - From RDC,Air,Pre-PQ Process,N/A - From RDC,5-Nov-07,5-Nov-07,5-Nov-07,ARV,Adult,"Efavirenz 600mg, tablets, 30 Tabs",Efavirenz,600mg,Tablet,30,1717,21325.14,12.42,0.41,Yes,151,1157.58,34.12
10890,104-CI-T01,Pre-PQ Process,SO-964,DN-379,Côte d'Ivoire,PMO - US,From RDC,N/A - From RDC,Air,Pre-PQ Process,N/A - From RDC,15-Oct-07,15-Oct-07,15-Oct-07,ARV,Adult,"Saquinavir 200mg [Invirase], capsules, 270 Caps",Saquinavir,200mg,Capsule,270,1577,124015.28,78.64,0.29,Yes,3023,13721.28,198.42
10891,110-ZM-T01,Pre-PQ Process,SO-535,DN-380,Zambia,PMO - US,From RDC,N/A - From RDC,,Pre-PQ Process,N/A - From RDC,17-Oct-07,17-Oct-07,17-Oct-07,HRDT,HIV test,"HIV 1/2, Determine HIV Kit, without Lancets, 100 Tests","HIV 1/2, Determine HIV Kit, without Lancets",,Test kit,100,872,62775.28,71.99,0.72,No,See DN-380 (ID#:10622),See DN-380 (ID#:10622),100.44
10892,111-MZ-T01,Pre-PQ Process,SO-821,DN-399,Mozambique,PMO - US,From RDC,N/A - From RDC,Air,Pre-PQ Process,N/A - From RDC,22-Nov-07,22-Nov-07,22-Nov-07,ARV,Adult,"Abacavir/Lamivudine/Zidovudine 300/150/300mg [Trizivir], tablets, 60 Tabs",Abacavir/Lamivudine/Zidovudine,300/150/300mg,Tablet - FDC,60,821,57470.0,70.0,1.17,Yes,186,549.44,91.95
10893,112-NG-T01,Pre-PQ Process,SO-565,DN-373,Nigeria,PMO - US,From RDC,N/A - From RDC,Air,Pre-PQ Process,N/A - From RDC,20-Sep-07,20-Sep-07,20-Sep-07,ARV,Adult,"Lamivudine 150mg, tablets, 60 Tabs",Lamivudine,150mg,Tablet,60,614,2032.34,3.31,0.06,No,See DN-373 (ID#:10623),See DN-373 (ID#:10623),3.25
10894,112-NG-T01,Pre-PQ Process,SO-565,DN-373,Nigeria,PMO - US,From RDC,N/A - From RDC,Air,Pre-PQ Process,N/A - From RDC,20-Sep-07,20-Sep-07,20-Sep-07,ARV,Adult,"Nevirapine 200mg, tablets, 60 Tabs",Nevirapine,200mg,Tablet,60,600,2142.0,3.57,0.06,No,See DN-373 (ID#:10623),See DN-373 (ID#:10623),3.43
10895,112-NG-T01,Pre-PQ Process,SO-565,DN-373,Nigeria,PMO - US,From RDC,N/A - From RDC,Air,Pre-PQ Process,N/A - From RDC,20-Sep-07,20-Sep-07,20-Sep-07,ARV,Pediatric,"Lamivudine 10mg/ml, oral solution, Bottle, 240 ml",Lamivudine,10mg/ml,Oral solution,240,390,1010.1,2.59,0.01,No,See DN-373 (ID#:10623),See DN-373 (ID#:10623),1.62
10898,104-CI-T01,Pre-PQ Process,SO-845,DN-376,Côte d'Ivoire,PMO - US,From RDC,N/A - From RDC,Air,Pre-PQ Process,N/A - From RDC,2-Oct-07,2-Oct-07,2-Oct-07,HRDT,HIV test,"HIV 1/2, Determine Complete HIV Kit, 100 Tests","HIV 1/2, Determine Complete HIV Kit",,Test kit,100,350,25200.0,72.0,0.72,No,See DN-376 (ID#:10628),See DN-376 (ID#:10628),40.32
10900,110-ZM-T01,Pre-PQ Process,SO-207,DN-383,Zambia,PMO - US,From RDC,N/A - From RDC,,Pre-PQ Process,N/A - From RDC,17-Oct-07,17-Oct-07,17-Oct-07,ARV,Pediatric,"Zidovudine 100mg [Retrovir], capsules, 100 Caps",Zidovudine,100mg,Capsule,100,2623,27279.2,10.4,0.1,Yes,159,1007.34,43.65
10901,110-ZM-T01,Pre-PQ Process,SO-976,DN-384,Zambia,PMO - US,From RDC,N/A - From RDC,,Pre-PQ Process,N/A - From RDC,29-Oct-07,29-Oct-07,29-Oct-07,ARV,Pediatric,"Lamivudine 10mg/ml, oral solution, Bottle, 240 ml",Lamivudine,10mg/ml,Oral solution,240,5496,10827.12,1.97,0.01,Yes,6230,25739.49,17.32
10903,112-NG-T01,Pre-PQ Process,SO-1221,DN-409,Nigeria,PMO - US,From RDC,N/A - From RDC,Air,Pre-PQ Process,N/A - From RDC,16-Nov-07,16-Nov-07,16-Nov-07,ARV,Pediatric,"Efavirenz 50mg, capsule, 30 Caps",Efavirenz,50mg,Capsule,30,100,224.0,2.24,0.07,Yes,118,1616.04,0.36
10904,111-MZ-T01,Pre-PQ Process,SO-1038,DN-426,Mozambique,PMO - US,From RDC,N/A - From RDC,Air,Pre-PQ Process,N/A - From RDC,29-Nov-07,29-Nov-07,29-Nov-07,ARV,Pediatric,"Stavudine 1mg/ml, powder for oral solution, 200 ml",Stavudine,1mg/ml,Oral solution,200,500,700.0,1.4,0.01,No,See DN-426 (ID#:10633),See DN-426 (ID#:10633),1.12
10905,100-ZW-T01,Pre-PQ Process,SO-1207,DN-424,Zimbabwe,PMO - US,From RDC,N/A - From RDC,Air,Pre-PQ Process,N/A - From RDC,16-Nov-07,16-Nov-07,16-Nov-07,ARV,Adult,"Lamivudine/Stavudine 150/30mg, tablets, 30 Tabs",Lamivudine/Stavudine,150/30mg,Tablet - FDC,30,1,2.0,2.0,0.07,Yes,63,598.08,0.0
10906,114-UG-T01,Pre-PQ Process,SO-1085,DN-430,Uganda,PMO - US,From RDC,N/A - From RDC,Air,Pre-PQ Process,N/A - From RDC,10-Dec-07,10-Dec-07,10-Dec-07,ARV,Adult,"Lamivudine/Nevirapine/Zidovudine 150/200/300mg, tablets, 60 Tabs",Lamivudine/Nevirapine/Zidovudine,150/300/200mg,Tablet - FDC,60,1650,22275.0,13.5,0.22,Yes,197,1637,35.64
10907,110-ZM-T01,Pre-PQ Process,SO-1028,DN-461,Zambia,PMO - US,From RDC,N/A - From RDC,,Pre-PQ Process,N/A - From RDC,25-Jan-08,25-Jan-08,25-Jan-08,ARV,Adult,"Efavirenz 600mg, tablets, 30 Tabs",Efavirenz,600mg,Tablet,30,44135,548156.7,12.42,0.41,Yes,3801,13715.55,877.05
10908,114-UG-T01,Pre-PQ Process,SO-1300,DN-435,Uganda,PMO - US,From RDC,N/A - From RDC,Air,Pre-PQ Process,N/A - From RDC,10-Dec-07,10-Dec-07,10-Dec-07,ARV,Adult,"Emtricitabine/Tenofovir Disoproxil Fumarate 200/300mg [Truvada], tablets, 30 Tabs",Emtricitabine/Tenofovir Disoproxil Fumarate,300/200mg,Tablet - FDC,30,42,1102.5,26.25,0.88,Yes,464,3393,1.76
10910,104-CI-T01,Pre-PQ Process,SO-1446,DN-504,Côte d'Ivoire,PMO - US,From RDC,N/A - From RDC,Air,Pre-PQ Process,N/A - From RDC,24-Jan-08,24-Jan-08,24-Jan-08,ARV,Pediatric,"Abacavir 20mg/ml, [DON] oral solution, Bottle, 240 ml",Abacavir,20mg/ml,Oral solution,240,3119,0.0,0.0,0.0,Yes,1088,2951.94,0.0
10915,110-ZM-T01,Pre-PQ Process,SO-1329,DN-465,Zambia,PMO - US,From RDC,N/A - From RDC,,Pre-PQ Process,N/A - From RDC,30-Nov-07,30-Nov-07,30-Nov-07,ARV,Pediatric,"Efavirenz 200mg, capsule, 90 Caps",Efavirenz,200mg,Capsule,90,2066,33056.0,16.0,0.18,Yes,236,1448.2,52.89
10917,117-ET-T01,Pre-PQ Process,SO-1527,DN-522,Ethiopia,PMO - US,From RDC,N/A - From RDC,Air,Pre-PQ Process,N/A - From RDC,20-Feb-08,20-Feb-08,20-Feb-08,ARV,Adult,"Stavudine 20mg, capsules, 60 Caps",Stavudine,20mg,Capsule,60,219,383.25,1.75,0.03,Yes,16,472.5,0.61
10918,117-ET-T01,Pre-PQ Process,SO-1514,DN-518,Ethiopia,PMO - US,From RDC,N/A - From RDC,Air,Pre-PQ Process,N/A - From RDC,20-Dec-07,20-Dec-07,20-Dec-07,ARV,Adult,"Tenofovir Disoproxil Fumarate 300mg [Viread], tablets, 30 Tabs",Tenofovir Disoproxil Fumarate,300mg,Tablet,30,1184,20128.0,17.0,0.57,Yes,49,639.75,32.2
10919,104-CI-T01,Pre-PQ Process,SO-971,DN-421,Côte d'Ivoire,PMO - US,From RDC,N/A - From RDC,Air,Pre-PQ Process,N/A - From RDC,17-Jan-08,17-Jan-08,17-Jan-08,ARV,Adult,"Lopinavir/Ritonavir 200/50mg [Aluvia], tablets, 120 Tabs",Lopinavir/Ritonavir,200/50mg,Tablet,120,479,19686.9,41.1,0.34,Yes,421,5947.88,31.5
10923,117-ET-T01,Pre-PQ Process,SO-1533,DN-528,Ethiopia,PMO - US,From RDC,N/A - From RDC,Air,Pre-PQ Process,N/A - From RDC,20-Dec-07,20-Dec-07,20-Dec-07,ARV,Pediatric,"Zidovudine 10mg/ml, oral solution, Bottle, 240 ml",Zidovudine,10mg/ml,Oral solution,240,1926,4140.9,2.15,0.01,Yes,807,2511.67,6.63
10924,100-ZW-T01,Pre-PQ Process,SO-710,DN-488,Zimbabwe,PMO - US,From RDC,N/A - From RDC,Air,Pre-PQ Process,N/A - From RDC,14-Jan-08,14-Jan-08,14-Jan-08,ARV,Adult,"Efavirenz 600mg, tablets, 30 Tabs",Efavirenz,600mg,Tablet,30,627,7787.34,12.42,0.41,No,See DN-488 (ID#:10652),See DN-488 (ID#:10652),12.46
10925,100-ZW-T01,Pre-PQ Process,SO-712,DN-623,Zimbabwe,PMO - US,From RDC,N/A - From RDC,Air,Pre-PQ Process,N/A - From RDC,5-Mar-08,5-Mar-08,5-Mar-08,ARV,Adult,"Lamivudine/Nevirapine/Stavudine 150/200/30mg, tablets, 60 Tabs",Lamivudine/Nevirapine/Stavudine,150/200/30mg,Tablet - FDC,60,37240,275576.0,7.4,0.12,Yes,4080,13317.2,440.92
10926,106-HT-T01,Pre-PQ Process,SO-1285,DN-627,Haiti,PMO - US,From RDC,N/A - From RDC,Air,Pre-PQ Process,N/A - From RDC,8-Mar-08,8-Mar-08,8-Mar-08,ARV,Pediatric,"Didanosine 200mg, chewable/dispersible tablets, 60 Tabs",Didanosine,200mg,Chewable/dispersible tablet,60,100,1550.0,15.5,0.26,Yes,195,2587.9,2.48
10927,111-MZ-T01,Pre-PQ Process,SO-1039,DN-628,Mozambique,PMO - US,From RDC,N/A - From RDC,Air,Pre-PQ Process,N/A - From RDC,8-Apr-08,5-Apr-08,5-Apr-08,ARV,Adult,"Abacavir/Lamivudine/Zidovudine 300/150/300mg [Trizivir], tablets, 60 Tabs",Abacavir/Lamivudine/Zidovudine,300/150/300mg,Tablet - FDC,60,213,14910.0,70.0,1.17,No,See DN-628 (ID#:10654),See DN-628 (ID#:10654),23.86
10928,111-MZ-T01,Pre-PQ Process,SO-1039,DN-628,Mozambique,PMO - US,From RDC,N/A - From RDC,Air,Pre-PQ Process,N/A - From RDC,8-Apr-08,5-Apr-08,5-Apr-08,ARV,Adult,"Indinavir 400mg [Crixivan], capsules, 180 Caps",Indinavir,400mg,Capsule,180,343,17150.0,50.0,0.28,No,See DN-628 (ID#:10654),See DN-628 (ID#:10654),27.44
10929,117-ET-T01,Pre-PQ Process,SO-1525,DN-530,Ethiopia,PMO - US,From RDC,N/A - From RDC,Air,Pre-PQ Process,N/A - From RDC,17-Dec-07,17-Dec-07,17-Dec-07,ARV,Pediatric,"Efavirenz 200mg [Stocrin/Sustiva], capsule, 90 Caps",Efavirenz,200mg,Capsule,90,1692,27072.0,16.0,0.18,Yes,182,1722,43.32
10930,110-ZM-T01,Pre-PQ Process,SO-993,DN-507,Zambia,PMO - US,From RDC,N/A - From RDC,,Pre-PQ Process,N/A - From RDC,8-Jan-08,8-Jan-08,8-Jan-08,ARV,Adult,"Efavirenz 600mg, tablets, 30 Tabs",Efavirenz,600mg,Tablet,30,50061,976189.5,19.5,0.65,Yes,3946,14199.3,1561.9
10931,117-ET-T01,Pre-PQ Process,SO-1513,DN-516,Ethiopia,PMO - US,From RDC,N/A - From RDC,Air,Pre-PQ Process,N/A - From RDC,10-Jan-08,10-Jan-08,10-Jan-08,ARV,Adult,"Tenofovir Disoproxil Fumarate 300mg [Viread], tablets, 30 Tabs",Tenofovir Disoproxil Fumarate,300mg,Tablet,30,591,10047.0,17.0,0.57,Yes,37,504,16.08
10933,107-RW-T01,Pre-PQ Process,SO-1515,DN-570,Rwanda,PMO - US,From RDC,N/A - From RDC,Air,Pre-PQ Process,N/A - From RDC,28-Jan-08,28-Jan-08,28-Jan-08,ARV,Adult,"Lamivudine 150mg, tablets, 60 Tabs",Lamivudine,150mg,Tablet,60,3150,9576.0,3.04,0.05,Yes,165,2559.28,15.32
10934,100-ZW-T01,Pre-PQ Process,SO-708,DN-479,Zimbabwe,PMO - US,From RDC,N/A - From RDC,Air,Pre-PQ Process,N/A - From RDC,5-Feb-08,5-Feb-08,5-Feb-08,ARV,Adult,"Lamivudine/Stavudine 150/30mg, tablets, 30 Tabs",Lamivudine/Stavudine,150/30mg,Tablet - FDC,30,1600,3200.0,2.0,0.07,No,See DN-479 (ID#:10647),See DN-479 (ID#:10647),5.12
10936,117-ET-T01,Pre-PQ Process,SO-1532,DN-574,Ethiopia,PMO - US,From RDC,N/A - From RDC,Air,Pre-PQ Process,N/A - From RDC,31-Jan-08,31-Jan-08,31-Jan-08,ARV,Adult,"Nevirapine 200mg, tablets, 60 Tabs",Nevirapine,200mg,Tablet,60,7511,25537.4,3.4,0.06,Yes,732,2724.27,40.86
10937,105-GY-T01,Pre-PQ Process,SO-1239,DN-557,Guyana,PMO - US,From RDC,N/A - From RDC,Air,Pre-PQ Process,N/A - From RDC,24-Jan-08,24-Jan-08,24-Jan-08,ARV,Adult,"Lamivudine/Zidovudine 150/300mg, tablets, 60 Tabs",Lamivudine/Zidovudine,150/300mg,Tablet - FDC,60,1008,9576.0,9.5,0.16,No,See DN-557 (ID#:10663),See DN-557 (ID#:10663),15.32
10939,110-ZM-T01,Pre-PQ Process,SO-1033,DN-553,Zambia,PMO - US,From RDC,N/A - From RDC,,Pre-PQ Process,N/A - From RDC,28-Feb-08,28-Feb-08,28-Feb-08,ARV,Adult,"Efavirenz 600mg, tablets, 30 Tabs",Efavirenz,600mg,Tablet,30,44135,548156.7,12.42,0.41,Yes,3483,12643.63,877.05
10940,109-TZ-T01,Pre-PQ Process,SO-1648,DN-559,Tanzania,PMO - US,From RDC,N/A - From RDC,Air,Pre-PQ Process,N/A - From RDC,25-Feb-08,25-Feb-08,25-Feb-08,ARV,Pediatric,"Didanosine 100mg, chewable/dispersible tablets, 60 Tabs",Didanosine,100mg,Chewable/dispersible tablet,60,2273,17615.75,7.75,0.13,Yes,2749,10654.94,28.19
10942,104-CI-T01,Pre-PQ Process,SO-1663,DN-587,Côte d'Ivoire,PMO - US,From RDC,N/A - From RDC,Air,Pre-PQ Process,N/A - From RDC,6-Mar-08,5-Feb-08,5-Feb-08,ARV,Adult,"Indinavir 400mg [Crixivan], capsules, 180 Caps",Indinavir,400mg,Capsule,180,5538,276900.0,50.0,0.28,Yes,1230,4680.1,443.04
10943,117-ET-T01,Pre-PQ Process,SO-1719,DN-593,Ethiopia,PMO - US,From RDC,N/A - From RDC,Air,Pre-PQ Process,N/A - From RDC,5-Feb-08,5-Feb-08,5-Feb-08,ARV,Adult,"Zidovudine 300mg, tablets, 60 Tabs",Zidovudine,300mg,Tablet,60,10000,81500.0,8.15,0.14,Yes,574,3787.32,130.4
10944,111-MZ-T01,Pre-PQ Process,SO-1063,DN-597,Mozambique,PMO - US,From RDC,N/A - From RDC,Air,Pre-PQ Process,N/A - From RDC,29-Feb-08,29-Feb-08,29-Feb-08,HRDT,HIV test - Ancillary,"HIV, Lancet, Safety, for HIV Test kits, 100 Pcs","HIV, Lancet, Safety, for HIV Test kits, 100 Pcs",,Test kit - Ancillary,100,4300,43.0,0.01,0.0,No,See DN-597 (ID#:10671),See DN-597 (ID#:10671),0.07
10945,100-ZW-T01,Pre-PQ Process,SO-714,DN-709,Zimbabwe,PMO - US,From RDC,N/A - From RDC,Air,Pre-PQ Process,N/A - From RDC,21-Apr-08,21-Apr-08,21-Apr-08,ARV,Adult,"Lamivudine/Stavudine 150/30mg, tablets, 30 Tabs",Lamivudine/Stavudine,150/30mg,Tablet - FDC,30,1600,3200.0,2.0,0.07,Yes,2519,15252.7,5.12
10946,100-ZW-T01,Pre-PQ Process,SO-714,DN-709,Zimbabwe,PMO - US,From RDC,N/A - From RDC,Air,Pre-PQ Process,N/A - From RDC,21-Apr-08,21-Apr-08,21-Apr-08,ARV,Adult,"Lamivudine/Nevirapine/Stavudine 150/200/30mg, tablets, 60 Tabs",Lamivudine/Nevirapine/Stavudine,150/200/30mg,Tablet - FDC,60,37240,275576.0,7.4,0.12,No,See DN-709 (ID#:10945),See DN-709 (ID#:10945),440.92
10947,109-TZ-T01,Pre-PQ Process,SO-2662,DN-758,Tanzania,PMO - US,From RDC,N/A - From RDC,Air,Pre-PQ Process,N/A - From RDC,9-Jul-08,9-Jul-08,9-Jul-08,ARV,Adult,"Lamivudine 150mg, tablets, 60 Tabs",Lamivudine,150mg,Tablet,60,11181,32536.71,2.91,0.05,Yes,566,3594.6,52.06
10948,110-ZM-T01,Pre-PQ Process,SO-2547,DN-820,Zambia,PMO - US,From RDC,N/A - From RDC,Truck,Pre-PQ Process,N/A - From RDC,29-Jul-08,29-Jul-08,29-Jul-08,ARV,Adult,"Lamivudine/Stavudine 150/30mg, tablets, 30 Tabs",Lamivudine/Stavudine,150/30mg,Tablet - FDC,30,12000,24000.0,2.0,0.07,Yes,700,954.13,38.4
10949,109-TZ-T01,Pre-PQ Process,SO-2000,DN-722,Tanzania,PMO - US,From RDC,N/A - From RDC,,Pre-PQ Process,N/A - From RDC,30-Apr-08,30-Apr-08,30-Apr-08,ARV,Adult,"Lopinavir/Ritonavir 200/50mg [Aluvia], tablets, 120 Tabs",Lopinavir/Ritonavir,200/50mg,Tablet,120,2580,106038.0,41.1,0.34,Yes,559,3562.4,169.66
10950,109-TZ-T01,Pre-PQ Process,SO-2560,DN-826,Tanzania,PMO - US,From RDC,N/A - From RDC,Air,Pre-PQ Process,N/A - From RDC,29-Jul-08,29-Jul-08,29-Jul-08,ARV,Adult,"Nevirapine 200mg, tablets, 60 Tabs",Nevirapine,200mg,Tablet,60,50288,170979.2,3.4,0.06,No,See DN-826 (ID#:10674),See DN-826 (ID#:10674),273.57
10951,104-CI-T01,Pre-PQ Process,SO-2045,DN-761,Côte d'Ivoire,PMO - US,From RDC,N/A - From RDC,Air,Pre-PQ Process,N/A - From RDC,2-Jun-08,2-Jun-08,2-Jun-08,ARV,Adult,"Stavudine 20mg, capsules, 60 Caps",Stavudine,20mg,Capsule,60,1080,1890.0,1.75,0.03,Yes,4668,8787.28,3.02
10953,112-NG-T01,Pre-PQ Process,SO-2726,DN-800,Nigeria,PMO - US,From RDC,N/A - From RDC,Air,Pre-PQ Process,N/A - From RDC,19-Jun-08,19-Jun-08,19-Jun-08,ARV,Adult,"Indinavir 400mg [Crixivan], capsules, 180 Caps",Indinavir,400mg,Capsule,180,20,1000.0,50.0,0.28,Yes,1024,5226.6,1.6
10954,106-HT-T01,Pre-PQ Process,SO-2056,DN-743,Haiti,PMO - US,From RDC,N/A - From RDC,Air,Pre-PQ Process,N/A - From RDC,27-May-08,27-May-08,27-May-08,ARV,Adult,"Lamivudine 150mg, tablets, 60 Tabs",Lamivudine,150mg,Tablet,60,7380,21475.8,2.91,0.05,No,See DN-743 (ID#:10683),See DN-743 (ID#:10683),34.36
10955,111-MZ-T01,Pre-PQ Process,SO-1039,DN-629,Mozambique,PMO - US,From RDC,N/A - From RDC,Air,Pre-PQ Process,N/A - From RDC,8-Apr-08,16-May-08,16-May-08,ARV,Adult,"Lamivudine/Nevirapine/Stavudine 150/200/30mg, tablets, 60 Tabs",Lamivudine/Nevirapine/Stavudine,150/200/30mg,Tablet - FDC,60,73012,540288.8,7.4,0.12,Yes,14083,11053.53,864.46
10956,110-ZM-T01,Pre-PQ Process,SO-1806,DN-625,Zambia,PMO - US,From RDC,N/A - From RDC,,Pre-PQ Process,N/A - From RDC,28-Mar-08,28-Mar-08,28-Mar-08,ARV,Adult,"Emtricitabine/Tenofovir Disoproxil Fumarate 200/300mg [Truvada], tablets, 30 Tabs",Emtricitabine/Tenofovir Disoproxil Fumarate,300/200mg,Tablet - FDC,30,27156,712845.0,26.25,0.88,Yes,9344,35246.5,1140.55
10957,110-ZM-T01,Pre-PQ Process,SO-1993,DN-677,Zambia,PMO - US,From RDC,N/A - From RDC,Air,Pre-PQ Process,N/A - From RDC,28-Mar-08,28-Mar-08,28-Mar-08,ARV,Adult,"Efavirenz 600mg, tablets, 30 Tabs",Efavirenz,600mg,Tablet,30,4332,53803.44,12.42,0.41,Yes,338,1890.76,86.09
10958,110-ZM-T01,Pre-PQ Process,SO-1885,DN-711,Zambia,PMO - US,From RDC,N/A - From RDC,,Pre-PQ Process,N/A - From RDC,9-May-08,9-May-08,9-May-08,ARV,Adult,"Lamivudine/Zidovudine 150/300mg, tablets, 60 Tabs",Lamivudine/Zidovudine,150/300mg,Tablet - FDC,60,50000,472500.0,9.45,0.16,Yes,4657,2348.92,756.0
10959,100-ZW-T01,Pre-PQ Process,SO-716,DN-770,Zimbabwe,PMO - US,From RDC,N/A - From RDC,Air,Pre-PQ Process,N/A - From RDC,9-Jun-08,9-Jun-08,9-Jun-08,ARV,Adult,"Lamivudine/Stavudine 150/30mg, tablets, 30 Tabs",Lamivudine/Stavudine,150/30mg,Tablet - FDC,30,1600,3200.0,2.0,0.07,Yes,422,3335.15,5.12
10960,109-TZ-T01,Pre-PQ Process,SO-1695,DN-663,Tanzania,PMO - US,From RDC,N/A - From RDC,,Pre-PQ Process,N/A - From RDC,22-Apr-08,23-Apr-08,23-Apr-08,ARV,Adult,"Lamivudine/Zidovudine 150/300mg, tablets, 60 Tabs",Lamivudine/Zidovudine,150/300mg,Tablet - FDC,60,51364,487958.0,9.5,0.16,Yes,5372,16430.72,780.73
10961,110-ZM-T01,Pre-PQ Process,SO-2550,DN-839,Zambia,PMO - US,From RDC,N/A - From RDC,Truck,Pre-PQ Process,N/A - From RDC,20-Aug-08,20-Aug-08,20-Aug-08,ARV,Adult,"Lamivudine/Nevirapine/Stavudine 150/200/30mg, tablets, 60 Tabs",Lamivudine/Nevirapine/Stavudine,150/200/30mg,Tablet - FDC,60,40000,288000.0,7.2,0.12,Yes,7393,6051.02,460.8
10962,125-HT-T01,Pre-PQ Process,SO-1291,DN-686,Haiti,PMO - US,From RDC,N/A - From RDC,Air,Pre-PQ Process,N/A - From RDC,3-Apr-08,3-Apr-08,3-Apr-08,HRDT,HIV test,"HIV 1/2, Determine HIV Kit, without Lancets, 100 Tests","HIV 1/2, Determine HIV Kit, without Lancets",,Test kit,100,25,1800.0,72.0,0.72,No,See DN-686 (ID#:10691),See DN-686 (ID#:10691),2.88
10963,106-HT-T01,Pre-PQ Process,SO-2042,DN-682,Haiti,PMO - US,From RDC,N/A - From RDC,Air,Pre-PQ Process,N/A - From RDC,21-Mar-08,21-Mar-08,21-Mar-08,ARV,Pediatric,"Abacavir 20mg/ml, oral solution, Bottle, 240 ml",Abacavir,20mg/ml,Oral solution,240,160,2640.0,16.5,0.07,Yes,938,11340.2,4.22
10964,114-UG-T01,Pre-PQ Process,SO-2791,DN-794,Uganda,PMO - US,From RDC,N/A - From RDC,Air,Pre-PQ Process,N/A - From RDC,11-Jul-08,11-Jul-08,11-Jul-08,ARV,Pediatric,"Zidovudine 10mg/ml, oral solution, Bottle, 240 ml",Zidovudine,10mg/ml,Oral solution,240,4296,9021.6,2.1,0.01,Yes,1600,10314.28,14.43
10965,132-NG-T01,Pre-PQ Process,SO-2680,DN-787,Nigeria,PMO - US,From RDC,N/A - From RDC,Air,Pre-PQ Process,N/A - From RDC,4-Jul-08,4-Jul-08,4-Jul-08,ARV,Adult,"Emtricitabine/Tenofovir Disoproxil Fumarate 200/300mg [Truvada], tablets, 30 Tabs",Emtricitabine/Tenofovir Disoproxil Fumarate,300/200mg,Tablet - FDC,30,15000,393750.0,26.25,0.88,Yes,1365,9904.65,630.0
10966,114-UG-T01,Pre-PQ Process,SO-2674,DN-797,Uganda,PMO - US,From RDC,N/A - From RDC,Air,Pre-PQ Process,N/A - From RDC,11-Jul-08,11-Jul-08,11-Jul-08,ARV,Adult,"Nevirapine 200mg, tablets, 60 Tabs",Nevirapine,200mg,Tablet,60,1061,3607.4,3.4,0.06,Yes,106,1054.52,5.77
10967,102-KE-T01,Pre-PQ Process,SO-1390,DN-667,Kenya,PMO - US,From RDC,N/A - From RDC,Truck,Pre-PQ Process,N/A - From RDC,26-Mar-08,26-Mar-08,26-Mar-08,HRDT,HIV test - Ancillary,"HIV, Lancet, Safety, for HIV Test kits, 100 Pcs","HIV, Lancet, Safety, for HIV Test kits, 100 Pcs",,Test kit - Ancillary,100,240,1200.0,5.0,0.05,Yes,751,190.06,1.92
10968,112-NG-T01,Pre-PQ Process,SO-2350,DN-718,Nigeria,PMO - US,From RDC,N/A - From RDC,Air,Pre-PQ Process,N/A - From RDC,21-Apr-08,21-Apr-08,21-Apr-08,ARV,Adult,"Lamivudine/Zidovudine 150/300mg, tablets, 60 Tabs",Lamivudine/Zidovudine,150/300mg,Tablet - FDC,60,760,7182.0,9.45,0.16,Yes,199,1917.53,11.49
10969,112-NG-T01,Pre-PQ Process,SO-2350,DN-718,Nigeria,PMO - US,From RDC,N/A - From RDC,Air,Pre-PQ Process,N/A - From RDC,21-Apr-08,21-Apr-08,21-Apr-08,ARV,Pediatric,"Stavudine 1mg/ml, powder for oral solution, 200 ml",Stavudine,1mg/ml,Oral solution,200,16,22.4,1.4,0.01,No,See DN-718 (ID#:10968),See DN-718 (ID#:10968),0.04
10970,111-MZ-T01,Pre-PQ Process,SO-1615,DN-698,Mozambique,PMO - US,From RDC,N/A - From RDC,Air,Pre-PQ Process,N/A - From RDC,23-Jun-08,23-Jun-08,23-Jun-08,ARV,Adult,"Indinavir 400mg [Crixivan], capsules, 180 Caps",Indinavir,400mg,Capsule,180,1428,71400.0,50.0,0.28,Yes,2955,4551.52,114.24
10972,117-ET-T01,Pre-PQ Process,SO-1518,DN-634,Ethiopia,PMO - US,From RDC,N/A - From RDC,Air,Pre-PQ Process,N/A - From RDC,21-Mar-08,21-Mar-08,21-Mar-08,ARV,Adult,"Lamivudine/Zidovudine 150/300mg, tablets, 60 Tabs",Lamivudine/Zidovudine,150/300mg,Tablet - FDC,60,65524,622478.0,9.5,0.16,Yes,14599,32146.52,995.96
10973,100-ZW-T01,Pre-PQ Process,SO-713,DN-687,Zimbabwe,PMO - US,From RDC,N/A - From RDC,Air,Pre-PQ Process,N/A - From RDC,30-Mar-08,30-Mar-08,30-Mar-08,ARV,Adult,"Lamivudine/Nevirapine/Stavudine 150/200/30mg, tablets, 60 Tabs",Lamivudine/Nevirapine/Stavudine,150/200/30mg,Tablet - FDC,60,37240,275576.0,7.4,0.12,No,See DN-687 (ID#:10697),See DN-687 (ID#:10697),440.92
10975,105-GY-T01,Pre-PQ Process,SO-2464,DN-727,Guyana,PMO - US,From RDC,N/A - From RDC,Air,Pre-PQ Process,N/A - From RDC,9-May-08,9-May-08,9-May-08,ARV,Adult,"Lopinavir/Ritonavir 200/50mg [Aluvia], tablets, 120 Tabs",Lopinavir/Ritonavir,200/50mg,Tablet,120,150,12330.0,82.2,0.68,Yes,34,1608.7,19.73
10976,106-HT-T01,Pre-PQ Process,SO-1565,DN-657,Haiti,PMO - US,From RDC,N/A - From RDC,Air,Pre-PQ Process,N/A - From RDC,19-Mar-08,19-Mar-08,19-Mar-08,HRDT,HIV test,"HIV 1/2, Determine HIV Kit, without Lancets, 100 Tests","HIV 1/2, Determine HIV Kit, without Lancets",,Test kit,100,30,2160.0,72.0,0.72,Yes,7,774.84,3.46
10977,110-ZM-T01,Pre-PQ Process,SO-1888,DN-701,Zambia,PMO - US,From RDC,N/A - From RDC,,Pre-PQ Process,N/A - From RDC,9-May-08,9-May-08,9-May-08,ARV,Adult,"Emtricitabine/Tenofovir Disoproxil Fumarate 200/300mg [Truvada], tablets, 30 Tabs",Emtricitabine/Tenofovir Disoproxil Fumarate,300/200mg,Tablet - FDC,30,40000,1050000.0,26.25,0.88,Yes,3512,1772.4,1680.0
10979,113-ZW-T01,Pre-PQ Process,SO-2502,DN-813,Zimbabwe,PMO - US,From RDC,N/A - From RDC,Truck,Pre-PQ Process,N/A - From RDC,26-Jul-08,26-Jul-08,26-Jul-08,ARV,Adult,"Lamivudine/Nevirapine/Stavudine 150/200/30mg, tablets, 60 Tabs",Lamivudine/Nevirapine/Stavudine,150/200/30mg,Tablet - FDC,60,66268,490383.2,7.4,0.12,Yes,6606,22666.98,784.61
10980,113-ZW-T01,Pre-PQ Process,SO-2502,DN-813,Zimbabwe,PMO - US,From RDC,N/A - From RDC,Truck,Pre-PQ Process,N/A - From RDC,26-Jul-08,26-Jul-08,26-Jul-08,ARV,Adult,"Lamivudine/Stavudine 150/30mg, tablets, 30 Tabs",Lamivudine/Stavudine,150/30mg,Tablet - FDC,30,8000,16000.0,2.0,0.07,No,See DN-813 (ID#:10979),See DN-813 (ID#:10979),25.6
10981,111-MZ-T01,Pre-PQ Process,SO-1882,DN-817,Mozambique,PMO - US,From RDC,N/A - From RDC,Air,Pre-PQ Process,N/A - From RDC,7-Aug-08,7-Aug-08,7-Aug-08,ARV,Adult,"Lamivudine/Nevirapine/Stavudine 150/200/30mg, tablets, 60 Tabs",Lamivudine/Nevirapine/Stavudine,150/200/30mg,Tablet - FDC,60,38975,280620.0,7.2,0.12,Yes,13123,9161.95,448.99
10982,109-TZ-T01,Pre-PQ Process,SO-1696,DN-763,Tanzania,PMO - US,From RDC,N/A - From RDC,Air,Pre-PQ Process,N/A - From RDC,9-Jul-08,9-Jul-08,9-Jul-08,ARV,Pediatric,"Didanosine 100mg, chewable/dispersible tablets, 60 Tabs",Didanosine,100mg,Chewable/dispersible tablet,60,11640,90210.0,7.75,0.13,Yes,16778,9043.65,144.34
10983,106-HT-T01,Pre-PQ Process,SO-15960,DN-946,Haiti,PMO - US,From RDC,N/A - From RDC,Air,Pre-PQ Process,N/A - From RDC,20-Oct-08,20-Oct-08,20-Oct-08,ARV,Adult,"Nevirapine 200mg, tablets, 60 Tabs",Nevirapine,200mg,Tablet,60,20186,64595.2,3.2,0.05,Yes,4218,43041.34,103.35
10984,111-MZ-T01,Pre-PQ Process,SO-15084,DN-1024,Mozambique,PMO - US,From RDC,N/A - From RDC,Air,Pre-PQ Process,N/A - From RDC,9-Feb-09,9-Feb-09,9-Feb-09,ARV,Adult,"Lamivudine/Zidovudine 150/300mg, tablets, 60 Tabs",Lamivudine/Zidovudine,150/300mg,Tablet - FDC,60,15048,140698.8,9.35,0.16,Yes,1448,3613.31,275.77
10985,111-MZ-T01,Pre-PQ Process,SO-15085,DN-1025,Mozambique,PMO - US,From RDC,N/A - From RDC,Air,Pre-PQ Process,N/A - From RDC,20-Jan-09,20-Jan-09,20-Jan-09,ARV,Adult,"Lamivudine/Zidovudine 150/300mg, tablets, 60 Tabs",Lamivudine/Zidovudine,150/300mg,Tablet - FDC,60,720,6732.0,9.35,0.16,Yes,66,772.04,13.19
10986,109-TZ-T01,Pre-PQ Process,SO-13190,DN-922,Tanzania,PMO - US,From RDC,N/A - From RDC,Air,Pre-PQ Process,N/A - From RDC,21-Oct-08,21-Oct-08,21-Oct-08,ARV,Adult,"Lamivudine/Nevirapine/Stavudine 150/200/30mg, tablets, 60 Tabs",Lamivudine/Nevirapine/Stavudine,150/200/30mg,Tablet - FDC,60,90323,668390.2,7.4,0.12,Yes,9635,52979.7,1069.42
10987,102-KE-T01,Pre-PQ Process,SO-11430,DN-964,Kenya,PMO - US,From RDC,N/A - From RDC,Truck,Pre-PQ Process,N/A - From RDC,21-Oct-08,21-Oct-08,21-Oct-08,HRDT,HIV test - Ancillary,"HIV, Lancet, Safety, for HIV Test kits, 100 Pcs","HIV, Lancet, Safety, for HIV Test kits, 100 Pcs",,Test kit - Ancillary,100,5000,50.0,0.01,0.0,Yes,Weight Captured Separately,Invoiced Separately,0.1
10988,110-ZM-T01,Pre-PQ Process,SO-2495,DN-1006,Zambia,PMO - US,From RDC,N/A - From RDC,Truck,Pre-PQ Process,N/A - From RDC,1-Dec-08,1-Dec-08,1-Dec-08,ARV,Adult,"Nevirapine 200mg, tablets, 60 Tabs",Nevirapine,200mg,Tablet,60,44432,151068.8,3.4,0.06,Yes,2503,3629.37,296.09
10989,126-NG-T01,Pre-PQ Process,SO-10780,DN-871,Nigeria,PMO - US,From RDC,N/A - From RDC,Air,Pre-PQ Process,N/A - From RDC,25-Aug-08,25-Aug-08,25-Aug-08,ARV,Adult,"Nevirapine 200mg, tablets, 60 Tabs",Nevirapine,200mg,Tablet,60,35400,120360.0,3.4,0.06,Yes,1987,14931.8,192.58
10990,131-NG-T01,Pre-PQ Process,SO-15050,DN-1014,Nigeria,PMO - US,From RDC,N/A - From RDC,Air,Pre-PQ Process,N/A - From RDC,17-Nov-08,17-Nov-08,17-Nov-08,ARV,Adult,"Emtricitabine/Tenofovir Disoproxil Fumarate 200/300mg [Truvada], tablets, 30 Tabs",Emtricitabine/Tenofovir Disoproxil Fumarate,300/200mg,Tablet - FDC,30,10000,262500.0,26.25,0.88,Yes,878,4401.4,514.5
10992,110-ZM-T01,Pre-PQ Process,SO-12090,DN-863,Zambia,PMO - US,From RDC,N/A - From RDC,Air,Pre-PQ Process,N/A - From RDC,27-Aug-08,27-Aug-08,27-Aug-08,ARV,Adult,"Lamivudine/Stavudine 150/30mg, tablets, 60 Tabs",Lamivudine/Stavudine,150/30mg,Tablet - FDC,60,32017,124866.3,3.9,0.06,Yes,2353,3210.18,199.79
10993,110-ZM-T01,Pre-PQ Process,SO-15280,DN-952,Zambia,PMO - US,From RDC,N/A - From RDC,Air,Pre-PQ Process,N/A - From RDC,20-Oct-08,20-Oct-08,20-Oct-08,ARV,Pediatric,"Zidovudine 10mg/ml, oral solution, Bottle, 240 ml",Zidovudine,10mg/ml,Oral solution,240,3200,6720.0,2.1,0.01,Yes,1120,8185.2,13.17
10994,104-CI-T01,Pre-PQ Process,SO-11830,DN-948,Côte d'Ivoire,PMO - US,From RDC,N/A - From RDC,Air,Pre-PQ Process,N/A - From RDC,3-Dec-08,3-Dec-08,3-Dec-08,ARV,Adult,"Nevirapine 200mg, tablets, 60 Tabs",Nevirapine,200mg,Tablet,60,21225,72165.0,3.4,0.06,Yes,2521,14336.95,141.44
10995,114-UG-T01,Pre-PQ Process,SO-17720,DN-1043,Uganda,PMO - US,From RDC,N/A - From RDC,Air,Pre-PQ Process,N/A - From RDC,4-Feb-09,4-Feb-09,4-Feb-09,ARV,Adult,"Lamivudine/Nevirapine/Zidovudine 150/200/300mg, tablets, 60 Tabs",Lamivudine/Nevirapine/Zidovudine,150/300/200mg,Tablet - FDC,60,20000,236000.0,11.8,0.2,Yes,2283,13586.1,462.56
10996,113-ZW-T01,Pre-PQ Process,SO-14000,DN-1044,Zimbabwe,PMO - US,From RDC,N/A - From RDC,Truck,Pre-PQ Process,N/A - From RDC,16-Feb-09,16-Feb-09,16-Feb-09,ARV,Adult,"Lamivudine/Nevirapine/Stavudine 150/200/30mg, tablets, 60 Tabs",Lamivudine/Nevirapine/Stavudine,150/200/30mg,Tablet - FDC,60,76000,562400.0,7.4,0.12,Yes,8912,35513.01,1102.3
10997,110-ZM-T01,Pre-PQ Process,SO-1896,DN-856,Zambia,PMO - US,From RDC,N/A - From RDC,,Pre-PQ Process,N/A - From RDC,20-Aug-08,20-Aug-08,20-Aug-08,ARV,Adult,"Efavirenz 600mg, tablets, 30 Tabs",Efavirenz,600mg,Tablet,30,50000,600500.0,12.01,0.4,Yes,3880,3817.12,960.8
10998,111-MZ-T01,Pre-PQ Process,SO-2524,DN-858,Mozambique,PMO - US,From RDC,N/A - From RDC,Truck,Pre-PQ Process,N/A - From RDC,5-Sep-08,5-Sep-08,5-Sep-08,ARV,Adult,"Lamivudine/Nevirapine/Stavudine 150/200/30mg, tablets, 60 Tabs",Lamivudine/Nevirapine/Stavudine,150/200/30mg,Tablet - FDC,60,80000,576000.0,7.2,0.12,Yes,11515,Freight Included in Commodity Cost,921.6
10999,109-TZ-T01,Pre-PQ Process,SO-2566,DN-891,Tanzania,PMO - US,From RDC,N/A - From RDC,Truck,Pre-PQ Process,N/A - From RDC,23-Sep-08,23-Sep-08,23-Sep-08,ARV,Adult,"Lamivudine/Nevirapine/Stavudine 150/200/30mg, tablets, 60 Tabs",Lamivudine/Nevirapine/Stavudine,150/200/30mg,Tablet - FDC,60,123317,912545.8,7.4,0.12,Yes,13253,64506.78,1460.07
11000,114-UG-T01,Pre-PQ Process,SO-17890,DN-1092,Uganda,PMO - US,From RDC,N/A - From RDC,Air,Pre-PQ Process,N/A - From RDC,19-Mar-09,19-Mar-09,19-Mar-09,ARV,Adult,"Lamivudine/Nevirapine/Zidovudine 150/200/300mg, tablets, 60 Tabs",Lamivudine/Nevirapine/Zidovudine,150/300/200mg,Tablet - FDC,60,1893,22337.4,11.8,0.2,Yes,215,2408.91,43.78
11001,114-UG-T01,Pre-PQ Process,SO-17830,DN-990,Uganda,PMO - US,From RDC,N/A - From RDC,Air,Pre-PQ Process,N/A - From RDC,9-Dec-08,9-Dec-08,9-Dec-08,ARV,Adult,"Lopinavir/Ritonavir 200/50mg [Aluvia], tablets, 120 Tabs",Lopinavir/Ritonavir,200/50mg,Tablet,120,42,1726.2,41.1,0.34,Yes,123,845.37,3.38
11003,104-CI-T01,Pre-PQ Process,SO-16220,DN-1069,Côte d'Ivoire,PMO - US,From RDC,N/A - From RDC,Air,Pre-PQ Process,N/A - From RDC,11-Feb-09,11-Feb-09,11-Feb-09,ARV,Pediatric,"Efavirenz 30mg/ml [Stocrin/Sustiva], oral solution, Bottle, 180 ml",Efavirenz,30mg/ml,Oral solution,180,3271,55476.16,16.96,0.09,Yes,933,3409.91,108.73
11005,106-HT-T01,Pre-PQ Process,SO-23750,DN-1100,Haiti,PMO - US,From RDC,N/A - From RDC,Air,Pre-PQ Process,N/A - From RDC,3-Mar-09,3-Mar-09,3-Mar-09,ARV,Pediatric,"Efavirenz 30mg/ml [Stocrin/Sustiva], oral solution, Bottle, 180 ml",Efavirenz,30mg/ml,Oral solution,180,325,5512.0,16.96,0.09,Yes,2085,23866.2,10.8
11006,106-HT-T01,Pre-PQ Process,SO-23750,DN-1100,Haiti,PMO - US,From RDC,N/A - From RDC,Air,Pre-PQ Process,N/A - From RDC,3-Mar-09,3-Mar-09,3-Mar-09,ARV,Adult,"Indinavir 400mg [Crixivan], capsules, 180 Caps",Indinavir,400mg,Capsule,180,56,2800.0,50.0,0.28,No,See DN-1100 (ID#:11005),See DN-1100 (ID#:11005),5.49
11007,106-HT-T01,Pre-PQ Process,SO-23750,DN-1100,Haiti,PMO - US,From RDC,N/A - From RDC,Air,Pre-PQ Process,N/A - From RDC,3-Mar-09,3-Mar-09,3-Mar-09,ARV,Pediatric,"Nevirapine 10mg/ml, oral suspension, Bottle, 240 ml",Nevirapine,10mg/ml,Oral suspension,240,5216,10014.72,1.92,0.01,No,See DN-1100 (ID#:11005),See DN-1100 (ID#:11005),19.63
11008,113-ZW-T01,Pre-PQ Process,SO-18100,DN-1115,Zimbabwe,PMO - US,From RDC,N/A - From RDC,Truck,Pre-PQ Process,N/A - From RDC,6-Apr-09,6-Apr-09,6-Apr-09,ARV,Adult,"Lamivudine/Nevirapine/Stavudine 150/200/30mg, tablets, 60 Tabs",Lamivudine/Nevirapine/Stavudine,150/200/30mg,Tablet - FDC,60,76000,562400.0,7.4,0.12,Yes,8848,37040.86,1102.3
11009,111-MZ-T01,Pre-PQ Process,SO-26390,DN-1150,Mozambique,PMO - US,From RDC,N/A - From RDC,Air,Pre-PQ Process,N/A - From RDC,27-Apr-09,27-Apr-09,27-Apr-09,ARV,Pediatric,"Lopinavir/Ritonavir 80/20mg/ml [Kaletra], oral solution, cool, Bottle 5 x 60 ml",Lopinavir/Ritonavir,80/20mg/ml,Oral solution,300,40,1644.0,41.1,0.14,Yes,52,1287.77,3.22
11010,104-CI-T01,Pre-PQ Process,SO-21880,DN-1152,Côte d'Ivoire,PMO - US,From RDC,N/A - From RDC,Air,Pre-PQ Process,N/A - From RDC,30-Apr-09,30-Apr-09,30-Apr-09,ARV,Adult,"Lamivudine/Zidovudine 150/300mg, tablets, 60 Tabs",Lamivudine/Zidovudine,150/300mg,Tablet - FDC,60,23524,206070.24,8.76,0.15,Yes,3155,9021.82,403.9
11011,112-NG-T01,Pre-PQ Process,SO-2728,DN-917,Nigeria,PMO - US,From RDC,N/A - From RDC,Air,Pre-PQ Process,N/A - From RDC,24-Sep-08,24-Sep-08,24-Sep-08,ARV,Adult,"Ritonavir 100mg [Norvir], capsules, cool, 4 x 84 Caps",Ritonavir,100mg,Capsule,336,2,76.72,38.36,0.11,No,See DN-917 (ID#:10745),See DN-917 (ID#:10745),0.12
11012,106-HT-T01,Pre-PQ Process,SO-15930,DN-944,Haiti,PMO - US,From RDC,N/A - From RDC,Air,Pre-PQ Process,N/A - From RDC,4-Nov-08,4-Nov-08,4-Nov-08,ARV,Adult,"Stavudine 15mg, capsules, 60 Caps",Stavudine,15mg,Capsule,60,1000,1500.0,1.5,0.02,Yes,10435,121330.06,2.94
11013,110-ZM-T01,Pre-PQ Process,SO-2479,DN-861,Zambia,PMO - US,From RDC,N/A - From RDC,Truck,Pre-PQ Process,N/A - From RDC,20-Aug-08,20-Aug-08,20-Aug-08,ARV,Adult,"Efavirenz 600mg, tablets, 30 Tabs",Efavirenz,600mg,Tablet,30,5000,60050.0,12.01,0.4,Yes,4247,8231.95,96.08
11014,106-HT-T01,Pre-PQ Process,SO-15930,DN-944,Haiti,PMO - US,From RDC,N/A - From RDC,Air,Pre-PQ Process,N/A - From RDC,4-Nov-08,4-Nov-08,4-Nov-08,ARV,Pediatric,"Efavirenz 200mg, capsule, 90 Caps",Efavirenz,200mg,Capsule,90,1000,15260.0,15.26,0.17,No,See DN-944 (ID#:11012),See DN-944 (ID#:11012),29.91
11015,123-NG-T01,Pre-PQ Process,SO-19060,DN-1058,Nigeria,PMO - US,From RDC,N/A - From RDC,Air,Pre-PQ Process,N/A - From RDC,19-Jan-09,19-Jan-09,19-Jan-09,ARV,Adult,"Emtricitabine/Tenofovir Disoproxil Fumarate 200/300mg [Truvada], tablets, 30 Tabs",Emtricitabine/Tenofovir Disoproxil Fumarate,300/200mg,Tablet - FDC,30,12304,322980.0,26.25,0.88,Yes,5197,21895.01,633.04
11016,112-NG-T01,Pre-PQ Process,SO-20950,DN-1059,Nigeria,PMO - US,From RDC,N/A - From RDC,Air,Pre-PQ Process,N/A - From RDC,19-Jan-09,19-Jan-09,19-Jan-09,ARV,Adult,"Emtricitabine/Tenofovir Disoproxil Fumarate 200/300mg [Truvada], tablets, 30 Tabs",Emtricitabine/Tenofovir Disoproxil Fumarate,300/200mg,Tablet - FDC,30,139,3648.75,26.25,0.88,Yes,192,13538.35,7.15
11017,114-UG-T01,Pre-PQ Process,SO-17780,DN-995,Uganda,PMO - US,From RDC,N/A - From RDC,Air,Pre-PQ Process,N/A - From RDC,2-Dec-08,2-Dec-08,2-Dec-08,ARV,Adult,"Lamivudine 150mg, tablets, 60 Tabs",Lamivudine,150mg,Tablet,60,500,1450.0,2.9,0.05,Yes,26,1096.71,2.84
11018,106-HT-T01,Pre-PQ Process,SO-15950,DN-945,Haiti,PMO - US,From RDC,N/A - From RDC,Air,Pre-PQ Process,N/A - From RDC,27-Oct-08,27-Oct-08,27-Oct-08,ARV,Adult,"Efavirenz 600mg, tablets, 30 Tabs",Efavirenz,600mg,Tablet,30,8192,90112.0,11.0,0.37,Yes,9516,101348.75,144.18
11019,117-ET-T01,Pre-PQ Process,SO-22010,DN-1061,Ethiopia,PMO - US,From RDC,N/A - From RDC,Air,Pre-PQ Process,N/A - From RDC,29-Jan-09,29-Jan-09,29-Jan-09,ARV,Adult,"Tenofovir Disoproxil Fumarate 300mg [Viread], tablets, 30 Tabs",Tenofovir Disoproxil Fumarate,300mg,Tablet,30,3068,52156.0,17.0,0.57,Yes,2002,10460.94,102.23
11020,106-HT-T01,Pre-PQ Process,SO-2602,DN-1018,Haiti,PMO - US,From RDC,N/A - From RDC,Air,Pre-PQ Process,N/A - From RDC,10-Dec-08,10-Dec-08,10-Dec-08,ARV,Adult,"Lamivudine 150mg, tablets, 60 Tabs",Lamivudine,150mg,Tablet,60,8100,23571.0,2.91,0.05,Yes,404,5866.29,46.2
11021,110-ZM-T01,Pre-PQ Process,SO-2481,DN-924,Zambia,PMO - US,From RDC,N/A - From RDC,Truck,Pre-PQ Process,N/A - From RDC,29-Sep-08,29-Sep-08,29-Sep-08,ARV,Adult,"Efavirenz 600mg, tablets, 30 Tabs",Efavirenz,600mg,Tablet,30,50000,600500.0,12.01,0.4,Yes,3842,15281.81,960.8
11022,104-CI-T01,Pre-PQ Process,SO-11850,DN-988,Côte d'Ivoire,PMO - US,From RDC,N/A - From RDC,Air,Pre-PQ Process,N/A - From RDC,1-Dec-08,1-Dec-08,1-Dec-08,ARV,Adult,"Lamivudine/Zidovudine 150/300mg, tablets, 60 Tabs",Lamivudine/Zidovudine,150/300mg,Tablet - FDC,60,32256,301593.6,9.35,0.16,Yes,5589,22758.49,591.12
11023,151-NG-T01,Pre-PQ Process,SO-21780,DN-1129,Nigeria,PMO - US,From RDC,N/A - From RDC,Air,Pre-PQ Process,N/A - From RDC,24-Mar-09,24-Mar-09,24-Mar-09,ARV,Adult,"Emtricitabine/Tenofovir Disoproxil Fumarate 200/300mg [Truvada], tablets, 30 Tabs",Emtricitabine/Tenofovir Disoproxil Fumarate,300/200mg,Tablet - FDC,30,2871,75363.75,26.25,0.88,Yes,249,6443.61,147.71
11024,151-NG-T01,Pre-PQ Process,SO-21803,DN-1137,Nigeria,PMO - US,From RDC,N/A - From RDC,Air Charter,Pre-PQ Process,N/A - From RDC,19-Mar-09,19-Mar-09,19-Mar-09,ARV,Adult,"Lamivudine/Nevirapine/Zidovudine 150/200/300mg, tablets, 60 Tabs",Lamivudine/Nevirapine/Zidovudine,150/300/200mg,Tablet - FDC,60,5426,61856.4,11.4,0.19,Yes,610,Freight Included in Commodity Cost,121.24
11025,151-NG-T01,Pre-PQ Process,SO-21805,DN-1139,Nigeria,PMO - US,From RDC,N/A - From RDC,Air Charter,Pre-PQ Process,N/A - From RDC,19-Mar-09,19-Mar-09,19-Mar-09,ARV,Adult,"Lamivudine/Nevirapine/Zidovudine 150/200/300mg, tablets, 60 Tabs",Lamivudine/Nevirapine/Zidovudine,150/300/200mg,Tablet - FDC,60,49385,562989.0,11.4,0.19,Yes,5553,11492.86,1103.46
11026,104-CI-T01,Pre-PQ Process,SO-21851,DN-1128,Côte d'Ivoire,PMO - US,From RDC,N/A - From RDC,Air,Pre-PQ Process,N/A - From RDC,28-Apr-09,28-Apr-09,28-Apr-09,ARV,Adult,"Lopinavir/Ritonavir 200/50mg [Aluvia], tablets, 120 Tabs",Lopinavir/Ritonavir,200/50mg,Tablet,120,12480,512928.0,41.1,0.34,Yes,2803,8669.38,1005.34
11027,104-CI-T01,Pre-PQ Process,SO-1409,DN-1159,Côte d'Ivoire,PMO - US,From RDC,N/A - From RDC,Air,Pre-PQ Process,N/A - From RDC,20-Mar-09,20-Mar-09,20-Mar-09,ARV,Adult,"Ritonavir 100mg [Norvir], capsules, cool, 4 x 84 Caps",Ritonavir,100mg,Capsule,336,4660,31361.8,6.73,0.02,Yes,Weight Captured Separately,Invoiced Separately,61.47
11028,106-HT-T01,Pre-PQ Process,SO-2603,DN-866,Haiti,PMO - US,From RDC,N/A - From RDC,Air,Pre-PQ Process,N/A - From RDC,11-Aug-08,11-Aug-08,11-Aug-08,ARV,Pediatric,"Efavirenz 200mg, capsule, 90 Caps",Efavirenz,200mg,Capsule,90,210,3360.0,16.0,0.18,Yes,26,997.46,5.38
11030,104-CI-T01,Pre-PQ Process,SO-970,DN-1163,Côte d'Ivoire,PMO - US,From RDC,N/A - From RDC,Air,Pre-PQ Process,N/A - From RDC,23-Mar-09,23-Mar-09,23-Mar-09,ARV,Pediatric,"Lopinavir/Ritonavir 80/20mg/ml [Kaletra], oral solution, cool, Bottle 5 x 60 ml",Lopinavir/Ritonavir,80/20mg/ml,Oral solution,300,365,15001.5,41.1,0.14,Yes,Weight Captured Separately,Invoiced Separately,29.4
11031,113-ZW-T01,Pre-PQ Process,SO-18110,DN-1168,Zimbabwe,PMO - US,From RDC,N/A - From RDC,Truck,Pre-PQ Process,N/A - From RDC,27-Apr-09,27-Apr-09,27-Apr-09,ARV,Adult,"Efavirenz 600mg, tablets, 30 Tabs",Efavirenz,600mg,Tablet,30,4000,48040.0,12.01,0.4,Yes,8523,35673.58,94.16
11032,107-RW-T01,Pre-PQ Process,SO-27300,DN-1169,Rwanda,PMO - US,From RDC,N/A - From RDC,Air,Pre-PQ Process,N/A - From RDC,27-Apr-09,27-Apr-09,27-Apr-09,ARV,Adult,"Nevirapine 200mg, tablets, 60 Tabs",Nevirapine,200mg,Tablet,60,7350,22050.0,3.0,0.05,Yes,404,3366.98,43.22
11033,109-TZ-T01,Pre-PQ Process,SO-18740,DN-1180,Tanzania,PMO - US,From RDC,N/A - From RDC,Truck,Pre-PQ Process,N/A - From RDC,11-May-09,11-May-09,11-May-09,ARV,Adult,"Emtricitabine/Tenofovir Disoproxil Fumarate 200/300mg [Truvada], tablets, 30 Tabs",Emtricitabine/Tenofovir Disoproxil Fumarate,300/200mg,Tablet - FDC,30,37440,982800.0,26.25,0.88,Yes,5712,5873,1926.29
11037,102-KE-T01,Pre-PQ Process,SO-18001,DN-1189,Kenya,PMO - US,From RDC,N/A - From RDC,Truck,Pre-PQ Process,N/A - From RDC,27-Apr-09,27-Apr-09,27-Apr-09,HRDT,HIV test,"HIV 1/2, Determine Complete HIV Kit, 100 Tests","HIV 1/2, Determine Complete HIV Kit",,Test kit,100,15000,1200000.0,80.0,0.8,No,See DN-1189 (ID#:10759),See DN-1189 (ID#:10759),2352.0
11039,151-NG-T01,Pre-PQ Process,SO-22524,DN-1199,Nigeria,PMO - US,From RDC,N/A - From RDC,Air Charter,Pre-PQ Process,N/A - From RDC,8-May-09,8-May-09,8-May-09,ARV,Adult,"Lamivudine/Nevirapine/Zidovudine 150/200/300mg, tablets, 60 Tabs",Lamivudine/Nevirapine/Zidovudine,150/300/200mg,Tablet - FDC,60,69491,792197.4,11.4,0.19,Yes,7798,15128.37,1552.71
11040,105-GY-T01,Pre-PQ Process,SO-25160,DN-1213,Guyana,PMO - US,From RDC,N/A - From RDC,Air,Pre-PQ Process,N/A - From RDC,12-May-09,12-May-09,12-May-09,ARV,Adult,"Zidovudine 300mg, tablets, 60 Tabs",Zidovudine,300mg,Tablet,60,489,3770.19,7.71,0.13,Yes,28,1047.24,7.39
11041,114-UG-T01,Pre-PQ Process,SO-26150,DN-1223,Uganda,PMO - US,From RDC,N/A - From RDC,Air,Pre-PQ Process,N/A - From RDC,1-Jun-09,1-Jun-09,1-Jun-09,ARV,Adult,"Emtricitabine/Tenofovir Disoproxil Fumarate 200/300mg [Truvada], tablets, 30 Tabs",Emtricitabine/Tenofovir Disoproxil Fumarate,300/200mg,Tablet - FDC,30,260,6825.0,26.25,0.88,Yes,28,1180.71,13.38
11042,114-UG-T01,Pre-PQ Process,SO-26151,DN-1224,Uganda,PMO - US,From RDC,N/A - From RDC,Air,Pre-PQ Process,N/A - From RDC,22-May-09,22-May-09,22-May-09,ARV,Adult,"Lamivudine 150mg, tablets, 60 Tabs",Lamivudine,150mg,Tablet,60,90,219.6,2.44,0.04,Yes,5,537.32,0.43
11043,114-UG-T01,Pre-PQ Process,SO-30060,DN-1227,Uganda,PMO - US,From RDC,N/A - From RDC,Air,Pre-PQ Process,N/A - From RDC,1-Jun-09,1-Jun-09,1-Jun-09,ARV,Adult,"Lopinavir/Ritonavir 200/50mg [Aluvia], tablets, 120 Tabs",Lopinavir/Ritonavir,200/50mg,Tablet,120,100,4110.0,41.1,0.34,Yes,23,1152.63,8.06
11044,111-MZ-T01,Pre-PQ Process,SO-30440,DN-1231,Mozambique,PMO - US,From RDC,N/A - From RDC,Truck,Pre-PQ Process,N/A - From RDC,28-Jun-09,28-Jun-09,28-Jun-09,ARV,Adult,"Lamivudine 150mg, tablets, 60 Tabs",Lamivudine,150mg,Tablet,60,2106,5138.64,2.44,0.04,Yes,3545,3599.76,10.07
11045,100-GH-T01,Pre-PQ Process,SO-30700,DN-1235,Ghana,PMO - US,From RDC,N/A - From RDC,Truck,Date Not Captured,N/A - From RDC,12-Aug-09,12-Aug-09,12-Aug-09,ARV,Adult,"Stavudine 15mg, capsules, 60 Caps",Stavudine,15mg,Capsule,60,150,1.5,0.01,0.0,No,See DN-1235 (ID#:10769),See DN-1235 (ID#:10769),0.0
11046,100-SZ-T01,Pre-PQ Process,SO-30790,DN-1238,Swaziland,PMO - US,From RDC,N/A - From RDC,Air,Pre-PQ Process,N/A - From RDC,21-May-09,21-May-09,21-May-09,ARV,Adult,"Tenofovir Disoproxil Fumarate 300mg, tablets, 30 Tabs",Tenofovir Disoproxil Fumarate,300mg,Tablet,30,1250,11250.0,9.0,0.3,Yes,1787,12798.04,22.05
11047,110-ZM-T01,Pre-PQ Process,SO-17620,DN-1239,Zambia,PMO - US,From RDC,N/A - From RDC,Truck,Pre-PQ Process,N/A - From RDC,8-Jun-09,8-Jun-09,8-Jun-09,ARV,Adult,"Efavirenz 600mg, tablets, 30 Tabs",Efavirenz,600mg,Tablet,30,100000,1100000.0,11.0,0.37,Yes,7735,15922.67,2156.0
11048,112-NG-T01,Pre-PQ Process,SO-21050,DN-1244,Nigeria,PMO - US,From RDC,N/A - From RDC,Air Charter,Pre-PQ Process,N/A - From RDC,16-Jun-09,16-Jun-09,16-Jun-09,ARV,Adult,"Lamivudine/Nevirapine/Stavudine 150/200/30mg, tablets, 60 Tabs",Lamivudine/Nevirapine/Stavudine,150/200/30mg,Tablet - FDC,60,5512,39245.44,7.12,0.12,Yes,1165,7329.83,76.92
11051,153-NG-T01,Pre-PQ Process,SO-31171,DN-1260,Nigeria,PMO - US,From RDC,N/A - From RDC,Air,Pre-PQ Process,N/A - From RDC,5-Jun-09,5-Jun-09,5-Jun-09,ARV,Adult,"Lamivudine/Zidovudine 150/300mg, tablets, 60 Tabs",Lamivudine/Zidovudine,150/300mg,Tablet - FDC,60,264,2312.64,8.76,0.15,Yes,27,1012.18,4.53
11052,114-UG-T01,Pre-PQ Process,SO-31140,DN-1262,Uganda,PMO - US,From RDC,N/A - From RDC,Air,Pre-PQ Process,N/A - From RDC,1-Jun-09,1-Jun-09,1-Jun-09,ARV,Adult,"Zidovudine 300mg, tablets, 60 Tabs",Zidovudine,300mg,Tablet,60,105,809.55,7.71,0.13,Yes,6,1053.86,1.59
11053,123-NG-T01,Pre-PQ Process,SO-24482,DN-1263,Nigeria,PMO - US,From RDC,N/A - From RDC,Air Charter,Pre-PQ Process,N/A - From RDC,16-Jun-09,16-Jun-09,16-Jun-09,ARV,Adult,"Lamivudine/Nevirapine/Stavudine 150/200/30mg, tablets, 60 Tabs",Lamivudine/Nevirapine/Stavudine,150/200/30mg,Tablet - FDC,60,21765,154966.8,7.12,0.12,Yes,1984,7329.83,303.73
11055,114-UG-T01,Pre-PQ Process,SO-31360,DN-1287,Uganda,PMO - US,From RDC,N/A - From RDC,Air,Pre-PQ Process,N/A - From RDC,22-Jun-09,22-Jun-09,22-Jun-09,ARV,Adult,"Lamivudine/Nevirapine/Zidovudine 150/200/300mg, tablets, 60 Tabs",Lamivudine/Nevirapine/Zidovudine,150/300/200mg,Tablet - FDC,60,11216,127301.6,11.35,0.19,Yes,1894,13293.41,249.51
11056,151-NG-T01,Pre-PQ Process,SO-30023,DN-1292,Nigeria,PMO - US,From RDC,N/A - From RDC,Air Charter,Pre-PQ Process,N/A - From RDC,16-Jun-09,16-Jun-09,16-Jun-09,ARV,Adult,"Lamivudine/Nevirapine/Zidovudine 150/200/300mg, tablets, 60 Tabs",Lamivudine/Nevirapine/Zidovudine,150/300/200mg,Tablet - FDC,60,3994,45531.6,11.4,0.19,Yes,452,7329.83,89.24
11057,123-NG-T01,Pre-PQ Process,SO-24481,DN-1296,Nigeria,PMO - US,From RDC,N/A - From RDC,Air Charter,Pre-PQ Process,N/A - From RDC,16-Jun-09,16-Jun-09,16-Jun-09,ARV,Pediatric,"Efavirenz 200mg, capsule, 90 Caps",Efavirenz,200mg,Capsule,90,3000,45780.0,15.26,0.17,No,See DN-1296 (ID#:10779),See DN-1296 (ID#:10779),89.73
11058,105-GY-T01,Pre-PQ Process,SO-25161,DN-1302,Guyana,PMO - US,From RDC,N/A - From RDC,Air,Pre-PQ Process,N/A - From RDC,18-Jun-09,18-Jun-09,18-Jun-09,ARV,Adult,"Zidovudine 300mg, tablets, 60 Tabs",Zidovudine,300mg,Tablet,60,810,6245.1,7.71,0.13,Yes,47,1000.51,12.24
11060,104-CI-T01,Pre-PQ Process,SO-27530,DN-1313,Côte d'Ivoire,PMO - US,From RDC,N/A - From RDC,Air,Date Not Captured,N/A - From RDC,19-Aug-09,19-Aug-09,19-Aug-09,ARV,Adult,"Lamivudine/Stavudine 150/30mg, tablets, 60 Tabs",Lamivudine/Stavudine,150/30mg,Tablet - FDC,60,10480,39824.0,3.8,0.06,Yes,786,11032.42,78.06
11061,110-ZM-T01,Pre-PQ Process,SO-30311,DN-1319,Zambia,PMO - US,From RDC,N/A - From RDC,Truck,Date Not Captured,N/A - From RDC,4-Sep-09,4-Sep-09,4-Sep-09,ARV,Adult,"Efavirenz 600mg, tablets, 30 Tabs",Efavirenz,600mg,Tablet,30,37059,407649.0,11.0,0.37,Yes,2876,4506.18,798.99
11062,106-HT-T01,Pre-PQ Process,SO-32760,DN-1373,Haiti,PMO - US,From RDC,N/A - From RDC,Air,Date Not Captured,N/A - From RDC,31-Jul-09,31-Jul-09,31-Jul-09,ARV,Pediatric,"Efavirenz 50mg, capsule, 30 Caps",Efavirenz,50mg,Capsule,30,1092,2446.08,2.24,0.07,Yes,1585,6811.39,4.79
11063,106-HT-T01,Pre-PQ Process,SO-32760,DN-1373,Haiti,PMO - US,From RDC,N/A - From RDC,Air,Date Not Captured,N/A - From RDC,31-Jul-09,31-Jul-09,31-Jul-09,ARV,Pediatric,"Nevirapine 10mg/ml, oral suspension, Bottle, 240 ml",Nevirapine,10mg/ml,Oral suspension,240,2304,4423.68,1.92,0.01,No,See DN-1373 (ID#:11062),See DN-1373 (ID#:11062),8.67
11066,104-CI-T01,Pre-PQ Process,SO-32210,DN-1401,Côte d'Ivoire,PMO - US,From RDC,N/A - From RDC,Air,Date Not Captured,N/A - From RDC,8-Sep-09,8-Sep-09,8-Sep-09,ARV,Adult,"Stavudine 20mg, capsules, 60 Caps",Stavudine,20mg,Capsule,60,2052,3591.0,1.75,0.03,No,See DN-1401 (ID#:10793),See DN-1401 (ID#:10793),7.04
11067,114-UG-T01,Pre-PQ Process,SO-32960,DN-1414,Uganda,PMO - US,From RDC,N/A - From RDC,Air,Date Not Captured,N/A - From RDC,14-Sep-09,14-Sep-09,14-Sep-09,ARV,Adult,"Zidovudine 300mg, tablets, 60 Tabs",Zidovudine,300mg,Tablet,60,192,1445.76,7.53,0.13,Yes,11,1112.31,2.83
11068,114-UG-T01,Pre-PQ Process,SO-30150,DN-1426,Uganda,PMO - US,From RDC,N/A - From RDC,Air,Date Not Captured,N/A - From RDC,8-Oct-09,8-Oct-09,8-Oct-09,ARV,Adult,"Efavirenz 600mg, tablets, 30 Tabs",Efavirenz,600mg,Tablet,30,3740,26441.8,7.07,0.24,Yes,322,3054.1,51.83
11069,104-CI-T01,Pre-PQ Process,SO-33240,DN-1424,Côte d'Ivoire,PMO - US,From RDC,N/A - From RDC,Air,Date Not Captured,N/A - From RDC,28-Sep-09,28-Sep-09,28-Sep-09,ARV,Adult,"Nevirapine 200mg, tablets, 60 Tabs",Nevirapine,200mg,Tablet,60,8732,25322.8,2.9,0.05,Yes,485,7302.48,49.63
11070,151-NG-T01,Pre-PQ Process,SO-27824,DN-1443,Nigeria,PMO - US,From RDC,N/A - From RDC,Air Charter,Date Not Captured,N/A - From RDC,20-Oct-09,20-Oct-09,20-Oct-09,ARV,Adult,"Emtricitabine/Tenofovir Disoproxil Fumarate 200/300mg, tablets, 30 Tabs",Emtricitabine/Tenofovir Disoproxil Fumarate,200/300mg,Tablet - FDC,30,441,5181.75,11.75,0.39,Yes,36,9341.49,10.16
11071,104-CI-T01,Pre-PQ Process,SO-33231,DN-1460,Côte d'Ivoire,PMO - US,From RDC,N/A - From RDC,Air,Date Not Captured,N/A - From RDC,7-Oct-09,7-Oct-09,7-Oct-09,ARV,Adult,"Emtricitabine/Tenofovir Disoproxil Fumarate 200/300mg, tablets, 30 Tabs",Emtricitabine/Tenofovir Disoproxil Fumarate,200/300mg,Tablet - FDC,30,576,6768.0,11.75,0.39,Yes,47,1234.91,13.27
11072,100-LB-T01,Pre-PQ Process,SO-33890,DN-1486,Lebanon,PMO - US,From RDC,N/A - From RDC,Air,Date Not Captured,N/A - From RDC,18-Nov-09,18-Nov-09,18-Nov-09,ARV,Adult,"Saquinavir 200mg [Invirase], capsules, 270 Caps",Saquinavir,200mg,Capsule,270,200,2.0,0.01,0.0,Yes,Weight Captured Separately,Invoiced Separately,0.0
11073,100-LB-T01,Pre-PQ Process,SO-33900,DN-1487,Lebanon,PMO - US,From RDC,N/A - From RDC,Air,Date Not Captured,N/A - From RDC,18-Nov-09,18-Nov-09,18-Nov-09,ARV,Adult,"Abacavir 300mg, tablets, 60 Tabs",Abacavir,300mg,Tablet,60,100,1.0,0.01,0.0,Yes,Weight Captured Separately,Invoiced Separately,0.0
11074,100-LB-T01,Pre-PQ Process,SO-33910,DN-1488,Lebanon,PMO - US,From RDC,N/A - From RDC,Air,Date Not Captured,N/A - From RDC,24-Nov-09,24-Nov-09,24-Nov-09,ARV,Adult,"Lamivudine/Zidovudine 150/300mg, tablets, 60 Tabs",Lamivudine/Zidovudine,150/300mg,Tablet - FDC,60,42,0.42,0.01,0.0,Yes,Weight Captured Separately,Invoiced Separately,0.0
11075,110-ZM-T01,Pre-PQ Process,SO-29031,DN-1498,Zambia,PMO - US,From RDC,N/A - From RDC,Truck,Date Not Captured,N/A - From RDC,29-Oct-09,29-Oct-09,29-Oct-09,ARV,Adult,"Efavirenz 600mg, tablets, 30 Tabs",Efavirenz,600mg,Tablet,30,34036,196728.08,5.78,0.19,Yes,2901,4897.42,424.15
11076,111-MZ-T01,Pre-PQ Process,SO-32571,DN-1532,Mozambique,PMO - US,From RDC,N/A - From RDC,Air,Date Not Captured,N/A - From RDC,11-Dec-09,11-Dec-09,11-Dec-09,ARV,Adult,"Lamivudine/Stavudine 150/30mg, tablets, 60 Tabs",Lamivudine/Stavudine,150/30mg,Tablet - FDC,60,2510,9789.0,3.9,0.06,Yes,190,1317.4,21.11
11077,151-NG-T30,Pre-PQ Process,SO-35150,DN-1594,Nigeria,PMO - US,From RDC,N/A - From RDC,Air Charter,Date Not Captured,N/A - From RDC,18-Dec-09,18-Dec-09,18-Dec-09,ARV,Adult,"Lamivudine/Nevirapine/Zidovudine 150/200/300mg, tablets, 60 Tabs",Lamivudine/Nevirapine/Zidovudine,150/300/200mg,Tablet - FDC,60,3,34.2,11.4,0.19,Yes,1,Freight Included in Commodity Cost,0.07
11078,111-MZ-T01,Pre-PQ Process,SO-33430,DN-1529,Mozambique,PMO - US,From RDC,N/A - From RDC,Air,Date Not Captured,N/A - From RDC,23-Feb-10,23-Feb-10,23-Feb-10,ARV,Adult,"Nevirapine 200mg, tablets, 60 Tabs",Nevirapine,200mg,Tablet,60,1788,5721.6,3.2,0.05,Yes,205,1380.45,12.34
11079,151-NG-T30,Pre-PQ Process,SO-35330,DN-1615,Nigeria,PMO - US,From RDC,N/A - From RDC,Air,Date Not Captured,N/A - From RDC,19-Feb-10,22-Jan-10,22-Jan-10,ARV,Adult,"Emtricitabine/Tenofovir Disoproxil Fumarate 200/300mg, tablets, 30 Tabs",Emtricitabine/Tenofovir Disoproxil Fumarate,200/300mg,Tablet - FDC,30,5,58.75,11.75,0.39,Yes,1,19480.97,0.13
11086,100-CI-T01,Pre-PQ Process,SO-283,DN-16,Côte d'Ivoire,PMO - US,From RDC,N/A - From RDC,,Pre-PQ Process,N/A - From RDC,22-Feb-07,22-Feb-07,22-Feb-07,ARV,Adult,"Efavirenz 600mg, tablets, 30 Tabs",Efavirenz,600mg,Tablet,30,4350,70687.5,16.25,0.54,No,See DN-16 (ID#:10540),See DN-16 (ID#:10540),
11088,100-CI-T01,Pre-PQ Process,SO-283,DN-26,Côte d'Ivoire,PMO - US,From RDC,N/A - From RDC,,Pre-PQ Process,N/A - From RDC,22-Feb-07,8-Mar-07,8-Mar-07,ARV,Adult,"Efavirenz 600mg, tablets, 30 Tabs",Efavirenz,600mg,Tablet,30,3024,49140.0,16.25,0.54,Yes,275,1448,
11089,111-MZ-T01,Pre-PQ Process,SO-324,DN-17,Mozambique,PMO - US,From RDC,N/A - From RDC,Air,Pre-PQ Process,N/A - From RDC,9-Jan-07,9-Jan-07,9-Jan-07,ARV,Adult,"Lamivudine/Zidovudine+Abacavir 150/300+300mg, tablets, co-blister, 60+60 Tabs",Lamivudine/Zidovudine+Abacavir,150/300+300mg,Tablet - FDC + co-blister,120,1217,69429.85,57.05,0.48,No,See DN-17 (ID#:10541),See DN-17 (ID#:10541),
11090,111-MZ-T01,Pre-PQ Process,SO-324,DN-17,Mozambique,PMO - US,From RDC,N/A - From RDC,Air,Pre-PQ Process,N/A - From RDC,9-Jan-07,9-Jan-07,9-Jan-07,ARV,Adult,"Lamivudine/Zidovudine 150/300mg, tablets, 60 Tabs",Lamivudine/Zidovudine,150/300mg,Tablet - FDC,60,6156,68577.84,11.14,0.19,No,See DN-17 (ID#:10541),See DN-17 (ID#:10541),
11091,100-CI-T01,Pre-PQ Process,SO-373,DN-30,Côte d'Ivoire,PMO - US,From RDC,N/A - From RDC,,Pre-PQ Process,N/A - From RDC,15-Mar-07,15-Mar-07,15-Mar-07,ARV,Adult,"Tenofovir Disoproxil Fumarate 300mg [Viread], tablets, 30 Tabs",Tenofovir Disoproxil Fumarate,300mg,Tablet,30,528,8976.0,17.0,0.57,Yes,368,1619,
11092,100-CI-T01,Pre-PQ Process,SO-373,DN-30,Côte d'Ivoire,PMO - US,From RDC,N/A - From RDC,,Pre-PQ Process,N/A - From RDC,15-Mar-07,15-Mar-07,15-Mar-07,ARV,Adult,"Saquinavir 200mg [Invirase], capsules, 270 Caps",Saquinavir,200mg,Capsule,270,482,37596.0,78.0,0.29,No,See DN-30 (ID#:11091),See DN-30 (ID#:11091),
11095,107-RW-T01,Pre-PQ Process,SO-239,DN-70,Rwanda,PMO - US,From RDC,N/A - From RDC,Air,Pre-PQ Process,N/A - From RDC,10-Apr-07,10-Apr-07,10-Apr-07,HRDT,HIV test,"HIV 1/2, Capillus HIV Kit, 100 Tests","HIV 1/2, Capillus HIV Kit",,Test kit,100,60,8340.0,139.0,1.39,Yes,353,3684.6,
11096,100-BW-T01,Pre-PQ Process,SO-425,DN-91,Botswana,PMO - US,From RDC,N/A - From RDC,,Pre-PQ Process,N/A - From RDC,27-Apr-07,27-Apr-07,27-Apr-07,HRDT,HIV test,"HIV 1/2, Determine Complete HIV Kit, 100 Tests","HIV 1/2, Determine Complete HIV Kit",,Test kit,100,100,8000.0,80.0,0.8,Yes,32,695.23,
11097,112-NG-T01,Pre-PQ Process,SO-340,DN-72,Nigeria,PMO - US,From RDC,N/A - From RDC,,Pre-PQ Process,N/A - From RDC,17-Apr-07,17-Apr-07,17-Apr-07,ARV,Adult,"Stavudine 30mg, capsules, 60 Caps",Stavudine,30mg,Capsule,60,1260,2016.0,1.6,0.03,Yes,988,4251,
11099,113-ZW-T01,Pre-PQ Process,SO-337,DN-115,Zimbabwe,PMO - US,From RDC,N/A - From RDC,,Pre-PQ Process,N/A - From RDC,26-Apr-07,26-Apr-07,26-Apr-07,ARV,Adult,"Lopinavir/Ritonavir 200/50mg [Aluvia], tablets, 120 Tabs",Lopinavir/Ritonavir,200/50mg,Tablet,120,400,16440.0,41.1,0.34,Yes,87,907.41,
11100,110-ZM-T01,Pre-PQ Process,SO-310,DN-122,Zambia,PMO - US,From RDC,N/A - From RDC,,Pre-PQ Process,N/A - From RDC,4-May-07,4-May-07,4-May-07,ARV,Adult,"Abacavir 300mg, tablets, 60 Tabs",Abacavir,300mg,Tablet,60,1000,35800.0,35.8,0.6,Yes,4436,18375.7,
11101,110-ZM-T01,Pre-PQ Process,SO-310,DN-122,Zambia,PMO - US,From RDC,N/A - From RDC,,Pre-PQ Process,N/A - From RDC,4-May-07,4-May-07,4-May-07,ARV,Adult,"Efavirenz 600mg, tablets, 30 Tabs",Efavirenz,600mg,Tablet,30,50112,814821.12,16.26,0.54,No,See DN-122 (ID#:11100),See DN-122 (ID#:11100),
11102,100-CI-T01,Pre-PQ Process,SO-392,DN-53,Côte d'Ivoire,PMO - US,From RDC,N/A - From RDC,,Pre-PQ Process,N/A - From RDC,4-May-07,4-May-07,4-May-07,ARV,Adult,"Efavirenz 600mg, tablets, 30 Tabs",Efavirenz,600mg,Tablet,30,10000,162500.0,16.25,0.54,Yes,901,3006,
11105,112-NG-T01,Pre-PQ Process,SO-329,DN-132,Nigeria,PMO - US,From RDC,N/A - From RDC,,Pre-PQ Process,N/A - From RDC,23-May-07,23-May-07,23-May-07,ARV,Adult,"Lamivudine/Zidovudine+Nevirapine 150/300+200mg, tablets, co-blister, 60+60 Tabs",Lamivudine/Zidovudine+Nevirapine,150/300+200mg,Tablet - FDC + co-blister,120,5709,117034.5,20.5,0.17,Yes,1238,6433.28,
11107,111-MZ-T01,Pre-PQ Process,SO-545,DN-137,Mozambique,PMO - US,From RDC,N/A - From RDC,Air,Pre-PQ Process,N/A - From RDC,1-Jun-07,1-Jun-07,1-Jun-07,ARV,Adult,"Efavirenz 600mg, tablets, 30 Tabs",Efavirenz,600mg,Tablet,30,25003,418800.25,16.75,0.56,Yes,2177,2912.01,
11109,111-MZ-T01,Pre-PQ Process,SO-293,DN-44,Mozambique,PMO - US,From RDC,N/A - From RDC,Air,Pre-PQ Process,N/A - From RDC,17-Apr-07,17-Apr-07,17-Apr-07,ARV,Pediatric,"Abacavir 20mg/ml, oral solution, Bottle, 240 ml",Abacavir,20mg/ml,Oral solution,240,460,9683.0,21.05,0.09,No,See DN-44 (ID#:10549),See DN-44 (ID#:10549),
11112,100-BW-T01,Pre-PQ Process,SO-426,DN-84,Botswana,PMO - US,From RDC,N/A - From RDC,,Pre-PQ Process,N/A - From RDC,27-Apr-07,27-Apr-07,27-Apr-07,HRDT,HIV test,"HIV 1/2, OraQuick Advance HIV Rapid Antibody Kit, 100 Tests","HIV 1/2, OraQuick Advance HIV Rapid Antibody Kit",,Test kit,100,30,12000.0,400.0,4.0,Yes,72,947.05,
11113,100-CI-T01,Pre-PQ Process,SO-394,DN-61,Côte d'Ivoire,PMO - US,From RDC,N/A - From RDC,,Pre-PQ Process,N/A - From RDC,4-May-07,4-May-07,4-May-07,ARV,Adult,"Lamivudine/Zidovudine 150/300mg, tablets, 60 Tabs",Lamivudine/Zidovudine,150/300mg,Tablet - FDC,60,10000,102500.0,10.25,0.17,Yes,980,3179,
11114,110-ZM-T01,Pre-PQ Process,SO-211,DN-104,Zambia,PMO - US,From RDC,N/A - From RDC,,Pre-PQ Process,N/A - From RDC,3-May-07,3-May-07,3-May-07,ARV,Adult,"Lamivudine/Zidovudine 150/300mg, tablets, 60 Tabs",Lamivudine/Zidovudine,150/300mg,Tablet - FDC,60,50549,518127.25,10.25,0.17,Yes,4680,19288.91,
11115,111-MZ-T01,Pre-PQ Process,SO-500,DN-152,Mozambique,PMO - US,From RDC,N/A - From RDC,Air,Pre-PQ Process,N/A - From RDC,8-Jun-07,8-Jun-07,8-Jun-07,ARV,Adult,"Abacavir 300mg, tablets, 60 Tabs",Abacavir,300mg,Tablet,60,4444,159095.2,35.8,0.6,Yes,633,Freight Included in Commodity Cost,
11117,104-CI-T01,Pre-PQ Process,SO-586,DN-194,Côte d'Ivoire,PMO - US,From RDC,N/A - From RDC,,Pre-PQ Process,N/A - From RDC,28-Jun-07,28-Jun-07,28-Jun-07,ARV,Adult,"Lopinavir/Ritonavir 200/50mg [Aluvia], tablets, 120 Tabs",Lopinavir/Ritonavir,200/50mg,Tablet,120,4000,164400.0,41.1,0.34,Yes,1015,3256,263.04
11118,104-CI-T01,Pre-PQ Process,SO-586,DN-194,Côte d'Ivoire,PMO - US,From RDC,N/A - From RDC,,Pre-PQ Process,N/A - From RDC,28-Jun-07,28-Jun-07,28-Jun-07,ARV,Adult,"Abacavir 300mg, tablets, 60 Tabs",Abacavir,300mg,Tablet,60,2000,71600.0,35.8,0.6,No,See DN-194 (ID#:11117),See DN-194 (ID#:11117),114.56
11119,104-CI-T01,Pre-PQ Process,SO-625,DN-166,Côte d'Ivoire,PMO - US,From RDC,N/A - From RDC,,Pre-PQ Process,N/A - From RDC,21-Jun-07,21-Jun-07,21-Jun-07,ARV,Adult,"Indinavir 400mg [Crixivan], capsules, 180 Caps",Indinavir,400mg,Capsule,180,4402,220100.0,50.0,0.28,Yes,994,3501,
11122,104-CI-T01,Pre-PQ Process,SO-687,DN-206,Côte d'Ivoire,PMO - US,From RDC,N/A - From RDC,Air,Pre-PQ Process,N/A - From RDC,10-Jul-07,10-Jul-07,10-Jul-07,ARV,Pediatric,"Efavirenz 50mg, capsule, 30 Caps",Efavirenz,50mg,Capsule,30,4515,10113.6,2.24,0.07,Yes,259,1574,16.18
11128,110-ZM-T01,Pre-PQ Process,SO-209,DN-205,Zambia,PMO - US,From RDC,N/A - From RDC,,Pre-PQ Process,N/A - From RDC,20-Jun-07,20-Jun-07,20-Jun-07,ARV,Adult,"Lamivudine/Zidovudine 150/300mg, tablets, 60 Tabs",Lamivudine/Zidovudine,150/300mg,Tablet - FDC,60,66370,680292.5,10.25,0.17,Yes,6243,25729.7,1088.47
11130,104-CI-T01,Pre-PQ Process,SO-560,DN-146,Côte d'Ivoire,PMO - US,From RDC,N/A - From RDC,,Pre-PQ Process,N/A - From RDC,16-May-07,16-May-07,16-May-07,ARV,Adult,"Abacavir 300mg, tablets, 60 Tabs",Abacavir,300mg,Tablet,60,1200,42960.0,35.8,0.6,No,See DN-146 (ID#:10834),See DN-146 (ID#:10834),
11133,112-NG-T01,Pre-PQ Process,SO-663,DN-190,Nigeria,PMO - US,From RDC,N/A - From RDC,,Pre-PQ Process,N/A - From RDC,26-Jun-07,26-Jun-07,26-Jun-07,ARV,Adult,"Stavudine 30mg, capsules, 60 Caps",Stavudine,30mg,Capsule,60,700,1064.0,1.52,0.03,No,See DN-190 (ID#:10570),See DN-190 (ID#:10570),1.7
11135,111-MZ-T01,Pre-PQ Process,SO-580,DN-208,Mozambique,PMO - US,From RDC,N/A - From RDC,Air,Pre-PQ Process,N/A - From RDC,12-Jul-07,12-Jul-07,12-Jul-07,ARV,Pediatric,"Abacavir 20mg/ml, oral solution, Bottle, 240 ml",Abacavir,20mg/ml,Oral solution,240,397,8356.85,21.05,0.09,Yes,141,411.07,13.37
11136,112-NG-T01,Pre-PQ Process,SO-563,DN-209,Nigeria,PMO - US,From RDC,N/A - From RDC,,Pre-PQ Process,N/A - From RDC,3-Jul-07,3-Jul-07,3-Jul-07,ARV,Adult,"Lamivudine/Nevirapine/Stavudine 150/200/30mg, tablets, 60 Tabs",Lamivudine/Nevirapine/Stavudine,150/200/30mg,Tablet - FDC,60,1319,9892.5,7.5,0.12,Yes,1656,8331.36,15.83
11137,112-NG-T01,Pre-PQ Process,SO-563,DN-209,Nigeria,PMO - US,From RDC,N/A - From RDC,,Pre-PQ Process,N/A - From RDC,3-Jul-07,3-Jul-07,3-Jul-07,ARV,Adult,"Lamivudine/Nevirapine/Stavudine 150/200/40mg, tablets, 60 Tabs",Lamivudine/Nevirapine/Stavudine,150/200/40mg,Tablet - FDC,60,1018,7838.6,7.7,0.13,No,See DN-209 (ID#:11136),See DN-209 (ID#:11136),12.54
11138,109-TZ-T01,Pre-PQ Process,SO-441,DN-246,Tanzania,PMO - US,From RDC,N/A - From RDC,Air,Pre-PQ Process,N/A - From RDC,13-Aug-07,13-Aug-07,13-Aug-07,ARV,Adult,"Lopinavir/Ritonavir 200/50mg [Aluvia], tablets, 120 Tabs",Lopinavir/Ritonavir,200/50mg,Tablet,120,3000,123300.0,41.1,0.34,Yes,1422,4198,197.28
11139,109-TZ-T01,Pre-PQ Process,SO-496,DN-247,Tanzania,PMO - US,From RDC,N/A - From RDC,Air,Pre-PQ Process,N/A - From RDC,30-Jul-07,30-Jul-07,30-Jul-07,ARV,Adult,"Ritonavir 100mg [Norvir], capsules, cool, 4 x 84 Caps",Ritonavir,100mg,Capsule,336,157,6022.52,38.36,0.11,Yes,547,2094,9.64
11140,104-CI-T01,Pre-PQ Process,SO-701,DN-271,Côte d'Ivoire,PMO - US,From RDC,N/A - From RDC,,Pre-PQ Process,N/A - From RDC,14-Aug-07,14-Aug-07,14-Aug-07,ARV,Adult,"Lamivudine/Stavudine 150/30mg, tablets, 30 Tabs",Lamivudine/Stavudine,150/30mg,Tablet - FDC,30,86821,173642.0,2.0,0.07,Yes,5697,14893,277.83
11141,104-CI-T01,Pre-PQ Process,SO-817,DN-274,Côte d'Ivoire,PMO - US,From RDC,N/A - From RDC,,Pre-PQ Process,N/A - From RDC,14-Aug-07,14-Aug-07,14-Aug-07,ARV,Adult,"Lamivudine/Nevirapine/Stavudine 150/200/30mg, tablets, 60 Tabs",Lamivudine/Nevirapine/Stavudine,150/200/30mg,Tablet - FDC,60,32436,243270.0,7.5,0.12,Yes,3203,8258,389.23
11142,100-HT-T01,Pre-PQ Process,SO-831,DN-278,Haiti,PMO - US,From RDC,N/A - From RDC,Air,Pre-PQ Process,N/A - From RDC,7-Aug-07,7-Aug-07,7-Aug-07,HRDT,HIV test,"HIV 1/2, Capillus HIV Kit, 100 Tests","HIV 1/2, Capillus HIV Kit",,Test kit,100,75,10425.0,139.0,1.39,Yes,50,791.84,16.68
11144,111-MZ-T01,Pre-PQ Process,SO-502,DN-282,Mozambique,PMO - US,From RDC,N/A - From RDC,Air,Pre-PQ Process,N/A - From RDC,10-Oct-07,10-Oct-07,10-Oct-07,ARV,Pediatric,"Efavirenz 200mg, capsule, 90 Caps",Efavirenz,200mg,Capsule,90,400,6780.0,16.95,0.19,Yes,3340,3438.84,10.85
11146,107-RW-T01,Pre-PQ Process,SO-756,DN-238,Rwanda,PMO - US,From RDC,N/A - From RDC,Air,Pre-PQ Process,N/A - From RDC,16-Jul-07,16-Jul-07,16-Jul-07,HRDT,HIV test,"HIV 1/2, Capillus HIV Kit, 100 Tests","HIV 1/2, Capillus HIV Kit",,Test kit,100,150,20850.0,139.0,1.39,Yes,130,1676.91,33.36
11147,104-CI-T01,Pre-PQ Process,SO-529,DN-250,Côte d'Ivoire,PMO - US,From RDC,N/A - From RDC,,Pre-PQ Process,N/A - From RDC,27-Jul-07,27-Jul-07,27-Jul-07,HRDT,HIV test,"HIV 2, New LAV Blot 2 HIV Kit, 18 Tests","HIV 2, New LAV Blot 2 HIV Kit",,Test kit,18,12,3698.04,308.17,17.12,Yes,46,1607,5.92
11151,104-CI-T01,Pre-PQ Process,SO-922,DN-318,Côte d'Ivoire,PMO - US,From RDC,N/A - From RDC,,Pre-PQ Process,N/A - From RDC,10-Sep-07,10-Sep-07,10-Sep-07,ARV,Adult,"Efavirenz 600mg, tablets, 30 Tabs",Efavirenz,600mg,Tablet,30,25037,407101.62,16.26,0.54,Yes,2213,18101.32,651.36
11153,109-TZ-T01,Pre-PQ Process,SO-456,DN-291,Tanzania,PMO - US,From RDC,N/A - From RDC,Air,Pre-PQ Process,N/A - From RDC,29-Aug-07,29-Aug-07,29-Aug-07,ARV,Adult,"Efavirenz 600mg, tablets, 30 Tabs",Efavirenz,600mg,Tablet,30,23814,387215.64,16.26,0.54,Yes,2102,5834,619.55
11154,111-MZ-T01,Pre-PQ Process,SO-298,DN-304,Mozambique,PMO - US,From RDC,N/A - From RDC,Air,Pre-PQ Process,N/A - From RDC,21-Sep-07,21-Sep-07,21-Sep-07,ARV,Pediatric,"Efavirenz 200mg, capsule, 90 Caps",Efavirenz,200mg,Capsule,90,271,4593.45,16.95,0.19,No,See DN-304 (ID#:10589),See DN-304 (ID#:10589),7.35
11156,114-UG-T01,Pre-PQ Process,SO-896,DN-297,Uganda,PMO - US,From RDC,N/A - From RDC,,Pre-PQ Process,N/A - From RDC,17-Oct-07,17-Oct-07,17-Oct-07,ARV,Adult,"Stavudine 30mg, capsules, 60 Caps",Stavudine,30mg,Capsule,60,294,446.88,1.52,0.03,Yes,14,632.6,0.72
11160,114-UG-T01,Pre-PQ Process,SO-1080,DN-362,Uganda,PMO - US,From RDC,N/A - From RDC,Air,Pre-PQ Process,N/A - From RDC,5-Nov-07,5-Nov-07,5-Nov-07,ARV,Adult,"Efavirenz 600mg, tablets, 30 Tabs",Efavirenz,600mg,Tablet,30,1717,21325.14,12.42,0.41,No,See DN-362 (ID#:10600),See DN-362 (ID#:10600),34.12
11161,110-ZM-T01,Pre-PQ Process,SO-940,DN-366,Zambia,PMO - US,From RDC,N/A - From RDC,,Pre-PQ Process,N/A - From RDC,27-Sep-07,27-Sep-07,27-Sep-07,ARV,Adult,"Nevirapine 200mg, tablets, 60 Tabs",Nevirapine,200mg,Tablet,60,85000,289000.0,3.4,0.06,Yes,14311,63886.29,462.4
11162,110-ZM-T01,Pre-PQ Process,SO-940,DN-366,Zambia,PMO - US,From RDC,N/A - From RDC,,Pre-PQ Process,N/A - From RDC,27-Sep-07,27-Sep-07,27-Sep-07,ARV,Adult,"Efavirenz 600mg, tablets, 30 Tabs",Efavirenz,600mg,Tablet,30,69783,1360768.5,19.5,0.65,No,See DN-366 (ID#:11161),See DN-366 (ID#:11161),2177.23
11173,111-MZ-T01,Pre-PQ Process,SO-924,DN-344,Mozambique,PMO - US,From RDC,N/A - From RDC,Air,Pre-PQ Process,N/A - From RDC,5-Oct-07,5-Oct-07,5-Oct-07,ARV,Adult,"Lamivudine 150mg, tablets, 60 Tabs",Lamivudine,150mg,Tablet,60,200,608.0,3.04,0.05,Yes,4241,25442,0.97
11174,117-ET-T01,Pre-PQ Process,SO-914,DN-332,Ethiopia,PMO - US,From RDC,N/A - From RDC,,Pre-PQ Process,N/A - From RDC,4-Sep-07,4-Sep-07,4-Sep-07,ARV,Adult,"Lamivudine 150mg, tablets, 60 Tabs",Lamivudine,150mg,Tablet,60,60029,182488.16,3.04,0.05,No,See DN-332 (ID#:10613),See DN-332 (ID#:10613),291.98
11175,104-CI-T01,Pre-PQ Process,SO-972,DN-327,Côte d'Ivoire,PMO - US,From RDC,N/A - From RDC,,Pre-PQ Process,N/A - From RDC,10-Sep-07,10-Sep-07,10-Sep-07,ARV,Pediatric,"Zidovudine 10mg/ml, oral solution, Bottle, 240 ml",Zidovudine,10mg/ml,Oral solution,240,4286,9214.9,2.15,0.01,No,See DN-327 (ID#:10883),See DN-327 (ID#:10883),14.74
11177,110-ZM-T01,Pre-PQ Process,SO-753,DN-395,Zambia,PMO - US,From RDC,N/A - From RDC,,Pre-PQ Process,N/A - From RDC,2-Nov-07,2-Nov-07,2-Nov-07,ARV,Pediatric,"Efavirenz 200mg, capsule, 90 Caps",Efavirenz,200mg,Capsule,90,2324,37184.0,16.0,0.18,No,See DN-395 (ID#:10887),See DN-395 (ID#:10887),59.49
11186,104-CI-T01,Pre-PQ Process,SO-1113,DN-385,Côte d'Ivoire,PMO - US,From RDC,N/A - From RDC,Air,Pre-PQ Process,N/A - From RDC,22-Oct-07,22-Oct-07,22-Oct-07,HRDT,HIV test,"HIV 1/2, Determine HIV Kit, without Lancets, 100 Tests","HIV 1/2, Determine HIV Kit, without Lancets",,Test kit,100,595,42834.05,71.99,0.72,Yes,200,1642,68.53
11187,110-ZM-T01,Pre-PQ Process,SO-317,DN-387,Zambia,PMO - US,From RDC,N/A - From RDC,,Pre-PQ Process,N/A - From RDC,29-Oct-07,29-Oct-07,29-Oct-07,ARV,Adult,"Lamivudine/Zidovudine 150/300mg, tablets, 60 Tabs",Lamivudine/Zidovudine,150/300mg,Tablet - FDC,60,40761,435327.48,10.68,0.18,Yes,4221,17549.81,696.52
11188,110-ZM-T01,Pre-PQ Process,SO-572,DN-388,Zambia,PMO - US,From RDC,N/A - From RDC,,Pre-PQ Process,N/A - From RDC,9-Nov-07,9-Nov-07,9-Nov-07,ARV,Adult,"Nevirapine 200mg, tablets, 60 Tabs",Nevirapine,200mg,Tablet,60,52864,188724.48,3.57,0.06,Yes,5989,19590.04,301.96
11189,113-ZW-T01,Pre-PQ Process,SO-281,DN-392,Zimbabwe,PMO - US,From RDC,N/A - From RDC,,Pre-PQ Process,N/A - From RDC,22-Oct-07,22-Oct-07,22-Oct-07,ARV,Adult,"Nevirapine 200mg, tablets, 60 Tabs",Nevirapine,200mg,Tablet,60,500,1835.0,3.67,0.06,Yes,47,707.4,2.94
11191,112-NG-T01,Pre-PQ Process,SO-1224,DN-410,Nigeria,PMO - US,From RDC,N/A - From RDC,Air,Pre-PQ Process,N/A - From RDC,4-Dec-07,4-Dec-07,4-Dec-07,ARV,Pediatric,"Efavirenz 200mg, capsule, 90 Caps",Efavirenz,200mg,Capsule,90,400,6400.0,16.0,0.18,Yes,38,1161.13,10.24
11192,111-MZ-T01,Pre-PQ Process,SO-992,DN-427,Mozambique,PMO - US,From RDC,N/A - From RDC,Air,Pre-PQ Process,N/A - From RDC,22-Nov-07,22-Nov-07,22-Nov-07,ARV,Adult,"Lamivudine/Stavudine 150/30mg, tablets, 30 Tabs",Lamivudine/Stavudine,150/30mg,Tablet - FDC,30,24140,48280.0,2.0,0.07,Yes,1434,3682.34,77.25
11194,104-CI-T01,Pre-PQ Process,SO-1245,DN-423,Côte d'Ivoire,PMO - US,From RDC,N/A - From RDC,Air,Pre-PQ Process,N/A - From RDC,13-Nov-07,13-Nov-07,13-Nov-07,ARV,Adult,"Abacavir/Lamivudine/Zidovudine 300/150/300mg [Trizivir], tablets, 60 Tabs",Abacavir/Lamivudine/Zidovudine,300/150/300mg,Tablet - FDC,60,3300,146850.0,44.5,0.74,Yes,2143,10137.04,234.96
11195,110-ZM-T01,Pre-PQ Process,SO-1317,DN-605,Zambia,PMO - US,From RDC,N/A - From RDC,Truck,Pre-PQ Process,N/A - From RDC,21-Feb-08,21-Feb-08,21-Feb-08,ARV,Adult,"Nevirapine 200mg, tablets, 60 Tabs",Nevirapine,200mg,Tablet,60,9943,33806.2,3.4,0.06,No,See DN-605 (ID#:10636),See DN-605 (ID#:10636),54.09
11196,110-ZM-T01,Pre-PQ Process,SO-1419,DN-606,Zambia,PMO - US,From RDC,N/A - From RDC,Air,Pre-PQ Process,N/A - From RDC,20-Feb-08,20-Feb-08,20-Feb-08,ARV,Pediatric,"Efavirenz 200mg, capsule, 90 Caps",Efavirenz,200mg,Capsule,90,900,14400.0,16.0,0.18,Yes,109,919.66,23.04
11197,111-MZ-T01,Pre-PQ Process,SO-1039,DN-603,Mozambique,PMO - US,From RDC,N/A - From RDC,Air,Pre-PQ Process,N/A - From RDC,8-Apr-08,8-Apr-08,8-Apr-08,ARV,Adult,"Lamivudine/Stavudine 150/30mg, tablets, 30 Tabs",Lamivudine/Stavudine,150/30mg,Tablet - FDC,30,50000,100000.0,2.0,0.07,Yes,3584,8405.91,160.0
11198,114-UG-T01,Pre-PQ Process,SO-1300,DN-435,Uganda,PMO - US,From RDC,N/A - From RDC,Air,Pre-PQ Process,N/A - From RDC,10-Dec-07,10-Dec-07,10-Dec-07,ARV,Adult,"Lamivudine/Nevirapine/Zidovudine 150/200/300mg, tablets, 60 Tabs",Lamivudine/Nevirapine/Zidovudine,150/300/200mg,Tablet - FDC,60,3930,80565.0,20.5,0.34,No,See DN-435 (ID#:10908),See DN-435 (ID#:10908),128.9
11200,104-CI-T01,Pre-PQ Process,SO-1145,DN-440,Côte d'Ivoire,PMO - US,From RDC,N/A - From RDC,Air,Pre-PQ Process,N/A - From RDC,29-Nov-07,29-Nov-07,29-Nov-07,ARV,Adult,"Stavudine 30mg, capsules, 60 Caps",Stavudine,30mg,Capsule,60,14000,24500.0,1.75,0.03,Yes,989,3452,39.2
11201,104-CI-T01,Pre-PQ Process,SO-1145,DN-440,Côte d'Ivoire,PMO - US,From RDC,N/A - From RDC,Air,Pre-PQ Process,N/A - From RDC,29-Nov-07,29-Nov-07,29-Nov-07,ARV,Adult,"Stavudine 30mg, capsules, 60 Caps",Stavudine,30mg,Capsule,60,3996,6993.0,1.75,0.03,No,See DN-440 (ID#:11200),See DN-440 (ID#:11200),11.19
11202,104-CI-T01,Pre-PQ Process,SO-1103,DN-442,Côte d'Ivoire,PMO - US,From RDC,N/A - From RDC,Air,Pre-PQ Process,N/A - From RDC,22-Nov-07,22-Nov-07,22-Nov-07,ARV,Pediatric,"Efavirenz 30mg/ml [Stocrin/Sustiva], oral solution, Bottle, 180 ml",Efavirenz,30mg/ml,Oral solution,180,4077,69186.69,16.97,0.09,Yes,1554,4963,110.7
11203,106-HT-T01,Pre-PQ Process,SO-1288,DN-445,Haiti,PMO - US,From RDC,N/A - From RDC,Air,Pre-PQ Process,N/A - From RDC,22-Jan-08,22-Jan-08,22-Jan-08,ARV,Pediatric,"Efavirenz 50mg, capsule, 30 Caps",Efavirenz,50mg,Capsule,30,100,224.0,2.24,0.07,No,See DN-445 (ID#:10640),See DN-445 (ID#:10640),0.36
11204,104-CI-T01,Pre-PQ Process,SO-604,DN-446,Côte d'Ivoire,PMO - US,From RDC,N/A - From RDC,Air,Pre-PQ Process,N/A - From RDC,30-Nov-07,30-Nov-07,30-Nov-07,ARV,Adult,"Abacavir/Lamivudine/Zidovudine 300/150/300mg [Trizivir], tablets, 60 Tabs",Abacavir/Lamivudine/Zidovudine,300/150/300mg,Tablet - FDC,60,995,69650.0,70.0,1.17,Yes,219,1392,111.44
11205,104-CI-T01,Pre-PQ Process,SO-1298,DN-451,Côte d'Ivoire,PMO - US,From RDC,N/A - From RDC,Air,Pre-PQ Process,N/A - From RDC,17-Jan-08,17-Jan-08,17-Jan-08,ARV,Adult,"Lopinavir/Ritonavir 200/50mg [Aluvia], tablets, 120 Tabs",Lopinavir/Ritonavir,200/50mg,Tablet,120,993,40812.3,41.1,0.34,Yes,217,3499.1,65.3
11206,110-ZM-T01,Pre-PQ Process,SO-1084,DN-453,Zambia,PMO - US,From RDC,N/A - From RDC,,Pre-PQ Process,N/A - From RDC,6-Dec-07,6-Dec-07,6-Dec-07,ARV,Adult,"Efavirenz 600mg, tablets, 30 Tabs",Efavirenz,600mg,Tablet,30,96,1872.0,19.5,0.65,Yes,5,636.52,3.0
11207,110-ZM-T01,Pre-PQ Process,SO-1429,DN-470,Zambia,PMO - US,From RDC,N/A - From RDC,Air,Pre-PQ Process,N/A - From RDC,26-Nov-07,26-Nov-07,26-Nov-07,ARV,Adult,"Efavirenz 600mg, tablets, 30 Tabs",Efavirenz,600mg,Tablet,30,84,1043.28,12.42,0.41,Yes,Weight Captured Separately,Invoiced Separately,1.67
11208,112-NG-T01,Pre-PQ Process,SO-567,DN-475,Nigeria,PMO - US,From RDC,N/A - From RDC,Air,Pre-PQ Process,N/A - From RDC,3-Dec-07,3-Dec-07,3-Dec-07,ARV,Adult,"Lamivudine/Zidovudine 150/300mg, tablets, 60 Tabs",Lamivudine/Zidovudine,150/300mg,Tablet - FDC,60,215,2296.2,10.68,0.18,No,See DN-475 (ID#:10642),See DN-475 (ID#:10642),3.67
11209,112-NG-T01,Pre-PQ Process,SO-567,DN-475,Nigeria,PMO - US,From RDC,N/A - From RDC,Air,Pre-PQ Process,N/A - From RDC,3-Dec-07,3-Dec-07,3-Dec-07,ARV,Pediatric,"Nevirapine 10mg/ml, oral suspension, Bottle, 240 ml",Nevirapine,10mg/ml,Oral suspension,240,965,5983.0,6.2,0.03,No,See DN-475 (ID#:10642),See DN-475 (ID#:10642),9.57
11210,110-ZM-T01,Pre-PQ Process,SO-1362,DN-494,Zambia,PMO - US,From RDC,N/A - From RDC,,Pre-PQ Process,N/A - From RDC,28-Dec-07,28-Dec-07,28-Dec-07,ARV,Pediatric,"Lopinavir/Ritonavir 80/20mg/ml [Kaletra], oral solution, cool, Bottle 5 x 60 ml",Lopinavir/Ritonavir,80/20mg/ml,Oral solution,300,630,25893.0,41.1,0.14,Yes,83,4522.03,41.43
11213,107-RW-T01,Pre-PQ Process,SO-1448,DN-500,Rwanda,PMO - US,From RDC,N/A - From RDC,Air,Pre-PQ Process,N/A - From RDC,5-Dec-07,5-Dec-07,5-Dec-07,HRDT,HIV test,"HIV 1/2, Determine HIV Kit, without Lancets, 100 Tests","HIV 1/2, Determine HIV Kit, without Lancets",,Test kit,100,405,29155.95,71.99,0.72,Yes,130,3187.18,46.65
11217,117-ET-T01,Pre-PQ Process,SO-1542,DN-529,Ethiopia,PMO - US,From RDC,N/A - From RDC,Air,Pre-PQ Process,N/A - From RDC,20-Dec-07,20-Dec-07,20-Dec-07,ARV,Adult,"Lamivudine/Zidovudine 150/300mg, tablets, 60 Tabs",Lamivudine/Zidovudine,150/300mg,Tablet - FDC,60,9692,92074.0,9.5,0.16,Yes,1215,6346.22,147.32
11219,106-HT-T01,Pre-PQ Process,SO-1287,DN-614,Haiti,PMO - US,From RDC,N/A - From RDC,Air,Pre-PQ Process,N/A - From RDC,4-Mar-08,21-Feb-08,21-Feb-08,ARV,Pediatric,"Zidovudine 10mg/ml, oral solution, Bottle, 240 ml",Zidovudine,10mg/ml,Oral solution,240,3000,6450.0,2.15,0.01,Yes,2584,26877.3,10.32
11222,112-NG-T01,Pre-PQ Process,SO-1570,DN-535,Nigeria,PMO - US,From RDC,N/A - From RDC,Air,Pre-PQ Process,N/A - From RDC,9-Jan-08,9-Jan-08,9-Jan-08,ARV,Adult,"Lamivudine/Nevirapine/Stavudine 150/200/30mg, tablets, 60 Tabs",Lamivudine/Nevirapine/Stavudine,150/200/30mg,Tablet - FDC,60,2925,21645.0,7.4,0.12,No,See DN-535 (ID#:10658),See DN-535 (ID#:10658),34.63
11223,106-HT-T01,Pre-PQ Process,SO-1287,DN-614,Haiti,PMO - US,From RDC,N/A - From RDC,Air,Pre-PQ Process,N/A - From RDC,4-Mar-08,21-Feb-08,21-Feb-08,ARV,Adult,"Stavudine 15mg, capsules, 60 Caps",Stavudine,15mg,Capsule,60,120,180.0,1.5,0.02,No,See DN-614 (ID#:11219),See DN-614 (ID#:11219),0.29
11224,104-CI-T01,Pre-PQ Process,SO-1104,DN-569,Côte d'Ivoire,PMO - US,From RDC,N/A - From RDC,Air,Pre-PQ Process,N/A - From RDC,29-Jan-08,29-Jan-08,29-Jan-08,ARV,Adult,"Lamivudine/Zidovudine 150/300mg, tablets, 60 Tabs",Lamivudine/Zidovudine,150/300mg,Tablet - FDC,60,29593,281133.5,9.5,0.16,Yes,10877,30167,449.81
11225,107-RW-T01,Pre-PQ Process,SO-1682,DN-580,Rwanda,PMO - US,From RDC,N/A - From RDC,Air,Pre-PQ Process,N/A - From RDC,28-Jan-08,28-Jan-08,28-Jan-08,ARV,Adult,"Stavudine 30mg, capsules, 60 Caps",Stavudine,30mg,Capsule,60,392,842.8,2.15,0.04,Yes,29,1372.38,1.35
11226,109-TZ-T01,Pre-PQ Process,SO-1647,DN-556,Tanzania,PMO - US,From RDC,N/A - From RDC,Air,Pre-PQ Process,N/A - From RDC,6-Feb-08,6-Feb-08,6-Feb-08,ARV,Adult,"Abacavir 300mg, tablets, 60 Tabs",Abacavir,300mg,Tablet,60,1128,31053.84,27.53,0.46,No,See DN-556 (ID#:10662),See DN-556 (ID#:10662),49.69
11227,104-CI-T01,Pre-PQ Process,SO-793,DN-560,Côte d'Ivoire,PMO - US,From RDC,N/A - From RDC,,Pre-PQ Process,N/A - From RDC,21-Jan-08,21-Jan-08,21-Jan-08,HRDT,HIV test,"#108853** HIV, Genie II HIV-1/HIV-2 Kit, 40 Tests","HIV, Genie II HIV-1/HIV-2 Kit",,Test kit,40,710,53960.0,76.0,1.9,Yes,771,3256,86.34
11228,104-CI-T01,Pre-PQ Process,SO-1111,DN-565,Côte d'Ivoire,PMO - US,From RDC,N/A - From RDC,Air,Pre-PQ Process,N/A - From RDC,29-Jan-08,29-Jan-08,29-Jan-08,ARV,Adult,"Lopinavir/Ritonavir 200/50mg [Aluvia], tablets, 120 Tabs",Lopinavir/Ritonavir,200/50mg,Tablet,120,12107,497597.7,41.1,0.34,Yes,2647,9307,796.16
11230,110-ZM-T01,Pre-PQ Process,SO-1189,DN-483,Zambia,PMO - US,From RDC,N/A - From RDC,Air,Pre-PQ Process,N/A - From RDC,12-Feb-08,12-Feb-08,12-Feb-08,ARV,Adult,"Efavirenz 600mg, tablets, 30 Tabs",Efavirenz,600mg,Tablet,30,66667,828004.14,12.42,0.41,Yes,5253,18856.33,1324.81
11231,114-UG-T01,Pre-PQ Process,SO-1082,DN-589,Uganda,PMO - US,From RDC,N/A - From RDC,,Pre-PQ Process,N/A - From RDC,28-Feb-08,28-Feb-08,28-Feb-08,ARV,Adult,"Lamivudine/Zidovudine 150/300mg, tablets, 60 Tabs",Lamivudine/Zidovudine,150/300mg,Tablet - FDC,60,2883,27388.5,9.5,0.16,No,See DN-589 (ID#:10670),See DN-589 (ID#:10670),43.82
11232,113-ZW-T01,Pre-PQ Process,SO-1051,DN-708,Zimbabwe,PMO - US,From RDC,N/A - From RDC,Truck,Pre-PQ Process,N/A - From RDC,21-Apr-08,21-Apr-08,21-Apr-08,HRDT,HIV test,"HIV 1/2, Bioline 3.0 Kit, Lancets, Capillary pipets, Alcohol swabs included, 25 Tests","HIV 1/2, Bioline 3.0 Kit, Lancets, Capillary pipets, Alcohol swabs included",,Test kit,25,5693,113860.0,20.0,0.8,Yes,1740,8008.65,182.18
11233,106-HT-T01,Pre-PQ Process,SO-2058,DN-692,Haiti,PMO - US,From RDC,N/A - From RDC,Air,Pre-PQ Process,N/A - From RDC,3-Apr-08,3-Apr-08,3-Apr-08,ARV,Adult,"Lamivudine/Zidovudine 150/300mg, tablets, 60 Tabs",Lamivudine/Zidovudine,150/300mg,Tablet - FDC,60,7558,71423.1,9.45,0.16,Yes,2166,20578.2,114.28
11234,106-HT-T01,Pre-PQ Process,SO-2046,DN-685,Haiti,PMO - US,From RDC,N/A - From RDC,Air,Pre-PQ Process,N/A - From RDC,31-Mar-08,31-Mar-08,31-Mar-08,ARV,Adult,"Efavirenz 600mg, tablets, 30 Tabs",Efavirenz,600mg,Tablet,30,19740,237077.4,12.01,0.4,Yes,2941,31051.3,379.32
11235,109-TZ-T01,Pre-PQ Process,SO-2560,DN-826,Tanzania,PMO - US,From RDC,N/A - From RDC,Air,Pre-PQ Process,N/A - From RDC,29-Jul-08,29-Jul-08,29-Jul-08,ARV,Adult,"Lamivudine/Zidovudine 150/300mg, tablets, 60 Tabs",Lamivudine/Zidovudine,150/300mg,Tablet - FDC,60,5809,54895.05,9.45,0.16,No,See DN-826 (ID#:10674),See DN-826 (ID#:10674),87.83
11236,102-GY-T01,Pre-PQ Process,SO-1004,DN-617,Guyana,PMO - US,From RDC,N/A - From RDC,,Pre-PQ Process,N/A - From RDC,21-Feb-08,21-Feb-08,21-Feb-08,HRDT,HIV test - Ancillary,"HIV, Lancet, Safety, for HIV Test kits, 100 Pcs","HIV, Lancet, Safety, for HIV Test kits, 100 Pcs",,Test kit - Ancillary,100,152,1.52,0.01,0.0,Yes,45,798.59,0.0
11238,111-MZ-T01,Pre-PQ Process,SO-1310,DN-688,Mozambique,PMO - US,From RDC,N/A - From RDC,Air,Pre-PQ Process,N/A - From RDC,30-Jun-08,30-Jun-08,30-Jun-08,ARV,Adult,"Lamivudine/Nevirapine/Stavudine 150/200/30mg, tablets, 60 Tabs",Lamivudine/Nevirapine/Stavudine,150/200/30mg,Tablet - FDC,60,90955,673067.0,7.4,0.12,Yes,16579,8654.7,1076.91
11239,112-NG-T01,Pre-PQ Process,SO-2726,DN-800,Nigeria,PMO - US,From RDC,N/A - From RDC,Air,Pre-PQ Process,N/A - From RDC,19-Jun-08,19-Jun-08,19-Jun-08,ARV,Adult,"Lopinavir/Ritonavir 200/50mg [Aluvia], tablets, 120 Tabs",Lopinavir/Ritonavir,200/50mg,Tablet,120,84,3452.4,41.1,0.34,No,See DN-800 (ID#:10953),See DN-800 (ID#:10953),5.52
11240,112-NG-T01,Pre-PQ Process,SO-2726,DN-800,Nigeria,PMO - US,From RDC,N/A - From RDC,Air,Pre-PQ Process,N/A - From RDC,19-Jun-08,19-Jun-08,19-Jun-08,ARV,Adult,"Abacavir 300mg, tablets, 60 Tabs",Abacavir,300mg,Tablet,60,4,105.2,26.3,0.44,No,See DN-800 (ID#:10953),See DN-800 (ID#:10953),0.17
11241,106-HT-T01,Pre-PQ Process,SO-2053,DN-744,Haiti,PMO - US,From RDC,N/A - From RDC,Air,Pre-PQ Process,N/A - From RDC,2-Jun-08,2-Jun-08,2-Jun-08,ARV,Pediatric,"Nevirapine 10mg/ml, oral suspension, Bottle, 240 ml",Nevirapine,10mg/ml,Oral suspension,240,2112,4055.04,1.92,0.01,No,See DN-744 (ID#:10684),See DN-744 (ID#:10684),6.49
11242,110-ZM-T01,Pre-PQ Process,SO-1891,DN-676,Zambia,PMO - US,From RDC,N/A - From RDC,,Pre-PQ Process,N/A - From RDC,1-Apr-08,1-Apr-08,1-Apr-08,ARV,Adult,"Nevirapine 200mg, tablets, 60 Tabs",Nevirapine,200mg,Tablet,60,32358,110017.2,3.4,0.06,Yes,3146,13332,176.03
11243,112-NG-T01,Pre-PQ Process,SO-11220,DN-833,Nigeria,PMO - US,From RDC,N/A - From RDC,Air,Pre-PQ Process,N/A - From RDC,16-Jul-08,16-Jul-08,16-Jul-08,ARV,Adult,"Lamivudine 150mg, tablets, 60 Tabs",Lamivudine,150mg,Tablet,60,2100,6090.0,2.9,0.05,Yes,153,1280.91,9.74
11244,123-NG-T01,Pre-PQ Process,SO-2553,DN-836,Nigeria,PMO - US,From RDC,N/A - From RDC,Air,Pre-PQ Process,N/A - From RDC,31-Jul-08,31-Jul-08,31-Jul-08,ARV,Adult,"Lamivudine/Zidovudine 150/300mg, tablets, 60 Tabs",Lamivudine/Zidovudine,150/300mg,Tablet - FDC,60,14277,134917.65,9.45,0.16,Yes,2033,15307.62,215.87
11245,110-ZM-T01,Pre-PQ Process,SO-1880,DN-639,Zambia,PMO - US,From RDC,N/A - From RDC,Truck,Pre-PQ Process,N/A - From RDC,14-Mar-08,14-Mar-08,14-Mar-08,ARV,Adult,"Nevirapine 200mg, tablets, 60 Tabs",Nevirapine,200mg,Tablet,60,27662,94050.8,3.4,0.06,Yes,4128,6539.8,150.48
11246,125-HT-T01,Pre-PQ Process,SO-1291,DN-686,Haiti,PMO - US,From RDC,N/A - From RDC,Air,Pre-PQ Process,N/A - From RDC,3-Apr-08,3-Apr-08,3-Apr-08,HRDT,HIV test,"HIV 1/2, Determine HIV Kit, without Lancets, 100 Tests","HIV 1/2, Determine HIV Kit, without Lancets",,Test kit,100,10,720.0,72.0,0.72,No,See DN-686 (ID#:10691),See DN-686 (ID#:10691),1.15
11247,102-KE-T01,Pre-PQ Process,SO-1975,DN-675,Kenya,PMO - US,From RDC,N/A - From RDC,Truck,Pre-PQ Process,N/A - From RDC,5-Mar-08,5-Mar-08,5-Mar-08,HRDT,HIV test,"HIV 1/2, Determine HIV Kit, without Lancets, 100 Tests","HIV 1/2, Determine HIV Kit, without Lancets",,Test kit,100,1550,123984.5,79.99,0.8,Yes,Weight Captured Separately,Invoiced Separately,198.38
11248,110-ZM-T01,Pre-PQ Process,SO-1893,DN-777,Zambia,PMO - US,From RDC,N/A - From RDC,Truck,Pre-PQ Process,N/A - From RDC,19-Jun-08,19-Jun-08,19-Jun-08,ARV,Adult,"Efavirenz 600mg, tablets, 30 Tabs",Efavirenz,600mg,Tablet,30,50000,600500.0,12.01,0.4,Yes,3422,5936.99,960.8
11249,117-ET-T01,Pre-PQ Process,SO-1964,DN-659,Ethiopia,PMO - US,From RDC,N/A - From RDC,Air,Pre-PQ Process,N/A - From RDC,12-Mar-08,12-Mar-08,12-Mar-08,ARV,Adult,"Lamivudine 150mg, tablets, 60 Tabs",Lamivudine,150mg,Tablet,60,14044,42693.76,3.04,0.05,Yes,732,2963.8,68.31
11250,104-CI-T01,Pre-PQ Process,SO-2705,DN-786,Côte d'Ivoire,PMO - US,From RDC,N/A - From RDC,Air,Pre-PQ Process,N/A - From RDC,27-Jun-08,27-Jun-08,27-Jun-08,ARV,Pediatric,"Efavirenz 200mg, capsule, 90 Caps",Efavirenz,200mg,Capsule,90,3885,62160.0,16.0,0.18,Yes,467,6299.56,99.46
11252,102-KE-T01,Pre-PQ Process,SO-1390,DN-667,Kenya,PMO - US,From RDC,N/A - From RDC,Truck,Pre-PQ Process,N/A - From RDC,26-Mar-08,26-Mar-08,26-Mar-08,HRDT,HIV test,"HIV 1/2, Uni-Gold HIV Kit, 20 Tests","HIV 1/2, Uni-Gold HIV Kit",,Test kit,20,1200,38400.0,32.0,1.6,No,See DN-667 (ID#:10967),See DN-667 (ID#:10967),61.44
11257,111-MZ-T01,Pre-PQ Process,SO-2423,DN-810,Mozambique,PMO - US,From RDC,N/A - From RDC,Truck,Pre-PQ Process,N/A - From RDC,7-Aug-08,7-Aug-08,7-Aug-08,ARV,Adult,"Lamivudine/Nevirapine/Zidovudine 150/200/300mg, tablets, 60 Tabs",Lamivudine/Nevirapine/Zidovudine,150/300/200mg,Tablet - FDC,60,16610,224235.0,13.5,0.22,Yes,2298,3733.57,358.78
11258,111-MZ-T01,Pre-PQ Process,SO-1615,DN-698,Mozambique,PMO - US,From RDC,N/A - From RDC,Air,Pre-PQ Process,N/A - From RDC,23-Jun-08,23-Jun-08,23-Jun-08,ARV,Adult,"Zidovudine 300mg, tablets, 60 Tabs",Zidovudine,300mg,Tablet,60,3060,24939.0,8.15,0.14,No,See DN-698 (ID#:10970),See DN-698 (ID#:10970),39.9
11259,100-ZW-T01,Pre-PQ Process,SO-713,DN-687,Zimbabwe,PMO - US,From RDC,N/A - From RDC,Air,Pre-PQ Process,N/A - From RDC,30-Mar-08,30-Mar-08,30-Mar-08,ARV,Adult,"Efavirenz 600mg, tablets, 30 Tabs",Efavirenz,600mg,Tablet,30,1233,15313.86,12.42,0.41,No,See DN-687 (ID#:10697),See DN-687 (ID#:10697),24.5
11260,130-NG-T01,Pre-PQ Process,SO-2501,DN-730,Nigeria,PMO - US,From RDC,N/A - From RDC,Air,Pre-PQ Process,N/A - From RDC,26-May-08,26-May-08,26-May-08,ARV,Adult,"Lamivudine/Zidovudine 150/300mg, tablets, 60 Tabs",Lamivudine/Zidovudine,150/300mg,Tablet - FDC,60,1887,17832.15,9.45,0.16,Yes,273,2446.58,28.53
11261,130-NG-T01,Pre-PQ Process,SO-2501,DN-730,Nigeria,PMO - US,From RDC,N/A - From RDC,Air,Pre-PQ Process,N/A - From RDC,26-May-08,26-May-08,26-May-08,ARV,Adult,"Lamivudine/Stavudine 150/30mg, tablets, 30 Tabs",Lamivudine/Stavudine,150/30mg,Tablet - FDC,30,1566,3132.0,2.0,0.07,No,See DN-730 (ID#:11260),See DN-730 (ID#:11260),5.01
11263,117-ET-T01,Pre-PQ Process,SO-1974,DN-703,Ethiopia,PMO - US,From RDC,N/A - From RDC,Air,Pre-PQ Process,N/A - From RDC,21-Apr-08,21-Apr-08,21-Apr-08,ARV,Pediatric,"Zidovudine 10mg/ml, oral solution, Bottle, 240 ml",Zidovudine,10mg/ml,Oral solution,240,1846,3968.9,2.15,0.01,Yes,773,3472.55,6.35
11265,106-HT-T01,Pre-PQ Process,SO-2055,DN-690,Haiti,PMO - US,From RDC,N/A - From RDC,Air,Pre-PQ Process,N/A - From RDC,14-Apr-08,14-Apr-08,14-Apr-08,ARV,Pediatric,"Lamivudine 10mg/ml, oral solution, Bottle, 240 ml",Lamivudine,10mg/ml,Oral solution,240,4338,8545.86,1.97,0.01,No,See DN-690 (ID#:10706),See DN-690 (ID#:10706),13.67
11267,113-ZW-T01,Pre-PQ Process,SO-1873,DN-773,Zimbabwe,PMO - US,From RDC,N/A - From RDC,Air,Pre-PQ Process,N/A - From RDC,17-Jun-08,17-Jun-08,17-Jun-08,HRDT,HIV test,"HIV 1/2, Determine HIV Kit, without Lancets, 100 Tests","HIV 1/2, Determine HIV Kit, without Lancets",,Test kit,100,550,39594.5,71.99,0.72,Yes,161,939.12,63.35
11268,113-ZW-T01,Pre-PQ Process,SO-1053,DN-774,Zimbabwe,PMO - US,From RDC,N/A - From RDC,Truck,Pre-PQ Process,N/A - From RDC,17-Jun-08,17-Jun-08,17-Jun-08,HRDT,HIV test - Ancillary,"HIV, Lancet, Safety, for HIV Test kits, 100 Pcs","HIV, Lancet, Safety, for HIV Test kits, 100 Pcs",,Test kit - Ancillary,100,1800,18.0,0.01,0.0,Yes,526,2185.82,0.03
11269,114-UG-T01,Pre-PQ Process,SO-2343,DN-816,Uganda,PMO - US,From RDC,N/A - From RDC,Air,Pre-PQ Process,N/A - From RDC,21-Aug-08,21-Aug-08,21-Aug-08,ARV,Adult,"Lamivudine/Nevirapine/Stavudine 150/200/30mg, tablets, 60 Tabs",Lamivudine/Nevirapine/Stavudine,150/200/30mg,Tablet - FDC,60,2700,19980.0,7.4,0.12,Yes,199,1476.8,31.97
11270,114-UG-T01,Pre-PQ Process,SO-2344,DN-818,Uganda,PMO - US,From RDC,N/A - From RDC,Air,Pre-PQ Process,N/A - From RDC,21-Aug-08,21-Aug-08,21-Aug-08,ARV,Adult,"Lamivudine/Zidovudine 150/300mg, tablets, 60 Tabs",Lamivudine/Zidovudine,150/300mg,Tablet - FDC,60,1350,12757.5,9.45,0.16,Yes,239,1277.22,20.41
11271,110-ZM-T01,Pre-PQ Process,SO-2549,DN-823,Zambia,PMO - US,From RDC,N/A - From RDC,Truck,Pre-PQ Process,N/A - From RDC,23-Jul-08,23-Jul-08,23-Jul-08,ARV,Adult,"Lamivudine/Nevirapine/Stavudine 150/200/30mg, tablets, 60 Tabs",Lamivudine/Nevirapine/Stavudine,150/200/30mg,Tablet - FDC,60,60000,432000.0,7.2,0.12,Yes,12606,7053.51,691.2
11273,109-TZ-T01,Pre-PQ Process,SO-13300,DN-903,Tanzania,PMO - US,From RDC,N/A - From RDC,Truck,Pre-PQ Process,N/A - From RDC,26-Sep-08,26-Sep-08,26-Sep-08,ARV,Adult,"Lopinavir/Ritonavir 200/50mg [Aluvia], tablets, 120 Tabs",Lopinavir/Ritonavir,200/50mg,Tablet,120,2580,106038.0,41.1,0.34,Yes,587,1146.27,169.66
11274,110-ZM-T01,Pre-PQ Process,SO-19410,DN-1028,Zambia,PMO - US,From RDC,N/A - From RDC,Truck,Pre-PQ Process,N/A - From RDC,8-Dec-08,8-Dec-08,8-Dec-08,ARV,Adult,"Zidovudine 300mg, tablets, 60 Tabs",Zidovudine,300mg,Tablet,60,1294,10546.1,8.15,0.14,Yes,76,1062.5,20.67
11275,104-CI-T01,Pre-PQ Process,SO-19320,DN-1030,Côte d'Ivoire,PMO - US,From RDC,N/A - From RDC,Air,Pre-PQ Process,N/A - From RDC,19-Dec-08,19-Dec-08,19-Dec-08,ARV,Adult,"Lamivudine/Zidovudine 150/300mg, tablets, 60 Tabs",Lamivudine/Zidovudine,150/300mg,Tablet - FDC,60,6786,63449.1,9.35,0.16,Yes,620,2739.3,124.36
11276,106-HT-T01,Pre-PQ Process,SO-15940,DN-997,Haiti,PMO - US,From RDC,N/A - From RDC,Air,Pre-PQ Process,N/A - From RDC,17-Nov-08,17-Nov-08,17-Nov-08,ARV,Pediatric,"Zidovudine 10mg/ml, oral solution, Bottle, 240 ml",Zidovudine,10mg/ml,Oral solution,240,10000,21000.0,2.1,0.01,Yes,3720,43704.8,41.16
11277,104-CI-T01,Pre-PQ Process,SO-11851,DN-1007,Côte d'Ivoire,PMO - US,From RDC,N/A - From RDC,Air,Pre-PQ Process,N/A - From RDC,21-Nov-08,21-Nov-08,21-Nov-08,ARV,Adult,"Efavirenz 600mg, tablets, 30 Tabs",Efavirenz,600mg,Tablet,30,2410,28245.2,11.72,0.39,Yes,182,1409.26,55.36
11278,123-NG-T01,Pre-PQ Process,SO-17680,DN-1010,Nigeria,PMO - US,From RDC,N/A - From RDC,Air,Pre-PQ Process,N/A - From RDC,26-Nov-08,26-Nov-08,26-Nov-08,ARV,Adult,"Lamivudine/Zidovudine 150/300mg, tablets, 60 Tabs",Lamivudine/Zidovudine,150/300mg,Tablet - FDC,60,11569,109327.05,9.45,0.16,Yes,1072,8504.72,214.28
11280,100-PK-T01,Pre-PQ Process,SO-14930,DN-1004,Pakistan,PMO - US,From RDC,N/A - From RDC,Air,Pre-PQ Process,N/A - From RDC,17-Nov-08,17-Nov-08,17-Nov-08,HRDT,HIV test,"HIV 1/2, Uni-Gold HIV Kit, 20 Tests","HIV 1/2, Uni-Gold HIV Kit",,Test kit,20,25,800.0,32.0,1.6,Yes,19,851.24,1.57
11281,110-ZM-T01,Pre-PQ Process,SO-17621,DN-1111,Zambia,PMO - US,From RDC,N/A - From RDC,Air,Pre-PQ Process,N/A - From RDC,2-Mar-09,2-Mar-09,2-Mar-09,ARV,Adult,"Zidovudine 300mg, tablets, 60 Tabs",Zidovudine,300mg,Tablet,60,10000,79000.0,7.9,0.13,Yes,581,3238,154.84
11282,112-NG-T01,Pre-PQ Process,SO-19430,DN-1063,Nigeria,PMO - US,From RDC,N/A - From RDC,Air,Pre-PQ Process,N/A - From RDC,9-Feb-09,9-Feb-09,9-Feb-09,ARV,Adult,"Abacavir 300mg, tablets, 60 Tabs",Abacavir,300mg,Tablet,60,4,105.2,26.3,0.44,Yes,1,165,0.21
11283,131-NG-T01,Pre-PQ Process,SO-10820,DN-897,Nigeria,PMO - US,From RDC,N/A - From RDC,Air,Pre-PQ Process,N/A - From RDC,10-Sep-08,10-Sep-08,10-Sep-08,ARV,Adult,"Efavirenz 600mg, tablets, 30 Tabs",Efavirenz,600mg,Tablet,30,12000,140640.0,11.72,0.39,No,See DN-897 (ID#:10722),See DN-897 (ID#:10722),225.02
11284,113-ZW-T01,Pre-PQ Process,SO-2503,DN-900,Zimbabwe,PMO - US,From RDC,N/A - From RDC,Truck,Pre-PQ Process,N/A - From RDC,12-Sep-08,12-Sep-08,12-Sep-08,ARV,Adult,"Efavirenz 600mg, tablets, 30 Tabs",Efavirenz,600mg,Tablet,30,4000,48040.0,12.01,0.4,Yes,8481,30585.17,76.86
11286,113-ZW-T01,Pre-PQ Process,SO-11210,DN-857,Zimbabwe,PMO - US,From RDC,N/A - From RDC,Truck,Pre-PQ Process,N/A - From RDC,26-Jul-08,26-Jul-08,26-Jul-08,ARV,Adult,"Efavirenz 600mg, tablets, 30 Tabs",Efavirenz,600mg,Tablet,30,4000,48040.0,12.01,0.4,Yes,342,1648.64,76.86
11289,114-UG-T01,Pre-PQ Process,SO-17430,DN-968,Uganda,PMO - US,From RDC,N/A - From RDC,Air,Pre-PQ Process,N/A - From RDC,9-Dec-08,9-Dec-08,9-Dec-08,ARV,Adult,"Lopinavir/Ritonavir 200/50mg [Aluvia], tablets, 120 Tabs",Lopinavir/Ritonavir,200/50mg,Tablet,120,60,2466.0,41.1,0.34,Yes,547,2437.63,4.83
11290,104-CI-T01,Pre-PQ Process,SO-1690,DN-928,Côte d'Ivoire,PMO - US,From RDC,N/A - From RDC,Air,Pre-PQ Process,N/A - From RDC,7-Oct-08,7-Oct-08,7-Oct-08,ARV,Adult,"Tenofovir Disoproxil Fumarate 300mg, tablets, 30 Tabs",Tenofovir Disoproxil Fumarate,300mg,Tablet,30,5547,94299.0,17.0,0.57,Yes,333,1793.11,150.88
11291,114-UG-T01,Pre-PQ Process,SO-17830,DN-990,Uganda,PMO - US,From RDC,N/A - From RDC,Air,Pre-PQ Process,N/A - From RDC,9-Dec-08,9-Dec-08,9-Dec-08,ARV,Adult,"Lamivudine/Zidovudine 150/300mg, tablets, 60 Tabs",Lamivudine/Zidovudine,150/300mg,Tablet - FDC,60,1144,10696.4,9.35,0.16,No,See DN-990 (ID#:11001),See DN-990 (ID#:11001),20.96
11292,117-ET-T01,Pre-PQ Process,SO-22020,DN-1052,Ethiopia,PMO - US,From RDC,N/A - From RDC,Air,Pre-PQ Process,N/A - From RDC,3-Mar-09,3-Mar-09,3-Mar-09,ARV,Adult,"Lamivudine/Stavudine 150/30mg, tablets, 60 Tabs",Lamivudine/Stavudine,150/30mg,Tablet - FDC,60,1044,3967.2,3.8,0.06,No,See DN-1052 (ID#:10737),See DN-1052 (ID#:10737),7.78
11293,109-TZ-T01,Pre-PQ Process,SO-18710,DN-1073,Tanzania,PMO - US,From RDC,N/A - From RDC,Truck,Pre-PQ Process,N/A - From RDC,6-Mar-09,6-Mar-09,6-Mar-09,ARV,Pediatric,"Abacavir 20mg/ml, oral solution, Bottle, 240 ml",Abacavir,20mg/ml,Oral solution,240,4439,71689.85,16.15,0.07,Yes,1592,6708.25,140.51
11294,106-HT-T01,Pre-PQ Process,SO-23750,DN-1100,Haiti,PMO - US,From RDC,N/A - From RDC,Air,Pre-PQ Process,N/A - From RDC,3-Mar-09,3-Mar-09,3-Mar-09,ARV,Pediatric,"Efavirenz 200mg, capsule, 90 Caps",Efavirenz,200mg,Capsule,90,210,3204.6,15.26,0.17,No,See DN-1100 (ID#:11005),See DN-1100 (ID#:11005),6.28
11295,114-UG-T01,Pre-PQ Process,SO-17753,DN-1084,Uganda,PMO - US,From RDC,N/A - From RDC,Air,Pre-PQ Process,N/A - From RDC,5-Mar-09,5-Mar-09,5-Mar-09,ARV,Adult,"Emtricitabine/Tenofovir Disoproxil Fumarate 200/300mg [Truvada], tablets, 30 Tabs",Emtricitabine/Tenofovir Disoproxil Fumarate,300/200mg,Tablet - FDC,30,382,10027.5,26.25,0.88,Yes,177,2151.27,19.65
11298,114-UG-T01,Pre-PQ Process,SO-17754,DN-1125,Uganda,PMO - US,From RDC,N/A - From RDC,Air,Pre-PQ Process,N/A - From RDC,8-Apr-09,8-Apr-09,8-Apr-09,ARV,Adult,"Emtricitabine/Tenofovir Disoproxil Fumarate 200/300mg [Truvada], tablets, 30 Tabs",Emtricitabine/Tenofovir Disoproxil Fumarate,300/200mg,Tablet - FDC,30,3014,79117.5,26.25,0.88,Yes,291,1755,155.07
11299,106-HT-T01,Pre-PQ Process,SO-15930,DN-944,Haiti,PMO - US,From RDC,N/A - From RDC,Air,Pre-PQ Process,N/A - From RDC,4-Nov-08,4-Nov-08,4-Nov-08,ARV,Pediatric,"Lamivudine 10mg/ml, oral solution, Bottle, 240 ml",Lamivudine,10mg/ml,Oral solution,240,14405,27369.5,1.9,0.01,No,See DN-944 (ID#:11012),See DN-944 (ID#:11012),53.64
11300,123-NG-T01,Pre-PQ Process,SO-19060,DN-1058,Nigeria,PMO - US,From RDC,N/A - From RDC,Air,Pre-PQ Process,N/A - From RDC,19-Jan-09,19-Jan-09,19-Jan-09,ARV,Adult,"Lamivudine/Zidovudine 150/300mg, tablets, 60 Tabs",Lamivudine/Zidovudine,150/300mg,Tablet - FDC,60,45000,420750.0,9.35,0.16,No,See DN-1058 (ID#:11015),See DN-1058 (ID#:11015),824.67
11301,102-KE-T01,Pre-PQ Process,SO-18000,DN-1103,Kenya,PMO - US,From RDC,N/A - From RDC,Truck,Pre-PQ Process,N/A - From RDC,11-Feb-09,11-Feb-09,11-Feb-09,HRDT,HIV test,"HIV 1/2, Uni-Gold HIV Kit, 20 Tests","HIV 1/2, Uni-Gold HIV Kit",,Test kit,20,750,24000.0,32.0,1.6,Yes,241,188,47.04
11302,114-UG-T01,Pre-PQ Process,SO-17710,DN-996,Uganda,PMO - US,From RDC,N/A - From RDC,Air,Pre-PQ Process,N/A - From RDC,27-Nov-08,27-Nov-08,27-Nov-08,ARV,Adult,"Lamivudine/Zidovudine 150/300mg, tablets, 60 Tabs",Lamivudine/Zidovudine,150/300mg,Tablet - FDC,60,5377,50274.95,9.35,0.16,Yes,501,3266.38,98.54
11303,117-ET-T01,Pre-PQ Process,SO-22050,DN-1105,Ethiopia,PMO - US,From RDC,N/A - From RDC,Air,Pre-PQ Process,N/A - From RDC,20-Mar-09,20-Mar-09,20-Mar-09,ARV,Adult,"Lamivudine/Nevirapine/Zidovudine 150/200/300mg, tablets, 60 Tabs",Lamivudine/Nevirapine/Zidovudine,150/300/200mg,Tablet - FDC,60,11188,132018.4,11.8,0.2,Yes,1435,9138,258.76
11304,111-MZ-T01,Pre-PQ Process,SO-11070,DN-931,Mozambique,PMO - US,From RDC,N/A - From RDC,Truck,Pre-PQ Process,N/A - From RDC,14-Nov-08,14-Nov-08,14-Nov-08,ARV,Adult,"Lamivudine/Nevirapine/Stavudine 150/200/30mg, tablets, 60 Tabs",Lamivudine/Nevirapine/Stavudine,150/200/30mg,Tablet - FDC,60,125009,900064.8,7.2,0.12,Yes,7910,1012.43,1440.1
11305,130-NG-T01,Pre-PQ Process,SO-10600,DN-918,Nigeria,PMO - US,From RDC,N/A - From RDC,Air,Pre-PQ Process,N/A - From RDC,2-Oct-08,2-Oct-08,2-Oct-08,ARV,Adult,"Lamivudine/Stavudine 150/30mg, tablets, 60 Tabs",Lamivudine/Stavudine,150/30mg,Tablet - FDC,60,969,3779.1,3.9,0.06,Yes,71,1181.41,6.05
11306,112-NG-T01,Pre-PQ Process,SO-13470,DN-1079,Nigeria,PMO - US,From RDC,N/A - From RDC,Air,Pre-PQ Process,N/A - From RDC,16-Feb-09,16-Feb-09,16-Feb-09,ARV,Adult,"Efavirenz 600mg, tablets, 30 Tabs",Efavirenz,600mg,Tablet,30,2063,24178.36,11.72,0.39,Yes,176,3680.33,47.39
11307,104-CI-T01,Pre-PQ Process,SO-16181,DN-1019,Côte d'Ivoire,PMO - US,From RDC,N/A - From RDC,Air,Pre-PQ Process,N/A - From RDC,27-Nov-08,27-Nov-08,27-Nov-08,ARV,Pediatric,"Zidovudine 10mg/ml, oral solution, Bottle, 240 ml",Zidovudine,10mg/ml,Oral solution,240,5800,12180.0,2.1,0.01,Yes,2177,5127.91,23.87
11309,114-UG-T01,Pre-PQ Process,SO-2676,DN-915,Uganda,PMO - US,From RDC,N/A - From RDC,Air,Pre-PQ Process,N/A - From RDC,8-Oct-08,8-Oct-08,8-Oct-08,ARV,Adult,"Lopinavir/Ritonavir 200/50mg [Aluvia], tablets, 120 Tabs",Lopinavir/Ritonavir,200/50mg,Tablet,120,80,3288.0,41.1,0.34,Yes,18,418.75,5.26
11310,107-RW-T01,Pre-PQ Process,SO-27280,DN-1167,Rwanda,PMO - US,From RDC,N/A - From RDC,Air,Pre-PQ Process,N/A - From RDC,9-Apr-09,9-Apr-09,9-Apr-09,ARV,Adult,"Lamivudine 150mg, tablets, 60 Tabs",Lamivudine,150mg,Tablet,60,6385,15579.4,2.44,0.04,Yes,327,1762.5,30.54
11312,127-KE-T01,Pre-PQ Process,SO-29010,DN-1193,Kenya,PMO - US,From RDC,N/A - From RDC,Truck,Pre-PQ Process,N/A - From RDC,23-Apr-09,23-Apr-09,23-Apr-09,ARV,Pediatric,"Efavirenz 30mg/ml [Stocrin/Sustiva], oral solution, Bottle, 180 ml",Efavirenz,30mg/ml,Oral solution,180,3930,39.3,0.01,0.0,Yes,Weight Captured Separately,Invoiced Separately,0.08
11313,151-NG-T01,Pre-PQ Process,SO-22526,DN-1201,Nigeria,PMO - US,From RDC,N/A - From RDC,Air Charter,Pre-PQ Process,N/A - From RDC,8-May-09,8-May-09,8-May-09,ARV,Adult,"Lamivudine/Nevirapine/Zidovudine 150/200/300mg, tablets, 60 Tabs",Lamivudine/Nevirapine/Zidovudine,150/300/200mg,Tablet - FDC,60,53671,611849.4,11.4,0.19,Yes,6024,15128.37,1199.22
11314,106-HT-T01,Pre-PQ Process,SO-24830,DN-1205,Haiti,PMO - US,From RDC,N/A - From RDC,Air,Pre-PQ Process,N/A - From RDC,19-May-09,19-May-09,19-May-09,ARV,Pediatric,"Efavirenz 200mg, capsule, 90 Caps",Efavirenz,200mg,Capsule,90,420,6409.2,15.26,0.17,Yes,199,3133.23,12.56
11315,151-NG-T01,Pre-PQ Process,SO-22528,DN-1210,Nigeria,PMO - US,From RDC,N/A - From RDC,Air,Pre-PQ Process,N/A - From RDC,14-May-09,14-May-09,14-May-09,ARV,Adult,"Lamivudine/Nevirapine/Zidovudine 150/200/300mg, tablets, 60 Tabs",Lamivudine/Nevirapine/Zidovudine,150/300/200mg,Tablet - FDC,60,16698,190357.2,11.4,0.19,Yes,1901,18638.84,373.1
11316,151-NG-T01,Pre-PQ Process,SO-22529,DN-1211,Nigeria,PMO - US,From RDC,N/A - From RDC,Air,Pre-PQ Process,N/A - From RDC,14-May-09,14-May-09,14-May-09,ARV,Adult,"Lamivudine/Nevirapine/Zidovudine 150/200/300mg, tablets, 60 Tabs",Lamivudine/Nevirapine/Zidovudine,150/300/200mg,Tablet - FDC,60,9483,108106.2,11.4,0.19,Yes,1079,10823.52,211.89
11317,114-UG-T01,Pre-PQ Process,SO-26140,DN-1222,Uganda,PMO - US,From RDC,N/A - From RDC,Air,Pre-PQ Process,N/A - From RDC,24-Jun-09,24-Jun-09,24-Jun-09,ARV,Adult,"Efavirenz 600mg, tablets, 30 Tabs",Efavirenz,600mg,Tablet,30,867,8427.24,9.72,0.32,Yes,76,1954.23,16.52
11318,111-MZ-T01,Pre-PQ Process,SO-30440,DN-1231,Mozambique,PMO - US,From RDC,N/A - From RDC,Truck,Pre-PQ Process,N/A - From RDC,28-Jun-09,28-Jun-09,28-Jun-09,ARV,Adult,"Efavirenz 600mg, tablets, 30 Tabs",Efavirenz,600mg,Tablet,30,19400,188568.0,9.72,0.32,No,See DN-1231 (ID#:11044),See DN-1231 (ID#:11044),369.59
11319,114-UG-T01,Pre-PQ Process,SO-30100,DN-1232,Uganda,PMO - US,From RDC,N/A - From RDC,Air,Pre-PQ Process,N/A - From RDC,1-Jun-09,1-Jun-09,1-Jun-09,ARV,Adult,"Emtricitabine/Tenofovir Disoproxil Fumarate 200/300mg [Truvada], tablets, 30 Tabs",Emtricitabine/Tenofovir Disoproxil Fumarate,300/200mg,Tablet - FDC,30,90,2362.5,26.25,0.88,No,See DN-1232 (ID#:10766),See DN-1232 (ID#:10766),4.63
11320,111-MZ-T01,Pre-PQ Process,SO-30140,DN-1233,Mozambique,PMO - US,From RDC,N/A - From RDC,Air,Pre-PQ Process,N/A - From RDC,16-Jun-09,16-Jun-09,16-Jun-09,ARV,Adult,"Lamivudine/Nevirapine/Zidovudine 150/200/300mg, tablets, 60 Tabs",Lamivudine/Nevirapine/Zidovudine,150/300/200mg,Tablet - FDC,60,7044,83119.2,11.8,0.2,Yes,Weight Captured Separately,Invoiced Separately,162.91
11321,100-GH-T01,Pre-PQ Process,SO-30700,DN-1235,Ghana,PMO - US,From RDC,N/A - From RDC,Truck,Date Not Captured,N/A - From RDC,12-Aug-09,12-Aug-09,12-Aug-09,ARV,Pediatric,"Didanosine 100mg, chewable/dispersible tablets, 60 Tabs",Didanosine,100mg,Chewable/dispersible tablet,60,888,8.88,0.01,0.0,No,See DN-1235 (ID#:10769),See DN-1235 (ID#:10769),0.02
11322,110-ZM-T01,Pre-PQ Process,SO-30920,DN-1241,Zambia,PMO - US,From RDC,N/A - From RDC,Truck,Pre-PQ Process,N/A - From RDC,10-Jun-09,10-Jun-09,10-Jun-09,ARV,Adult,"Efavirenz 600mg, tablets, 30 Tabs",Efavirenz,600mg,Tablet,30,107180,857440.0,8.0,0.27,Yes,7995,Freight Included in Commodity Cost,1680.58
11326,110-ZM-T01,Pre-PQ Process,SO-30300,DN-1250,Zambia,PMO - US,From RDC,N/A - From RDC,Truck,Pre-PQ Process,N/A - From RDC,15-Jun-09,15-Jun-09,15-Jun-09,ARV,Adult,"Abacavir 300mg, tablets, 60 Tabs",Abacavir,300mg,Tablet,60,4594,116917.3,25.45,0.42,No,See DN-1250 (ID#:10774),See DN-1250 (ID#:10774),229.16
11327,110-ZM-T01,Pre-PQ Process,SO-30300,DN-1250,Zambia,PMO - US,From RDC,N/A - From RDC,Truck,Pre-PQ Process,N/A - From RDC,15-Jun-09,15-Jun-09,15-Jun-09,ARV,Adult,"Lamivudine/Nevirapine/Stavudine 150/200/30mg, tablets, 60 Tabs",Lamivudine/Nevirapine/Stavudine,150/200/30mg,Tablet - FDC,60,95000,676400.0,7.12,0.12,No,See DN-1250 (ID#:10774),See DN-1250 (ID#:10774),1325.74
11331,126-NG-T01,Pre-PQ Process,SO-26270,DN-1277,Nigeria,PMO - US,From RDC,N/A - From RDC,Air Charter,Pre-PQ Process,N/A - From RDC,16-Jun-09,16-Jun-09,16-Jun-09,ARV,Adult,"Lamivudine/Tenofovir Disoproxil Fumarate 300/300mg, tablets, 30 Tabs",Lamivudine/Tenofovir Disoproxil Fumarate,300/300mg,Tablet - FDC,30,11000,126500.0,11.5,0.38,Yes,966,7329.83,247.94
11332,113-ZW-T01,Pre-PQ Process,SO-21010,DN-1289,Zimbabwe,PMO - US,From RDC,N/A - From RDC,Truck,Pre-PQ Process,N/A - From RDC,22-Jun-09,22-Jun-09,22-Jun-09,ARV,Adult,"Lamivudine/Nevirapine/Stavudine 150/200/30mg, tablets, 60 Tabs",Lamivudine/Nevirapine/Stavudine,150/200/30mg,Tablet - FDC,60,76000,541120.0,7.12,0.12,Yes,8955,14958.2,1060.6
11333,123-NG-T01,Pre-PQ Process,SO-24483,DN-1295,Nigeria,PMO - US,From RDC,N/A - From RDC,Air Charter,Pre-PQ Process,N/A - From RDC,16-Jun-09,16-Jun-09,16-Jun-09,ARV,Adult,"Lamivudine/Nevirapine/Stavudine 150/200/30mg, tablets, 60 Tabs",Lamivudine/Nevirapine/Stavudine,150/200/30mg,Tablet - FDC,60,40000,284800.0,7.12,0.12,Yes,2970,7329.83,558.21
11336,104-CI-T01,Pre-PQ Process,SO-27540,DN-1315,Côte d'Ivoire,PMO - US,From RDC,N/A - From RDC,Air,Date Not Captured,N/A - From RDC,14-Jul-09,14-Jul-09,14-Jul-09,ARV,Adult,"Tenofovir Disoproxil Fumarate 300mg, tablets, 30 Tabs",Tenofovir Disoproxil Fumarate,300mg,Tablet,30,6000,79680.0,13.28,0.44,No,See DN-1315 (ID#:10781),See DN-1315 (ID#:10781),156.17
11337,119-NA-T01,Pre-PQ Process,SO-30450,DN-1316,Namibia,PMO - US,From RDC,N/A - From RDC,Truck,Date Not Captured,N/A - From RDC,16-Jul-09,16-Jul-09,16-Jul-09,ARV,Adult,"Lamivudine/Tenofovir Disoproxil Fumarate 300/300mg, tablets, 30 Tabs",Lamivudine/Tenofovir Disoproxil Fumarate,300/300mg,Tablet - FDC,30,25000,250000.0,10.0,0.33,Yes,2068,8502.12,490.0
11338,104-CI-T01,Pre-PQ Process,SO-32250,DN-1335,Côte d'Ivoire,PMO - US,From RDC,N/A - From RDC,Air,Date Not Captured,N/A - From RDC,16-Jul-09,16-Jul-09,16-Jul-09,ARV,Adult,"Lamivudine/Stavudine 150/30mg, tablets, 60 Tabs",Lamivudine/Stavudine,150/30mg,Tablet - FDC,60,9560,36328.0,3.8,0.06,Yes,722,2787.55,71.2
11339,104-CI-T01,Pre-PQ Process,SO-32250,DN-1335,Côte d'Ivoire,PMO - US,From RDC,N/A - From RDC,Air,Date Not Captured,N/A - From RDC,16-Jul-09,16-Jul-09,16-Jul-09,ARV,Adult,"Stavudine 15mg, capsules, 60 Caps",Stavudine,15mg,Capsule,60,296,444.0,1.5,0.02,No,See DN-1335 (ID#:11338),See DN-1335 (ID#:11338),0.87
11340,151-NG-T01,Pre-PQ Process,SO-32641,DN-1343,Nigeria,PMO - US,From RDC,N/A - From RDC,Air Charter,Date Not Captured,N/A - From RDC,4-Aug-09,4-Aug-09,4-Aug-09,ARV,Adult,"Lamivudine/Nevirapine/Zidovudine 150/200/300mg, tablets, 60 Tabs",Lamivudine/Nevirapine/Zidovudine,150/300/200mg,Tablet - FDC,60,26550,302670.0,11.4,0.19,Yes,2991,7445.8,593.23
11341,151-NG-T01,Pre-PQ Process,SO-32643,DN-1345,Nigeria,PMO - US,From RDC,N/A - From RDC,Air Charter,Date Not Captured,N/A - From RDC,4-Aug-09,4-Aug-09,4-Aug-09,ARV,Adult,"Lamivudine/Nevirapine/Zidovudine 150/200/300mg, tablets, 60 Tabs",Lamivudine/Nevirapine/Zidovudine,150/300/200mg,Tablet - FDC,60,41948,478207.2,11.4,0.19,Yes,4724,7445.8,937.29
11342,151-NG-T01,Pre-PQ Process,SO-27812,DN-1347,Nigeria,PMO - US,From RDC,N/A - From RDC,Air Charter,Date Not Captured,N/A - From RDC,4-Aug-09,4-Aug-09,4-Aug-09,ARV,Adult,"Emtricitabine/Tenofovir Disoproxil Fumarate 200/300mg [Truvada], tablets, 30 Tabs",Emtricitabine/Tenofovir Disoproxil Fumarate,300/200mg,Tablet - FDC,30,240,6300.0,26.25,0.88,Yes,21,7445.8,12.35
11343,151-NG-T01,Pre-PQ Process,SO-27813,DN-1348,Nigeria,PMO - US,From RDC,N/A - From RDC,Air Charter,Date Not Captured,N/A - From RDC,4-Aug-09,4-Aug-09,4-Aug-09,ARV,Adult,"Emtricitabine/Tenofovir Disoproxil Fumarate 200/300mg [Truvada], tablets, 30 Tabs",Emtricitabine/Tenofovir Disoproxil Fumarate,300/200mg,Tablet - FDC,30,662,17377.5,26.25,0.88,Yes,58,7445.8,34.06
11344,104-CI-T01,Pre-PQ Process,SO-27532,DN-1354,Côte d'Ivoire,PMO - US,From RDC,N/A - From RDC,Air,Date Not Captured,N/A - From RDC,11-Aug-09,11-Aug-09,11-Aug-09,ARV,Adult,"Efavirenz 600mg, tablets, 30 Tabs",Efavirenz,600mg,Tablet,30,5010,48697.2,9.72,0.32,Yes,434,1854.88,95.45
11345,104-CI-T01,Pre-PQ Process,SO-32230,DN-1359,Côte d'Ivoire,PMO - US,From RDC,N/A - From RDC,Air,Date Not Captured,N/A - From RDC,8-Sep-09,8-Sep-09,8-Sep-09,ARV,Adult,"Zidovudine 300mg, tablets, 60 Tabs",Zidovudine,300mg,Tablet,60,8000,60240.0,7.53,0.13,Yes,452,Freight Included in Commodity Cost,118.07
11346,151-NG-T01,Pre-PQ Process,SO-27817,DN-1367,Nigeria,PMO - US,From RDC,N/A - From RDC,Air Charter,Date Not Captured,N/A - From RDC,4-Aug-09,4-Aug-09,4-Aug-09,ARV,Adult,"Emtricitabine/Tenofovir Disoproxil Fumarate 200/300mg [Truvada], tablets, 30 Tabs",Emtricitabine/Tenofovir Disoproxil Fumarate,300/200mg,Tablet - FDC,30,8462,222127.5,26.25,0.88,Yes,1225,7445.71,435.37
11348,111-MZ-T01,Pre-PQ Process,SO-26423,DN-1379,Mozambique,PMO - US,From RDC,N/A - From RDC,Truck,Date Not Captured,N/A - From RDC,27-Aug-09,17-Sep-09,17-Sep-09,ARV,Adult,"Lamivudine 150mg, tablets, 60 Tabs",Lamivudine,150mg,Tablet,60,374,912.56,2.44,0.04,Yes,18,1799.88,1.79
11350,111-MZ-T01,Pre-PQ Process,SO-32560,DN-1395,Mozambique,PMO - US,From RDC,N/A - From RDC,Truck,Date Not Captured,N/A - From RDC,7-Oct-09,7-Oct-09,7-Oct-09,ARV,Adult,"Efavirenz 600mg, tablets, 30 Tabs",Efavirenz,600mg,Tablet,30,8438,82017.36,9.72,0.32,Yes,1404,1588.05,160.75
11351,111-MZ-T01,Pre-PQ Process,SO-32560,DN-1395,Mozambique,PMO - US,From RDC,N/A - From RDC,Truck,Date Not Captured,N/A - From RDC,7-Oct-09,7-Oct-09,7-Oct-09,ARV,Adult,"Efavirenz 600mg, tablets, 30 Tabs",Efavirenz,600mg,Tablet,30,8662,84194.64,9.72,0.32,No,See DN-1395 (ID#:11350),See DN-1395 (ID#:11350),165.02
11352,113-ZW-T01,Pre-PQ Process,SO-21020,DN-1411,Zimbabwe,PMO - US,From RDC,N/A - From RDC,Truck,Date Not Captured,N/A - From RDC,22-Sep-09,22-Sep-09,22-Sep-09,ARV,Adult,"Efavirenz 600mg, tablets, 30 Tabs",Efavirenz,600mg,Tablet,30,4000,42480.0,10.62,0.35,Yes,9020,14958.2,83.26
11353,151-NG-T01,Pre-PQ Process,SO-33334,DN-1438,Nigeria,PMO - US,From RDC,N/A - From RDC,Air Charter,Date Not Captured,N/A - From RDC,20-Oct-09,20-Oct-09,20-Oct-09,ARV,Adult,"Lamivudine/Nevirapine/Zidovudine 150/200/300mg, tablets, 60 Tabs",Lamivudine/Nevirapine/Zidovudine,150/300/200mg,Tablet - FDC,60,60930,694602.0,11.4,0.19,Yes,6862,9341.49,1361.42
11354,151-NG-T01,Pre-PQ Process,SO-27822,DN-1441,Nigeria,PMO - US,From RDC,N/A - From RDC,Air Charter,Date Not Captured,N/A - From RDC,20-Oct-09,20-Oct-09,20-Oct-09,ARV,Adult,"Emtricitabine/Tenofovir Disoproxil Fumarate 200/300mg, tablets, 30 Tabs",Emtricitabine/Tenofovir Disoproxil Fumarate,200/300mg,Tablet - FDC,30,25000,293750.0,11.75,0.39,Yes,2023,9341.49,575.75
11356,110-ZM-T01,Pre-PQ Process,SO-33022,DN-1463,Zambia,PMO - US,From RDC,N/A - From RDC,Truck,Date Not Captured,N/A - From RDC,13-Oct-09,13-Oct-09,13-Oct-09,ARV,Adult,"Lamivudine/Zidovudine 150/300mg, tablets, 60 Tabs",Lamivudine/Zidovudine,150/300mg,Tablet - FDC,60,40000,350400.0,8.76,0.15,Yes,3626,4997.47,686.78
11357,106-HT-T01,Pre-PQ Process,SO-32720,DN-1466,Haiti,PMO - US,From RDC,N/A - From RDC,Air,Date Not Captured,N/A - From RDC,21-Oct-09,21-Oct-09,21-Oct-09,ARV,Adult,"Lamivudine/Zidovudine 150/300mg, tablets, 60 Tabs",Lamivudine/Zidovudine,150/300mg,Tablet - FDC,60,59952,525179.52,8.76,0.15,Yes,6967,75688.58,1029.35
11358,100-GH-T01,Pre-PQ Process,SO-33650,DN-1473,Ghana,PMO - US,From RDC,N/A - From RDC,Truck,Date Not Captured,N/A - From RDC,30-Sep-09,12-Aug-09,12-Aug-09,ARV,Pediatric,"Lopinavir/Ritonavir 80/20mg/ml [Kaletra], oral solution, cool, Bottle 5 x 60 ml",Lopinavir/Ritonavir,80/20mg/ml,Oral solution,300,129,1.29,0.01,0.0,Yes,Weight Captured Separately,Invoiced Separately,0.0
11361,109-TZ-T01,Pre-PQ Process,SO-31284,DN-1565,Tanzania,PMO - US,From RDC,N/A - From RDC,Truck,Date Not Captured,N/A - From RDC,14-Jan-10,14-Jan-10,14-Jan-10,ARV,Adult,"Abacavir 300mg, tablets, 60 Tabs",Abacavir,300mg,Tablet,60,6376,136573.92,21.42,0.36,Yes,640,2751,294.45
11367,107-RW-T01,Pre-PQ Process,SO-308,DN-25,Rwanda,PMO - US,From RDC,N/A - From RDC,Air,Pre-PQ Process,N/A - From RDC,17-Mar-07,17-Mar-07,17-Mar-07,ARV,Adult,"Tenofovir Disoproxil Fumarate 300mg [Viread], tablets, 30 Tabs",Tenofovir Disoproxil Fumarate,300mg,Tablet,30,4000,68000.0,17.0,0.57,Yes,256,12205.4,
11368,100-CI-T01,Pre-PQ Process,SO-373,DN-30,Côte d'Ivoire,PMO - US,From RDC,N/A - From RDC,,Pre-PQ Process,N/A - From RDC,15-Mar-07,15-Mar-07,15-Mar-07,ARV,Adult,"Indinavir 400mg [Crixivan], capsules, 180 Caps",Indinavir,400mg,Capsule,180,370,18248.4,49.32,0.27,No,See DN-30 (ID#:11091),See DN-30 (ID#:11091),
11369,100-CI-T01,Pre-PQ Process,SO-373,DN-30,Côte d'Ivoire,PMO - US,From RDC,N/A - From RDC,,Pre-PQ Process,N/A - From RDC,15-Mar-07,15-Mar-07,15-Mar-07,ARV,Adult,"Abacavir 300mg, tablets, 60 Tabs",Abacavir,300mg,Tablet,60,33,1453.65,44.05,0.73,No,See DN-30 (ID#:11091),See DN-30 (ID#:11091),
11370,110-ZM-T01,Pre-PQ Process,SO-233,DN-40,Zambia,PMO - US,From RDC,N/A - From RDC,,Pre-PQ Process,N/A - From RDC,2-Apr-07,2-Apr-07,2-Apr-07,HRDT,HIV test,"HIV 1/2, Bioline 3.0 Kit, Lancets, Capillary pipets, Alcohol swabs included, 25 Tests","HIV 1/2, Bioline 3.0 Kit, Lancets, Capillary pipets, Alcohol swabs included",,Test kit,25,561,11220.0,20.0,0.8,Yes,191,1200.12,
11372,112-NG-T01,Pre-PQ Process,SO-341,DN-93,Nigeria,PMO - US,From RDC,N/A - From RDC,,Pre-PQ Process,N/A - From RDC,17-Apr-07,17-Apr-07,17-Apr-07,ARV,Adult,"Lamivudine/Zidovudine+Nevirapine 150/300+200mg, tablets, co-blister, 60+60 Tabs",Lamivudine/Zidovudine+Nevirapine,150/300+200mg,Tablet - FDC + co-blister,120,2703,55411.5,20.5,0.17,No,See DN-93 (ID#:10546),See DN-93 (ID#:10546),
11373,100-CI-T01,Pre-PQ Process,SO-397,DN-54,Côte d'Ivoire,PMO - US,From RDC,N/A - From RDC,,Pre-PQ Process,N/A - From RDC,4-May-07,4-May-07,4-May-07,ARV,Adult,"Efavirenz 600mg, tablets, 30 Tabs",Efavirenz,600mg,Tablet,30,4500,73125.0,16.25,0.54,Yes,410,1931,
11374,100-CI-T01,Pre-PQ Process,SO-286,DN-71,Côte d'Ivoire,PMO - US,From RDC,N/A - From RDC,,Pre-PQ Process,N/A - From RDC,30-Apr-07,30-Apr-07,30-Apr-07,ARV,Adult,"Indinavir 400mg [Crixivan], capsules, 180 Caps",Indinavir,400mg,Capsule,180,740,36496.8,49.32,0.27,Yes,206,1583,
11376,109-TZ-T01,Pre-PQ Process,SO-422,DN-127,Tanzania,PMO - US,From RDC,N/A - From RDC,Air,Pre-PQ Process,N/A - From RDC,6-Jun-07,6-Jun-07,6-Jun-07,ARV,Adult,"Lamivudine/Zidovudine 150/300mg, tablets, 60 Tabs",Lamivudine/Zidovudine,150/300mg,Tablet - FDC,60,28512,304508.16,10.68,0.18,Yes,2630,13820.4,
11377,113-ZW-T01,Pre-PQ Process,SO-223,DN-92,Zimbabwe,PMO - US,From RDC,N/A - From RDC,,Pre-PQ Process,N/A - From RDC,18-Apr-07,18-Apr-07,18-Apr-07,ARV,Adult,"Zidovudine 300mg, tablets, 60 Tabs",Zidovudine,300mg,Tablet,60,421,4113.17,9.77,0.16,Yes,25,516.84,
11378,112-NG-T01,Pre-PQ Process,SO-329,DN-132,Nigeria,PMO - US,From RDC,N/A - From RDC,,Pre-PQ Process,N/A - From RDC,23-May-07,23-May-07,23-May-07,ARV,Pediatric,"Nevirapine 10mg/ml, oral suspension, Bottle, 240 ml",Nevirapine,10mg/ml,Oral suspension,240,1181,4133.5,3.5,0.01,No,See DN-132 (ID#:11105),See DN-132 (ID#:11105),
11379,110-ZM-T01,Pre-PQ Process,SO-536,DN-136,Zambia,PMO - US,From RDC,N/A - From RDC,Air,Pre-PQ Process,N/A - From RDC,21-May-07,21-May-07,21-May-07,HRDT,HIV test,"HIV 1/2, Bioline 3.0 Kit, Lancets, Capillary pipets, Alcohol swabs included, 25 Tests","HIV 1/2, Bioline 3.0 Kit, Lancets, Capillary pipets, Alcohol swabs included",,Test kit,25,452,9040.0,20.0,0.8,Yes,Weight Captured Separately,1250.72,
11381,107-RW-T01,Pre-PQ Process,SO-396,DN-43,Rwanda,PMO - US,From RDC,N/A - From RDC,Air,Pre-PQ Process,N/A - From RDC,17-Mar-07,17-Mar-07,17-Mar-07,ARV,Adult,"Tenofovir Disoproxil Fumarate 300mg [Viread], tablets, 30 Tabs",Tenofovir Disoproxil Fumarate,300mg,Tablet,30,4000,68000.0,17.0,0.57,Yes,265,11931,
11383,110-ZM-T01,Pre-PQ Process,SO-206,DN-69,Zambia,PMO - US,From RDC,N/A - From RDC,,Pre-PQ Process,N/A - From RDC,20-Apr-07,20-Apr-07,20-Apr-07,ARV,Adult,"Abacavir 300mg, tablets, 60 Tabs",Abacavir,300mg,Tablet,60,5000,177500.0,35.5,0.59,Yes,239,1684.15,
11384,107-RW-T01,Pre-PQ Process,SO-481,DN-100,Rwanda,PMO - US,From RDC,N/A - From RDC,Air,Pre-PQ Process,N/A - From RDC,14-May-07,14-May-07,14-May-07,ARV,Adult,"Stavudine 30mg, capsules, 60 Caps",Stavudine,30mg,Capsule,60,117,188.37,1.61,0.03,No,See DN-100 (ID#:10823),See DN-100 (ID#:10823),
11385,107-RW-T01,Pre-PQ Process,SO-481,DN-100,Rwanda,PMO - US,From RDC,N/A - From RDC,Air,Pre-PQ Process,N/A - From RDC,14-May-07,14-May-07,14-May-07,ARV,Adult,"Stavudine 40mg, capsules, 60 Caps",Stavudine,40mg,Capsule,60,306,651.78,2.13,0.04,No,See DN-100 (ID#:10823),See DN-100 (ID#:10823),
11386,100-CI-T01,Pre-PQ Process,SO-438,DN-80,Côte d'Ivoire,PMO - US,From RDC,N/A - From RDC,,Pre-PQ Process,N/A - From RDC,30-Apr-07,30-Apr-07,30-Apr-07,ARV,Adult,"Lamivudine/Nevirapine/Stavudine 150/200/30mg, tablets, 60 Tabs",Lamivudine/Nevirapine/Stavudine,150/200/30mg,Tablet - FDC,60,9000,67500.0,7.5,0.12,Yes,974,3166,
11387,104-CI-T01,Pre-PQ Process,SO-585,DN-193,Côte d'Ivoire,PMO - US,From RDC,N/A - From RDC,,Pre-PQ Process,N/A - From RDC,28-Jun-07,28-Jun-07,28-Jun-07,ARV,Adult,"Stavudine 15mg, capsules, 60 Caps",Stavudine,15mg,Capsule,60,401,862.15,2.15,0.04,Yes,235,1619,1.38
11390,104-CI-T01,Pre-PQ Process,SO-594,DN-198,Côte d'Ivoire,PMO - US,From RDC,N/A - From RDC,,Pre-PQ Process,N/A - From RDC,25-Jun-07,25-Jun-07,25-Jun-07,ARV,Adult,"Abacavir 300mg, tablets, 60 Tabs",Abacavir,300mg,Tablet,60,957,34260.6,35.8,0.6,Yes,95,1448,54.82
11391,104-CI-T01,Pre-PQ Process,SO-519,DN-199,Côte d'Ivoire,PMO - US,From RDC,N/A - From RDC,,Pre-PQ Process,N/A - From RDC,5-Jul-07,5-Jul-07,5-Jul-07,ARV,Pediatric,"Zidovudine 10mg/ml, oral solution, Bottle, 240 ml",Zidovudine,10mg/ml,Oral solution,240,4316,17048.2,3.95,0.02,Yes,6634,15561,27.28
11393,110-ZM-T01,Pre-PQ Process,SO-498,DN-182,Zambia,PMO - US,From RDC,N/A - From RDC,,Pre-PQ Process,N/A - From RDC,14-Jun-07,14-Jun-07,14-Jun-07,ARV,Adult,"Efavirenz 600mg, tablets, 30 Tabs",Efavirenz,600mg,Tablet,30,25874,420711.24,16.26,0.54,No,See DN-182 (ID#:10562),See DN-182 (ID#:10562),
11394,110-ZM-T01,Pre-PQ Process,SO-479,DN-186,Zambia,PMO - US,From RDC,N/A - From RDC,,Pre-PQ Process,N/A - From RDC,12-Jun-07,12-Jun-07,12-Jun-07,ARV,Pediatric,"Efavirenz 50mg [Stocrin/Sustiva], capsule, 30 Caps",Efavirenz,50mg,Capsule,30,570,1977.9,3.47,0.12,Yes,26,505.17,
11395,110-ZM-T01,Pre-PQ Process,SO-623,DN-204,Zambia,PMO - US,From RDC,N/A - From RDC,,Pre-PQ Process,N/A - From RDC,20-Jun-07,20-Jun-07,20-Jun-07,ARV,Adult,"Lopinavir/Ritonavir 200/50mg [Aluvia], tablets, 120 Tabs",Lopinavir/Ritonavir,200/50mg,Tablet,120,2820,115902.0,41.1,0.34,Yes,614,2880.35,185.44
11397,104-CI-T01,Pre-PQ Process,SO-517,DN-160,Côte d'Ivoire,PMO - US,From RDC,N/A - From RDC,,Pre-PQ Process,N/A - From RDC,15-Jun-07,15-Jun-07,15-Jun-07,ARV,Adult,"Lamivudine/Nevirapine/Stavudine 150/200/30mg, tablets, 60 Tabs",Lamivudine/Nevirapine/Stavudine,150/200/30mg,Tablet - FDC,60,8347,62602.5,7.5,0.12,Yes,1313,3908,
11398,104-CI-T01,Pre-PQ Process,SO-517,DN-160,Côte d'Ivoire,PMO - US,From RDC,N/A - From RDC,,Pre-PQ Process,N/A - From RDC,15-Jun-07,15-Jun-07,15-Jun-07,ARV,Adult,"Saquinavir 200mg [Invirase], capsules, 270 Caps",Saquinavir,200mg,Capsule,270,638,50172.32,78.64,0.29,No,See DN-160 (ID#:11397),See DN-160 (ID#:11397),
11401,107-RW-T01,Pre-PQ Process,SO-240,DN-150,Rwanda,PMO - US,From RDC,N/A - From RDC,Air,Pre-PQ Process,N/A - From RDC,22-May-07,22-May-07,22-May-07,HRDT,HIV test,"HIV 1/2/O, First Response HIV 1-2.0, v.3.0 Cards Kit, 30 Tests","HIV 1/2/O, First Response HIV 1-2.0, v.3.0 Cards Kit",,Test kit,30,2000,42000.0,21.0,0.7,Yes,Weight Captured Separately,2805.51,
11402,107-RW-T01,Pre-PQ Process,SO-240,DN-150,Rwanda,PMO - US,From RDC,N/A - From RDC,Air,Pre-PQ Process,N/A - From RDC,22-May-07,22-May-07,22-May-07,HRDT,HIV test,"HIV 1/2, Capillus HIV Kit, 100 Tests","HIV 1/2, Capillus HIV Kit",,Test kit,100,60,8340.0,139.0,1.39,No,See DN-150 (ID#:11401),See DN-150 (ID#:11401),
11403,117-ET-T01,Pre-PQ Process,SO-582,DN-157,Ethiopia,PMO - US,From RDC,N/A - From RDC,,Pre-PQ Process,N/A - From RDC,24-May-07,24-May-07,24-May-07,HRDT,HIV test,"HIV 1/2, Capillus HIV Kit, 100 Tests","HIV 1/2, Capillus HIV Kit",,Test kit,100,200,27800.0,139.0,1.39,Yes,213,2129.46,
11404,110-ZM-T01,Pre-PQ Process,SO-230,DN-165,Zambia,PMO - US,From RDC,N/A - From RDC,,Pre-PQ Process,N/A - From RDC,5-Jun-07,5-Jun-07,5-Jun-07,ARV,Adult,"Nevirapine 200mg, tablets, 60 Tabs",Nevirapine,200mg,Tablet,60,33333,122332.11,3.67,0.06,Yes,3118,Freight Included in Commodity Cost,
11407,104-CI-T01,Pre-PQ Process,SO-652,DN-244,Côte d'Ivoire,PMO - US,From RDC,N/A - From RDC,,Pre-PQ Process,N/A - From RDC,20-Jul-07,20-Jul-07,20-Jul-07,ARV,Adult,"Lopinavir/Ritonavir 200/50mg [Aluvia], tablets, 120 Tabs",Lopinavir/Ritonavir,200/50mg,Tablet,120,1110,45621.0,41.1,0.34,Yes,222,1603,72.99
11408,107-RW-T01,Pre-PQ Process,SO-827,DN-277,Rwanda,PMO - US,From RDC,N/A - From RDC,Air,Pre-PQ Process,N/A - From RDC,6-Aug-07,6-Aug-07,6-Aug-07,HRDT,HIV test,"HIV 1/2, Determine Complete HIV Kit, 100 Tests","HIV 1/2, Determine Complete HIV Kit",,Test kit,100,850,68000.0,80.0,0.8,Yes,195,4613.67,108.8
11409,111-MZ-T01,Pre-PQ Process,SO-577,DN-279,Mozambique,PMO - US,From RDC,N/A - From RDC,Air,Pre-PQ Process,N/A - From RDC,21-Sep-07,21-Sep-07,21-Sep-07,ARV,Pediatric,"Efavirenz 50mg, capsule, 30 Caps",Efavirenz,50mg,Capsule,30,570,1949.4,3.42,0.11,Yes,35,364.51,3.12
11411,104-CI-T01,Pre-PQ Process,SO-788,DN-255,Côte d'Ivoire,PMO - US,From RDC,N/A - From RDC,,Pre-PQ Process,N/A - From RDC,31-Jul-07,31-Jul-07,31-Jul-07,HRDT,HIV test,"HIV 1/2, Determine Complete HIV Kit, 100 Tests","HIV 1/2, Determine Complete HIV Kit",,Test kit,100,79,6320.0,80.0,0.8,Yes,27,286.76,10.11
11412,111-MZ-T01,Pre-PQ Process,SO-502,DN-282,Mozambique,PMO - US,From RDC,N/A - From RDC,Air,Pre-PQ Process,N/A - From RDC,10-Oct-07,10-Oct-07,10-Oct-07,ARV,Adult,"Ritonavir 100mg [Norvir], capsules, cool, 4 x 84 Caps",Ritonavir,100mg,Capsule,336,140,5370.4,38.36,0.11,No,See DN-282 (ID#:11144),See DN-282 (ID#:11144),8.59
11417,109-TZ-T01,Pre-PQ Process,SO-645,DN-216,Tanzania,PMO - US,From RDC,N/A - From RDC,,Pre-PQ Process,N/A - From RDC,18-Jul-07,18-Jul-07,18-Jul-07,HRDT,HIV test,"HIV 1/2, Bioline 3.0 Kit, Lancets, Capillary pipets, Alcohol swabs included, 25 Tests","HIV 1/2, Bioline 3.0 Kit, Lancets, Capillary pipets, Alcohol swabs included",,Test kit,25,6452,129040.0,20.0,0.8,Yes,2334,9343.18,206.46
11418,111-MZ-T01,Pre-PQ Process,SO-695,DN-214,Mozambique,PMO - US,From RDC,N/A - From RDC,Air,Pre-PQ Process,N/A - From RDC,18-Jul-07,18-Jul-07,18-Jul-07,ARV,Adult,"Lopinavir/Ritonavir 200/50mg [Aluvia], tablets, 120 Tabs",Lopinavir/Ritonavir,200/50mg,Tablet,120,4000,164400.0,41.1,0.34,Yes,870,1149.57,263.04
11419,104-CI-T01,Pre-PQ Process,SO-590,DN-220,Côte d'Ivoire,PMO - US,From RDC,N/A - From RDC,,Pre-PQ Process,N/A - From RDC,18-Jul-07,18-Jul-07,18-Jul-07,ARV,Adult,"Lamivudine/Nevirapine/Stavudine 150/200/30mg, tablets, 60 Tabs",Lamivudine/Nevirapine/Stavudine,150/200/30mg,Tablet - FDC,60,209,1567.5,7.5,0.12,No,See DN-220 (ID#:10585),See DN-220 (ID#:10585),2.51
11420,104-CI-T01,Pre-PQ Process,SO-522,DN-240,Côte d'Ivoire,PMO - US,From RDC,N/A - From RDC,,Pre-PQ Process,N/A - From RDC,16-Jul-07,16-Jul-07,16-Jul-07,ARV,Adult,"Saquinavir 200mg [Invirase], capsules, 270 Caps",Saquinavir,200mg,Capsule,270,575,45218.0,78.64,0.29,No,See DN-240 (ID#:10847),See DN-240 (ID#:10847),72.35
11424,113-ZW-T01,Pre-PQ Process,SO-416,DN-252,Zimbabwe,PMO - US,From RDC,N/A - From RDC,,Pre-PQ Process,N/A - From RDC,30-Jul-07,30-Jul-07,30-Jul-07,ARV,Adult,"Efavirenz 600mg, tablets, 30 Tabs",Efavirenz,600mg,Tablet,30,3200,52032.0,16.26,0.54,Yes,280,1300.45,83.25
11425,111-MZ-T01,Pre-PQ Process,SO-499,DN-258,Mozambique,PMO - US,From RDC,N/A - From RDC,Air,Pre-PQ Process,N/A - From RDC,15-Aug-07,15-Aug-07,15-Aug-07,ARV,Pediatric,"Efavirenz 200mg, capsule, 90 Caps",Efavirenz,200mg,Capsule,90,422,7152.9,16.95,0.19,Yes,514,740.43,11.44
11426,104-CI-T01,Pre-PQ Process,SO-523,DN-260,Côte d'Ivoire,PMO - US,From RDC,N/A - From RDC,,Pre-PQ Process,N/A - From RDC,3-Aug-07,3-Aug-07,3-Aug-07,ARV,Adult,"Abacavir/Lamivudine/Zidovudine 300/150/300mg [Trizivir], tablets, 60 Tabs",Abacavir/Lamivudine/Zidovudine,300/150/300mg,Tablet - FDC,60,400,28000.0,70.0,1.17,Yes,2270,6889,44.8
11430,114-UG-T01,Pre-PQ Process,SO-895,DN-298,Uganda,PMO - US,From RDC,N/A - From RDC,Air,Pre-PQ Process,N/A - From RDC,27-Aug-07,27-Aug-07,27-Aug-07,ARV,Adult,"Stavudine 30mg, capsules, 60 Caps",Stavudine,30mg,Capsule,60,1000,1520.0,1.52,0.03,No,See DN-298 (ID#:10863),See DN-298 (ID#:10863),2.43
11431,104-CI-T01,Pre-PQ Process,SO-631,DN-306,Côte d'Ivoire,PMO - US,From RDC,N/A - From RDC,,Pre-PQ Process,N/A - From RDC,17-Aug-07,17-Aug-07,17-Aug-07,ARV,Adult,"Ritonavir 100mg [Norvir], capsules, cool, 4 x 84 Caps",Ritonavir,100mg,Capsule,336,1025,39319.0,38.36,0.11,Yes,1436,5911.5,62.91
11432,111-MZ-T01,Pre-PQ Process,SO-925,DN-307,Mozambique,PMO - US,From RDC,N/A - From RDC,Air,Pre-PQ Process,N/A - From RDC,4-Sep-07,4-Sep-07,4-Sep-07,ARV,Adult,"Lamivudine/Zidovudine 150/300mg, tablets, 60 Tabs",Lamivudine/Zidovudine,150/300mg,Tablet - FDC,60,10800,102600.0,9.5,0.16,Yes,1020,1998.5,164.16
11433,111-MZ-T01,Pre-PQ Process,SO-927,DN-308,Mozambique,PMO - US,From RDC,N/A - From RDC,Air,Pre-PQ Process,N/A - From RDC,4-Sep-07,4-Sep-07,4-Sep-07,ARV,Adult,"Stavudine 30mg, capsules, 60 Caps",Stavudine,30mg,Capsule,60,630,957.6,1.52,0.03,Yes,36,1998.5,1.53
11434,110-ZM-T01,Pre-PQ Process,SO-942,DN-309,Zambia,PMO - US,From RDC,N/A - From RDC,Air,Pre-PQ Process,N/A - From RDC,21-Aug-07,21-Aug-07,21-Aug-07,ARV,Pediatric,"Nevirapine 10mg/ml, oral suspension, Bottle, 240 ml",Nevirapine,10mg/ml,Oral suspension,240,10624,65868.8,6.2,0.03,Yes,3785,13116,105.39
11435,104-CI-T01,Pre-PQ Process,SO-959,DN-320,Côte d'Ivoire,PMO - US,From RDC,N/A - From RDC,,Pre-PQ Process,N/A - From RDC,30-Aug-07,30-Aug-07,30-Aug-07,ARV,Adult,"Indinavir 400mg [Crixivan], capsules, 180 Caps",Indinavir,400mg,Capsule,180,7839,391950.0,50.0,0.28,No,See DN-320 (ID#:10593),See DN-320 (ID#:10593),627.12
11436,104-CI-T01,Pre-PQ Process,SO-959,DN-320,Côte d'Ivoire,PMO - US,From RDC,N/A - From RDC,,Pre-PQ Process,N/A - From RDC,30-Aug-07,30-Aug-07,30-Aug-07,ARV,Adult,"Lopinavir/Ritonavir 200/50mg [Aluvia], tablets, 120 Tabs",Lopinavir/Ritonavir,200/50mg,Tablet,120,726,29838.6,41.1,0.34,No,See DN-320 (ID#:10593),See DN-320 (ID#:10593),47.74
11450,110-ZM-T01,Pre-PQ Process,SO-627,DN-340,Zambia,PMO - US,From RDC,N/A - From RDC,,Pre-PQ Process,N/A - From RDC,14-Sep-07,14-Sep-07,14-Sep-07,ARV,Pediatric,"Lopinavir/Ritonavir 80/20mg/ml [Kaletra], oral solution, cool, Bottle 5 x 60 ml",Lopinavir/Ritonavir,80/20mg/ml,Oral solution,300,665,27331.5,41.1,0.14,Yes,603,2839.2,43.73
11452,111-MZ-T01,Pre-PQ Process,SO-924,DN-344,Mozambique,PMO - US,From RDC,N/A - From RDC,Air,Pre-PQ Process,N/A - From RDC,5-Oct-07,5-Oct-07,5-Oct-07,ARV,Adult,"Lamivudine/Stavudine 150/30mg, tablets, 30 Tabs",Lamivudine/Stavudine,150/30mg,Tablet - FDC,30,70000,140000.0,2.0,0.07,No,See DN-344 (ID#:11173),See DN-344 (ID#:11173),224.0
11454,117-ET-T01,Pre-PQ Process,SO-914,DN-332,Ethiopia,PMO - US,From RDC,N/A - From RDC,,Pre-PQ Process,N/A - From RDC,4-Sep-07,4-Sep-07,4-Sep-07,ARV,Adult,"Lamivudine 150mg, tablets, 60 Tabs",Lamivudine,150mg,Tablet,60,15960,48518.4,3.04,0.05,No,See DN-332 (ID#:10613),See DN-332 (ID#:10613),77.63
11456,110-ZM-T01,Pre-PQ Process,SO-1072,DN-353,Zambia,PMO - US,From RDC,N/A - From RDC,,Pre-PQ Process,N/A - From RDC,14-Sep-07,14-Sep-07,14-Sep-07,ARV,Pediatric,"Stavudine 1mg/ml, powder for oral solution, 200 ml",Stavudine,1mg/ml,Oral solution,200,9050,13122.5,1.45,0.01,Yes,1084,5181,21.0
11458,110-ZM-T01,Pre-PQ Process,SO-978,DN-397,Zambia,PMO - US,From RDC,N/A - From RDC,,Pre-PQ Process,N/A - From RDC,26-Nov-07,26-Nov-07,26-Nov-07,ARV,Adult,"Efavirenz 600mg, tablets, 30 Tabs",Efavirenz,600mg,Tablet,30,44135,548156.7,12.42,0.41,Yes,4082,13484.72,877.05
11462,112-NG-T01,Pre-PQ Process,SO-565,DN-373,Nigeria,PMO - US,From RDC,N/A - From RDC,Air,Pre-PQ Process,N/A - From RDC,20-Sep-07,20-Sep-07,20-Sep-07,ARV,Adult,"Lamivudine/Zidovudine 150/300mg, tablets, 60 Tabs",Lamivudine/Zidovudine,150/300mg,Tablet - FDC,60,229,2445.72,10.68,0.18,No,See DN-373 (ID#:10623),See DN-373 (ID#:10623),3.91
11464,111-MZ-T01,Pre-PQ Process,SO-1110,DN-375,Mozambique,PMO - US,From RDC,N/A - From RDC,Air,Pre-PQ Process,N/A - From RDC,31-Oct-07,31-Oct-07,31-Oct-07,HRDT,HIV test,"HIV 1/2, Determine Complete HIV Kit, 100 Tests","HIV 1/2, Determine Complete HIV Kit",,Test kit,100,4000,288000.0,72.0,0.72,Yes,2526,1871.05,460.8
11472,110-ZM-T01,Pre-PQ Process,SO-1073,DN-371,Zambia,PMO - US,From RDC,N/A - From RDC,,Pre-PQ Process,N/A - From RDC,21-Sep-07,21-Sep-07,21-Sep-07,ARV,Pediatric,"Stavudine 1mg/ml, powder for oral solution, 200 ml",Stavudine,1mg/ml,Oral solution,200,2950,4277.5,1.45,0.01,Yes,267,3094,6.84
11473,104-CI-T01,Pre-PQ Process,SO-1113,DN-385,Côte d'Ivoire,PMO - US,From RDC,N/A - From RDC,Air,Pre-PQ Process,N/A - From RDC,22-Oct-07,22-Oct-07,22-Oct-07,HRDT,HIV test - Ancillary,"HIV, Lancet, Safety, for HIV Test kits, 100 Pcs","HIV, Lancet, Safety, for HIV Test kits, 100 Pcs",,Test kit - Ancillary,100,595,5.95,0.01,0.0,No,See DN-385 (ID#:11186),See DN-385 (ID#:11186),0.01
11474,100-ZW-T01,Pre-PQ Process,SO-706,DN-401,Zimbabwe,PMO - US,From RDC,N/A - From RDC,Air,Pre-PQ Process,N/A - From RDC,25-Nov-07,25-Nov-07,25-Nov-07,ARV,Adult,"Efavirenz 600mg, tablets, 30 Tabs",Efavirenz,600mg,Tablet,30,1860,23101.2,12.42,0.41,Yes,4256,5145.86,36.96
11475,100-ZW-T01,Pre-PQ Process,SO-706,DN-401,Zimbabwe,PMO - US,From RDC,N/A - From RDC,Air,Pre-PQ Process,N/A - From RDC,25-Nov-07,25-Nov-07,25-Nov-07,ARV,Adult,"Lamivudine/Nevirapine/Stavudine 150/200/30mg, tablets, 60 Tabs",Lamivudine/Nevirapine/Stavudine,150/200/30mg,Tablet - FDC,60,15000,111000.0,7.4,0.12,No,See DN-401 (ID#:11474),See DN-401 (ID#:11474),177.6
11476,112-NG-T01,Pre-PQ Process,SO-1225,DN-411,Nigeria,PMO - US,From RDC,N/A - From RDC,Air,Pre-PQ Process,N/A - From RDC,1-Nov-07,1-Nov-07,1-Nov-07,ARV,Adult,"Lamivudine/Zidovudine 150/300mg, tablets, 60 Tabs",Lamivudine/Zidovudine,150/300mg,Tablet - FDC,60,1200,23400.0,19.5,0.32,No,See DN-411 (ID#:10631),See DN-411 (ID#:10631),37.44
11477,111-MZ-T01,Pre-PQ Process,SO-1038,DN-426,Mozambique,PMO - US,From RDC,N/A - From RDC,Air,Pre-PQ Process,N/A - From RDC,29-Nov-07,29-Nov-07,29-Nov-07,ARV,Adult,"Abacavir/Lamivudine/Zidovudine 300/150/300mg [Trizivir], tablets, 60 Tabs",Abacavir/Lamivudine/Zidovudine,300/150/300mg,Tablet - FDC,60,900,63000.0,70.0,1.17,No,See DN-426 (ID#:10633),See DN-426 (ID#:10633),100.8
11478,111-MZ-T01,Pre-PQ Process,SO-945,DN-413,Mozambique,PMO - US,From RDC,N/A - From RDC,Air,Pre-PQ Process,N/A - From RDC,12-Nov-07,12-Nov-07,12-Nov-07,HRDT,HIV test,"HIV 1/2, Uni-Gold HIV Kit, 20 Tests","HIV 1/2, Uni-Gold HIV Kit",,Test kit,20,4500,144000.0,32.0,1.6,Yes,1482,1566.19,230.4
11479,110-ZM-T01,Pre-PQ Process,SO-1363,DN-607,Zambia,PMO - US,From RDC,N/A - From RDC,Air,Pre-PQ Process,N/A - From RDC,26-Feb-08,26-Feb-08,26-Feb-08,ARV,Adult,"Lamivudine/Zidovudine 150/300mg, tablets, 60 Tabs",Lamivudine/Zidovudine,150/300mg,Tablet - FDC,60,27681,262969.5,9.5,0.16,Yes,2581,19832.46,420.75
11480,104-CI-T01,Pre-PQ Process,SO-1546,DN-609,Côte d'Ivoire,PMO - US,From RDC,N/A - From RDC,Air,Pre-PQ Process,N/A - From RDC,19-Feb-08,19-Feb-08,19-Feb-08,ARV,Adult,"Efavirenz 600mg, tablets, 30 Tabs",Efavirenz,600mg,Tablet,30,24561,294977.61,12.01,0.4,Yes,7191,12349.51,471.96
11481,104-CI-T01,Pre-PQ Process,SO-1546,DN-609,Côte d'Ivoire,PMO - US,From RDC,N/A - From RDC,Air,Pre-PQ Process,N/A - From RDC,19-Feb-08,19-Feb-08,19-Feb-08,ARV,Adult,"Efavirenz 600mg, tablets, 30 Tabs",Efavirenz,600mg,Tablet,30,37039,444838.39,12.01,0.4,No,See DN-609 (ID#:11480),See DN-609 (ID#:11480),711.74
11483,104-CI-T01,Pre-PQ Process,SO-1101,DN-434,Côte d'Ivoire,PMO - US,From RDC,N/A - From RDC,Air,Pre-PQ Process,N/A - From RDC,22-Nov-07,22-Nov-07,22-Nov-07,ARV,Pediatric,"Efavirenz 30mg/ml [Stocrin/Sustiva], oral solution, Bottle, 180 ml",Efavirenz,30mg/ml,Oral solution,180,3027,28756.5,9.5,0.05,Yes,9248,25563,46.01
11484,104-CI-T01,Pre-PQ Process,SO-1101,DN-434,Côte d'Ivoire,PMO - US,From RDC,N/A - From RDC,Air,Pre-PQ Process,N/A - From RDC,22-Nov-07,22-Nov-07,22-Nov-07,ARV,Adult,"Abacavir/Lamivudine/Zidovudine 300/150/300mg [Trizivir], tablets, 60 Tabs",Abacavir/Lamivudine/Zidovudine,300/150/300mg,Tablet - FDC,60,1873,83348.5,44.5,0.74,No,See DN-434 (ID#:11483),See DN-434 (ID#:11483),133.36
11485,110-ZM-T01,Pre-PQ Process,SO-1186,DN-447,Zambia,PMO - US,From RDC,N/A - From RDC,,Pre-PQ Process,N/A - From RDC,26-Nov-07,26-Nov-07,26-Nov-07,ARV,Adult,"Emtricitabine/Tenofovir Disoproxil Fumarate 200/300mg [Truvada], tablets, 30 Tabs",Emtricitabine/Tenofovir Disoproxil Fumarate,300/200mg,Tablet - FDC,30,17994,472342.5,26.25,0.88,Yes,1620,6785.1,755.75
11490,104-CI-T01,Pre-PQ Process,SO-1306,DN-441,Côte d'Ivoire,PMO - US,From RDC,N/A - From RDC,Air,Pre-PQ Process,N/A - From RDC,29-Nov-07,29-Nov-07,29-Nov-07,ARV,Adult,"Lamivudine 150mg, tablets, 60 Tabs",Lamivudine,150mg,Tablet,60,70000,212800.0,3.04,0.05,Yes,3681,10666,340.48
11491,104-CI-T01,Pre-PQ Process,SO-1143,DN-443,Côte d'Ivoire,PMO - US,From RDC,N/A - From RDC,Air,Pre-PQ Process,N/A - From RDC,14-Dec-07,14-Dec-07,14-Dec-07,ARV,Adult,"Nevirapine 200mg, tablets, 60 Tabs",Nevirapine,200mg,Tablet,60,13141,44679.4,3.4,0.06,Yes,1271,10722.75,71.49
11492,125-HT-T01,Pre-PQ Process,SO-1290,DN-444,Haiti,PMO - US,From RDC,N/A - From RDC,Air,Pre-PQ Process,N/A - From RDC,31-Dec-07,31-Dec-07,31-Dec-07,HRDT,HIV test,"HIV 1/2, Determine HIV Kit, without Lancets, 100 Tests","HIV 1/2, Determine HIV Kit, without Lancets",,Test kit,100,25,1800.0,72.0,0.72,No,See DN-444 (ID#:10639),See DN-444 (ID#:10639),2.88
11493,104-CI-T01,Pre-PQ Process,SO-1298,DN-451,Côte d'Ivoire,PMO - US,From RDC,N/A - From RDC,Air,Pre-PQ Process,N/A - From RDC,17-Jan-08,17-Jan-08,17-Jan-08,ARV,Adult,"Lopinavir/Ritonavir 200/50mg [Aluvia], tablets, 120 Tabs",Lopinavir/Ritonavir,200/50mg,Tablet,120,4,164.4,41.1,0.34,No,See DN-451 (ID#:11205),See DN-451 (ID#:11205),0.26
11494,112-NG-T01,Pre-PQ Process,SO-567,DN-475,Nigeria,PMO - US,From RDC,N/A - From RDC,Air,Pre-PQ Process,N/A - From RDC,3-Dec-07,3-Dec-07,3-Dec-07,ARV,Adult,"Nevirapine 200mg, tablets, 60 Tabs",Nevirapine,200mg,Tablet,60,628,2241.96,3.57,0.06,No,See DN-475 (ID#:10642),See DN-475 (ID#:10642),3.59
11495,112-NG-T01,Pre-PQ Process,SO-567,DN-475,Nigeria,PMO - US,From RDC,N/A - From RDC,Air,Pre-PQ Process,N/A - From RDC,3-Dec-07,3-Dec-07,3-Dec-07,ARV,Pediatric,"Zidovudine 10mg/ml, oral solution, Bottle, 240 ml",Zidovudine,10mg/ml,Oral solution,240,1752,6920.4,3.95,0.02,No,See DN-475 (ID#:10642),See DN-475 (ID#:10642),11.07
11496,110-ZM-T01,Pre-PQ Process,SO-755,DN-482,Zambia,PMO - US,From RDC,N/A - From RDC,,Pre-PQ Process,N/A - From RDC,22-Feb-08,22-Feb-08,22-Feb-08,ARV,Pediatric,"Abacavir 20mg/ml, oral solution, Bottle, 240 ml",Abacavir,20mg/ml,Oral solution,240,2091,34501.5,16.5,0.07,Yes,9386,33363.16,55.2
11497,110-ZM-T01,Pre-PQ Process,SO-1032,DN-485,Zambia,PMO - US,From RDC,N/A - From RDC,,Pre-PQ Process,N/A - From RDC,8-Jan-08,8-Jan-08,8-Jan-08,ARV,Adult,"Efavirenz 600mg, tablets, 30 Tabs",Efavirenz,600mg,Tablet,30,44135,548156.7,12.42,0.41,Yes,3454,12492,877.05
11500,119-NA-T01,Pre-PQ Process,SO-1418,DN-492,Namibia,PMO - US,From RDC,N/A - From RDC,Air,Pre-PQ Process,N/A - From RDC,30-Nov-07,30-Nov-07,30-Nov-07,HRDT,HIV test,"HIV 1/2, Clearview Complete Kit, 25 Tests","HIV 1/2, Clearview Complete Kit",,Test kit,25,100,7500.0,75.0,3.0,Yes,61,870.4,12.0
11501,119-NA-T01,Pre-PQ Process,SO-1451,DN-490,Namibia,PMO - US,From RDC,N/A - From RDC,Air,Pre-PQ Process,N/A - From RDC,6-Dec-07,6-Dec-07,6-Dec-07,HRDT,HIV test,"HIV 1/2, Clearview Complete Kit, 25 Tests","HIV 1/2, Clearview Complete Kit",,Test kit,25,70,5250.0,75.0,3.0,Yes,43,1542.15,8.4
11507,112-NG-T01,Pre-PQ Process,SO-1570,DN-535,Nigeria,PMO - US,From RDC,N/A - From RDC,Air,Pre-PQ Process,N/A - From RDC,9-Jan-08,9-Jan-08,9-Jan-08,ARV,Adult,"Lamivudine 150mg, tablets, 60 Tabs",Lamivudine,150mg,Tablet,60,451,1371.04,3.04,0.05,No,See DN-535 (ID#:10658),See DN-535 (ID#:10658),2.19
11508,104-CI-T01,Pre-PQ Process,SO-1144,DN-538,Côte d'Ivoire,PMO - US,From RDC,N/A - From RDC,Air,Pre-PQ Process,N/A - From RDC,28-Dec-07,28-Dec-07,28-Dec-07,ARV,Pediatric,"Nevirapine 10mg/ml, oral suspension, Bottle, 240 ml",Nevirapine,10mg/ml,Oral suspension,240,475,912.0,1.92,0.01,Yes,170,1301,1.46
11510,110-ZM-T01,Pre-PQ Process,SO-1187,DN-457,Zambia,PMO - US,From RDC,N/A - From RDC,Air,Pre-PQ Process,N/A - From RDC,24-Dec-07,24-Dec-07,24-Dec-07,ARV,Adult,"Emtricitabine/Tenofovir Disoproxil Fumarate 200/300mg [Truvada], tablets, 30 Tabs",Emtricitabine/Tenofovir Disoproxil Fumarate,300/200mg,Tablet - FDC,30,17706,464782.5,26.25,0.88,Yes,1594,6035.4,743.65
11511,113-ZW-T01,Pre-PQ Process,SO-1439,DN-477,Zimbabwe,PMO - US,From RDC,N/A - From RDC,Air,Pre-PQ Process,N/A - From RDC,11-Jan-08,11-Jan-08,11-Jan-08,HRDT,HIV test,"HIV 1/2, Bioline 3.0 Kit, Lancets, Capillary pipets, Alcohol swabs included, 25 Tests","HIV 1/2, Bioline 3.0 Kit, Lancets, Capillary pipets, Alcohol swabs included",,Test kit,25,3508,70160.0,20.0,0.8,Yes,1052,4641.85,112.26
11512,104-CI-T01,Pre-PQ Process,SO-971,DN-421,Côte d'Ivoire,PMO - US,From RDC,N/A - From RDC,Air,Pre-PQ Process,N/A - From RDC,17-Jan-08,17-Jan-08,17-Jan-08,ARV,Adult,"Saquinavir 200mg [Invirase], capsules, 270 Caps",Saquinavir,200mg,Capsule,270,332,26108.48,78.64,0.29,No,See DN-421 (ID#:10919),See DN-421 (ID#:10919),41.77
11515,100-ZW-T01,Pre-PQ Process,SO-712,DN-623,Zimbabwe,PMO - US,From RDC,N/A - From RDC,Air,Pre-PQ Process,N/A - From RDC,5-Mar-08,5-Mar-08,5-Mar-08,ARV,Adult,"Lamivudine/Stavudine 150/30mg, tablets, 30 Tabs",Lamivudine/Stavudine,150/30mg,Tablet - FDC,30,1600,3200.0,2.0,0.07,No,See DN-623 (ID#:10925),See DN-623 (ID#:10925),5.12
11516,114-UG-T01,Pre-PQ Process,SO-1302,DN-489,Uganda,PMO - US,From RDC,N/A - From RDC,Air,Pre-PQ Process,N/A - From RDC,15-Jan-08,15-Jan-08,15-Jan-08,ARV,Adult,"Lamivudine/Zidovudine 150/300mg, tablets, 60 Tabs",Lamivudine/Zidovudine,150/300mg,Tablet - FDC,60,2084,19798.0,9.5,0.16,Yes,237,1154.5,31.68
11517,107-RW-T01,Pre-PQ Process,SO-1534,DN-590,Rwanda,PMO - US,From RDC,N/A - From RDC,Air,Pre-PQ Process,N/A - From RDC,29-Feb-08,29-Feb-08,29-Feb-08,ARV,Adult,"Lopinavir/Ritonavir 200/50mg [Aluvia], tablets, 120 Tabs",Lopinavir/Ritonavir,200/50mg,Tablet,120,600,24660.0,41.1,0.34,Yes,859,5531.4,39.46
11518,110-ZM-T01,Pre-PQ Process,SO-783,DN-481,Zambia,PMO - US,From RDC,N/A - From RDC,,Pre-PQ Process,N/A - From RDC,15-Jan-08,15-Jan-08,15-Jan-08,HRDT,HIV test - Ancillary,"HIV, Lancet, Safety, for HIV Test kits, 100 Pcs","HIV, Lancet, Safety, for HIV Test kits, 100 Pcs",,Test kit - Ancillary,100,2100,21.0,0.01,0.0,No,See DN-481 (ID#:10656),See DN-481 (ID#:10656),0.03
11520,117-ET-T01,Pre-PQ Process,SO-1512,DN-517,Ethiopia,PMO - US,From RDC,N/A - From RDC,Air,Pre-PQ Process,N/A - From RDC,14-Dec-07,14-Dec-07,14-Dec-07,ARV,Adult,"Tenofovir Disoproxil Fumarate 300mg [Viread], tablets, 30 Tabs",Tenofovir Disoproxil Fumarate,300mg,Tablet,30,535,9095.0,17.0,0.57,Yes,33,755.5,14.55
11521,100-ZW-T01,Pre-PQ Process,SO-708,DN-479,Zimbabwe,PMO - US,From RDC,N/A - From RDC,Air,Pre-PQ Process,N/A - From RDC,5-Feb-08,5-Feb-08,5-Feb-08,ARV,Adult,"Lamivudine/Nevirapine/Stavudine 150/200/30mg, tablets, 60 Tabs",Lamivudine/Nevirapine/Stavudine,150/200/30mg,Tablet - FDC,60,37240,275576.0,7.4,0.12,No,See DN-479 (ID#:10647),See DN-479 (ID#:10647),440.92
11522,117-ET-T01,Pre-PQ Process,SO-1601,DN-577,Ethiopia,PMO - US,From RDC,N/A - From RDC,Air,Pre-PQ Process,N/A - From RDC,7-Feb-08,7-Feb-08,7-Feb-08,ARV,Adult,"Tenofovir Disoproxil Fumarate 300mg [Viread], tablets, 30 Tabs",Tenofovir Disoproxil Fumarate,300mg,Tablet,30,4394,74698.0,17.0,0.57,Yes,317,1628.18,119.52
11523,112-NG-T01,Pre-PQ Process,SO-1430,DN-551,Nigeria,PMO - US,From RDC,N/A - From RDC,Air,Pre-PQ Process,N/A - From RDC,16-Jan-08,16-Jan-08,16-Jan-08,ARV,Pediatric,"Nevirapine 10mg/ml, oral suspension, Bottle, 240 ml",Nevirapine,10mg/ml,Oral suspension,240,792,4910.4,6.2,0.03,Yes,272,2047,7.86
11524,117-ET-T01,Pre-PQ Process,SO-1523,DN-540,Ethiopia,PMO - US,From RDC,N/A - From RDC,Air,Pre-PQ Process,N/A - From RDC,20-Dec-07,16-Jan-08,16-Jan-08,ARV,Adult,"Lamivudine 150mg, tablets, 60 Tabs",Lamivudine,150mg,Tablet,60,29500,89680.0,3.04,0.05,Yes,1650,11339.5,143.49
11525,109-TZ-T01,Pre-PQ Process,SO-1648,DN-559,Tanzania,PMO - US,From RDC,N/A - From RDC,Air,Pre-PQ Process,N/A - From RDC,25-Feb-08,25-Feb-08,25-Feb-08,ARV,Adult,"Efavirenz 600mg, tablets, 30 Tabs",Efavirenz,600mg,Tablet,30,20000,248400.0,12.42,0.41,No,See DN-559 (ID#:10940),See DN-559 (ID#:10940),397.44
11526,104-CI-T01,Pre-PQ Process,SO-1284,DN-586,Côte d'Ivoire,PMO - US,From RDC,N/A - From RDC,Air,Pre-PQ Process,N/A - From RDC,5-Feb-08,5-Feb-08,5-Feb-08,ARV,Adult,"Indinavir 400mg [Crixivan], capsules, 180 Caps",Indinavir,400mg,Capsule,180,1550,77500.0,50.0,0.28,Yes,345,1888.48,124.0
11527,100-ZW-T01,Pre-PQ Process,SO-711,DN-604,Zimbabwe,PMO - US,From RDC,N/A - From RDC,Air,Pre-PQ Process,N/A - From RDC,5-Mar-08,5-Mar-08,5-Mar-08,ARV,Adult,"Lamivudine/Nevirapine/Stavudine 150/200/30mg, tablets, 60 Tabs",Lamivudine/Nevirapine/Stavudine,150/200/30mg,Tablet - FDC,60,2508,18559.2,7.4,0.12,Yes,4303,12894.85,29.69
11528,110-ZM-T01,Pre-PQ Process,SO-1807,DN-822,Zambia,PMO - US,From RDC,N/A - From RDC,Truck,Pre-PQ Process,N/A - From RDC,29-Jul-08,29-Jul-08,29-Jul-08,ARV,Adult,"Efavirenz 600mg, tablets, 30 Tabs",Efavirenz,600mg,Tablet,30,50000,600500.0,12.01,0.4,Yes,3882,5468.93,960.8
11529,106-HT-T01,Pre-PQ Process,SO-2058,DN-692,Haiti,PMO - US,From RDC,N/A - From RDC,Air,Pre-PQ Process,N/A - From RDC,3-Apr-08,3-Apr-08,3-Apr-08,ARV,Adult,"Efavirenz 600mg, tablets, 30 Tabs",Efavirenz,600mg,Tablet,30,18760,225307.6,12.01,0.4,No,See DN-692 (ID#:11233),See DN-692 (ID#:11233),360.49
11530,106-HT-T01,Pre-PQ Process,SO-2598,DN-783,Haiti,PMO - US,From RDC,N/A - From RDC,Air,Pre-PQ Process,N/A - From RDC,13-Jun-08,13-Jun-08,13-Jun-08,ARV,Adult,"Nevirapine 200mg, tablets, 60 Tabs",Nevirapine,200mg,Tablet,60,17843,60666.2,3.4,0.06,Yes,1667,19069.17,97.07
11531,110-ZM-T01,Pre-PQ Process,SO-1895,DN-824,Zambia,PMO - US,From RDC,N/A - From RDC,Truck,Pre-PQ Process,N/A - From RDC,23-Jul-08,23-Jul-08,23-Jul-08,ARV,Adult,"Efavirenz 600mg, tablets, 30 Tabs",Efavirenz,600mg,Tablet,30,45000,540450.0,12.01,0.4,Yes,3457,1934.31,864.72
11532,100-PK-T01,Pre-PQ Process,SO-2496,DN-732,Pakistan,PMO - US,From RDC,N/A - From RDC,Air,Pre-PQ Process,N/A - From RDC,19-May-08,19-May-08,19-May-08,HRDT,HIV test - Ancillary,"HIV, Lancet, Safety, for HIV Test kits, 100 Pcs","HIV, Lancet, Safety, for HIV Test kits, 100 Pcs",,Test kit - Ancillary,100,20,0.2,0.01,0.0,No,See DN-732 (ID#:10675),See DN-732 (ID#:10675),0.0
11533,131-NG-T01,Pre-PQ Process,SO-2575,DN-737,Nigeria,PMO - US,From RDC,N/A - From RDC,Air,Pre-PQ Process,N/A - From RDC,14-May-08,14-May-08,14-May-08,ARV,Adult,"Lamivudine/Nevirapine/Zidovudine 150/200/300mg, tablets, 60 Tabs",Lamivudine/Nevirapine/Zidovudine,150/300/200mg,Tablet - FDC,60,164,2177.92,13.28,0.22,Yes,2095,10098.25,3.48
11535,109-TZ-T01,Pre-PQ Process,SO-1942,DN-654,Tanzania,PMO - US,From RDC,N/A - From RDC,,Pre-PQ Process,N/A - From RDC,28-Mar-08,28-Mar-08,28-Mar-08,ARV,Adult,"Efavirenz 600mg, tablets, 30 Tabs",Efavirenz,600mg,Tablet,30,49997,620962.74,12.42,0.41,Yes,4345,14637,993.54
11536,112-NG-T01,Pre-PQ Process,SO-2726,DN-800,Nigeria,PMO - US,From RDC,N/A - From RDC,Air,Pre-PQ Process,N/A - From RDC,19-Jun-08,19-Jun-08,19-Jun-08,ARV,Adult,"Stavudine 30mg, capsules, 60 Caps",Stavudine,30mg,Capsule,60,154,238.7,1.55,0.03,No,See DN-800 (ID#:10953),See DN-800 (ID#:10953),0.38
11537,106-HT-T01,Pre-PQ Process,SO-2047,DN-742,Haiti,PMO - US,From RDC,N/A - From RDC,Air,Pre-PQ Process,N/A - From RDC,2-Jun-08,2-Jun-08,2-Jun-08,ARV,Pediatric,"Didanosine 200mg, chewable/dispersible tablets, 60 Tabs",Didanosine,200mg,Chewable/dispersible tablet,60,98,1519.0,15.5,0.26,Yes,77,991.49,2.43
11538,109-TZ-T01,Pre-PQ Process,SO-1695,DN-663,Tanzania,PMO - US,From RDC,N/A - From RDC,,Pre-PQ Process,N/A - From RDC,22-Apr-08,23-Apr-08,23-Apr-08,ARV,Adult,"Abacavir 300mg, tablets, 60 Tabs",Abacavir,300mg,Tablet,60,5730,157746.9,27.53,0.46,No,See DN-663 (ID#:10960),See DN-663 (ID#:10960),252.4
11539,123-NG-T01,Pre-PQ Process,SO-2553,DN-836,Nigeria,PMO - US,From RDC,N/A - From RDC,Air,Pre-PQ Process,N/A - From RDC,31-Jul-08,31-Jul-08,31-Jul-08,ARV,Adult,"Nevirapine 200mg, tablets, 60 Tabs",Nevirapine,200mg,Tablet,60,6002,20406.8,3.4,0.06,No,See DN-836 (ID#:11244),See DN-836 (ID#:11244),32.65
11540,105-GY-T01,Pre-PQ Process,SO-11630,DN-841,Guyana,PMO - US,From RDC,N/A - From RDC,Air,Pre-PQ Process,N/A - From RDC,25-Jul-08,25-Jul-08,25-Jul-08,ARV,Adult,"Lamivudine 150mg, tablets, 60 Tabs",Lamivudine,150mg,Tablet,60,431,1249.9,2.9,0.05,Yes,377,5228.67,2.0
11541,114-UG-T01,Pre-PQ Process,SO-1301,DN-480,Uganda,PMO - US,From RDC,N/A - From RDC,Air,Pre-PQ Process,N/A - From RDC,19-Mar-08,19-Mar-08,19-Mar-08,ARV,Adult,"Lamivudine/Stavudine 150/30mg, tablets, 30 Tabs",Lamivudine/Stavudine,150/30mg,Tablet - FDC,30,300,600.0,2.0,0.07,No,See DN-480 (ID#:10693),See DN-480 (ID#:10693),0.96
11542,106-HT-T01,Pre-PQ Process,SO-2601,DN-788,Haiti,PMO - US,From RDC,N/A - From RDC,Air,Pre-PQ Process,N/A - From RDC,1-Jul-08,1-Jul-08,1-Jul-08,ARV,Pediatric,"Efavirenz 200mg, capsule, 90 Caps",Efavirenz,200mg,Capsule,90,105,1680.0,16.0,0.18,Yes,14,1015.24,2.69
11543,112-NG-T01,Pre-PQ Process,SO-2350,DN-718,Nigeria,PMO - US,From RDC,N/A - From RDC,Air,Pre-PQ Process,N/A - From RDC,21-Apr-08,21-Apr-08,21-Apr-08,ARV,Adult,"Lamivudine/Zidovudine 150/300mg, tablets, 60 Tabs",Lamivudine/Zidovudine,150/300mg,Tablet - FDC,60,1300,12285.0,9.45,0.16,No,See DN-718 (ID#:10968),See DN-718 (ID#:10968),19.66
11545,109-TZ-T01,Pre-PQ Process,SO-1651,DN-636,Tanzania,PMO - US,From RDC,N/A - From RDC,Air,Pre-PQ Process,N/A - From RDC,1-Apr-08,1-Apr-08,1-Apr-08,ARV,Pediatric,"Didanosine 100mg, chewable/dispersible tablets, 60 Tabs",Didanosine,100mg,Chewable/dispersible tablet,60,9367,72594.25,7.75,0.13,Yes,1955,6923.3,116.15
11547,104-CI-T01,Pre-PQ Process,SO-1838,DN-632,Côte d'Ivoire,PMO - US,From RDC,N/A - From RDC,Air,Pre-PQ Process,N/A - From RDC,13-Mar-08,13-Mar-08,13-Mar-08,HRDT,HIV test - Ancillary,"HIV, Lancet, Safety, for HIV Test kits, 100 Pcs","HIV, Lancet, Safety, for HIV Test kits, 100 Pcs",,Test kit - Ancillary,100,250,2.5,0.01,0.0,Yes,61,1225.42,0.0
11548,119-NA-T01,Pre-PQ Process,SO-1764,DN-635,Namibia,PMO - US,From RDC,N/A - From RDC,Air,Pre-PQ Process,N/A - From RDC,14-Mar-08,14-Mar-08,14-Mar-08,ARV,Adult,"Efavirenz 600mg, tablets, 30 Tabs",Efavirenz,600mg,Tablet,30,21000,252210.0,12.01,0.4,Yes,1815,6074.62,403.54
11550,114-UG-T01,Pre-PQ Process,SO-1928,DN-652,Uganda,PMO - US,From RDC,N/A - From RDC,,Pre-PQ Process,N/A - From RDC,7-Apr-08,7-Apr-08,7-Apr-08,ARV,Adult,"Lamivudine/Nevirapine/Zidovudine 150/200/300mg, tablets, 60 Tabs",Lamivudine/Nevirapine/Zidovudine,150/300/200mg,Tablet - FDC,60,1450,19575.0,13.5,0.22,Yes,167,1472.77,31.32
11551,106-HT-T01,Pre-PQ Process,SO-2072,DN-695,Haiti,PMO - US,From RDC,N/A - From RDC,Air,Pre-PQ Process,N/A - From RDC,11-Apr-08,11-Apr-08,11-Apr-08,ARV,Pediatric,"Efavirenz 30mg/ml [Stocrin/Sustiva], oral solution, Bottle, 180 ml",Efavirenz,30mg/ml,Oral solution,180,34,576.64,16.96,0.09,Yes,14,896.55,0.92
11552,117-ET-T01,Pre-PQ Process,SO-1537,DN-631,Ethiopia,PMO - US,From RDC,N/A - From RDC,Air,Pre-PQ Process,N/A - From RDC,6-Mar-08,6-Mar-08,6-Mar-08,ARV,Adult,"Lamivudine 150mg, tablets, 60 Tabs",Lamivudine,150mg,Tablet,60,65500,199120.0,3.04,0.05,Yes,3858,12047.8,318.59
11553,106-HT-T01,Pre-PQ Process,SO-2055,DN-690,Haiti,PMO - US,From RDC,N/A - From RDC,Air,Pre-PQ Process,N/A - From RDC,14-Apr-08,14-Apr-08,14-Apr-08,ARV,Adult,"Lamivudine/Zidovudine 150/300mg, tablets, 60 Tabs",Lamivudine/Zidovudine,150/300mg,Tablet - FDC,60,24345,230060.25,9.45,0.16,No,See DN-690 (ID#:10706),See DN-690 (ID#:10706),368.1
11554,111-MZ-T01,Pre-PQ Process,SO-1876,DN-707,Mozambique,PMO - US,From RDC,N/A - From RDC,Air,Pre-PQ Process,N/A - From RDC,22-May-08,22-May-08,22-May-08,ARV,Adult,"Lamivudine/Nevirapine/Stavudine 150/200/30mg, tablets, 60 Tabs",Lamivudine/Nevirapine/Stavudine,150/200/30mg,Tablet - FDC,60,39000,288600.0,7.4,0.12,Yes,7719,6260.71,461.76
11555,113-ZW-T01,Pre-PQ Process,SO-2502,DN-813,Zimbabwe,PMO - US,From RDC,N/A - From RDC,Truck,Pre-PQ Process,N/A - From RDC,26-Jul-08,26-Jul-08,26-Jul-08,ARV,Adult,"Efavirenz 600mg, tablets, 30 Tabs",Efavirenz,600mg,Tablet,30,4000,48040.0,12.01,0.4,No,See DN-813 (ID#:10979),See DN-813 (ID#:10979),76.86
11556,110-ZM-T01,Pre-PQ Process,SO-2549,DN-823,Zambia,PMO - US,From RDC,N/A - From RDC,Truck,Pre-PQ Process,N/A - From RDC,23-Jul-08,23-Jul-08,23-Jul-08,ARV,Adult,"Lamivudine/Nevirapine/Stavudine 150/200/30mg, tablets, 60 Tabs",Lamivudine/Nevirapine/Stavudine,150/200/30mg,Tablet - FDC,60,60000,432000.0,7.2,0.12,No,See DN-823 (ID#:11271),See DN-823 (ID#:11271),691.2
11557,105-GY-T01,Pre-PQ Process,SO-2465,DN-728,Guyana,PMO - US,From RDC,N/A - From RDC,Air,Pre-PQ Process,N/A - From RDC,20-May-08,20-May-08,20-May-08,ARV,Adult,"Lopinavir/Ritonavir 200/50mg [Aluvia], tablets, 120 Tabs",Lopinavir/Ritonavir,200/50mg,Tablet,120,1530,125766.0,82.2,0.68,Yes,347,4220.15,201.23
11558,109-TZ-T01,Pre-PQ Process,SO-2721,DN-766,Tanzania,PMO - US,From RDC,N/A - From RDC,Air,Pre-PQ Process,N/A - From RDC,10-Jul-08,10-Jul-08,10-Jul-08,ARV,Adult,"Lamivudine 150mg, tablets, 60 Tabs",Lamivudine,150mg,Tablet,60,11352,33034.32,2.91,0.05,Yes,572,4152.56,52.85
11559,109-TZ-T01,Pre-PQ Process,SO-2682,DN-902,Tanzania,PMO - US,From RDC,N/A - From RDC,Air,Pre-PQ Process,N/A - From RDC,26-Sep-08,26-Sep-08,26-Sep-08,ARV,Adult,"Lopinavir/Ritonavir 200/50mg [Aluvia], tablets, 120 Tabs",Lopinavir/Ritonavir,200/50mg,Tablet,120,2580,106038.0,41.1,0.34,Yes,587,1153.97,169.66
11560,117-ET-T01,Pre-PQ Process,SO-18340,DN-1003,Ethiopia,PMO - US,From RDC,N/A - From RDC,Air,Pre-PQ Process,N/A - From RDC,11-Nov-08,11-Nov-08,11-Nov-08,ARV,Adult,"Zidovudine 300mg, tablets, 60 Tabs",Zidovudine,300mg,Tablet,60,5000,39500.0,7.9,0.13,Yes,229,1774.3,77.42
11561,113-ZW-T01,Pre-PQ Process,SO-13991,DN-1015,Zimbabwe,PMO - US,From RDC,N/A - From RDC,Truck,Pre-PQ Process,N/A - From RDC,19-Nov-08,19-Nov-08,19-Nov-08,ARV,Adult,"Lamivudine/Stavudine 150/30mg, tablets, 30 Tabs",Lamivudine/Stavudine,150/30mg,Tablet - FDC,30,8000,16000.0,2.0,0.07,Yes,8855,29883.7,31.36
11562,110-ZM-T01,Pre-PQ Process,SO-19411,DN-1029,Zambia,PMO - US,From RDC,N/A - From RDC,Air,Pre-PQ Process,N/A - From RDC,11-Dec-08,11-Dec-08,11-Dec-08,ARV,Adult,"Zidovudine 300mg, tablets, 60 Tabs",Zidovudine,300mg,Tablet,60,2306,18793.9,8.15,0.14,Yes,132,1659.48,36.84
11563,102-KE-T01,Pre-PQ Process,SO-11440,DN-965,Kenya,PMO - US,From RDC,N/A - From RDC,Truck,Pre-PQ Process,N/A - From RDC,23-Oct-08,23-Oct-08,23-Oct-08,HRDT,HIV test - Ancillary,"HIV, Lancet, Safety, for HIV Test kits, 100 Pcs","HIV, Lancet, Safety, for HIV Test kits, 100 Pcs",,Test kit - Ancillary,100,5000,50.0,0.01,0.0,Yes,Weight Captured Separately,Invoiced Separately,0.1
11564,105-GY-T01,Pre-PQ Process,SO-18470,DN-1017,Guyana,PMO - US,From RDC,N/A - From RDC,Air,Pre-PQ Process,N/A - From RDC,21-Nov-08,21-Nov-08,21-Nov-08,ARV,Adult,"Zidovudine 300mg, tablets, 60 Tabs",Zidovudine,300mg,Tablet,60,416,3286.4,7.9,0.13,Yes,49,1465.71,6.44
11565,114-UG-T01,Pre-PQ Process,SO-17790,DN-1082,Uganda,PMO - US,From RDC,N/A - From RDC,Air,Pre-PQ Process,N/A - From RDC,3-Mar-09,3-Mar-09,3-Mar-09,ARV,Adult,"Zidovudine 300mg, tablets, 60 Tabs",Zidovudine,300mg,Tablet,60,50,395.0,7.9,0.13,Yes,3,978.92,0.77
11567,110-ZM-T01,Pre-PQ Process,SO-2490,DN-950,Zambia,PMO - US,From RDC,N/A - From RDC,Truck,Pre-PQ Process,N/A - From RDC,21-Oct-08,21-Oct-08,21-Oct-08,ARV,Adult,"Nevirapine 200mg, tablets, 60 Tabs",Nevirapine,200mg,Tablet,60,40454,137543.6,3.4,0.06,Yes,3787,4060.55,269.59
11568,114-UG-T01,Pre-PQ Process,SO-17770,DN-998,Uganda,PMO - US,From RDC,N/A - From RDC,Truck,Pre-PQ Process,N/A - From RDC,15-Dec-08,15-Dec-08,15-Dec-08,ARV,Adult,"Nevirapine 200mg, tablets, 60 Tabs",Nevirapine,200mg,Tablet,60,2523,8073.6,3.2,0.05,Yes,585,5698.01,15.82
11569,107-RW-T01,Pre-PQ Process,SO-24620,DN-1117,Rwanda,PMO - US,From RDC,N/A - From RDC,Air,Pre-PQ Process,N/A - From RDC,6-Mar-09,6-Mar-09,6-Mar-09,ARV,Adult,"Lamivudine/Zidovudine 150/300mg, tablets, 60 Tabs",Lamivudine/Zidovudine,150/300mg,Tablet - FDC,60,15000,131400.0,8.76,0.15,Yes,1364,21215.4,257.54
11570,112-NG-T01,Pre-PQ Process,SO-2729,DN-1008,Nigeria,PMO - US,From RDC,N/A - From RDC,Air,Pre-PQ Process,N/A - From RDC,17-Nov-08,17-Nov-08,17-Nov-08,ARV,Adult,"Stavudine 30mg, capsules, 60 Caps",Stavudine,30mg,Capsule,60,948,1469.4,1.55,0.03,Yes,127,4984.4,2.88
11571,112-NG-T01,Pre-PQ Process,SO-2729,DN-1008,Nigeria,PMO - US,From RDC,N/A - From RDC,Air,Pre-PQ Process,N/A - From RDC,17-Nov-08,17-Nov-08,17-Nov-08,ARV,Adult,"Lamivudine 150mg, tablets, 60 Tabs",Lamivudine,150mg,Tablet,60,1077,3123.3,2.9,0.05,No,See DN-1008 (ID#:11570),See DN-1008 (ID#:11570),6.12
11572,112-NG-T01,Pre-PQ Process,SO-2729,DN-1008,Nigeria,PMO - US,From RDC,N/A - From RDC,Air,Pre-PQ Process,N/A - From RDC,17-Nov-08,17-Nov-08,17-Nov-08,ARV,Adult,"Emtricitabine/Tenofovir Disoproxil Fumarate 200/300mg [Truvada], tablets, 30 Tabs",Emtricitabine/Tenofovir Disoproxil Fumarate,300/200mg,Tablet - FDC,30,6,157.5,26.25,0.88,No,See DN-1008 (ID#:11570),See DN-1008 (ID#:11570),0.31
11573,130-NG-T01,Pre-PQ Process,SO-10650,DN-1009,Nigeria,PMO - US,From RDC,N/A - From RDC,Air,Pre-PQ Process,N/A - From RDC,17-Nov-08,17-Nov-08,17-Nov-08,ARV,Adult,"Nevirapine 200mg, tablets, 60 Tabs",Nevirapine,200mg,Tablet,60,2454,8343.6,3.4,0.06,Yes,231,4401.4,16.35
11574,130-NG-T01,Pre-PQ Process,SO-17690,DN-1012,Nigeria,PMO - US,From RDC,N/A - From RDC,Air,Pre-PQ Process,N/A - From RDC,26-Nov-08,26-Nov-08,26-Nov-08,ARV,Adult,"Lamivudine/Zidovudine 150/300mg, tablets, 60 Tabs",Lamivudine/Zidovudine,150/300mg,Tablet - FDC,60,2780,25993.0,9.35,0.16,Yes,262,2426.8,50.95
11577,110-ZM-T01,Pre-PQ Process,SO-2486,DN-912,Zambia,PMO - US,From RDC,N/A - From RDC,Truck,Pre-PQ Process,N/A - From RDC,23-Sep-08,23-Sep-08,23-Sep-08,ARV,Adult,"Lamivudine/Zidovudine 150/300mg, tablets, 60 Tabs",Lamivudine/Zidovudine,150/300mg,Tablet - FDC,60,26402,249498.9,9.45,0.16,Yes,6986,6269.7,399.2
11578,113-ZW-T01,Pre-PQ Process,SO-2503,DN-900,Zimbabwe,PMO - US,From RDC,N/A - From RDC,Truck,Pre-PQ Process,N/A - From RDC,12-Sep-08,12-Sep-08,12-Sep-08,ARV,Adult,"Lamivudine/Nevirapine/Stavudine 150/200/30mg, tablets, 60 Tabs",Lamivudine/Nevirapine/Stavudine,150/200/30mg,Tablet - FDC,60,76000,562400.0,7.4,0.12,No,See DN-900 (ID#:11284),See DN-900 (ID#:11284),899.84
11579,112-NG-T01,Pre-PQ Process,SO-12780,DN-911,Nigeria,PMO - US,From RDC,N/A - From RDC,Air,Pre-PQ Process,N/A - From RDC,12-Sep-08,12-Sep-08,12-Sep-08,ARV,Adult,"Emtricitabine/Tenofovir Disoproxil Fumarate 200/300mg [Truvada], tablets, 30 Tabs",Emtricitabine/Tenofovir Disoproxil Fumarate,300/200mg,Tablet - FDC,30,76,1995.0,26.25,0.88,Yes,7,747.5,3.19
11581,106-HT-T01,Pre-PQ Process,SO-15970,DN-1022,Haiti,PMO - US,From RDC,N/A - From RDC,Air,Pre-PQ Process,N/A - From RDC,10-Dec-08,10-Dec-08,10-Dec-08,ARV,Pediatric,"Lamivudine 10mg/ml, oral solution, Bottle, 240 ml",Lamivudine,10mg/ml,Oral solution,240,1595,3030.5,1.9,0.01,Yes,598,6338.09,5.94
11582,110-ZM-T01,Pre-PQ Process,SO-2493,DN-967,Zambia,PMO - US,From RDC,N/A - From RDC,Truck,Pre-PQ Process,N/A - From RDC,7-Nov-08,7-Nov-08,7-Nov-08,ARV,Adult,"Nevirapine 200mg, tablets, 60 Tabs",Nevirapine,200mg,Tablet,60,50000,170000.0,3.4,0.06,Yes,2773,2938.92,333.2
11583,111-MZ-T01,Pre-PQ Process,SO-15091,DN-989,Mozambique,PMO - US,From RDC,N/A - From RDC,Air,Pre-PQ Process,N/A - From RDC,18-Dec-08,18-Dec-08,18-Dec-08,ARV,Adult,"Lamivudine/Nevirapine/Stavudine 150/200/30mg, tablets, 60 Tabs",Lamivudine/Nevirapine/Stavudine,150/200/30mg,Tablet - FDC,60,92950,669240.0,7.2,0.12,Yes,6883,7534.18,1311.71
11584,102-KE-T01,Pre-PQ Process,SO-11470,DN-991,Kenya,PMO - US,From RDC,N/A - From RDC,Truck,Pre-PQ Process,N/A - From RDC,31-Oct-08,31-Oct-08,31-Oct-08,HRDT,HIV test,"HIV 1/2, Uni-Gold HIV Kit, 20 Tests","HIV 1/2, Uni-Gold HIV Kit",,Test kit,20,1250,40000.0,32.0,1.6,Yes,394,157.5,78.4
11585,119-NA-T01,Pre-PQ Process,SO-15510,DN-953,Namibia,PMO - US,From RDC,N/A - From RDC,Truck,Pre-PQ Process,N/A - From RDC,30-Oct-08,30-Oct-08,30-Oct-08,ARV,Pediatric,"Lamivudine/Nevirapine/Stavudine 30/50/6mg, dispersible tablets, 60 Tabs",Lamivudine/Nevirapine/Stavudine,30/50/6mg,Chewable/dispersible tablet - FDC,60,1008,2509.92,2.49,0.04,Yes,303,2989.45,4.92
11586,119-NA-T01,Pre-PQ Process,SO-15510,DN-953,Namibia,PMO - US,From RDC,N/A - From RDC,Truck,Pre-PQ Process,N/A - From RDC,30-Oct-08,30-Oct-08,30-Oct-08,ARV,Pediatric,"Lamivudine/Nevirapine/Stavudine 60/100/12mg, dispersible tablets, 60 Tabs",Lamivudine/Nevirapine/Stavudine,60/100/12mg,Chewable/dispersible tablet - FDC,60,3600,16344.0,4.54,0.08,No,See DN-953 (ID#:11585),See DN-953 (ID#:11585),32.03
11587,117-ET-T01,Pre-PQ Process,SO-23980,DN-1107,Ethiopia,PMO - US,From RDC,N/A - From RDC,Air,Pre-PQ Process,N/A - From RDC,4-Mar-09,4-Mar-09,4-Mar-09,ARV,Adult,"Lamivudine/Nevirapine/Stavudine 150/200/30mg, tablets, 60 Tabs",Lamivudine/Nevirapine/Stavudine,150/200/30mg,Tablet - FDC,60,41922,298484.64,7.12,0.12,Yes,3190,14732.36,585.03
11590,104-CI-T01,Pre-PQ Process,SO-11840,DN-947,Côte d'Ivoire,PMO - US,From RDC,N/A - From RDC,Air,Pre-PQ Process,N/A - From RDC,1-Dec-08,1-Dec-08,1-Dec-08,ARV,Pediatric,"Stavudine 1mg/ml, powder for oral solution, 200 ml",Stavudine,1mg/ml,Oral solution,200,3250,4550.0,1.4,0.01,Yes,315,6381.87,8.92
11591,104-CI-T01,Pre-PQ Process,SO-11830,DN-948,Côte d'Ivoire,PMO - US,From RDC,N/A - From RDC,Air,Pre-PQ Process,N/A - From RDC,3-Dec-08,3-Dec-08,3-Dec-08,ARV,Pediatric,"Efavirenz 30mg/ml [Stocrin/Sustiva], oral solution, Bottle, 180 ml",Efavirenz,30mg/ml,Oral solution,180,1793,30409.28,16.96,0.09,No,See DN-948 (ID#:10994),See DN-948 (ID#:10994),59.6
11592,114-UG-T01,Pre-PQ Process,SO-17430,DN-968,Uganda,PMO - US,From RDC,N/A - From RDC,Air,Pre-PQ Process,N/A - From RDC,9-Dec-08,9-Dec-08,9-Dec-08,ARV,Adult,"Lamivudine/Nevirapine/Zidovudine 150/200/300mg, tablets, 60 Tabs",Lamivudine/Nevirapine/Zidovudine,150/300/200mg,Tablet - FDC,60,4704,55507.2,11.8,0.2,No,See DN-968 (ID#:11289),See DN-968 (ID#:11289),108.79
11593,114-UG-T01,Pre-PQ Process,SO-17440,DN-969,Uganda,PMO - US,From RDC,N/A - From RDC,Air,Pre-PQ Process,N/A - From RDC,4-Nov-08,4-Nov-08,4-Nov-08,ARV,Adult,"Emtricitabine/Tenofovir Disoproxil Fumarate 200/300mg [Truvada], tablets, 30 Tabs",Emtricitabine/Tenofovir Disoproxil Fumarate,300/200mg,Tablet - FDC,30,67,1758.75,26.25,0.88,Yes,666,4503,3.45
11594,114-UG-T01,Pre-PQ Process,SO-17440,DN-969,Uganda,PMO - US,From RDC,N/A - From RDC,Air,Pre-PQ Process,N/A - From RDC,4-Nov-08,4-Nov-08,4-Nov-08,ARV,Adult,"Lamivudine/Nevirapine/Zidovudine 150/200/300mg, tablets, 60 Tabs",Lamivudine/Nevirapine/Zidovudine,150/300/200mg,Tablet - FDC,60,5919,69844.2,11.8,0.2,No,See DN-969 (ID#:11593),See DN-969 (ID#:11593),136.89
11595,110-ZM-T01,Pre-PQ Process,SO-17600,DN-1116,Zambia,PMO - US,From RDC,N/A - From RDC,Air,Pre-PQ Process,N/A - From RDC,17-Mar-09,17-Mar-09,17-Mar-09,ARV,Adult,"Efavirenz 600mg, tablets, 30 Tabs",Efavirenz,600mg,Tablet,30,100000,1100000.0,11.0,0.37,Yes,8645,14041.17,2156.0
11596,109-TZ-T01,Pre-PQ Process,SO-1697,DN-893,Tanzania,PMO - US,From RDC,N/A - From RDC,,Pre-PQ Process,N/A - From RDC,15-Sep-08,15-Sep-08,15-Sep-08,ARV,Adult,"Lamivudine/Zidovudine 150/300mg, tablets, 60 Tabs",Lamivudine/Zidovudine,150/300mg,Tablet - FDC,60,58086,551817.0,9.5,0.16,Yes,8343,9001.03,882.91
11597,111-MZ-T01,Pre-PQ Process,SO-15080,DN-1034,Mozambique,PMO - US,From RDC,N/A - From RDC,Air,Pre-PQ Process,N/A - From RDC,21-Feb-09,21-Feb-09,21-Feb-09,ARV,Adult,"Nevirapine 200mg, tablets, 60 Tabs",Nevirapine,200mg,Tablet,60,7306,23379.2,3.2,0.05,No,See DN-1034 (ID#:10732),See DN-1034 (ID#:10732),45.82
11598,111-MZ-T01,Pre-PQ Process,SO-2424,DN-850,Mozambique,PMO - US,From RDC,N/A - From RDC,Air,Pre-PQ Process,N/A - From RDC,5-Sep-08,5-Sep-08,5-Sep-08,ARV,Adult,"Lamivudine/Stavudine 150/30mg, tablets, 30 Tabs",Lamivudine/Stavudine,150/30mg,Tablet - FDC,30,10000,20000.0,2.0,0.07,No,See DN-850 (ID#:10733),See DN-850 (ID#:10733),32.0
11600,111-MZ-T01,Pre-PQ Process,SO-15082,DN-1054,Mozambique,PMO - US,From RDC,N/A - From RDC,Air,Pre-PQ Process,N/A - From RDC,26-Feb-09,26-Feb-09,26-Feb-09,ARV,Adult,"Lamivudine/Nevirapine/Stavudine 150/200/30mg, tablets, 60 Tabs",Lamivudine/Nevirapine/Stavudine,150/200/30mg,Tablet - FDC,60,92933,669117.6,7.2,0.12,Yes,7011,7199.72,1311.47
11601,104-CI-T01,Pre-PQ Process,SO-11831,DN-949,Côte d'Ivoire,PMO - US,From RDC,N/A - From RDC,Air,Pre-PQ Process,N/A - From RDC,1-Dec-08,1-Dec-08,1-Dec-08,ARV,Adult,"Lamivudine/Stavudine 150/30mg, tablets, 60 Tabs",Lamivudine/Stavudine,150/30mg,Tablet - FDC,60,21542,84013.8,3.9,0.06,Yes,1583,6381.87,164.67
11602,114-UG-T01,Pre-PQ Process,SO-17700,DN-992,Uganda,PMO - US,From RDC,N/A - From RDC,Air,Pre-PQ Process,N/A - From RDC,9-Jan-09,9-Jan-09,9-Jan-09,ARV,Adult,"Lamivudine/Nevirapine/Stavudine 150/200/30mg, tablets, 60 Tabs",Lamivudine/Nevirapine/Stavudine,150/200/30mg,Tablet - FDC,60,1511,10879.2,7.2,0.12,Yes,205,2202.02,21.32
11603,117-ET-T01,Pre-PQ Process,SO-22020,DN-1052,Ethiopia,PMO - US,From RDC,N/A - From RDC,Air,Pre-PQ Process,N/A - From RDC,3-Mar-09,3-Mar-09,3-Mar-09,ARV,Adult,"Efavirenz 600mg, tablets, 30 Tabs",Efavirenz,600mg,Tablet,30,11549,122650.38,10.62,0.35,No,See DN-1052 (ID#:10737),See DN-1052 (ID#:10737),240.39
11605,114-UG-T01,Pre-PQ Process,SO-10180,DN-898,Uganda,PMO - US,From RDC,N/A - From RDC,Air,Pre-PQ Process,N/A - From RDC,25-Sep-08,25-Sep-08,25-Sep-08,ARV,Pediatric,"Zidovudine 10mg/ml, oral solution, Bottle, 240 ml",Zidovudine,10mg/ml,Oral solution,240,14668,30802.8,2.1,0.01,Yes,5511,7876.44,49.28
11606,109-TZ-T01,Pre-PQ Process,SO-2563,DN-899,Tanzania,PMO - US,From RDC,N/A - From RDC,Air,Pre-PQ Process,N/A - From RDC,26-Sep-08,26-Sep-08,26-Sep-08,ARV,Adult,"Efavirenz 600mg, tablets, 30 Tabs",Efavirenz,600mg,Tablet,30,131808,1583014.08,12.01,0.4,Yes,9996,8399.76,2532.82
11607,114-UG-T01,Pre-PQ Process,SO-17753,DN-1084,Uganda,PMO - US,From RDC,N/A - From RDC,Air,Pre-PQ Process,N/A - From RDC,5-Mar-09,5-Mar-09,5-Mar-09,ARV,Adult,"Nevirapine 200mg, tablets, 60 Tabs",Nevirapine,200mg,Tablet,60,1524,4876.8,3.2,0.05,No,See DN-1084 (ID#:11295),See DN-1084 (ID#:11295),9.56
11608,117-ET-T01,Pre-PQ Process,SO-22020,DN-1052,Ethiopia,PMO - US,From RDC,N/A - From RDC,Air,Pre-PQ Process,N/A - From RDC,3-Mar-09,3-Mar-09,3-Mar-09,ARV,Adult,"Tenofovir Disoproxil Fumarate 300mg, tablets, 30 Tabs",Tenofovir Disoproxil Fumarate,300mg,Tablet,30,7000,92960.0,13.28,0.44,No,See DN-1052 (ID#:10737),See DN-1052 (ID#:10737),182.2
11609,117-ET-T01,Pre-PQ Process,SO-22020,DN-1052,Ethiopia,PMO - US,From RDC,N/A - From RDC,Air,Pre-PQ Process,N/A - From RDC,3-Mar-09,3-Mar-09,3-Mar-09,ARV,Adult,"Lamivudine/Stavudine 150/30mg, tablets, 30 Tabs",Lamivudine/Stavudine,150/30mg,Tablet - FDC,30,14814,29628.0,2.0,0.07,No,See DN-1052 (ID#:10737),See DN-1052 (ID#:10737),58.07
11610,100-PK-T01,Pre-PQ Process,SO-22440,DN-1147,Pakistan,PMO - US,From RDC,N/A - From RDC,Air,Pre-PQ Process,N/A - From RDC,1-Apr-09,1-Apr-09,1-Apr-09,HRDT,HIV test,"HIV 1/2, Uni-Gold HIV Kit, 20 Tests","HIV 1/2, Uni-Gold HIV Kit",,Test kit,20,15,540.0,36.0,1.8,Yes,16,1764.93,1.06
11612,110-ZM-T01,Pre-PQ Process,SO-2489,DN-865,Zambia,PMO - US,From RDC,N/A - From RDC,Truck,Pre-PQ Process,N/A - From RDC,27-Aug-08,27-Aug-08,27-Aug-08,ARV,Adult,"Nevirapine 200mg, tablets, 60 Tabs",Nevirapine,200mg,Tablet,60,44440,151096.0,3.4,0.06,Yes,8276,6120.06,241.75
11613,132-NG-T01,Pre-PQ Process,SO-11810,DN-882,Nigeria,PMO - US,From RDC,N/A - From RDC,Air,Pre-PQ Process,N/A - From RDC,24-Aug-08,24-Aug-08,24-Aug-08,ARV,Adult,"Emtricitabine/Tenofovir Disoproxil Fumarate 200/300mg [Truvada], tablets, 30 Tabs",Emtricitabine/Tenofovir Disoproxil Fumarate,300/200mg,Tablet - FDC,30,15000,393750.0,26.25,0.88,Yes,1317,8924.98,630.0
11614,106-HT-T01,Pre-PQ Process,SO-15930,DN-944,Haiti,PMO - US,From RDC,N/A - From RDC,Air,Pre-PQ Process,N/A - From RDC,4-Nov-08,4-Nov-08,4-Nov-08,ARV,Adult,"Nevirapine 200mg, tablets, 60 Tabs",Nevirapine,200mg,Tablet,60,21814,69804.8,3.2,0.05,No,See DN-944 (ID#:11012),See DN-944 (ID#:11012),136.82
11615,112-NG-T01,Pre-PQ Process,SO-20950,DN-1059,Nigeria,PMO - US,From RDC,N/A - From RDC,Air,Pre-PQ Process,N/A - From RDC,19-Jan-09,19-Jan-09,19-Jan-09,ARV,Adult,"Nevirapine 200mg, tablets, 60 Tabs",Nevirapine,200mg,Tablet,60,1923,79035.3,41.1,0.68,No,See DN-1059 (ID#:11016),See DN-1059 (ID#:11016),154.91
11616,114-UG-T01,Pre-PQ Process,SO-17820,DN-985,Uganda,PMO - US,From RDC,N/A - From RDC,Air,Pre-PQ Process,N/A - From RDC,9-Jan-09,9-Jan-09,9-Jan-09,ARV,Adult,"Lamivudine/Nevirapine/Stavudine 150/200/30mg, tablets, 60 Tabs",Lamivudine/Nevirapine/Stavudine,150/200/30mg,Tablet - FDC,60,3374,24292.8,7.2,0.12,Yes,250,2331.03,47.61
11617,114-UG-T01,Pre-PQ Process,SO-17870,DN-986,Uganda,PMO - US,From RDC,N/A - From RDC,Air,Pre-PQ Process,N/A - From RDC,9-Jan-09,9-Jan-09,9-Jan-09,ARV,Adult,"Efavirenz 600mg, tablets, 30 Tabs",Efavirenz,600mg,Tablet,30,1444,15884.0,11.0,0.37,No,See DN-986 (ID#:10748),See DN-986 (ID#:10748),31.13
11618,117-ET-T01,Pre-PQ Process,SO-22000,DN-1060,Ethiopia,PMO - US,From RDC,N/A - From RDC,Air,Pre-PQ Process,N/A - From RDC,18-Feb-09,18-Feb-09,18-Feb-09,ARV,Adult,"Lamivudine/Nevirapine/Stavudine 150/200/30mg, tablets, 60 Tabs",Lamivudine/Nevirapine/Stavudine,150/200/30mg,Tablet - FDC,60,8258,58796.96,7.12,0.12,Yes,5147,29336.46,115.24
11619,117-ET-T01,Pre-PQ Process,SO-22040,DN-1110,Ethiopia,PMO - US,From RDC,N/A - From RDC,Air,Pre-PQ Process,N/A - From RDC,4-Mar-09,4-Mar-09,4-Mar-09,ARV,Adult,"Lamivudine/Nevirapine/Zidovudine 150/200/300mg, tablets, 60 Tabs",Lamivudine/Nevirapine/Zidovudine,150/300/200mg,Tablet - FDC,60,27588,325538.4,11.8,0.2,Yes,3146,14538.36,638.06
11620,112-NG-T01,Pre-PQ Process,SO-20960,DN-1124,Nigeria,PMO - US,From RDC,N/A - From RDC,Air Charter,Pre-PQ Process,N/A - From RDC,19-Mar-09,19-Mar-09,19-Mar-09,ARV,Adult,"Lamivudine/Nevirapine/Stavudine 150/200/30mg, tablets, 60 Tabs",Lamivudine/Nevirapine/Stavudine,150/200/30mg,Tablet - FDC,60,11608,82648.96,7.12,0.12,Yes,1871,11492.86,161.99
11622,151-NG-T01,Pre-PQ Process,SO-21781,DN-1130,Nigeria,PMO - US,From RDC,N/A - From RDC,Air,Pre-PQ Process,N/A - From RDC,24-Mar-09,24-Mar-09,24-Mar-09,ARV,Adult,"Emtricitabine/Tenofovir Disoproxil Fumarate 200/300mg [Truvada], tablets, 30 Tabs",Emtricitabine/Tenofovir Disoproxil Fumarate,300/200mg,Tablet - FDC,30,143,3753.75,26.25,0.88,Yes,14,6443.61,7.36
11623,151-NG-T01,Pre-PQ Process,SO-21785,DN-1133,Nigeria,PMO - US,From RDC,N/A - From RDC,Air,Pre-PQ Process,N/A - From RDC,24-Mar-09,24-Mar-09,24-Mar-09,ARV,Adult,"Emtricitabine/Tenofovir Disoproxil Fumarate 200/300mg [Truvada], tablets, 30 Tabs",Emtricitabine/Tenofovir Disoproxil Fumarate,300/200mg,Tablet - FDC,30,326,8557.5,26.25,0.88,Yes,35,6443.61,16.77
11624,151-NG-T01,Pre-PQ Process,SO-21784,DN-1132,Nigeria,PMO - US,From RDC,N/A - From RDC,Air,Pre-PQ Process,N/A - From RDC,24-Mar-09,24-Mar-09,24-Mar-09,ARV,Adult,"Emtricitabine/Tenofovir Disoproxil Fumarate 200/300mg [Truvada], tablets, 30 Tabs",Emtricitabine/Tenofovir Disoproxil Fumarate,300/200mg,Tablet - FDC,30,873,22916.25,26.25,0.88,Yes,76,6443.61,44.92
11626,107-RW-T01,Pre-PQ Process,SO-17230,DN-961,Rwanda,PMO - US,From RDC,N/A - From RDC,Truck,Pre-PQ Process,N/A - From RDC,28-Oct-08,28-Oct-08,28-Oct-08,ARV,Adult,"Nevirapine 200mg, tablets, 60 Tabs",Nevirapine,200mg,Tablet,60,288,921.6,3.2,0.05,Yes,28,896.26,1.81
11627,123-NG-T01,Pre-PQ Process,SO-19380,DN-1050,Nigeria,PMO - US,From RDC,N/A - From RDC,Air,Pre-PQ Process,N/A - From RDC,19-Jan-09,19-Jan-09,19-Jan-09,ARV,Adult,"Emtricitabine/Tenofovir Disoproxil Fumarate 200/300mg [Truvada], tablets, 30 Tabs",Emtricitabine/Tenofovir Disoproxil Fumarate,300/200mg,Tablet - FDC,30,32696,858270.0,26.25,0.88,Yes,2873,7363.73,1682.21
11628,111-MZ-T01,Pre-PQ Process,SO-15090,DN-933,Mozambique,PMO - US,From RDC,N/A - From RDC,Air,Pre-PQ Process,N/A - From RDC,14-Nov-08,14-Nov-08,14-Nov-08,ARV,Adult,"Lamivudine/Nevirapine/Stavudine 150/200/30mg, tablets, 60 Tabs",Lamivudine/Nevirapine/Stavudine,150/200/30mg,Tablet - FDC,60,27080,194976.0,7.2,0.12,No,See DN-933 (ID#:10755),See DN-933 (ID#:10755),311.96
11629,112-NG-T01,Pre-PQ Process,SO-20961,DN-1165,Nigeria,PMO - US,From RDC,N/A - From RDC,Air,Pre-PQ Process,N/A - From RDC,2-Apr-09,2-Apr-09,2-Apr-09,ARV,Adult,"Emtricitabine/Tenofovir Disoproxil Fumarate 200/300mg [Truvada], tablets, 30 Tabs",Emtricitabine/Tenofovir Disoproxil Fumarate,300/200mg,Tablet - FDC,30,50,1312.5,26.25,0.88,Yes,5,286.65,2.57
11630,123-NG-T01,Pre-PQ Process,SO-22832,DN-1184,Nigeria,PMO - US,From RDC,N/A - From RDC,Air,Pre-PQ Process,N/A - From RDC,30-Apr-09,30-Apr-09,30-Apr-09,ARV,Adult,"Nevirapine 200mg, tablets, 60 Tabs",Nevirapine,200mg,Tablet,60,5754,18412.8,3.2,0.05,Yes,318,3515.96,36.09
11634,106-HT-T01,Pre-PQ Process,SO-24830,DN-1205,Haiti,PMO - US,From RDC,N/A - From RDC,Air,Pre-PQ Process,N/A - From RDC,19-May-09,19-May-09,19-May-09,ARV,Adult,"Stavudine 15mg, capsules, 60 Caps",Stavudine,15mg,Capsule,60,108,162.0,1.5,0.02,No,See DN-1205 (ID#:11314),See DN-1205 (ID#:11314),0.32
11635,151-NG-T01,Pre-PQ Process,SO-22527,DN-1209,Nigeria,PMO - US,From RDC,N/A - From RDC,Air Charter,Pre-PQ Process,N/A - From RDC,8-May-09,8-May-09,8-May-09,ARV,Adult,"Lamivudine/Nevirapine/Zidovudine 150/200/300mg, tablets, 60 Tabs",Lamivudine/Nevirapine/Zidovudine,150/300/200mg,Tablet - FDC,60,1,11.4,11.4,0.19,No,See DN-1209 (ID#:10763),See DN-1209 (ID#:10763),0.02
11636,106-HT-T01,Pre-PQ Process,SO-24840,DN-1221,Haiti,PMO - US,From RDC,N/A - From RDC,Air,Pre-PQ Process,N/A - From RDC,22-May-09,22-May-09,22-May-09,ARV,Adult,"Stavudine 30mg, capsules, 60 Caps",Stavudine,30mg,Capsule,60,4860,7241.4,1.49,0.02,Yes,2034,23441.88,14.19
11637,114-UG-T01,Pre-PQ Process,SO-26161,DN-1226,Uganda,PMO - US,From RDC,N/A - From RDC,Air,Pre-PQ Process,N/A - From RDC,1-Jun-09,1-Jun-09,1-Jun-09,ARV,Adult,"Lamivudine/Zidovudine 150/300mg, tablets, 60 Tabs",Lamivudine/Zidovudine,150/300mg,Tablet - FDC,60,685,6000.6,8.76,0.15,Yes,67,1122.87,11.76
11638,110-ZM-T01,Pre-PQ Process,SO-17611,DN-1228,Zambia,PMO - US,From RDC,N/A - From RDC,Truck,Pre-PQ Process,N/A - From RDC,8-Jun-09,8-Jun-09,8-Jun-09,ARV,Adult,"Efavirenz 600mg, tablets, 30 Tabs",Efavirenz,600mg,Tablet,30,28454,312994.0,11.0,0.37,Yes,3279,8288.78,613.47
11639,111-MZ-T01,Pre-PQ Process,SO-30440,DN-1231,Mozambique,PMO - US,From RDC,N/A - From RDC,Truck,Pre-PQ Process,N/A - From RDC,28-Jun-09,28-Jun-09,28-Jun-09,ARV,Adult,"Zidovudine 300mg, tablets, 60 Tabs",Zidovudine,300mg,Tablet,60,7300,56283.0,7.71,0.13,No,See DN-1231 (ID#:11044),See DN-1231 (ID#:11044),110.31
11640,100-GH-T01,Pre-PQ Process,SO-30700,DN-1235,Ghana,PMO - US,From RDC,N/A - From RDC,Truck,Date Not Captured,N/A - From RDC,12-Aug-09,12-Aug-09,12-Aug-09,ARV,Adult,"Stavudine 20mg, capsules, 60 Caps",Stavudine,20mg,Capsule,60,477,4.77,0.01,0.0,No,See DN-1235 (ID#:10769),See DN-1235 (ID#:10769),0.01
11641,100-GH-T01,Pre-PQ Process,SO-30700,DN-1235,Ghana,PMO - US,From RDC,N/A - From RDC,Truck,Date Not Captured,N/A - From RDC,12-Aug-09,12-Aug-09,12-Aug-09,ARV,Pediatric,"Abacavir 20mg/ml, oral solution, Bottle, 240 ml",Abacavir,20mg/ml,Oral solution,240,374,3.74,0.01,0.0,No,See DN-1235 (ID#:10769),See DN-1235 (ID#:10769),0.01
11646,114-UG-T01,Pre-PQ Process,SO-30111,DN-1253,Uganda,PMO - US,From RDC,N/A - From RDC,Air,Pre-PQ Process,N/A - From RDC,23-Jun-09,23-Jun-09,23-Jun-09,ARV,Adult,"Lamivudine/Nevirapine/Zidovudine 150/200/300mg, tablets, 60 Tabs",Lamivudine/Nevirapine/Zidovudine,150/300/200mg,Tablet - FDC,60,10371,117710.85,11.35,0.19,Yes,1273,7493.5,230.71
11647,153-NG-T01,Pre-PQ Process,SO-31170,DN-1261,Nigeria,PMO - US,From RDC,N/A - From RDC,Air Charter,Pre-PQ Process,N/A - From RDC,16-Jun-09,16-Jun-09,16-Jun-09,ARV,Adult,"Nevirapine 200mg, tablets, 60 Tabs",Nevirapine,200mg,Tablet,60,24,72.0,3.0,0.05,Yes,21,7329.83,0.14
11652,106-HT-T01,Pre-PQ Process,SO-24833,DN-1279,Haiti,PMO - US,From RDC,N/A - From RDC,Air,Pre-PQ Process,N/A - From RDC,18-Jun-09,18-Jun-09,18-Jun-09,ARV,Pediatric,"Nevirapine 10mg/ml, oral suspension, Bottle, 240 ml",Nevirapine,10mg/ml,Oral suspension,240,3035,5827.2,1.92,0.01,Yes,1133,7789.85,11.42
11653,106-HT-T01,Pre-PQ Process,SO-24850,DN-1280,Haiti,PMO - US,From RDC,N/A - From RDC,Air,Pre-PQ Process,N/A - From RDC,18-Jun-09,18-Jun-09,18-Jun-09,ARV,Adult,"Stavudine 15mg, capsules, 60 Caps",Stavudine,15mg,Capsule,60,36,54.0,1.5,0.02,No,See DN-1280 (ID#:10776),See DN-1280 (ID#:10776),0.11
11654,114-UG-T01,Pre-PQ Process,SO-31450,DN-1282,Uganda,PMO - US,From RDC,N/A - From RDC,Air,Pre-PQ Process,N/A - From RDC,23-Jun-09,23-Jun-09,23-Jun-09,ARV,Adult,"Lamivudine/Zidovudine 150/300mg, tablets, 60 Tabs",Lamivudine/Zidovudine,150/300mg,Tablet - FDC,60,6000,52560.0,8.76,0.15,Yes,486,3338.35,103.02
11655,114-UG-T01,Pre-PQ Process,SO-31360,DN-1287,Uganda,PMO - US,From RDC,N/A - From RDC,Air,Pre-PQ Process,N/A - From RDC,22-Jun-09,22-Jun-09,22-Jun-09,ARV,Adult,"Efavirenz 600mg, tablets, 30 Tabs",Efavirenz,600mg,Tablet,30,7300,50005.0,6.85,0.23,No,See DN-1287 (ID#:11055),See DN-1287 (ID#:11055),98.01
11656,113-ZW-T01,Pre-PQ Process,SO-21010,DN-1289,Zimbabwe,PMO - US,From RDC,N/A - From RDC,Truck,Pre-PQ Process,N/A - From RDC,22-Jun-09,22-Jun-09,22-Jun-09,ARV,Adult,"Lamivudine/Stavudine 150/30mg, tablets, 60 Tabs",Lamivudine/Stavudine,150/30mg,Tablet - FDC,60,4000,16000.0,4.0,0.07,No,See DN-1289 (ID#:11332),See DN-1289 (ID#:11332),31.36
11657,104-CI-T01,Pre-PQ Process,SO-27550,DN-1308,Côte d'Ivoire,PMO - US,From RDC,N/A - From RDC,Air,Date Not Captured,N/A - From RDC,8-Jul-09,8-Jul-09,8-Jul-09,ARV,Pediatric,"Lamivudine 10mg/ml, oral solution, Bottle, 240 ml",Lamivudine,10mg/ml,Oral solution,240,3500,6650.0,1.9,0.01,Yes,1208,4329.01,13.03
11660,104-CI-T01,Pre-PQ Process,SO-27540,DN-1315,Côte d'Ivoire,PMO - US,From RDC,N/A - From RDC,Air,Date Not Captured,N/A - From RDC,14-Jul-09,14-Jul-09,14-Jul-09,ARV,Adult,"Nevirapine 200mg, tablets, 60 Tabs",Nevirapine,200mg,Tablet,60,13325,39975.0,3.0,0.05,No,See DN-1315 (ID#:10781),See DN-1315 (ID#:10781),78.35
11661,114-UG-T01,Pre-PQ Process,SO-32120,DN-1303,Uganda,PMO - US,From RDC,N/A - From RDC,Air,Date Not Captured,N/A - From RDC,14-Aug-09,14-Aug-09,14-Aug-09,ARV,Adult,"Nevirapine 200mg, tablets, 60 Tabs",Nevirapine,200mg,Tablet,60,2844,8247.6,2.9,0.05,Yes,1587,11206.84,16.17
11662,110-ZM-T01,Pre-PQ Process,SO-32490,DN-1328,Zambia,PMO - US,From RDC,N/A - From RDC,Truck,Date Not Captured,N/A - From RDC,4-Sep-09,4-Sep-09,4-Sep-09,ARV,Adult,"Lamivudine/Nevirapine/Stavudine 150/200/30mg, tablets, 60 Tabs",Lamivudine/Nevirapine/Stavudine,150/200/30mg,Tablet - FDC,60,40126,285697.12,7.12,0.12,Yes,4414,4506.2,559.97
11663,111-MZ-T01,Pre-PQ Process,SO-26423,DN-1332,Mozambique,PMO - US,From RDC,N/A - From RDC,Truck,Date Not Captured,N/A - From RDC,27-Aug-09,27-Aug-09,27-Aug-09,ARV,Adult,"Lamivudine/Zidovudine 150/300mg, tablets, 60 Tabs",Lamivudine/Zidovudine,150/300mg,Tablet - FDC,60,2484,21759.84,8.76,0.15,Yes,2078,2400.25,42.65
11664,111-MZ-T01,Pre-PQ Process,SO-32200,DN-1336,Mozambique,PMO - US,From RDC,N/A - From RDC,Air,Date Not Captured,N/A - From RDC,3-Sep-09,3-Sep-09,3-Sep-09,ARV,Adult,"Stavudine 30mg, capsules, 60 Caps",Stavudine,30mg,Capsule,60,370,551.3,1.49,0.02,Yes,18,423.89,1.08
11665,151-NG-T01,Pre-PQ Process,SO-32645,DN-1339,Nigeria,PMO - US,From RDC,N/A - From RDC,Air Charter,Date Not Captured,N/A - From RDC,4-Aug-09,4-Aug-09,4-Aug-09,ARV,Adult,"Lamivudine/Nevirapine/Zidovudine 150/200/300mg, tablets, 60 Tabs",Lamivudine/Nevirapine/Zidovudine,150/300/200mg,Tablet - FDC,60,4501,51311.4,11.4,0.19,Yes,507,7445.8,100.57
11666,151-NG-T01,Pre-PQ Process,SO-27814,DN-1349,Nigeria,PMO - US,From RDC,N/A - From RDC,Air Charter,Date Not Captured,N/A - From RDC,4-Aug-09,4-Aug-09,4-Aug-09,ARV,Adult,"Emtricitabine/Tenofovir Disoproxil Fumarate 200/300mg [Truvada], tablets, 30 Tabs",Emtricitabine/Tenofovir Disoproxil Fumarate,300/200mg,Tablet - FDC,30,873,22916.25,26.25,0.88,Yes,76,7445.8,44.92
11667,151-NG-T01,Pre-PQ Process,SO-27816,DN-1350,Nigeria,PMO - US,From RDC,N/A - From RDC,Air Charter,Date Not Captured,N/A - From RDC,4-Aug-09,4-Aug-09,4-Aug-09,ARV,Adult,"Emtricitabine/Tenofovir Disoproxil Fumarate 200/300mg [Truvada], tablets, 30 Tabs",Emtricitabine/Tenofovir Disoproxil Fumarate,300/200mg,Tablet - FDC,30,149824,3932880.0,26.25,0.88,Yes,13037,7445.8,7708.44
11668,104-CI-T01,Pre-PQ Process,SO-27541,DN-1355,Côte d'Ivoire,PMO - US,From RDC,N/A - From RDC,Air,Date Not Captured,N/A - From RDC,4-Aug-09,4-Aug-09,4-Aug-09,ARV,Adult,"Lamivudine/Zidovudine 150/300mg, tablets, 60 Tabs",Lamivudine/Zidovudine,150/300mg,Tablet - FDC,60,214,1874.64,8.76,0.15,Yes,19,1133,3.67
11669,114-UG-T01,Pre-PQ Process,SO-31460,DN-1300,Uganda,PMO - US,From RDC,N/A - From RDC,Air,Date Not Captured,N/A - From RDC,15-Sep-09,15-Sep-09,15-Sep-09,ARV,Adult,"Emtricitabine/Tenofovir Disoproxil Fumarate 200/300mg [Truvada], tablets, 30 Tabs",Emtricitabine/Tenofovir Disoproxil Fumarate,300/200mg,Tablet - FDC,30,1201,31526.25,26.25,0.88,Yes,327,2737.97,61.79
11670,106-HT-T01,Pre-PQ Process,SO-32740,DN-1371,Haiti,PMO - US,From RDC,N/A - From RDC,Air,Date Not Captured,N/A - From RDC,31-Jul-09,31-Jul-09,31-Jul-09,ARV,Pediatric,"Stavudine 1mg/ml, powder for oral solution, 200 ml",Stavudine,1mg/ml,Oral solution,200,400,560.0,1.4,0.01,Yes,39,6811.39,1.1
11672,110-ZM-T01,Pre-PQ Process,SO-32550,DN-1382,Zambia,PMO - US,From RDC,N/A - From RDC,Truck,Date Not Captured,N/A - From RDC,17-Aug-09,17-Aug-09,17-Aug-09,ARV,Adult,"Abacavir 300mg, tablets, 60 Tabs",Abacavir,300mg,Tablet,60,10406,264832.7,25.45,0.42,No,See DN-1382 (ID#:10788),See DN-1382 (ID#:10788),519.07
11673,110-ZM-T01,Pre-PQ Process,SO-29040,DN-1386,Zambia,PMO - US,From RDC,N/A - From RDC,Truck,Date Not Captured,N/A - From RDC,15-Sep-09,15-Sep-09,15-Sep-09,ARV,Adult,"Efavirenz 600mg, tablets, 30 Tabs",Efavirenz,600mg,Tablet,30,120000,960000.0,8.0,0.27,Yes,20144,8281.69,1881.6
11674,104-CI-T01,Pre-PQ Process,SO-32830,DN-1387,Côte d'Ivoire,PMO - US,From RDC,N/A - From RDC,Air,Date Not Captured,N/A - From RDC,25-Aug-09,25-Aug-09,25-Aug-09,ARV,Pediatric,"Nevirapine 10mg/ml, oral suspension, Bottle, 240 ml",Nevirapine,10mg/ml,Oral suspension,240,2917,5600.64,1.92,0.01,Yes,1348,5233.52,10.98
11675,104-CI-T01,Pre-PQ Process,SO-32830,DN-1387,Côte d'Ivoire,PMO - US,From RDC,N/A - From RDC,Air,Date Not Captured,N/A - From RDC,25-Aug-09,25-Aug-09,25-Aug-09,ARV,Pediatric,"Zidovudine 100mg, capsules, 100 Caps",Zidovudine,100mg,Capsule,100,3612,18060.0,5.0,0.05,No,See DN-1387 (ID#:11674),See DN-1387 (ID#:11674),35.4
11677,110-ZM-T01,Pre-PQ Process,SO-32500,DN-1394,Zambia,PMO - US,From RDC,N/A - From RDC,Truck,Date Not Captured,N/A - From RDC,21-Aug-09,21-Aug-09,21-Aug-09,ARV,Adult,"Lamivudine/Nevirapine/Stavudine 150/200/30mg, tablets, 60 Tabs",Lamivudine/Nevirapine/Stavudine,150/200/30mg,Tablet - FDC,60,2393,17038.16,7.12,0.12,Yes,256,2014.86,33.39
11678,114-UG-T01,Pre-PQ Process,SO-32920,DN-1397,Uganda,PMO - US,From RDC,N/A - From RDC,Air,Date Not Captured,N/A - From RDC,24-Aug-09,24-Aug-09,24-Aug-09,ARV,Adult,"Nevirapine 200mg, tablets, 60 Tabs",Nevirapine,200mg,Tablet,60,4564,13235.6,2.9,0.05,Yes,847,4999.48,25.94
11679,104-CI-T01,Pre-PQ Process,SO-32240,DN-1398,Côte d'Ivoire,PMO - US,From RDC,N/A - From RDC,Air,Date Not Captured,N/A - From RDC,8-Sep-09,8-Sep-09,8-Sep-09,ARV,Adult,"Efavirenz 600mg, tablets, 30 Tabs",Efavirenz,600mg,Tablet,30,15000,102750.0,6.85,0.23,Yes,1582,6037.19,201.39
11680,114-UG-T01,Pre-PQ Process,SO-32150,DN-1418,Uganda,PMO - US,From RDC,N/A - From RDC,Air,Date Not Captured,N/A - From RDC,11-Sep-09,11-Sep-09,11-Sep-09,ARV,Adult,"Lamivudine/Zidovudine 150/300mg, tablets, 60 Tabs",Lamivudine/Zidovudine,150/300mg,Tablet - FDC,60,13000,113880.0,8.76,0.15,Yes,1051,6575.7,223.2
11681,110-ZM-T01,Pre-PQ Process,SO-29030,DN-1407,Zambia,PMO - US,From RDC,N/A - From RDC,Truck,Date Not Captured,N/A - From RDC,19-Oct-09,19-Oct-09,19-Oct-09,ARV,Adult,"Nevirapine 200mg, tablets, 60 Tabs",Nevirapine,200mg,Tablet,60,84282,252846.0,3.0,0.05,Yes,13680,16339.98,495.58
11682,104-CI-T01,Pre-PQ Process,SO-33220,DN-1422,Côte d'Ivoire,PMO - US,From RDC,N/A - From RDC,Air,Date Not Captured,N/A - From RDC,16-Sep-09,16-Sep-09,16-Sep-09,ARV,Pediatric,"Zidovudine 10mg/ml, oral solution, Bottle, 240 ml",Zidovudine,10mg/ml,Oral solution,240,5527,11606.7,2.1,0.01,Yes,5317,11005.67,22.75
11683,104-CI-T01,Pre-PQ Process,SO-33230,DN-1427,Côte d'Ivoire,PMO - US,From RDC,N/A - From RDC,Air,Date Not Captured,N/A - From RDC,25-Sep-09,25-Sep-09,25-Sep-09,ARV,Adult,"Lamivudine 150mg, tablets, 60 Tabs",Lamivudine,150mg,Tablet,60,4400,10736.0,2.44,0.04,Yes,640,5678.7,21.04
11684,151-NG-T01,Pre-PQ Process,SO-33335,DN-1436,Nigeria,PMO - US,From RDC,N/A - From RDC,Air Charter,Date Not Captured,N/A - From RDC,20-Oct-09,20-Oct-09,20-Oct-09,ARV,Adult,"Lamivudine/Nevirapine/Zidovudine 150/200/300mg, tablets, 60 Tabs",Lamivudine/Nevirapine/Zidovudine,150/300/200mg,Tablet - FDC,60,5060,57684.0,11.4,0.19,Yes,570,9341.49,113.06
11685,151-NG-T01,Pre-PQ Process,SO-27825,DN-1444,Nigeria,PMO - US,From RDC,N/A - From RDC,Air Charter,Date Not Captured,N/A - From RDC,20-Oct-09,20-Oct-09,20-Oct-09,ARV,Adult,"Emtricitabine/Tenofovir Disoproxil Fumarate 200/300mg, tablets, 30 Tabs",Emtricitabine/Tenofovir Disoproxil Fumarate,200/300mg,Tablet - FDC,30,243,2855.25,11.75,0.39,Yes,22,9341.49,5.6
11687,111-MZ-T01,Pre-PQ Process,SO-26424,DN-1457,Mozambique,PMO - US,From RDC,N/A - From RDC,Truck,Date Not Captured,N/A - From RDC,7-Oct-09,7-Oct-09,7-Oct-09,ARV,Adult,"Lamivudine/Zidovudine 150/300mg, tablets, 60 Tabs",Lamivudine/Zidovudine,150/300mg,Tablet - FDC,60,9288,81362.88,8.76,0.15,Yes,979,1588.06,159.47
11688,111-MZ-T01,Pre-PQ Process,SO-33580,DN-1467,Mozambique,PMO - US,From RDC,N/A - From RDC,Air,Date Not Captured,N/A - From RDC,7-Nov-09,7-Nov-09,7-Nov-09,ARV,Adult,"Lamivudine/Zidovudine 150/300mg, tablets, 60 Tabs",Lamivudine/Zidovudine,150/300mg,Tablet - FDC,60,16524,144750.24,8.76,0.15,Yes,1488,4764.16,283.71
11689,114-UG-T01,Pre-PQ Process,SO-33000,DN-1468,Uganda,PMO - US,From RDC,N/A - From RDC,Air,Date Not Captured,N/A - From RDC,12-Oct-09,12-Oct-09,12-Oct-09,ARV,Adult,"Lamivudine/Nevirapine/Zidovudine 150/200/300mg, tablets, 60 Tabs",Lamivudine/Nevirapine/Zidovudine,150/300/200mg,Tablet - FDC,60,350,3972.5,11.35,0.19,Yes,45,749.25,7.79
11690,109-TZ-T01,Pre-PQ Process,SO-31283,DN-1470,Tanzania,PMO - US,From RDC,N/A - From RDC,Truck,Date Not Captured,N/A - From RDC,26-Oct-09,26-Oct-09,26-Oct-09,ARV,Adult,"Abacavir 300mg, tablets, 60 Tabs",Abacavir,300mg,Tablet,60,3752,95488.4,25.45,0.42,No,See DN-1470 (ID#:10798),See DN-1470 (ID#:10798),187.16
11691,117-ET-T01,Pre-PQ Process,SO-33750,DN-1484,Ethiopia,PMO - US,From RDC,N/A - From RDC,Air,Date Not Captured,N/A - From RDC,20-Oct-09,20-Oct-09,20-Oct-09,ARV,Pediatric,"Abacavir 20mg/ml, oral solution, Bottle, 240 ml",Abacavir,20mg/ml,Oral solution,240,100,1464.0,14.64,0.06,Yes,18,523.45,3.16
11692,151-NG-T01,Pre-PQ Process,SO-33333,DN-1483,Nigeria,PMO - US,From RDC,N/A - From RDC,Air,Date Not Captured,N/A - From RDC,18-Dec-09,18-Dec-09,18-Dec-09,ARV,Adult,"Lamivudine/Nevirapine/Zidovudine 150/200/300mg, tablets, 60 Tabs",Lamivudine/Nevirapine/Zidovudine,150/300/200mg,Tablet - FDC,60,60840,693576.0,11.4,0.19,Yes,7663,33279.39,1495.35
11693,100-LB-T01,Pre-PQ Process,SO-33900,DN-1487,Lebanon,PMO - US,From RDC,N/A - From RDC,Air,Date Not Captured,N/A - From RDC,18-Nov-09,18-Nov-09,18-Nov-09,ARV,Pediatric,"Didanosine 100mg, chewable/dispersible tablets, 60 Tabs",Didanosine,100mg,Chewable/dispersible tablet,60,120,1.2,0.01,0.0,No,See DN-1487 (ID#:11073),See DN-1487 (ID#:11073),0.0
11694,100-LB-T01,Pre-PQ Process,SO-33910,DN-1488,Lebanon,PMO - US,From RDC,N/A - From RDC,Air,Date Not Captured,N/A - From RDC,24-Nov-09,24-Nov-09,24-Nov-09,ARV,Adult,"Lamivudine 150mg, tablets, 60 Tabs",Lamivudine,150mg,Tablet,60,200,2.0,0.01,0.0,No,See DN-1488 (ID#:11074),See DN-1488 (ID#:11074),0.0
11695,110-ZM-T01,Pre-PQ Process,SO-33620,DN-1496,Zambia,PMO - US,From RDC,N/A - From RDC,Truck,Date Not Captured,N/A - From RDC,29-Oct-09,29-Oct-09,29-Oct-09,ARV,Adult,"Lamivudine/Zidovudine 150/300mg, tablets, 60 Tabs",Lamivudine/Zidovudine,150/300mg,Tablet - FDC,60,31240,273662.4,8.76,0.15,Yes,2832,4897.42,590.02
11697,117-ET-T01,Pre-PQ Process,SO-34570,DN-1558,Ethiopia,PMO - US,From RDC,N/A - From RDC,Air,Date Not Captured,N/A - From RDC,26-Nov-09,26-Nov-09,26-Nov-09,ARV,Adult,"Nevirapine 200mg, tablets, 60 Tabs",Nevirapine,200mg,Tablet,60,6661,19316.9,2.9,0.05,Yes,778,4702.02,41.65
11698,111-MZ-T01,Pre-PQ Process,SO-323,DN-15,Mozambique,PMO - US,From RDC,N/A - From RDC,Air,Pre-PQ Process,N/A - From RDC,1-Feb-07,1-Feb-07,1-Feb-07,ARV,Adult,"Stavudine 15mg, capsules, 60 Caps",Stavudine,15mg,Capsule,60,3287,7724.45,2.35,0.04,No,See DN-15 (ID#:10804),See DN-15 (ID#:10804),
11703,100-CI-T01,Pre-PQ Process,SO-283,DN-16,Côte d'Ivoire,PMO - US,From RDC,N/A - From RDC,,Pre-PQ Process,N/A - From RDC,22-Feb-07,22-Feb-07,22-Feb-07,ARV,Adult,"Tenofovir Disoproxil Fumarate 300mg [Viread], tablets, 30 Tabs",Tenofovir Disoproxil Fumarate,300mg,Tablet,30,384,6528.0,17.0,0.57,No,See DN-16 (ID#:10540),See DN-16 (ID#:10540),
11706,102-GY-T01,Pre-PQ Process,SO-387,DN-42,Guyana,PMO - US,From RDC,N/A - From RDC,Air,Pre-PQ Process,N/A - From RDC,8-Mar-07,8-Mar-07,8-Mar-07,HRDT,HIV test,"HIV 1/2, Determine Complete HIV Kit, 100 Tests","HIV 1/2, Determine Complete HIV Kit",,Test kit,100,210,16800.0,80.0,0.8,Yes,60,6012,
11707,110-ZM-T01,Pre-PQ Process,SO-355,DN-87,Zambia,PMO - US,From RDC,N/A - From RDC,,Pre-PQ Process,N/A - From RDC,3-May-07,3-May-07,3-May-07,HRDT,HIV test,"HIV 1/2, Uni-Gold HIV Kit, 20 Tests","HIV 1/2, Uni-Gold HIV Kit",,Test kit,20,3500,112000.0,32.0,1.6,Yes,1109,9437.24,
11708,111-MZ-T01,Pre-PQ Process,SO-458,DN-90,Mozambique,PMO - US,From RDC,N/A - From RDC,Air,Pre-PQ Process,N/A - From RDC,4-May-07,4-May-07,4-May-07,ARV,Adult,"Zidovudine 300mg, tablets, 60 Tabs",Zidovudine,300mg,Tablet,60,4000,34080.0,8.52,0.14,Yes,Weight Captured Separately,596.4,
11709,112-NG-T01,Pre-PQ Process,SO-340,DN-72,Nigeria,PMO - US,From RDC,N/A - From RDC,,Pre-PQ Process,N/A - From RDC,17-Apr-07,17-Apr-07,17-Apr-07,ARV,Pediatric,"Lamivudine 10mg/ml, oral solution, Bottle, 240 ml",Lamivudine,10mg/ml,Oral solution,240,1200,2640.0,2.2,0.01,No,See DN-72 (ID#:11097),See DN-72 (ID#:11097),
11710,112-NG-T01,Pre-PQ Process,SO-342,DN-94,Nigeria,PMO - US,From RDC,N/A - From RDC,,Pre-PQ Process,N/A - From RDC,17-Apr-07,17-Apr-07,17-Apr-07,ARV,Adult,"Lamivudine/Zidovudine+Nevirapine 150/300+200mg, tablets, co-blister, 60+60 Tabs",Lamivudine/Zidovudine+Nevirapine,150/300+200mg,Tablet - FDC + co-blister,120,2703,55411.5,20.5,0.17,Yes,401,2208,
11711,100-HT-T01,Pre-PQ Process,SO-419,DN-111,Haiti,PMO - US,From RDC,N/A - From RDC,,Pre-PQ Process,N/A - From RDC,11-May-07,11-May-07,11-May-07,HRDT,HIV test,"HIV 1/2, OraQuick Advance HIV Rapid Antibody Kit, 100 Tests","HIV 1/2, OraQuick Advance HIV Rapid Antibody Kit",,Test kit,100,10,4000.0,400.0,4.0,Yes,24,1027,
11712,100-HT-T01,Pre-PQ Process,SO-504,DN-112,Haiti,PMO - US,From RDC,N/A - From RDC,Air,Pre-PQ Process,N/A - From RDC,8-May-07,8-May-07,8-May-07,HRDT,HIV test,"HIV 1/2, OraQuick Advance HIV Rapid Antibody Kit, 100 Tests","HIV 1/2, OraQuick Advance HIV Rapid Antibody Kit",,Test kit,100,15,6000.0,400.0,4.0,Yes,Weight Captured Separately,977.64,
11713,100-CI-T01,Pre-PQ Process,SO-391,DN-52,Côte d'Ivoire,PMO - US,From RDC,N/A - From RDC,,Pre-PQ Process,N/A - From RDC,4-May-07,4-May-07,4-May-07,ARV,Adult,"Efavirenz 600mg, tablets, 30 Tabs",Efavirenz,600mg,Tablet,30,10000,162500.0,16.25,0.54,Yes,910,3026,
11714,100-CI-T01,Pre-PQ Process,SO-286,DN-71,Côte d'Ivoire,PMO - US,From RDC,N/A - From RDC,,Pre-PQ Process,N/A - From RDC,30-Apr-07,30-Apr-07,30-Apr-07,ARV,Adult,"Abacavir 300mg, tablets, 60 Tabs",Abacavir,300mg,Tablet,60,68,2995.4,44.05,0.73,No,See DN-71 (ID#:11374),See DN-71 (ID#:11374),
11715,102-GY-T01,Pre-PQ Process,SO-509,DN-128,Guyana,PMO - US,From RDC,N/A - From RDC,,Pre-PQ Process,N/A - From RDC,7-Jun-07,7-Jun-07,7-Jun-07,HRDT,HIV test,"HIV 1/2, Determine Complete HIV Kit, 100 Tests","HIV 1/2, Determine Complete HIV Kit",,Test kit,100,100,8000.0,80.0,0.8,Yes,32,944.67,
11716,102-NG-T01,Pre-PQ Process,SO-473,DN-116,Nigeria,PMO - US,From RDC,N/A - From RDC,,Pre-PQ Process,N/A - From RDC,30-Apr-07,30-Apr-07,30-Apr-07,HRDT,HIV test,"HIV 1/2, Stat-Pak HIV, Kit, 20 Tests","HIV 1/2, Stat-Pak HIV, Kit",,Test kit,20,5250,141750.0,27.0,1.35,Yes,1699,8526.94,
11718,100-CI-T01,Pre-PQ Process,SO-439,DN-86,Côte d'Ivoire,PMO - US,From RDC,N/A - From RDC,,Pre-PQ Process,N/A - From RDC,30-Apr-07,30-Apr-07,30-Apr-07,ARV,Adult,"Lamivudine/Nevirapine/Stavudine 150/200/30mg, tablets, 60 Tabs",Lamivudine/Nevirapine/Stavudine,150/200/30mg,Tablet - FDC,60,9000,67500.0,7.5,0.12,Yes,992,3205,
11719,111-MZ-T01,Pre-PQ Process,SO-293,DN-44,Mozambique,PMO - US,From RDC,N/A - From RDC,Air,Pre-PQ Process,N/A - From RDC,17-Apr-07,17-Apr-07,17-Apr-07,ARV,Adult,"Lamivudine/Nevirapine/Zidovudine 150/200/300mg, tablets, 60 Tabs",Lamivudine/Nevirapine/Zidovudine,150/300/200mg,Tablet - FDC,60,30000,525000.0,17.5,0.29,No,See DN-44 (ID#:10549),See DN-44 (ID#:10549),
11721,100-CI-T01,Pre-PQ Process,SO-393,DN-62,Côte d'Ivoire,PMO - US,From RDC,N/A - From RDC,,Pre-PQ Process,N/A - From RDC,4-May-07,4-May-07,4-May-07,ARV,Adult,"Lamivudine/Zidovudine 150/300mg, tablets, 60 Tabs",Lamivudine/Zidovudine,150/300mg,Tablet - FDC,60,10000,102500.0,10.25,0.17,Yes,963,3142,
11722,100-CI-T01,Pre-PQ Process,SO-440,DN-79,Côte d'Ivoire,PMO - US,From RDC,N/A - From RDC,,Pre-PQ Process,N/A - From RDC,30-Apr-07,30-Apr-07,30-Apr-07,ARV,Adult,"Lamivudine/Nevirapine/Stavudine 150/200/30mg, tablets, 60 Tabs",Lamivudine/Nevirapine/Stavudine,150/200/30mg,Tablet - FDC,60,1000,7500.0,7.5,0.12,Yes,104,1458,
11723,100-CI-T01,Pre-PQ Process,SO-435,DN-81,Côte d'Ivoire,PMO - US,From RDC,N/A - From RDC,,Pre-PQ Process,N/A - From RDC,30-Apr-07,30-Apr-07,30-Apr-07,ARV,Adult,"Lamivudine/Nevirapine/Stavudine 150/200/30mg, tablets, 60 Tabs",Lamivudine/Nevirapine/Stavudine,150/200/30mg,Tablet - FDC,60,9000,67500.0,7.5,0.12,Yes,969,3155,
11724,113-ZW-T01,Pre-PQ Process,SO-279,DN-187,Zimbabwe,PMO - US,From RDC,N/A - From RDC,,Pre-PQ Process,N/A - From RDC,12-Jun-07,12-Jun-07,12-Jun-07,ARV,Adult,"Zidovudine 300mg, tablets, 60 Tabs",Zidovudine,300mg,Tablet,60,534,5217.18,9.77,0.16,No,See DN-187 (ID#:10825),See DN-187 (ID#:10825),8.35
11725,110-ZM-T01,Pre-PQ Process,SO-615,DN-201,Zambia,PMO - US,From RDC,N/A - From RDC,Air,Pre-PQ Process,N/A - From RDC,26-Jun-07,26-Jun-07,26-Jun-07,ARV,Pediatric,"Efavirenz 200mg, capsule, 90 Caps",Efavirenz,200mg,Capsule,90,3436,58240.2,16.95,0.19,Yes,395,1848.37,93.18
11731,104-CI-T01,Pre-PQ Process,SO-519,DN-199,Côte d'Ivoire,PMO - US,From RDC,N/A - From RDC,,Pre-PQ Process,N/A - From RDC,5-Jul-07,5-Jul-07,5-Jul-07,ARV,Adult,"Efavirenz 600mg, tablets, 30 Tabs",Efavirenz,600mg,Tablet,30,61468,999469.68,16.26,0.54,No,See DN-199 (ID#:11391),See DN-199 (ID#:11391),1599.15
11732,109-TZ-T01,Pre-PQ Process,SO-632,DN-169,Tanzania,PMO - US,From RDC,N/A - From RDC,Air,Pre-PQ Process,N/A - From RDC,6-Jul-07,6-Jul-07,6-Jul-07,ARV,Adult,"Efavirenz 600mg, tablets, 30 Tabs",Efavirenz,600mg,Tablet,30,28665,466092.9,16.26,0.54,Yes,2515,6834,
11733,112-NG-T01,Pre-PQ Process,SO-555,DN-180,Nigeria,PMO - US,From RDC,N/A - From RDC,,Pre-PQ Process,N/A - From RDC,26-Jun-07,26-Jun-07,26-Jun-07,ARV,Adult,"Lamivudine/Nevirapine/Stavudine 150/200/40mg, tablets, 60 Tabs",Lamivudine/Nevirapine/Stavudine,150/200/40mg,Tablet - FDC,60,1370,10549.0,7.7,0.13,Yes,142,1489.52,
11735,113-ZW-T01,Pre-PQ Process,SO-278,DN-141,Zimbabwe,PMO - US,From RDC,N/A - From RDC,,Pre-PQ Process,N/A - From RDC,20-May-07,20-May-07,20-May-07,ARV,Adult,"Zidovudine 300mg, tablets, 60 Tabs",Zidovudine,300mg,Tablet,60,470,4591.9,9.77,0.16,No,See DN-141 (ID#:10571),See DN-141 (ID#:10571),
11737,120-AO-T01,Pre-PQ Process,SO-779,DN-249,Angola,PMO - US,From RDC,N/A - From RDC,Truck,Pre-PQ Process,N/A - From RDC,15-Oct-07,15-Oct-07,15-Oct-07,HRDT,HIV test,"HIV 1/2, Uni-Gold HIV Kit, 20 Tests","HIV 1/2, Uni-Gold HIV Kit",,Test kit,20,150,4800.0,32.0,1.6,Yes,54,952.04,7.68
11738,100-ZW-T01,Pre-PQ Process,SO-720,DN-269,Zimbabwe,PMO - US,From RDC,N/A - From RDC,Truck,Pre-PQ Process,N/A - From RDC,17-Aug-07,17-Aug-07,17-Aug-07,ARV,Adult,"Lamivudine/Stavudine 150/30mg, tablets, 30 Tabs",Lamivudine/Stavudine,150/30mg,Tablet - FDC,30,6400,12800.0,2.0,0.07,Yes,570,5348,20.48
11739,100-ZW-T01,Pre-PQ Process,SO-720,DN-269,Zimbabwe,PMO - US,From RDC,N/A - From RDC,Truck,Pre-PQ Process,N/A - From RDC,17-Aug-07,17-Aug-07,17-Aug-07,ARV,Adult,"Lamivudine/Stavudine 150/30mg, tablets, 30 Tabs",Lamivudine/Stavudine,150/30mg,Tablet - FDC,30,1600,3200.0,2.0,0.07,No,See DN-269 (ID#:11738),See DN-269 (ID#:11738),5.12
11740,109-TZ-T01,Pre-PQ Process,SO-757,DN-237,Tanzania,PMO - US,From RDC,N/A - From RDC,,Pre-PQ Process,N/A - From RDC,19-Jul-07,19-Jul-07,19-Jul-07,HRDT,HIV test,"HIV 1/2, Capillus HIV Kit, 100 Tests","HIV 1/2, Capillus HIV Kit",,Test kit,100,300,41700.0,139.0,1.39,Yes,176,2102,66.72
11741,109-TZ-T01,Pre-PQ Process,SO-769,DN-275,Tanzania,PMO - US,From RDC,N/A - From RDC,Air,Pre-PQ Process,N/A - From RDC,22-Aug-07,22-Aug-07,22-Aug-07,ARV,Adult,"Nevirapine 200mg, tablets, 60 Tabs",Nevirapine,200mg,Tablet,60,11807,42150.99,3.57,0.06,Yes,1802,3267,67.44
11742,109-TZ-T01,Pre-PQ Process,SO-307,DN-276,Tanzania,PMO - US,From RDC,N/A - From RDC,Air,Pre-PQ Process,N/A - From RDC,22-Aug-07,22-Aug-07,22-Aug-07,HRDT,HIV test,"HIV 1/2, Uni-Gold HIV Kit, 20 Tests","HIV 1/2, Uni-Gold HIV Kit",,Test kit,20,100,3200.0,32.0,1.6,Yes,36,939.62,5.12
11743,110-ZM-T01,Pre-PQ Process,SO-751,DN-284,Zambia,PMO - US,From RDC,N/A - From RDC,,Pre-PQ Process,N/A - From RDC,7-Aug-07,7-Aug-07,7-Aug-07,ARV,Pediatric,"Abacavir 20mg/ml, oral solution, Bottle, 240 ml",Abacavir,20mg/ml,Oral solution,240,500,8250.0,16.5,0.07,Yes,178,1105.9,13.2
11744,109-TZ-T01,Pre-PQ Process,SO-445,DN-241,Tanzania,PMO - US,From RDC,N/A - From RDC,Air,Pre-PQ Process,N/A - From RDC,30-Jul-07,30-Jul-07,30-Jul-07,ARV,Adult,"Lamivudine/Zidovudine 150/300mg, tablets, 60 Tabs",Lamivudine/Zidovudine,150/300mg,Tablet - FDC,60,10977,117234.36,10.68,0.18,Yes,957,3243,187.57
11745,110-ZM-T01,Pre-PQ Process,SO-315,DN-228,Zambia,PMO - US,From RDC,N/A - From RDC,,Pre-PQ Process,N/A - From RDC,9-Jul-07,9-Jul-07,9-Jul-07,ARV,Adult,"Emtricitabine/Tenofovir Disoproxil Fumarate 200/300mg [Truvada], tablets, 30 Tabs",Emtricitabine/Tenofovir Disoproxil Fumarate,300/200mg,Tablet - FDC,30,12000,315000.0,26.25,0.88,Yes,1005,4407.26,504.0
11747,109-TZ-T01,Pre-PQ Process,SO-633,DN-243,Tanzania,PMO - US,From RDC,N/A - From RDC,Air,Pre-PQ Process,N/A - From RDC,30-Jul-07,30-Jul-07,30-Jul-07,ARV,Adult,"Lopinavir/Ritonavir 200/50mg [Aluvia], tablets, 120 Tabs",Lopinavir/Ritonavir,200/50mg,Tablet,120,1155,47470.5,41.1,0.34,Yes,255,1388,75.95
11749,109-TZ-T01,Pre-PQ Process,SO-748,DN-230,Tanzania,PMO - US,From RDC,N/A - From RDC,Air,Pre-PQ Process,N/A - From RDC,18-Jul-07,18-Jul-07,18-Jul-07,HRDT,HIV test,"HIV 1/2, Bioline 3.0 Kit, Lancets, Capillary pipets, Alcohol swabs included, 25 Tests","HIV 1/2, Bioline 3.0 Kit, Lancets, Capillary pipets, Alcohol swabs included",,Test kit,25,6356,127120.0,20.0,0.8,Yes,1879,9538.74,203.39
11750,110-ZM-T01,Pre-PQ Process,SO-538,DN-254,Zambia,PMO - US,From RDC,N/A - From RDC,,Pre-PQ Process,N/A - From RDC,27-Jul-07,27-Jul-07,27-Jul-07,HRDT,HIV test,"HIV 1/2, Uni-Gold HIV Kit, 20 Tests","HIV 1/2, Uni-Gold HIV Kit",,Test kit,20,2453,78496.0,32.0,1.6,Yes,821,5234.8,125.59
11751,111-MZ-T01,Pre-PQ Process,SO-499,DN-258,Mozambique,PMO - US,From RDC,N/A - From RDC,Air,Pre-PQ Process,N/A - From RDC,15-Aug-07,15-Aug-07,15-Aug-07,ARV,Pediatric,"Abacavir 20mg/ml, oral solution, Bottle, 240 ml",Abacavir,20mg/ml,Oral solution,240,1306,28079.0,21.5,0.09,No,See DN-258 (ID#:11425),See DN-258 (ID#:11425),44.93
11753,109-TZ-T01,Pre-PQ Process,SO-455,DN-290,Tanzania,PMO - US,From RDC,N/A - From RDC,,Pre-PQ Process,N/A - From RDC,10-Sep-07,10-Sep-07,10-Sep-07,ARV,Adult,"Lamivudine/Zidovudine 150/300mg, tablets, 60 Tabs",Lamivudine/Zidovudine,150/300mg,Tablet - FDC,60,10000,106800.0,10.68,0.18,No,See DN-290 (ID#:10859),See DN-290 (ID#:10859),170.88
11754,109-TZ-T01,Pre-PQ Process,SO-771,DN-293,Tanzania,PMO - US,From RDC,N/A - From RDC,,Pre-PQ Process,N/A - From RDC,26-Sep-07,26-Sep-07,26-Sep-07,ARV,Adult,"Abacavir 300mg, tablets, 60 Tabs",Abacavir,300mg,Tablet,60,7661,274263.8,35.8,0.6,Yes,750,3901.78,438.82
11755,111-MZ-T01,Pre-PQ Process,SO-298,DN-304,Mozambique,PMO - US,From RDC,N/A - From RDC,Air,Pre-PQ Process,N/A - From RDC,21-Sep-07,21-Sep-07,21-Sep-07,ARV,Adult,"Lamivudine/Nevirapine/Zidovudine 150/200/300mg, tablets, 60 Tabs",Lamivudine/Nevirapine/Zidovudine,150/300/200mg,Tablet - FDC,60,9838,172165.0,17.5,0.29,No,See DN-304 (ID#:10589),See DN-304 (ID#:10589),275.46
11756,111-MZ-T01,Pre-PQ Process,SO-298,DN-304,Mozambique,PMO - US,From RDC,N/A - From RDC,Air,Pre-PQ Process,N/A - From RDC,21-Sep-07,21-Sep-07,21-Sep-07,ARV,Pediatric,"Efavirenz 50mg, capsule, 30 Caps",Efavirenz,50mg,Capsule,30,2414,8255.88,3.42,0.11,No,See DN-304 (ID#:10589),See DN-304 (ID#:10589),13.21
11757,104-CI-T01,Pre-PQ Process,SO-589,DN-314,Côte d'Ivoire,PMO - US,From RDC,N/A - From RDC,,Pre-PQ Process,N/A - From RDC,24-Aug-07,24-Aug-07,24-Aug-07,ARV,Pediatric,"Efavirenz 50mg [Stocrin/Sustiva], capsule, 30 Caps",Efavirenz,50mg,Capsule,30,485,1682.95,3.47,0.12,Yes,285,1786,2.69
11758,104-CI-T01,Pre-PQ Process,SO-589,DN-314,Côte d'Ivoire,PMO - US,From RDC,N/A - From RDC,,Pre-PQ Process,N/A - From RDC,24-Aug-07,24-Aug-07,24-Aug-07,ARV,Pediatric,"Efavirenz 50mg [Stocrin/Sustiva], capsule, 30 Caps",Efavirenz,50mg,Capsule,30,4515,15667.05,3.47,0.12,No,See DN-314 (ID#:11757),See DN-314 (ID#:11757),25.07
11761,113-ZW-T01,Pre-PQ Process,SO-892,DN-300,Zimbabwe,PMO - US,From RDC,N/A - From RDC,Truck,Pre-PQ Process,N/A - From RDC,24-Aug-07,24-Aug-07,24-Aug-07,HRDT,HIV test,"HIV 1/2, Determine Complete HIV Kit, 100 Tests","HIV 1/2, Determine Complete HIV Kit",,Test kit,100,1500,120000.0,80.0,0.8,Yes,343,1645.12,192.0
11762,100-ZW-T01,Pre-PQ Process,SO-718,DN-303,Zimbabwe,PMO - US,From RDC,N/A - From RDC,Truck,Pre-PQ Process,N/A - From RDC,28-Aug-07,28-Aug-07,28-Aug-07,ARV,Adult,"Lamivudine/Nevirapine/Stavudine 150/200/30mg, tablets, 60 Tabs",Lamivudine/Nevirapine/Stavudine,150/200/30mg,Tablet - FDC,60,125000,925000.0,7.4,0.12,Yes,12779,41772.09,1480.0
11764,113-ZW-T01,Pre-PQ Process,SO-292,DN-317,Zimbabwe,PMO - US,From RDC,N/A - From RDC,,Pre-PQ Process,N/A - From RDC,28-Aug-07,28-Aug-07,28-Aug-07,ARV,Adult,"Nevirapine 200mg, tablets, 60 Tabs",Nevirapine,200mg,Tablet,60,1629,5978.43,3.67,0.06,Yes,152,912.45,9.57
11765,110-ZM-T01,Pre-PQ Process,SO-908,DN-319,Zambia,PMO - US,From RDC,N/A - From RDC,Air,Pre-PQ Process,N/A - From RDC,29-Aug-07,29-Aug-07,29-Aug-07,ARV,Adult,"Stavudine 20mg, capsules, 60 Caps",Stavudine,20mg,Capsule,60,1119,1958.25,1.75,0.03,Yes,1581,5663,3.13
11766,104-CI-T01,Pre-PQ Process,SO-959,DN-320,Côte d'Ivoire,PMO - US,From RDC,N/A - From RDC,,Pre-PQ Process,N/A - From RDC,30-Aug-07,30-Aug-07,30-Aug-07,ARV,Pediatric,"Lamivudine 10mg/ml, oral solution, Bottle, 240 ml",Lamivudine,10mg/ml,Oral solution,240,2523,4970.31,1.97,0.01,No,See DN-320 (ID#:10593),See DN-320 (ID#:10593),7.95
11767,104-CI-T01,Pre-PQ Process,SO-959,DN-320,Côte d'Ivoire,PMO - US,From RDC,N/A - From RDC,,Pre-PQ Process,N/A - From RDC,30-Aug-07,30-Aug-07,30-Aug-07,ARV,Adult,"Zidovudine 300mg, tablets, 60 Tabs",Zidovudine,300mg,Tablet,60,7586,61825.9,8.15,0.14,No,See DN-320 (ID#:10593),See DN-320 (ID#:10593),98.92
11769,119-NA-T01,Pre-PQ Process,SO-1007,DN-358,Namibia,PMO - US,From RDC,N/A - From RDC,Air,Pre-PQ Process,N/A - From RDC,21-Sep-07,21-Sep-07,21-Sep-07,HRDT,HIV test,"HIV 1/2, Determine Complete HIV Kit, 100 Tests","HIV 1/2, Determine Complete HIV Kit",,Test kit,100,170,13600.0,80.0,0.8,Yes,39,541.42,21.76
11780,104-CI-T01,Pre-PQ Process,SO-997,DN-324,Côte d'Ivoire,PMO - US,From RDC,N/A - From RDC,,Pre-PQ Process,N/A - From RDC,31-Aug-07,31-Aug-07,31-Aug-07,ARV,Pediatric,"Nevirapine 10mg/ml, oral suspension, Bottle, 240 ml",Nevirapine,10mg/ml,Oral suspension,240,2938,5640.96,1.92,0.01,No,See DN-324 (ID#:10610),See DN-324 (ID#:10610),9.03
11787,100-ZW-T01,Pre-PQ Process,SO-705,DN-355,Zimbabwe,PMO - US,From RDC,N/A - From RDC,Truck,Pre-PQ Process,N/A - From RDC,20-Sep-07,20-Sep-07,20-Sep-07,ARV,Adult,"Efavirenz 600mg, tablets, 30 Tabs",Efavirenz,600mg,Tablet,30,1860,23101.2,12.42,0.41,Yes,3951,13788.25,36.96
11792,104-CI-T01,Pre-PQ Process,SO-964,DN-379,Côte d'Ivoire,PMO - US,From RDC,N/A - From RDC,Air,Pre-PQ Process,N/A - From RDC,15-Oct-07,15-Oct-07,15-Oct-07,ARV,Adult,"Ritonavir 100mg [Norvir], capsules, cool, 4 x 84 Caps",Ritonavir,100mg,Capsule,336,1455,55813.8,38.36,0.11,No,See DN-379 (ID#:10890),See DN-379 (ID#:10890),89.3
11798,110-ZM-T01,Pre-PQ Process,SO-976,DN-384,Zambia,PMO - US,From RDC,N/A - From RDC,,Pre-PQ Process,N/A - From RDC,29-Oct-07,29-Oct-07,29-Oct-07,ARV,Adult,"Abacavir 300mg, tablets, 60 Tabs",Abacavir,300mg,Tablet,60,2489,68522.17,27.53,0.46,No,See DN-384 (ID#:10901),See DN-384 (ID#:10901),109.64
11799,110-ZM-T01,Pre-PQ Process,SO-976,DN-384,Zambia,PMO - US,From RDC,N/A - From RDC,,Pre-PQ Process,N/A - From RDC,29-Oct-07,29-Oct-07,29-Oct-07,ARV,Adult,"Lamivudine/Zidovudine 150/300mg, tablets, 60 Tabs",Lamivudine/Zidovudine,150/300mg,Tablet - FDC,60,60060,372372.0,6.2,0.1,No,See DN-384 (ID#:10901),See DN-384 (ID#:10901),595.8
11801,109-TZ-T01,Pre-PQ Process,SO-750,DN-390,Tanzania,PMO - US,From RDC,N/A - From RDC,Air,Pre-PQ Process,N/A - From RDC,4-Dec-07,4-Dec-07,4-Dec-07,HRDT,HIV test,"HIV 1/2, Bioline 3.0 Kit, Lancets, Capillary pipets, Alcohol swabs included, 25 Tests","HIV 1/2, Bioline 3.0 Kit, Lancets, Capillary pipets, Alcohol swabs included",,Test kit,25,9200,184000.0,20.0,0.8,Yes,3327,13606.4,294.4
11802,104-CI-T01,Pre-PQ Process,SO-1105,DN-393,Côte d'Ivoire,PMO - US,From RDC,N/A - From RDC,Air,Pre-PQ Process,N/A - From RDC,22-Nov-07,22-Nov-07,22-Nov-07,ARV,Pediatric,"Zidovudine 10mg/ml, oral solution, Bottle, 240 ml",Zidovudine,10mg/ml,Oral solution,240,6777,14570.55,2.15,0.01,Yes,2510,23907.05,23.31
11803,104-CI-T01,Pre-PQ Process,SO-1146,DN-402,Côte d'Ivoire,PMO - US,From RDC,N/A - From RDC,Air,Pre-PQ Process,N/A - From RDC,14-Dec-07,14-Dec-07,14-Dec-07,ARV,Adult,"Tenofovir Disoproxil Fumarate 300mg [Viread], tablets, 30 Tabs",Tenofovir Disoproxil Fumarate,300mg,Tablet,30,2989,50813.0,17.0,0.57,Yes,186,2056.98,81.3
11804,110-ZM-T01,Pre-PQ Process,SO-1030,DN-419,Zambia,PMO - US,From RDC,N/A - From RDC,Air,Pre-PQ Process,N/A - From RDC,13-Nov-07,13-Nov-07,13-Nov-07,ARV,Adult,"Lopinavir/Ritonavir 200/50mg [Aluvia], tablets, 120 Tabs",Lopinavir/Ritonavir,200/50mg,Tablet,120,12240,503064.0,41.1,0.34,Yes,2678,9008.48,804.9
11805,111-MZ-T01,Pre-PQ Process,SO-1038,DN-426,Mozambique,PMO - US,From RDC,N/A - From RDC,Air,Pre-PQ Process,N/A - From RDC,29-Nov-07,29-Nov-07,29-Nov-07,ARV,Adult,"Indinavir 400mg [Crixivan], capsules, 180 Caps",Indinavir,400mg,Capsule,180,840,42000.0,50.0,0.28,No,See DN-426 (ID#:10633),See DN-426 (ID#:10633),67.2
11806,111-MZ-T01,Pre-PQ Process,SO-1038,DN-426,Mozambique,PMO - US,From RDC,N/A - From RDC,Air,Pre-PQ Process,N/A - From RDC,29-Nov-07,29-Nov-07,29-Nov-07,ARV,Adult,"Lamivudine/Nevirapine/Stavudine 150/200/30mg, tablets, 60 Tabs",Lamivudine/Nevirapine/Stavudine,150/200/30mg,Tablet - FDC,60,30000,222000.0,7.4,0.12,No,See DN-426 (ID#:10633),See DN-426 (ID#:10633),355.2
11807,110-ZM-T01,Pre-PQ Process,SO-995,DN-414,Zambia,PMO - US,From RDC,N/A - From RDC,Air,Pre-PQ Process,N/A - From RDC,12-Nov-07,12-Nov-07,12-Nov-07,ARV,Pediatric,"Lamivudine 10mg/ml, oral solution, Bottle, 240 ml",Lamivudine,10mg/ml,Oral solution,240,13124,25854.28,1.97,0.01,Yes,5309,17358.74,41.37
11808,112-NG-T01,Pre-PQ Process,SO-1109,DN-422,Nigeria,PMO - US,From RDC,N/A - From RDC,Air,Pre-PQ Process,N/A - From RDC,9-Nov-07,9-Nov-07,9-Nov-07,ARV,Pediatric,"Nevirapine 10mg/ml, oral suspension, Bottle, 240 ml",Nevirapine,10mg/ml,Oral suspension,240,35,217.0,6.2,0.03,No,See DN-422 (ID#:10634),See DN-422 (ID#:10634),0.35
11810,100-ZW-T01,Pre-PQ Process,SO-1150,DN-425,Zimbabwe,PMO - US,From RDC,N/A - From RDC,Air,Pre-PQ Process,N/A - From RDC,16-Nov-07,16-Nov-07,16-Nov-07,ARV,Adult,"Lamivudine/Nevirapine/Stavudine 150/200/30mg, tablets, 60 Tabs",Lamivudine/Nevirapine/Stavudine,150/200/30mg,Tablet - FDC,60,22240,164576.0,7.4,0.12,Yes,2262,7364.52,263.32
11811,104-CI-T01,Pre-PQ Process,SO-1101,DN-434,Côte d'Ivoire,PMO - US,From RDC,N/A - From RDC,Air,Pre-PQ Process,N/A - From RDC,22-Nov-07,22-Nov-07,22-Nov-07,ARV,Adult,"Zidovudine 300mg, tablets, 60 Tabs",Zidovudine,300mg,Tablet,60,14490,118093.5,8.15,0.14,No,See DN-434 (ID#:11483),See DN-434 (ID#:11483),188.95
11812,104-CI-T01,Pre-PQ Process,SO-1101,DN-434,Côte d'Ivoire,PMO - US,From RDC,N/A - From RDC,Air,Pre-PQ Process,N/A - From RDC,22-Nov-07,22-Nov-07,22-Nov-07,ARV,Pediatric,"Lamivudine 10mg/ml, oral solution, Bottle, 240 ml",Lamivudine,10mg/ml,Oral solution,240,6000,11820.0,1.97,0.01,No,See DN-434 (ID#:11483),See DN-434 (ID#:11483),18.91
11813,104-CI-T01,Pre-PQ Process,SO-1101,DN-434,Côte d'Ivoire,PMO - US,From RDC,N/A - From RDC,Air,Pre-PQ Process,N/A - From RDC,22-Nov-07,22-Nov-07,22-Nov-07,ARV,Adult,"Lamivudine 150mg, tablets, 60 Tabs",Lamivudine,150mg,Tablet,60,20797,63222.88,3.04,0.05,No,See DN-434 (ID#:11483),See DN-434 (ID#:11483),101.16
11814,106-HT-T01,Pre-PQ Process,SO-1286,DN-458,Haiti,PMO - US,From RDC,N/A - From RDC,Air,Pre-PQ Process,N/A - From RDC,5-Dec-07,5-Dec-07,5-Dec-07,ARV,Adult,"Lopinavir/Ritonavir 200/50mg [Aluvia], tablets, 120 Tabs",Lopinavir/Ritonavir,200/50mg,Tablet,120,100,4110.0,41.1,0.34,Yes,285,2523.6,6.58
11815,104-CI-T01,Pre-PQ Process,SO-1277,DN-439,Côte d'Ivoire,PMO - US,From RDC,N/A - From RDC,Air,Pre-PQ Process,N/A - From RDC,16-Nov-07,16-Nov-07,16-Nov-07,HRDT,HIV test,"HIV 2, New LAV Blot 2 HIV Kit, 18 Tests","HIV 2, New LAV Blot 2 HIV Kit",,Test kit,18,12,3698.04,308.17,17.12,Yes,39,1278,5.92
11817,104-CI-T01,Pre-PQ Process,SO-1482,DN-545,Côte d'Ivoire,PMO - US,From RDC,N/A - From RDC,Air,Pre-PQ Process,N/A - From RDC,25-Jan-08,25-Jan-08,25-Jan-08,HRDT,HIV test,"HIV 1/2, Determine HIV Kit, without Lancets, 100 Tests","HIV 1/2, Determine HIV Kit, without Lancets",,Test kit,100,1250,89987.5,71.99,0.72,Yes,296,2372.8,143.98
11818,110-ZM-T01,Pre-PQ Process,SO-755,DN-482,Zambia,PMO - US,From RDC,N/A - From RDC,,Pre-PQ Process,N/A - From RDC,22-Feb-08,22-Feb-08,22-Feb-08,ARV,Adult,"Lamivudine/Zidovudine 150/300mg, tablets, 60 Tabs",Lamivudine/Zidovudine,150/300mg,Tablet - FDC,60,92144,875368.0,9.5,0.16,No,See DN-482 (ID#:11496),See DN-482 (ID#:11496),1400.59
11821,107-RW-T01,Pre-PQ Process,SO-1448,DN-500,Rwanda,PMO - US,From RDC,N/A - From RDC,Air,Pre-PQ Process,N/A - From RDC,5-Dec-07,5-Dec-07,5-Dec-07,HRDT,HIV test - Ancillary,"HIV, Lancet, Safety, for HIV Test kits, 100 Pcs","HIV, Lancet, Safety, for HIV Test kits, 100 Pcs",,Test kit - Ancillary,100,405,4.05,0.01,0.0,No,See DN-500 (ID#:11213),See DN-500 (ID#:11213),0.01
11824,117-ET-T01,Pre-PQ Process,SO-1009,DN-495,Ethiopia,PMO - US,From RDC,N/A - From RDC,,Pre-PQ Process,N/A - From RDC,20-Dec-07,20-Dec-07,20-Dec-07,ARV,Pediatric,"Nevirapine 10mg/ml, oral suspension, Bottle, 240 ml",Nevirapine,10mg/ml,Oral suspension,240,11168,69241.6,6.2,0.03,Yes,4583,14554.5,110.79
11825,110-ZM-T01,Pre-PQ Process,SO-1328,DN-464,Zambia,PMO - US,From RDC,N/A - From RDC,,Pre-PQ Process,N/A - From RDC,2-Jan-08,2-Jan-08,2-Jan-08,ARV,Pediatric,"Efavirenz 200mg, capsule, 90 Caps",Efavirenz,200mg,Capsule,90,672,10752.0,16.0,0.18,Yes,128,845,17.2
11826,112-NG-T01,Pre-PQ Process,SO-1494,DN-505,Nigeria,PMO - US,From RDC,N/A - From RDC,Air,Pre-PQ Process,N/A - From RDC,17-Dec-07,17-Dec-07,17-Dec-07,ARV,Pediatric,"Efavirenz 200mg, capsule, 90 Caps",Efavirenz,200mg,Capsule,90,400,6400.0,16.0,0.18,Yes,48,1260.1,10.24
11827,112-NG-T01,Pre-PQ Process,SO-1570,DN-535,Nigeria,PMO - US,From RDC,N/A - From RDC,Air,Pre-PQ Process,N/A - From RDC,9-Jan-08,9-Jan-08,9-Jan-08,ARV,Adult,"Nevirapine 200mg, tablets, 60 Tabs",Nevirapine,200mg,Tablet,60,125,425.0,3.4,0.06,No,See DN-535 (ID#:10658),See DN-535 (ID#:10658),0.68
11829,106-HT-T01,Pre-PQ Process,SO-1484,DN-502,Haiti,PMO - US,From RDC,N/A - From RDC,Air,Pre-PQ Process,N/A - From RDC,10-Dec-07,10-Dec-07,10-Dec-07,ARV,Adult,"Efavirenz 600mg, tablets, 30 Tabs",Efavirenz,600mg,Tablet,30,35000,434700.0,12.42,0.41,Yes,2153,24448,695.52
11830,117-ET-T01,Pre-PQ Process,SO-1531,DN-526,Ethiopia,PMO - US,From RDC,N/A - From RDC,Air,Pre-PQ Process,N/A - From RDC,20-Dec-07,20-Dec-07,20-Dec-07,ARV,Pediatric,"Zidovudine 10mg/ml, oral solution, Bottle, 240 ml",Zidovudine,10mg/ml,Oral solution,240,3286,7064.9,2.15,0.01,Yes,1215,8586,11.3
11832,100-ZW-T01,Pre-PQ Process,SO-710,DN-488,Zimbabwe,PMO - US,From RDC,N/A - From RDC,Air,Pre-PQ Process,N/A - From RDC,14-Jan-08,14-Jan-08,14-Jan-08,ARV,Adult,"Lamivudine/Nevirapine/Stavudine 150/200/30mg, tablets, 60 Tabs",Lamivudine/Nevirapine/Stavudine,150/200/30mg,Tablet - FDC,60,34732,257016.8,7.4,0.12,No,See DN-488 (ID#:10652),See DN-488 (ID#:10652),411.23
11833,114-UG-T01,Pre-PQ Process,SO-1302,DN-489,Uganda,PMO - US,From RDC,N/A - From RDC,Air,Pre-PQ Process,N/A - From RDC,15-Jan-08,15-Jan-08,15-Jan-08,ARV,Adult,"Lopinavir/Ritonavir 200/50mg [Aluvia], tablets, 120 Tabs",Lopinavir/Ritonavir,200/50mg,Tablet,120,180,7398.0,41.1,0.34,No,See DN-489 (ID#:11516),See DN-489 (ID#:11516),11.84
11834,107-RW-T01,Pre-PQ Process,SO-1516,DN-511,Rwanda,PMO - US,From RDC,N/A - From RDC,Air,Pre-PQ Process,N/A - From RDC,31-Jan-08,31-Jan-08,31-Jan-08,ARV,Adult,"Efavirenz 600mg, tablets, 30 Tabs",Efavirenz,600mg,Tablet,30,37258,462744.36,12.42,0.41,Yes,3195,36417.89,740.39
11837,112-NG-T01,Pre-PQ Process,SO-1570,DN-535,Nigeria,PMO - US,From RDC,N/A - From RDC,Air,Pre-PQ Process,N/A - From RDC,9-Jan-08,9-Jan-08,9-Jan-08,ARV,Adult,"Efavirenz 600mg, tablets, 30 Tabs",Efavirenz,600mg,Tablet,30,818,10159.56,12.42,0.41,No,See DN-535 (ID#:10658),See DN-535 (ID#:10658),16.26
11839,104-CI-T01,Pre-PQ Process,SO-1104,DN-569,Côte d'Ivoire,PMO - US,From RDC,N/A - From RDC,Air,Pre-PQ Process,N/A - From RDC,29-Jan-08,29-Jan-08,29-Jan-08,ARV,Adult,"Lamivudine/Nevirapine/Stavudine 150/200/30mg, tablets, 60 Tabs",Lamivudine/Nevirapine/Stavudine,150/200/30mg,Tablet - FDC,60,22500,166500.0,7.4,0.12,No,See DN-569 (ID#:11224),See DN-569 (ID#:11224),266.4
11840,107-RW-T01,Pre-PQ Process,SO-1223,DN-572,Rwanda,PMO - US,From RDC,N/A - From RDC,Air,Pre-PQ Process,N/A - From RDC,28-Jan-08,28-Jan-08,28-Jan-08,HRDT,HIV test,"HIV 1/2, Determine HIV Kit, without Lancets, 100 Tests","HIV 1/2, Determine HIV Kit, without Lancets",,Test kit,100,1250,89987.5,71.99,0.72,Yes,362,8143.19,143.98
11841,110-ZM-T01,Pre-PQ Process,SO-1675,DN-579,Zambia,PMO - US,From RDC,N/A - From RDC,,Pre-PQ Process,N/A - From RDC,21-Jan-08,26-Nov-07,26-Nov-07,ARV,Adult,"Efavirenz 600mg, tablets, 30 Tabs",Efavirenz,600mg,Tablet,30,44135,548156.7,12.42,0.41,Yes,4082,17600.24,877.05
11842,104-CI-T01,Pre-PQ Process,SO-1544,DN-547,Côte d'Ivoire,PMO - US,From RDC,N/A - From RDC,Air,Pre-PQ Process,N/A - From RDC,15-Jan-08,15-Jan-08,15-Jan-08,ARV,Pediatric,"Nevirapine 10mg/ml, oral suspension, Bottle, 240 ml",Nevirapine,10mg/ml,Oral suspension,240,965,1852.8,1.92,0.01,Yes,344,1729,2.96
11843,104-CI-T01,Pre-PQ Process,SO-1144,DN-549,Côte d'Ivoire,PMO - US,From RDC,N/A - From RDC,Air,Pre-PQ Process,N/A - From RDC,28-Dec-07,15-Jan-08,15-Jan-08,ARV,Pediatric,"Nevirapine 10mg/ml, oral suspension, Bottle, 240 ml",Nevirapine,10mg/ml,Oral suspension,240,5581,10715.52,1.92,0.01,Yes,1988,6146,17.14
11845,117-ET-T01,Pre-PQ Process,SO-1536,DN-576,Ethiopia,PMO - US,From RDC,N/A - From RDC,Air,Pre-PQ Process,N/A - From RDC,1-Feb-08,1-Feb-08,1-Feb-08,ARV,Adult,"Lamivudine 150mg, tablets, 60 Tabs",Lamivudine,150mg,Tablet,60,48671,147959.84,3.04,0.05,Yes,2533,9187.8,236.74
11846,114-UG-T01,Pre-PQ Process,SO-1304,DN-550,Uganda,PMO - US,From RDC,N/A - From RDC,Air,Pre-PQ Process,N/A - From RDC,11-Mar-08,11-Mar-08,11-Mar-08,ARV,Adult,"Efavirenz 600mg, tablets, 30 Tabs",Efavirenz,600mg,Tablet,30,3364,41780.88,12.42,0.41,Yes,369,1902.9,66.85
11847,114-UG-T01,Pre-PQ Process,SO-1304,DN-550,Uganda,PMO - US,From RDC,N/A - From RDC,Air,Pre-PQ Process,N/A - From RDC,11-Mar-08,11-Mar-08,11-Mar-08,ARV,Adult,"Emtricitabine/Tenofovir Disoproxil Fumarate 200/300mg [Truvada], tablets, 30 Tabs",Emtricitabine/Tenofovir Disoproxil Fumarate,300/200mg,Tablet - FDC,30,656,17220.0,26.25,0.88,No,See DN-550 (ID#:11846),See DN-550 (ID#:11846),27.55
11850,117-ET-T01,Pre-PQ Process,SO-1528,DN-542,Ethiopia,PMO - US,From RDC,N/A - From RDC,Air,Pre-PQ Process,N/A - From RDC,29-Jan-08,29-Jan-08,29-Jan-08,ARV,Adult,"Nevirapine 200mg, tablets, 60 Tabs",Nevirapine,200mg,Tablet,60,55560,188904.0,3.4,0.06,Yes,5181,17975.21,302.25
11851,109-TZ-T01,Pre-PQ Process,SO-1648,DN-559,Tanzania,PMO - US,From RDC,N/A - From RDC,Air,Pre-PQ Process,N/A - From RDC,25-Feb-08,25-Feb-08,25-Feb-08,ARV,Adult,"Lopinavir/Ritonavir 200/50mg [Aluvia], tablets, 120 Tabs",Lopinavir/Ritonavir,200/50mg,Tablet,120,2580,106038.0,41.1,0.34,No,See DN-559 (ID#:10940),See DN-559 (ID#:10940),169.66
11852,104-CI-T01,Pre-PQ Process,SO-1679,DN-581,Côte d'Ivoire,PMO - US,From RDC,N/A - From RDC,Air,Pre-PQ Process,N/A - From RDC,5-Feb-08,5-Feb-08,5-Feb-08,ARV,Pediatric,"Nevirapine 10mg/ml, oral suspension, Bottle, 240 ml",Nevirapine,10mg/ml,Oral suspension,240,2712,5207.04,1.92,0.01,No,See DN-581 (ID#:10667),See DN-581 (ID#:10667),8.33
11854,110-ZM-T01,Pre-PQ Process,SO-1723,DN-592,Zambia,PMO - US,From RDC,N/A - From RDC,Truck,Pre-PQ Process,N/A - From RDC,28-Dec-07,28-Dec-07,28-Dec-07,ARV,Pediatric,"Lopinavir/Ritonavir 80/20mg/ml [Kaletra], oral solution, cool, Bottle 5 x 60 ml",Lopinavir/Ritonavir,80/20mg/ml,Oral solution,300,746,30660.6,41.1,0.14,Yes,Weight Captured Separately,Invoiced Separately,49.06
11855,100-ZW-T01,Pre-PQ Process,SO-711,DN-604,Zimbabwe,PMO - US,From RDC,N/A - From RDC,Air,Pre-PQ Process,N/A - From RDC,5-Mar-08,5-Mar-08,5-Mar-08,ARV,Adult,"Lamivudine/Stavudine 150/30mg, tablets, 30 Tabs",Lamivudine/Stavudine,150/30mg,Tablet - FDC,30,1600,3200.0,2.0,0.07,No,See DN-604 (ID#:11527),See DN-604 (ID#:11527),5.12
11856,100-ZW-T01,Pre-PQ Process,SO-711,DN-604,Zimbabwe,PMO - US,From RDC,N/A - From RDC,Air,Pre-PQ Process,N/A - From RDC,5-Mar-08,5-Mar-08,5-Mar-08,ARV,Adult,"Lamivudine/Nevirapine/Stavudine 150/200/30mg, tablets, 60 Tabs",Lamivudine/Nevirapine/Stavudine,150/200/30mg,Tablet - FDC,60,37240,275576.0,7.4,0.12,No,See DN-604 (ID#:11527),See DN-604 (ID#:11527),440.92
11857,106-HT-T01,Pre-PQ Process,SO-2046,DN-685,Haiti,PMO - US,From RDC,N/A - From RDC,Air,Pre-PQ Process,N/A - From RDC,31-Mar-08,31-Mar-08,31-Mar-08,ARV,Pediatric,"Zidovudine 10mg/ml, oral solution, Bottle, 240 ml",Zidovudine,10mg/ml,Oral solution,240,3264,7017.6,2.15,0.01,No,See DN-685 (ID#:11234),See DN-685 (ID#:11234),11.23
11858,112-NG-T01,Pre-PQ Process,SO-2351,DN-717,Nigeria,PMO - US,From RDC,N/A - From RDC,Air,Pre-PQ Process,N/A - From RDC,18-Apr-08,18-Apr-08,18-Apr-08,ARV,Adult,"Tenofovir Disoproxil Fumarate 300mg [Viread], tablets, 30 Tabs",Tenofovir Disoproxil Fumarate,300mg,Tablet,30,109,1853.0,17.0,0.57,Yes,422,2812.3,2.96
11859,110-ZM-T01,Pre-PQ Process,SO-2549,DN-823,Zambia,PMO - US,From RDC,N/A - From RDC,Truck,Pre-PQ Process,N/A - From RDC,23-Jul-08,23-Jul-08,23-Jul-08,ARV,Adult,"Lamivudine/Nevirapine/Stavudine 150/200/30mg, tablets, 60 Tabs",Lamivudine/Nevirapine/Stavudine,150/200/30mg,Tablet - FDC,60,50000,360000.0,7.2,0.12,No,See DN-823 (ID#:11271),See DN-823 (ID#:11271),576.0
11860,106-HT-T01,Pre-PQ Process,SO-2596,DN-762,Haiti,PMO - US,From RDC,N/A - From RDC,Air,Pre-PQ Process,N/A - From RDC,18-Jun-08,18-Jun-08,18-Jun-08,ARV,Adult,"Lopinavir/Ritonavir 200/50mg [Aluvia], tablets, 120 Tabs",Lopinavir/Ritonavir,200/50mg,Tablet,120,240,9864.0,41.1,0.34,Yes,52,1422.32,15.78
11861,131-NG-T01,Pre-PQ Process,SO-2575,DN-737,Nigeria,PMO - US,From RDC,N/A - From RDC,Air,Pre-PQ Process,N/A - From RDC,14-May-08,14-May-08,14-May-08,ARV,Adult,"Zidovudine 300mg, tablets, 60 Tabs",Zidovudine,300mg,Tablet,60,3075,24600.0,8.0,0.13,No,See DN-737 (ID#:11533),See DN-737 (ID#:11533),39.36
11862,131-NG-T01,Pre-PQ Process,SO-2578,DN-739,Nigeria,PMO - US,From RDC,N/A - From RDC,Air,Pre-PQ Process,N/A - From RDC,14-May-08,14-May-08,14-May-08,ARV,Adult,"Emtricitabine/Tenofovir Disoproxil Fumarate 200/300mg [Truvada], tablets, 30 Tabs",Emtricitabine/Tenofovir Disoproxil Fumarate,300/200mg,Tablet - FDC,30,3359,88173.75,26.25,0.88,Yes,300,2204,141.08
11863,131-NG-T01,Pre-PQ Process,SO-2579,DN-740,Nigeria,PMO - US,From RDC,N/A - From RDC,Air,Pre-PQ Process,N/A - From RDC,20-May-08,20-May-08,20-May-08,ARV,Adult,"Emtricitabine/Tenofovir Disoproxil Fumarate 200/300mg [Truvada], tablets, 30 Tabs",Emtricitabine/Tenofovir Disoproxil Fumarate,300/200mg,Tablet - FDC,30,641,16826.25,26.25,0.88,Yes,58,1110.5,26.92
11864,110-ZM-T01,Pre-PQ Process,SO-2475,DN-749,Zambia,PMO - US,From RDC,N/A - From RDC,Air,Pre-PQ Process,N/A - From RDC,29-May-08,29-May-08,29-May-08,ARV,Adult,"Nevirapine 200mg, tablets, 60 Tabs",Nevirapine,200mg,Tablet,60,50000,170000.0,3.4,0.06,Yes,4733,6002.19,272.0
11865,131-NG-T01,Pre-PQ Process,SO-2664,DN-750,Nigeria,PMO - US,From RDC,N/A - From RDC,Air,Pre-PQ Process,N/A - From RDC,27-May-08,27-May-08,27-May-08,ARV,Adult,"Lamivudine/Nevirapine/Zidovudine 150/200/300mg, tablets, 60 Tabs",Lamivudine/Nevirapine/Zidovudine,150/300/200mg,Tablet - FDC,60,16610,220580.8,13.28,0.22,Yes,1832,11815.12,352.93
11866,100-ZW-T01,Pre-PQ Process,SO-2667,DN-756,Zimbabwe,PMO - US,From RDC,N/A - From RDC,Air,Pre-PQ Process,N/A - From RDC,11-Jun-08,11-Jun-08,11-Jun-08,ARV,Adult,"Lamivudine/Nevirapine/Stavudine 150/200/30mg, tablets, 60 Tabs",Lamivudine/Nevirapine/Stavudine,150/200/30mg,Tablet - FDC,60,37240,275576.0,7.4,0.12,Yes,7806,45047.32,440.92
11867,104-CI-T01,Pre-PQ Process,SO-2045,DN-761,Côte d'Ivoire,PMO - US,From RDC,N/A - From RDC,Air,Pre-PQ Process,N/A - From RDC,2-Jun-08,2-Jun-08,2-Jun-08,ARV,Pediatric,"Lamivudine 10mg/ml, oral solution, Bottle, 240 ml",Lamivudine,10mg/ml,Oral solution,240,7700,15169.0,1.97,0.01,No,See DN-761 (ID#:10951),See DN-761 (ID#:10951),24.27
11868,110-ZM-T01,Pre-PQ Process,SO-2488,DN-767,Zambia,PMO - US,From RDC,N/A - From RDC,Truck,Pre-PQ Process,N/A - From RDC,17-Jun-08,17-Jun-08,17-Jun-08,ARV,Adult,"Nevirapine 200mg, tablets, 60 Tabs",Nevirapine,200mg,Tablet,60,55560,188904.0,3.4,0.06,Yes,3224,4217.45,302.25
11869,111-MZ-T01,Pre-PQ Process,SO-1824,DN-624,Mozambique,PMO - US,From RDC,N/A - From RDC,Air,Pre-PQ Process,N/A - From RDC,31-Mar-08,31-Mar-08,31-Mar-08,ARV,Adult,"Ritonavir 100mg [Norvir], capsules, cool, 84 Caps",Ritonavir,100mg,Capsule,84,630,6041.7,9.59,0.11,Yes,185,1214.2,9.67
11870,102-GY-T01,Pre-PQ Process,SO-1004,DN-617,Guyana,PMO - US,From RDC,N/A - From RDC,,Pre-PQ Process,N/A - From RDC,21-Feb-08,21-Feb-08,21-Feb-08,HRDT,HIV test,"HIV 1/2, Determine HIV Kit, without Lancets, 100 Tests","HIV 1/2, Determine HIV Kit, without Lancets",,Test kit,100,152,10942.48,71.99,0.72,No,See DN-617 (ID#:11236),See DN-617 (ID#:11236),17.51
11873,104-CI-T01,Pre-PQ Process,SO-1680,DN-673,Côte d'Ivoire,PMO - US,From RDC,N/A - From RDC,Air,Pre-PQ Process,N/A - From RDC,27-Mar-08,27-Mar-08,27-Mar-08,ARV,Pediatric,"Nevirapine 10mg/ml, oral suspension, Bottle, 240 ml",Nevirapine,10mg/ml,Oral suspension,240,3008,5775.36,1.92,0.01,No,See DN-673 (ID#:10682),See DN-673 (ID#:10682),9.24
11874,104-CI-T01,Pre-PQ Process,SO-794,DN-674,Côte d'Ivoire,PMO - US,From RDC,N/A - From RDC,,Pre-PQ Process,N/A - From RDC,27-Mar-08,27-Mar-08,27-Mar-08,HRDT,HIV test,"#108853** HIV, Genie II HIV-1/HIV-2 Kit, 40 Tests","HIV, Genie II HIV-1/HIV-2 Kit",,Test kit,40,415,31540.0,76.0,1.9,Yes,453,1606.93,50.46
11875,112-NG-T01,Pre-PQ Process,SO-2726,DN-800,Nigeria,PMO - US,From RDC,N/A - From RDC,Air,Pre-PQ Process,N/A - From RDC,19-Jun-08,19-Jun-08,19-Jun-08,ARV,Adult,"Lamivudine/Nevirapine/Stavudine 150/200/30mg, tablets, 60 Tabs",Lamivudine/Nevirapine/Stavudine,150/200/30mg,Tablet - FDC,60,9180,67932.0,7.4,0.12,No,See DN-800 (ID#:10953),See DN-800 (ID#:10953),108.69
11876,106-HT-T01,Pre-PQ Process,SO-2053,DN-744,Haiti,PMO - US,From RDC,N/A - From RDC,Air,Pre-PQ Process,N/A - From RDC,2-Jun-08,2-Jun-08,2-Jun-08,ARV,Adult,"Stavudine 15mg, capsules, 60 Caps",Stavudine,15mg,Capsule,60,127,190.5,1.5,0.02,No,See DN-744 (ID#:10684),See DN-744 (ID#:10684),0.3
11877,132-NG-T01,Pre-PQ Process,SO-2708,DN-806,Nigeria,PMO - US,From RDC,N/A - From RDC,Air,Pre-PQ Process,N/A - From RDC,27-Jun-08,27-Jun-08,27-Jun-08,ARV,Adult,"Efavirenz 600mg, tablets, 30 Tabs",Efavirenz,600mg,Tablet,30,25000,300250.0,12.01,0.4,Yes,2173,9906.63,480.4
11878,110-ZM-T01,Pre-PQ Process,SO-1806,DN-625,Zambia,PMO - US,From RDC,N/A - From RDC,,Pre-PQ Process,N/A - From RDC,28-Mar-08,28-Mar-08,28-Mar-08,ARV,Adult,"Lamivudine/Zidovudine 150/300mg, tablets, 60 Tabs",Lamivudine/Zidovudine,150/300mg,Tablet - FDC,60,50000,472500.0,9.45,0.16,No,See DN-625 (ID#:10956),See DN-625 (ID#:10956),756.0
11879,123-NG-T01,Pre-PQ Process,SO-2552,DN-834,Nigeria,PMO - US,From RDC,N/A - From RDC,Air,Pre-PQ Process,N/A - From RDC,16-Jul-08,16-Jul-08,16-Jul-08,ARV,Adult,"Zidovudine 300mg, tablets, 60 Tabs",Zidovudine,300mg,Tablet,60,5641,45974.15,8.15,0.14,No,See DN-834 (ID#:10686),See DN-834 (ID#:10686),73.56
11880,106-HT-T01,Pre-PQ Process,SO-2059,DN-733,Haiti,PMO - US,From RDC,N/A - From RDC,Air,Pre-PQ Process,N/A - From RDC,26-May-08,26-May-08,26-May-08,ARV,Adult,"Lamivudine/Zidovudine 150/300mg, tablets, 60 Tabs",Lamivudine/Zidovudine,150/300mg,Tablet - FDC,60,28896,273067.2,9.45,0.16,No,See DN-733 (ID#:10688),See DN-733 (ID#:10688),436.91
11881,104-CI-T01,Pre-PQ Process,SO-2044,DN-734,Côte d'Ivoire,PMO - US,From RDC,N/A - From RDC,Air,Pre-PQ Process,N/A - From RDC,2-Jun-08,2-Jun-08,2-Jun-08,ARV,Pediatric,"Stavudine 1mg/ml, powder for oral solution, 200 ml",Stavudine,1mg/ml,Oral solution,200,3229,4520.6,1.4,0.01,No,See DN-734 (ID#:10689),See DN-734 (ID#:10689),7.23
11882,100-ZW-T01,Pre-PQ Process,SO-716,DN-770,Zimbabwe,PMO - US,From RDC,N/A - From RDC,Air,Pre-PQ Process,N/A - From RDC,9-Jun-08,9-Jun-08,9-Jun-08,ARV,Adult,"Efavirenz 600mg, tablets, 30 Tabs",Efavirenz,600mg,Tablet,30,1860,23101.2,12.42,0.41,No,See DN-770 (ID#:10959),See DN-770 (ID#:10959),36.96
11883,109-TZ-T01,Pre-PQ Process,SO-1943,DN-664,Tanzania,PMO - US,From RDC,N/A - From RDC,Air,Pre-PQ Process,N/A - From RDC,23-Apr-08,23-Apr-08,23-Apr-08,ARV,Pediatric,"Didanosine 100mg, chewable/dispersible tablets, 60 Tabs",Didanosine,100mg,Chewable/dispersible tablet,60,11640,90210.0,7.75,0.13,Yes,2427,8381.22,144.34
11884,104-CI-T01,Pre-PQ Process,SO-2043,DN-684,Côte d'Ivoire,PMO - US,From RDC,N/A - From RDC,Air,Pre-PQ Process,N/A - From RDC,8-Apr-08,8-Apr-08,8-Apr-08,ARV,Pediatric,"Efavirenz 30mg/ml [Stocrin/Sustiva], oral solution, Bottle, 180 ml",Efavirenz,30mg/ml,Oral solution,180,1503,25490.88,16.96,0.09,Yes,608,1996.68,40.79
11887,114-UG-T01,Pre-PQ Process,SO-2674,DN-797,Uganda,PMO - US,From RDC,N/A - From RDC,Air,Pre-PQ Process,N/A - From RDC,11-Jul-08,11-Jul-08,11-Jul-08,ARV,Adult,"Zidovudine 300mg, tablets, 60 Tabs",Zidovudine,300mg,Tablet,60,46,368.0,8.0,0.13,No,See DN-797 (ID#:10966),See DN-797 (ID#:10966),0.59
11888,106-HT-T01,Pre-PQ Process,SO-1287,DN-640,Haiti,PMO - US,From RDC,N/A - From RDC,Air,Pre-PQ Process,N/A - From RDC,4-Mar-08,4-Mar-08,4-Mar-08,ARV,Adult,"Lamivudine 150mg, tablets, 60 Tabs",Lamivudine,150mg,Tablet,60,2871,8727.84,3.04,0.05,Yes,144,2504.44,13.96
11890,104-CI-T01,Pre-PQ Process,SO-1547,DN-705,Côte d'Ivoire,PMO - US,From RDC,N/A - From RDC,Air,Pre-PQ Process,N/A - From RDC,17-Apr-08,17-Apr-08,17-Apr-08,ARV,Adult,"Saquinavir 200mg [Invirase], capsules, 270 Caps",Saquinavir,200mg,Capsule,270,977,76831.28,78.64,0.29,Yes,490,1765.4,122.93
11891,111-MZ-T01,Pre-PQ Process,SO-1615,DN-698,Mozambique,PMO - US,From RDC,N/A - From RDC,Air,Pre-PQ Process,N/A - From RDC,23-Jun-08,23-Jun-08,23-Jun-08,ARV,Adult,"Lamivudine/Nevirapine/Zidovudine 150/200/300mg, tablets, 60 Tabs",Lamivudine/Nevirapine/Zidovudine,150/300/200mg,Tablet - FDC,60,19000,256500.0,13.5,0.22,No,See DN-698 (ID#:10970),See DN-698 (ID#:10970),410.4
11892,109-TZ-T01,Pre-PQ Process,SO-1999,DN-696,Tanzania,PMO - US,From RDC,N/A - From RDC,Air,Pre-PQ Process,N/A - From RDC,23-Apr-08,23-Apr-08,23-Apr-08,ARV,Adult,"Efavirenz 600mg, tablets, 30 Tabs",Efavirenz,600mg,Tablet,30,18451,229161.42,12.42,0.41,Yes,1636,6195.24,366.66
11893,117-ET-T01,Pre-PQ Process,SO-1518,DN-634,Ethiopia,PMO - US,From RDC,N/A - From RDC,Air,Pre-PQ Process,N/A - From RDC,21-Mar-08,21-Mar-08,21-Mar-08,ARV,Adult,"Nevirapine 200mg, tablets, 60 Tabs",Nevirapine,200mg,Tablet,60,100731,342485.4,3.4,0.06,No,See DN-634 (ID#:10972),See DN-634 (ID#:10972),547.98
11894,113-ZW-T01,Pre-PQ Process,SO-1922,DN-644,Zimbabwe,PMO - US,From RDC,N/A - From RDC,Truck,Pre-PQ Process,N/A - From RDC,12-Mar-08,12-Mar-08,12-Mar-08,ARV,Adult,"Zidovudine 300mg, tablets, 60 Tabs",Zidovudine,300mg,Tablet,60,525,4278.75,8.15,0.14,Yes,395,1746.3,6.85
11895,130-NG-T01,Pre-PQ Process,SO-2500,DN-729,Nigeria,PMO - US,From RDC,N/A - From RDC,Air,Pre-PQ Process,N/A - From RDC,9-May-08,9-May-08,9-May-08,ARV,Adult,"Efavirenz 600mg, tablets, 30 Tabs",Efavirenz,600mg,Tablet,30,1031,12382.31,12.01,0.4,Yes,236,1651.16,19.81
11897,119-NA-T01,Pre-PQ Process,SO-1929,DN-650,Namibia,PMO - US,From RDC,N/A - From RDC,Air,Pre-PQ Process,N/A - From RDC,17-Apr-08,17-Apr-08,17-Apr-08,HRDT,HIV test,"HIV 1/2, Determine HIV Kit, without Lancets, 100 Tests","HIV 1/2, Determine HIV Kit, without Lancets",,Test kit,100,90,6479.1,71.99,0.72,Yes,21,1730.41,10.37
11899,106-HT-T01,Pre-PQ Process,SO-2055,DN-690,Haiti,PMO - US,From RDC,N/A - From RDC,Air,Pre-PQ Process,N/A - From RDC,14-Apr-08,14-Apr-08,14-Apr-08,ARV,Pediatric,"Lamivudine 10mg/ml, oral solution, Bottle, 240 ml",Lamivudine,10mg/ml,Oral solution,240,2135,4205.95,1.97,0.01,No,See DN-690 (ID#:10706),See DN-690 (ID#:10706),6.73
11900,102-KE-T01,Pre-PQ Process,SO-1599,DN-706,Kenya,PMO - US,From RDC,N/A - From RDC,Truck,Pre-PQ Process,N/A - From RDC,8-Apr-08,8-Apr-08,8-Apr-08,HRDT,HIV test,"HIV 1/2, Bioline 3.0 Kit, Lancets, Capillary pipets, Alcohol swabs included, 25 Tests","HIV 1/2, Bioline 3.0 Kit, Lancets, Capillary pipets, Alcohol swabs included",,Test kit,25,2688,53760.0,20.0,0.8,Yes,965,838.83,86.02
11902,112-NG-T01,Pre-PQ Process,SO-2731,DN-776,Nigeria,PMO - US,From RDC,N/A - From RDC,Truck,Pre-PQ Process,N/A - From RDC,3-Jun-08,3-Jun-08,3-Jun-08,ARV,Pediatric,"Lamivudine 10mg/ml, oral solution, Bottle, 240 ml",Lamivudine,10mg/ml,Oral solution,240,1000,1920.0,1.92,0.01,Yes,346,1988.9,3.07
11903,106-HT-T01,Pre-PQ Process,SO-12161,DN-892,Haiti,PMO - US,From RDC,N/A - From RDC,Air,Pre-PQ Process,N/A - From RDC,9-Sep-08,9-Sep-08,9-Sep-08,ARV,Pediatric,"Zidovudine 10mg/ml, oral solution, Bottle, 240 ml",Zidovudine,10mg/ml,Oral solution,240,1440,3024.0,2.1,0.01,Yes,538,7100.67,4.84
11904,106-HT-T01,Pre-PQ Process,SO-15960,DN-946,Haiti,PMO - US,From RDC,N/A - From RDC,Air,Pre-PQ Process,N/A - From RDC,20-Oct-08,20-Oct-08,20-Oct-08,ARV,Adult,"Efavirenz 600mg, tablets, 30 Tabs",Efavirenz,600mg,Tablet,30,27070,297770.0,11.0,0.37,No,See DN-946 (ID#:10983),See DN-946 (ID#:10983),476.43
11905,113-ZW-T01,Pre-PQ Process,SO-13991,DN-1015,Zimbabwe,PMO - US,From RDC,N/A - From RDC,Truck,Pre-PQ Process,N/A - From RDC,19-Nov-08,19-Nov-08,19-Nov-08,ARV,Adult,"Lamivudine/Nevirapine/Stavudine 150/200/30mg, tablets, 60 Tabs",Lamivudine/Nevirapine/Stavudine,150/200/30mg,Tablet - FDC,60,76000,562400.0,7.4,0.12,No,See DN-1015 (ID#:11561),See DN-1015 (ID#:11561),1102.3
11906,114-UG-T01,Pre-PQ Process,SO-17770,DN-998,Uganda,PMO - US,From RDC,N/A - From RDC,Truck,Pre-PQ Process,N/A - From RDC,15-Dec-08,15-Dec-08,15-Dec-08,ARV,Adult,"Efavirenz 600mg, tablets, 30 Tabs",Efavirenz,600mg,Tablet,30,5147,56617.0,11.0,0.37,No,See DN-998 (ID#:11568),See DN-998 (ID#:11568),110.97
11907,106-HT-T01,Pre-PQ Process,SO-12150,DN-859,Haiti,PMO - US,From RDC,N/A - From RDC,Air,Pre-PQ Process,N/A - From RDC,7-Aug-08,7-Aug-08,7-Aug-08,ARV,Pediatric,"Efavirenz 30mg/ml [Stocrin/Sustiva], oral solution, Bottle, 180 ml",Efavirenz,30mg/ml,Oral solution,180,150,2544.0,16.96,0.09,Yes,702,8762.02,4.07
11908,106-HT-T01,Pre-PQ Process,SO-12150,DN-859,Haiti,PMO - US,From RDC,N/A - From RDC,Air,Pre-PQ Process,N/A - From RDC,7-Aug-08,7-Aug-08,7-Aug-08,ARV,Pediatric,"Zidovudine 10mg/ml, oral solution, Bottle, 240 ml",Zidovudine,10mg/ml,Oral solution,240,1760,3696.0,2.1,0.01,No,See DN-859 (ID#:11907),See DN-859 (ID#:11907),5.91
11909,126-NG-T01,Pre-PQ Process,SO-10770,DN-870,Nigeria,PMO - US,From RDC,N/A - From RDC,Air,Pre-PQ Process,N/A - From RDC,18-Aug-08,18-Aug-08,18-Aug-08,ARV,Adult,"Stavudine 30mg, capsules, 60 Caps",Stavudine,30mg,Capsule,60,13380,20739.0,1.55,0.03,Yes,925,9185.15,33.18
11910,112-NG-T01,Pre-PQ Process,SO-2727,DN-888,Nigeria,PMO - US,From RDC,N/A - From RDC,Air,Pre-PQ Process,N/A - From RDC,31-Aug-08,31-Aug-08,31-Aug-08,ARV,Adult,"Lamivudine/Zidovudine 150/300mg, tablets, 60 Tabs",Lamivudine/Zidovudine,150/300mg,Tablet - FDC,60,1001,9359.35,9.35,0.16,Yes,82,1151.48,14.97
11913,117-ET-T01,Pre-PQ Process,SO-22050,DN-1105,Ethiopia,PMO - US,From RDC,N/A - From RDC,Air,Pre-PQ Process,N/A - From RDC,20-Mar-09,20-Mar-09,20-Mar-09,ARV,Adult,"Lamivudine/Nevirapine/Zidovudine 150/200/300mg, tablets, 60 Tabs",Lamivudine/Nevirapine/Zidovudine,150/300/200mg,Tablet - FDC,60,10812,127581.6,11.8,0.2,No,See DN-1105 (ID#:11303),See DN-1105 (ID#:11303),250.06
11914,510-KE-T01,Pre-PQ Process,SO-12690,DN-875,Kenya,PMO - US,From RDC,N/A - From RDC,Air,Pre-PQ Process,N/A - From RDC,26-Aug-08,26-Aug-08,26-Aug-08,HRDT,HIV test,"HIV 1/2, Uni-Gold HIV Kit, 20 Tests","HIV 1/2, Uni-Gold HIV Kit",,Test kit,20,4926,157632.0,32.0,1.6,Yes,2695,11898.8,252.21
11916,100-PK-T01,Pre-PQ Process,SO-14930,DN-1004,Pakistan,PMO - US,From RDC,N/A - From RDC,Air,Pre-PQ Process,N/A - From RDC,17-Nov-08,17-Nov-08,17-Nov-08,HRDT,HIV test,"HIV 1/2, Determine HIV Kit, without Lancets, 100 Tests","HIV 1/2, Determine HIV Kit, without Lancets",,Test kit,100,12,1199.88,99.99,1.0,No,See DN-1004 (ID#:11280),See DN-1004 (ID#:11280),2.35
11917,132-NG-T01,Pre-PQ Process,SO-2707,DN-921,Nigeria,PMO - US,From RDC,N/A - From RDC,Air,Pre-PQ Process,N/A - From RDC,28-Sep-08,28-Sep-08,28-Sep-08,ARV,Adult,"Efavirenz 600mg, tablets, 30 Tabs",Efavirenz,600mg,Tablet,30,25000,300250.0,12.01,0.4,Yes,6124,13353.34,480.4
11918,106-HT-T01,Pre-PQ Process,SO-12162,DN-942,Haiti,PMO - US,From RDC,N/A - From RDC,Air,Pre-PQ Process,N/A - From RDC,10-Oct-08,10-Oct-08,10-Oct-08,ARV,Pediatric,"Zidovudine 10mg/ml, oral solution, Bottle, 240 ml",Zidovudine,10mg/ml,Oral solution,240,2613,5487.3,2.1,0.01,Yes,979,11836.61,8.78
11919,110-ZM-T01,Pre-PQ Process,SO-16670,DN-993,Zambia,PMO - US,From RDC,N/A - From RDC,Truck,Pre-PQ Process,N/A - From RDC,1-Dec-08,1-Dec-08,1-Dec-08,ARV,Adult,"Nevirapine 200mg, tablets, 60 Tabs",Nevirapine,200mg,Tablet,60,20989,71362.6,3.4,0.06,Yes,1162,3629.37,139.87
11920,107-RW-T01,Pre-PQ Process,SO-17220,DN-962,Rwanda,PMO - US,From RDC,N/A - From RDC,Truck,Pre-PQ Process,N/A - From RDC,5-Nov-08,5-Nov-08,5-Nov-08,ARV,Adult,"Nevirapine 200mg, tablets, 60 Tabs",Nevirapine,200mg,Tablet,60,4703,15049.6,3.2,0.05,Yes,455,3754.14,29.5
11921,130-NG-T01,Pre-PQ Process,SO-10580,DN-909,Nigeria,PMO - US,From RDC,N/A - From RDC,Air,Pre-PQ Process,N/A - From RDC,22-Sep-08,22-Sep-08,22-Sep-08,ARV,Adult,"Lamivudine/Zidovudine 150/300mg, tablets, 60 Tabs",Lamivudine/Zidovudine,150/300mg,Tablet - FDC,60,2339,21869.65,9.35,0.16,No,See DN-909 (ID#:10727),See DN-909 (ID#:10727),34.99
11923,104-CI-T01,Pre-PQ Process,SO-16222,DN-1072,Côte d'Ivoire,PMO - US,From RDC,N/A - From RDC,Air,Pre-PQ Process,N/A - From RDC,14-Feb-09,14-Feb-09,14-Feb-09,ARV,Adult,"Abacavir 300mg, tablets, 60 Tabs",Abacavir,300mg,Tablet,60,3000,76740.0,25.58,0.43,Yes,187,5110.42,150.41
11924,107-RW-T01,Pre-PQ Process,SO-23000,DN-1074,Rwanda,PMO - US,From RDC,N/A - From RDC,Air,Pre-PQ Process,N/A - From RDC,6-Feb-09,6-Feb-09,6-Feb-09,ARV,Adult,"Lamivudine 150mg, tablets, 60 Tabs",Lamivudine,150mg,Tablet,60,10530,25693.2,2.44,0.04,Yes,544,5029.05,50.36
11925,109-TZ-T01,Pre-PQ Process,SO-1697,DN-893,Tanzania,PMO - US,From RDC,N/A - From RDC,,Pre-PQ Process,N/A - From RDC,15-Sep-08,15-Sep-08,15-Sep-08,ARV,Pediatric,"Didanosine 100mg, chewable/dispersible tablets, 60 Tabs",Didanosine,100mg,Chewable/dispersible tablet,60,11640,90210.0,7.75,0.13,No,See DN-893 (ID#:11596),See DN-893 (ID#:11596),144.34
11926,111-MZ-T01,Pre-PQ Process,SO-15080,DN-1034,Mozambique,PMO - US,From RDC,N/A - From RDC,Air,Pre-PQ Process,N/A - From RDC,21-Feb-09,21-Feb-09,21-Feb-09,ARV,Adult,"Efavirenz 600mg, tablets, 30 Tabs",Efavirenz,600mg,Tablet,30,24350,267850.0,11.0,0.37,No,See DN-1034 (ID#:10732),See DN-1034 (ID#:10732),524.99
11927,100-SL-T01,Pre-PQ Process,SO-12770,DN-885,Sierra Leone,PMO - US,From RDC,N/A - From RDC,Air,Pre-PQ Process,N/A - From RDC,22-Aug-08,22-Aug-08,22-Aug-08,HRDT,HIV test,"HIV 1/2, Uni-Gold HIV Kit, 20 Tests","HIV 1/2, Uni-Gold HIV Kit",,Test kit,20,500,16000.0,32.0,1.6,Yes,163,7795,25.6
11928,104-CI-T01,Pre-PQ Process,SO-16221,DN-1089,Côte d'Ivoire,PMO - US,From RDC,N/A - From RDC,Air,Pre-PQ Process,N/A - From RDC,2-Mar-09,2-Mar-09,2-Mar-09,ARV,Pediatric,"Stavudine 1mg/ml, powder for oral solution, 200 ml",Stavudine,1mg/ml,Oral solution,200,1200,1680.0,1.4,0.01,Yes,115,1297.57,3.29
11932,151-NG-T01,Pre-PQ Process,SO-21782,DN-1144,Nigeria,PMO - US,From RDC,N/A - From RDC,Air,Pre-PQ Process,N/A - From RDC,24-Mar-09,24-Mar-09,24-Mar-09,ARV,Adult,"Emtricitabine/Tenofovir Disoproxil Fumarate 200/300mg [Truvada], tablets, 30 Tabs",Emtricitabine/Tenofovir Disoproxil Fumarate,300/200mg,Tablet - FDC,30,37666,988732.5,26.25,0.88,Yes,3273,6443.63,1937.92
11933,112-NG-T01,Pre-PQ Process,SO-2728,DN-917,Nigeria,PMO - US,From RDC,N/A - From RDC,Air,Pre-PQ Process,N/A - From RDC,24-Sep-08,24-Sep-08,24-Sep-08,ARV,Adult,"Emtricitabine/Tenofovir Disoproxil Fumarate 200/300mg [Truvada], tablets, 30 Tabs",Emtricitabine/Tenofovir Disoproxil Fumarate,300/200mg,Tablet - FDC,30,4,105.0,26.25,0.88,No,See DN-917 (ID#:10745),See DN-917 (ID#:10745),0.17
11934,112-NG-T01,Pre-PQ Process,SO-2728,DN-917,Nigeria,PMO - US,From RDC,N/A - From RDC,Air,Pre-PQ Process,N/A - From RDC,24-Sep-08,24-Sep-08,24-Sep-08,ARV,Adult,"Lamivudine/Zidovudine 150/300mg, tablets, 60 Tabs",Lamivudine/Zidovudine,150/300mg,Tablet - FDC,60,1054,9854.9,9.35,0.16,No,See DN-917 (ID#:10745),See DN-917 (ID#:10745),15.77
11935,112-NG-T01,Pre-PQ Process,SO-2728,DN-917,Nigeria,PMO - US,From RDC,N/A - From RDC,Air,Pre-PQ Process,N/A - From RDC,24-Sep-08,24-Sep-08,24-Sep-08,ARV,Adult,"Lamivudine/Nevirapine/Stavudine 150/200/30mg, tablets, 60 Tabs",Lamivudine/Nevirapine/Stavudine,150/200/30mg,Tablet - FDC,60,4953,36652.2,7.4,0.12,No,See DN-917 (ID#:10745),See DN-917 (ID#:10745),58.64
11936,106-HT-T01,Pre-PQ Process,SO-15930,DN-944,Haiti,PMO - US,From RDC,N/A - From RDC,Air,Pre-PQ Process,N/A - From RDC,4-Nov-08,4-Nov-08,4-Nov-08,ARV,Adult,"Stavudine 30mg, capsules, 60 Caps",Stavudine,30mg,Capsule,60,12000,18600.0,1.55,0.03,No,See DN-944 (ID#:11012),See DN-944 (ID#:11012),36.46
11937,106-HT-T01,Pre-PQ Process,SO-15930,DN-944,Haiti,PMO - US,From RDC,N/A - From RDC,Air,Pre-PQ Process,N/A - From RDC,4-Nov-08,4-Nov-08,4-Nov-08,ARV,Pediatric,"Abacavir 20mg/ml, oral solution, Bottle, 240 ml",Abacavir,20mg/ml,Oral solution,240,350,5652.5,16.15,0.07,No,See DN-944 (ID#:11012),See DN-944 (ID#:11012),11.08
