Order Id,Market,Order Region,Latitude,Longitude
77202,Pacific Asia,Southeast Asia,18.2514534,-66.03705597
75939,Pacific Asia,South Asia,18.27945137,-66.0370636
75938,Pacific Asia,South Asia,37.29223251,-121.881279
75937,Pacific Asia,Oceania,34.12594605,-118.2910156
75936,Pacific Asia,Oceania,18.25376892,-66.03704834
75935,Pacific Asia,Oceania,43.01396942,-78.87906647
75934,Pacific Asia,Eastern Asia,18.24253845,-66.03705597
75933,Pacific Asia,Eastern Asia,25.92886925,-80.16287231
75932,Pacific Asia,Eastern Asia,18.23322296,-66.03705597
75931,Pacific Asia,Eastern Asia,37.77399063,-121.966629
75930,Pacific Asia,Eastern Asia,18.28284454,-66.03705597
75929,Pacific Asia,Southeast Asia,40.65486527,-73.58707428
75928,Pacific Asia,Southeast Asia,36.6763382,-121.656517
75927,Pacific Asia,South Asia,18.27843857,-66.03705597
75926,Pacific Asia,South Asia,42.52627564,-70.92703247
75925,Pacific Asia,South Asia,18.28404999,-66.03705597
75924,Pacific Asia,Eastern Asia,18.3957901,-65.87288666
75923,Pacific Asia,South Asia,33.89869309,-118.1745605
75922,Pacific Asia,South Asia,18.233778,-66.0370636
75921,Pacific Asia,South Asia,42.04830551,-87.96134186
75920,Pacific Asia,South Asia,33.78245163,-118.1922455
75919,Pacific Asia,South Asia,18.28337669,-66.03705597
75918,Pacific Asia,Oceania,38.61177445,-121.2828674
75917,Pacific Asia,Oceania,18.20733643,-66.03705597
75916,Pacific Asia,Oceania,45.78831101,-108.5594101
75915,Pacific Asia,Oceania,18.26163292,-66.03705597
75914,Pacific Asia,Oceania,41.23545456,-75.86985779
75913,Pacific Asia,Eastern Asia,18.27022362,-66.0370636
75912,Pacific Asia,Eastern Asia,41.86886215,-84.57365418
75911,Pacific Asia,Eastern Asia,33.90942383,-118.1253586
75910,Pacific Asia,Eastern Asia,18.27526093,-66.0370636
75909,Pacific Asia,South Asia,41.86544037,-88.10990143
75908,Pacific Asia,South Asia,18.28713608,-66.03705597
75907,Pacific Asia,Eastern Asia,42.39110184,-83.13121796
75906,Pacific Asia,Eastern Asia,32.86539459,-96.86858368
75905,Pacific Asia,Southeast Asia,18.24074173,-66.03705597
75904,Pacific Asia,South Asia,40.03171921,-76.87709808
75903,Pacific Asia,Oceania,32.81010819,-96.68649292
75902,Pacific Asia,Oceania,18.28604889,-66.03705597
75901,Pacific Asia,Oceania,39.68188095,-75.64421082
75900,Pacific Asia,Southeast Asia,34.15893936,-118.1809387
75899,Pacific Asia,Southeast Asia,18.28294563,-66.0370636
75898,Pacific Asia,Southeast Asia,33.81632614,-84.44550324
75897,Pacific Asia,Southeast Asia,18.24103928,-66.0370636
75896,Pacific Asia,Oceania,37.49027634,-121.9271088
75895,Pacific Asia,South Asia,18.26469612,-66.03705597
75894,Pacific Asia,South Asia,43.18824005,-77.56706238
75893,Pacific Asia,Eastern Asia,32.753685,-96.86553955
28744,Pacific Asia,South Asia,18.38011932,-66.18312836
45461,Pacific Asia,West Asia,18.23557282,-66.3706131
31115,Pacific Asia,Oceania,18.02536774,-66.61303711
45766,Pacific Asia,West Asia,18.27383804,-66.37063599
47752,Pacific Asia,Eastern Asia,18.2848053,-66.37059021
50054,Pacific Asia,West Asia,18.29496765,-66.37050629
20365,Pacific Asia,South Asia,18.25571251,-66.37050629
36146,USCA,West of USA ,18.23466301,-66.37059784
41234,USCA,West of USA ,18.26268196,-66.37049866
32090,USCA,West of USA ,18.28279495,-66.37055969
34773,USCA,US Center ,18.27466202,-66.37058258
44046,Africa,West Africa,18.2689991,-66.37049866
46414,Africa,Central Africa,18.2308178,-66.37052155
46599,Africa,West Africa,18.26138115,-66.37056732
48434,Africa,North Africa,18.23650742,-66.37051392
12827,Europe,Western Europe,18.35921478,-66.07779694
63936,Europe,Western Europe,18.29944229,-66.37052155
65030,Europe,Western Europe,18.28996849,-66.37054443
18108,Europe,Western Europe,18.2275734,-66.04563141
62571,Europe,Northern Europe,18.2988205,-66.37059784
17162,Europe,Northern Europe,18.02538109,-66.61508179
65922,Europe,Western Europe,18.25048637,-66.37062836
63936,Europe,Western Europe,18.29944229,-66.37052155
64813,Europe,Northern Europe,18.24069786,-66.37055969
67892,Europe,Western Europe,18.26268196,-66.37049866
12525,Europe,Western Europe,18.21209908,-66.37050629
5895,LATAM,Central America,18.23131371,-66.37062836
56359,LATAM,Central America,18.29652023,-66.04867554
58613,LATAM,Central America,18.28746414,-66.37054443
7824,LATAM,Caribbean,18.29108048,-66.37050629
7814,LATAM,South America,18.24984551,-66.37050629
7814,LATAM,South America,18.24984551,-66.37050629
60807,LATAM,Caribbean,18.25671768,-66.37062836
53413,LATAM,South America,18.24754334,-66.0253067
7888,LATAM,Central America,18.27673721,-66.37055206
6783,LATAM,Central America,18.2968483,-66.37050629
56973,LATAM,South America,18.29609299,-66.37050629
7824,LATAM,Caribbean,18.29108048,-66.37050629
55155,LATAM,Central America,18.2105732,-66.37058258
5991,LATAM,Central America,18.20111656,-66.37059021
2263,LATAM,Central America,18.21469116,-66.37051392
2263,LATAM,Central America,18.21469116,-66.37051392
53403,LATAM,Central America,18.28425598,-66.37058258
51298,LATAM,South America,18.20666885,-66.37056732
4919,LATAM,South America,18.35907555,-66.07783508
52640,LATAM,South America,18.26378822,-66.37052918
6358,LATAM,South America,18.20330429,-66.37052155
57106,LATAM,South America,18.22487068,-66.37052155
6245,LATAM,South America,18.25061035,-66.37062836
52166,LATAM,Caribbean,18.27340317,-66.37052155
56172,LATAM,Caribbean,18.29137993,-66.3705368
55829,LATAM,Caribbean,18.24738884,-66.37057495
52478,LATAM,Central America,18.27920532,-66.37055206
57242,LATAM,Central America,17.98249054,-66.1126709
3137,LATAM,Central America,18.24496079,-66.3705368
60127,LATAM,South America,18.28453636,-66.37060547
3828,LATAM,Central America,18.28339195,-66.37051392
60386,LATAM,South America,18.22172546,-66.37059021
973,LATAM,Caribbean,18.25333214,-66.37051392
57999,LATAM,Central America,18.22976875,-66.37052918
54585,LATAM,South America,18.22978401,-66.37054443
57598,LATAM,Caribbean,18.22758102,-66.04357147
54274,LATAM,Central America,18.22297287,-66.37059021
60673,LATAM,Central America,18.24120712,-66.37050629
59387,LATAM,Central America,18.05199051,-66.50184631
52640,LATAM,South America,18.26378822,-66.37052918
10007,LATAM,South America,18.20664215,-66.37052918
55984,LATAM,Central America,18.27825165,-66.37059784
52478,LATAM,Central America,18.27920532,-66.37055206
58375,LATAM,Central America,17.98249054,-66.1126709
56448,LATAM,Caribbean,18.22776032,-66.37059021
8221,LATAM,South America,18.2362442,-66.37062073
58034,LATAM,Central America,18.21949196,-66.37052918
2203,LATAM,Central America,18.25289154,-66.37058258
53069,LATAM,South America,18.22985077,-66.37062073
60146,LATAM,Central America,18.22190094,-66.37052155
55409,LATAM,South America,18.26019096,-66.37052918
8678,LATAM,Central America,18.28128624,-66.37050629
7980,LATAM,Central America,18.21101761,-66.37052918
57185,LATAM,Central America,18.22019768,-66.37058258
8636,LATAM,South America,18.25534058,-66.37050629
61192,LATAM,South America,18.23215866,-66.37059021
55876,LATAM,Central America,18.20737648,-66.37055206
53331,LATAM,Central America,18.27331543,-66.37060547
51725,LATAM,Central America,18.2626648,-66.3706131
52562,LATAM,South America,18.26016426,-66.37059021
59754,LATAM,Central America,18.24535179,-66.37059784
53574,LATAM,Central America,18.21775055,-66.37060547
399,LATAM,Central America,18.29214859,-66.3706131
51050,Africa,Central Africa,18.26737404,-66.37062836
45680,Africa,North Africa,18.29659462,-66.37059021
42992,Africa,East Africa,18.27468491,-66.37056732
41304,Africa,North Africa,18.21944618,-66.37057495
45680,Africa,North Africa,18.29659462,-66.37059021
44253,Africa,West Africa,18.23975563,-66.37059021
46098,Africa,North Africa,18.2643261,-66.37060547
41304,Africa,North Africa,18.21944618,-66.37057495
71077,Europe,Southern Europe,18.27085495,-66.03705597
69703,Europe,Western Europe,18.23665237,-66.0370636
71112,Europe,Western Europe,18.28206062,-66.03705597
69810,Europe,Western Europe,18.21524239,-66.03705597
71092,Europe,Western Europe,18.25598526,-66.03705597
69610,Europe,Southern Europe,18.28172112,-66.03705597
71000,Europe,Western Europe,18.23458481,-66.03705597
70734,Europe,Northern Europe,18.25249672,-66.03704834
69626,Europe,Western Europe,18.25508499,-66.03705597
69482,Europe,Western Europe,18.28042221,-66.0370636
70769,Europe,Northern Europe,18.23288918,-66.0370636
69643,Europe,Southern Europe,18.22864342,-66.0370636
71051,Europe,Northern Europe,18.29532433,-66.03705597
69408,Europe,Southern Europe,18.24217796,-66.0370636
71123,Europe,Southern Europe,18.25569725,-66.0370636
70534,Europe,Western Europe,18.26639938,-66.0370636
69641,Europe,Southern Europe,18.23524284,-66.03705597
70960,Europe,Western Europe,18.25786781,-66.03705597
69908,Europe,Northern Europe,18.22337914,-66.03705597
70957,Europe,Western Europe,18.23107529,-66.03705597
69637,Europe,Western Europe,18.26862907,-66.03705597
70955,Europe,Northern Europe,18.22708893,-66.0370636
70919,Europe,Southern Europe,18.23437882,-66.03705597
71009,Europe,Western Europe,18.29236603,-66.0370636
69653,Europe,Northern Europe,18.21356773,-66.0370636
69527,Europe,Southern Europe,18.2920475,-66.0370636
71080,Europe,Western Europe,18.24609184,-66.0370636
70544,Europe,Northern Europe,18.20939446,-66.03705597
69471,Europe,Northern Europe,18.29184341,-66.03704834
68879,Europe,Western Europe,18.2275734,-66.0437088
67214,Europe,Southern Europe,18.28542137,-66.37056732
17810,Europe,Northern Europe,18.24692345,-66.37057495
18793,Europe,Northern Europe,18.23379898,-66.37056732
65109,Europe,Western Europe,18.24496079,-66.3705368
15673,Europe,Northern Europe,18.23220825,-66.37062836
18183,Europe,Western Europe,18.26521111,-66.37055206
20234,Europe,Western Europe,18.28570366,-66.37050629
13139,Europe,Western Europe,18.2968502,-66.37062836
33824,USCA,US Center ,40.65486527,-73.58707428
31364,USCA,West of USA ,38.74266434,-76.9917984
40495,USCA,West of USA ,35.36254501,-119.0186996
31364,USCA,West of USA ,38.74266434,-76.9917984
34506,USCA,West of USA ,40.74210739,-73.86962128
33607,USCA,West of USA ,39.28849411,-84.3551178
32617,USCA,East of USA,39.1836586,-77.26545715
37496,USCA,US Center ,32.96593094,-96.84902191
32617,USCA,East of USA,39.1836586,-77.26545715
49075,USCA,Canada,29.83435631,-95.33792877
33824,USCA,US Center ,40.65486527,-73.58707428
49075,USCA,Canada,29.83435631,-95.33792877
41623,USCA,Canada,40.2372818,-76.96795654
39271,USCA,East of USA,34.20339966,-118.6059036
38598,USCA,US Center ,21.31185532,-158.0046844
37845,USCA,US Center ,40.09635925,-74.21524048
42331,Africa,East Africa,43.21662521,-75.45603943
41345,Africa,North Africa,33.21121979,-117.2510605
51168,Africa,West Africa,32.8013916,-97.3302536
51168,Africa,West Africa,32.8013916,-97.3302536
43599,Africa,North Africa,43.78569031,-88.47438049
41901,Africa,West Africa,39.79661942,-75.47006989
42751,Africa,East Africa,34.07656479,-117.61409
45088,Africa,North Africa,28.62217712,-81.20755768
50489,Africa,North Africa,42.9666214,-78.74194336
44409,Africa,West Africa,21.30562019,-157.8386993
42101,Africa,North Africa,33.18587494,-117.3658524
50424,Africa,North Africa,43.02910233,-78.87342072
49825,Africa,West Africa,36.82690048,-119.6776962
41294,Africa,North Africa,40.70170975,-73.80841827
42023,Africa,West Africa,38.69002152,-90.14477539
47774,Africa,North Africa,42.41968918,-71.10621643
41827,Africa,Southern Africa,34.04991913,-117.7161026
47193,Africa,North Africa,33.41519928,-111.9199905
42626,Africa,North Africa,33.74279404,-117.8847504
46199,Africa,West Africa,39.9602356,-76.67675781
48468,Africa,West Africa,39.74543381,-104.8753815
51009,Africa,East Africa,34.27391052,-118.7662125
46229,Africa,Southern Africa,39.04636002,-76.98272705
42882,Africa,East Africa,44.72552109,-93.20613098
46827,Africa,East Africa,29.45598984,-98.52809143
48684,Africa,East Africa,39.95672989,-75.19525909
48684,Africa,East Africa,39.95672989,-75.19525909
46416,Africa,North Africa,40.03775024,-75.06806183
47343,Africa,Southern Africa,40.86353684,-73.87049866
41686,Pacific Asia,West Asia,35.60034943,-77.33486939
41896,Pacific Asia,West Asia,40.80119324,-74.48561096
28168,Pacific Asia,Oceania,32.77627945,-117.1342163
24992,Pacific Asia,Oceania,34.19039154,-119.177803
30851,Pacific Asia,Oceania,25.82507515,-80.19588471
25074,Pacific Asia,Oceania,35.13143921,-106.5452042
76870,Pacific Asia,Oceania,35.18754196,-101.8676224
25163,Pacific Asia,South Asia,28.08681297,-82.43898773
28036,Pacific Asia,South Asia,44.07210541,-12.13232708
22679,Pacific Asia,Southeast Asia,40.41255188,-74.41832733
23610,Pacific Asia,Southeast Asia,34.85777283,-80.84423828
42828,Pacific Asia,West Asia,34.06832504,-117.6557541
41896,Pacific Asia,West Asia,40.80119324,-74.48561096
48713,Pacific Asia,West Asia,29.7805748,-95.17199707
45668,Pacific Asia,West Asia,37.05174255,-76.40163422
74796,Pacific Asia,Eastern Asia,40.74559021,-73.97927856
27918,Pacific Asia,Eastern Asia,35.93829727,-118.9438477
30097,Pacific Asia,Oceania,45.59825897,-12.27242851
30966,Pacific Asia,Oceania,41.3469696,-81.82631683
30063,Pacific Asia,Oceania,31.65174103,-106.2676239
22019,Pacific Asia,South Asia,29.77310181,-100.6121979
24230,Pacific Asia,Southeast Asia,42.9666214,-78.74194336
48713,Pacific Asia,West Asia,29.7805748,-95.17199707
42353,Pacific Asia,West Asia,40.86649323,-111.8493271
45668,Pacific Asia,West Asia,37.05174255,-76.40163422
42134,Pacific Asia,Central Asia,47.39371109,-122.2228317
21522,Pacific Asia,Eastern Asia,41.74866486,-87.66320038
23767,Pacific Asia,Eastern Asia,41.95851135,-70.66861725
25433,Pacific Asia,Eastern Asia,40.59949493,-73.76248169
73893,Pacific Asia,Eastern Asia,29.66958237,-95.24147034
30085,Pacific Asia,Oceania,40.01562119,-75.08410645
30172,Pacific Asia,Oceania,34.27391052,-118.7662125
27478,Pacific Asia,Oceania,42.39807892,-83.20157623
76976,Pacific Asia,Oceania,33.77366638,-118.0033035
24063,Pacific Asia,South Asia,32.74953461,-117.1046524
51209,Pacific Asia,South Asia,41.89551926,-87.71821594
73839,Pacific Asia,South Asia,33.99459839,-117.9534302
74723,Pacific Asia,Southeast Asia,37.32554245,-121.7993469
26821,Pacific Asia,Southeast Asia,21.30562019,-157.8386993
77102,Pacific Asia,Southeast Asia,41.71363831,-81.36167908
41608,Pacific Asia,West Asia,37.34306717,-121.9839325
47009,Pacific Asia,West Asia,33.68896103,-117.9957428
49916,Pacific Asia,Central Asia,33.79319763,-118.1895294
29746,Pacific Asia,Eastern Asia,33.75820923,-118.0019073
72533,Pacific Asia,Eastern Asia,26.21472931,-80.23004913
48608,Africa,West Africa,34.13932037,-117.9074402
45506,Africa,West Africa,26.0984993,-80.27095032
45027,Africa,West Africa,29.46007919,-98.52754211
46308,Africa,Central Africa,40.35742188,-74.64842224
43685,Africa,West Africa,40.50980377,-74.26966858
41893,Africa,Central Africa,25.93001556,-80.16291046
46339,Africa,Central Africa,39.27056122,-84.27059174
46667,Africa,West Africa,36.91083145,-76.12958527
47647,Africa,East Africa,38.15983963,-85.59026337
48565,Africa,East Africa,43.16891098,-78.69216156
43889,Africa,West Africa,41.89491653,-87.76180267
45138,Africa,Central Africa,40.58441544,-74.15991974
44160,Africa,Central Africa,32.27982712,-110.9582291
49214,Africa,West Africa,41.92736816,-70.7484436
41825,Africa,Southern Africa,41.47653961,-81.72341919
44504,Africa,West Africa,40.87030411,-73.87062073
44496,Africa,East Africa,42.42012024,-79.31320953
45559,Africa,West Africa,37.92684937,-121.3893051
44074,Africa,West Africa,35.18754196,-101.8676224
49857,Africa,North Africa,39.45571137,-77.96917725
41786,Africa,North Africa,39.6300354,-78.74319458
48042,Africa,West Africa,40.56959915,-89.64508057
44301,Africa,North Africa,30.49767876,-84.23183441
41591,Africa,East Africa,30.35342217,-81.51309204
44981,Africa,North Africa,42.00220108,-71.51410675
41545,Africa,Southern Africa,38.1355629,-121.2693405
49910,Africa,Southern Africa,33.71007919,-84.11247253
19590,Europe,Western Europe,41.7158165,-87.7405777
43650,Europe,Eastern Europe,42.39391327,-83.00836945
15202,Europe,Western Europe,34.10591126,-118.1196442
15462,Europe,Southern Europe,42.34568787,-83.52059174
15155,Europe,Western Europe,43.02910233,-78.87342072
64451,Europe,Western Europe,33.58987427,-112.1163712
67028,Europe,Western Europe,30.0380249,-90.25691986
62336,Europe,Western Europe,40.33852005,-80.1289444
11334,Europe,Western Europe,29.50280953,-98.5945282
62885,Europe,Southern Europe,40.20738983,-74.79347992
66998,Europe,Southern Europe,35.21362686,-89.82608032
47002,Europe,Eastern Europe,47.30304337,-122.3528137
63445,Europe,Southern Europe,32.69542313,-117.0990067
67566,Europe,Western Europe,42.0063591,-87.66739655
18884,Europe,Western Europe,34.12594605,-118.2910156
18845,Europe,Southern Europe,40.87142944,-73.87063599
66854,Europe,Northern Europe,33.56687927,-117.7633209
46955,Europe,Eastern Europe,41.88238525,-88.20149994
55002,LATAM,Central America,34.06787491,-117.9273758
60445,LATAM,South America,34.24124908,-119.1945419
53586,LATAM,Central America,38.91826248,-77.03946686
56618,LATAM,Central America,27.96565437,-82.25280762
51865,LATAM,South America,21.41555023,-157.803894
2937,LATAM,South America,34.26494217,-119.218605
54446,LATAM,South America,40.64059448,-73.97518921
58623,LATAM,Central America,33.22548676,-117.3070679
7411,LATAM,South America,32.73230743,-97.47290802
5348,LATAM,Central America,41.95851135,-70.66861725
59742,LATAM,Caribbean,40.64059448,-73.97518921
59498,LATAM,Central America,41.48426819,-81.5922699
3459,LATAM,Caribbean,39.92448425,-75.1757431
8470,LATAM,Central America,38.11602402,-121.3637238
53455,LATAM,South America,35.40139771,-119.0448837
2014,LATAM,Central America,39.94662857,-75.21822357
55899,LATAM,Central America,33.78245163,-118.1922455
52582,LATAM,Central America,37.3288765,-121.8501511
56222,LATAM,Central America,35.75965881,-86.26461029
57829,LATAM,South America,33.0895195,-117.2552032
56217,LATAM,Central America,39.3985405,-84.55661774
5893,LATAM,Central America,29.69653702,-95.6459198
5528,LATAM,Central America,40.82476044,-73.94992065
367,LATAM,South America,37.67551041,-122.0496826
52353,LATAM,South America,39.42603684,-75.23985291
1784,LATAM,South America,39.45571137,-77.96917725
60317,LATAM,Caribbean,40.74032211,-73.30113983
6776,LATAM,Central America,42.11048508,-88.08236694
4487,LATAM,Central America,33.08282852,-82.9998703
9681,LATAM,Central America,34.1971817,-118.4865265
60868,LATAM,Central America,25.94878006,-80.28707886
53231,LATAM,Central America,34.09960938,-118.3507385
52601,LATAM,South America,44.95698166,-93.06536865
4660,LATAM,South America,40.52578354,-74.39421845
3539,LATAM,South America,29.73701477,-94.96875763
53231,LATAM,Central America,34.09960938,-118.3507385
54488,LATAM,South America,34.31019974,-118.4530792
6776,LATAM,Central America,42.11048508,-88.08236694
52549,LATAM,Central America,44.05973816,-12.13093758
60361,LATAM,Central America,29.73701477,-94.96875763
8470,LATAM,Central America,38.11602402,-121.3637238
5712,LATAM,South America,25.89801979,-80.24020386
9309,LATAM,South America,44.77007294,-93.28409576
8095,LATAM,South America,40.85692978,-73.39674377
75892,Pacific Asia,South Asia,18.29136658,-66.03705597
75891,Pacific Asia,Eastern Asia,37.34466934,-122.0356674
75890,Pacific Asia,Eastern Asia,29.60960579,-95.61593628
75889,Pacific Asia,South Asia,18.26264191,-66.03705597
75888,Pacific Asia,South Asia,42.34962845,-71.15328217
75887,Pacific Asia,South Asia,18.25866509,-66.03705597
75886,Pacific Asia,Oceania,33.77395248,-117.9618988
75885,Pacific Asia,Southeast Asia,18.21509743,-66.0370636
75884,Pacific Asia,Oceania,46.81184387,-100.7877197
75883,Pacific Asia,Eastern Asia,18.20598602,-66.03705597
75882,Pacific Asia,Eastern Asia,39.14162064,-77.2270813
75881,Pacific Asia,Eastern Asia,18.20355415,-66.03705597
75880,Pacific Asia,Eastern Asia,46.81184387,-100.7877197
75879,Pacific Asia,South Asia,21.32156754,-157.8721771
75878,Pacific Asia,South Asia,33.90219879,-84.15373993
75877,Pacific Asia,Southeast Asia,18.21857071,-66.03705597
75876,Pacific Asia,Southeast Asia,36.91083145,-76.12958527
75875,Pacific Asia,Southeast Asia,34.13932037,-117.9074402
75874,Pacific Asia,Southeast Asia,33.78245163,-118.1922455
75873,Pacific Asia,South Asia,40.86618042,-73.87023926
75872,Pacific Asia,South Asia,18.27690888,-66.03705597
75871,Pacific Asia,South Asia,40.3957901,-111.5488815
75870,Pacific Asia,South Asia,35.56920242,-87.08045197
75869,Pacific Asia,South Asia,18.25554657,-66.03705597
75868,Pacific Asia,Eastern Asia,37.92684937,-121.3893127
75867,Pacific Asia,Southeast Asia,34.02061462,-84.42745972
75866,Pacific Asia,Southeast Asia,18.23998261,-66.03705597
75865,Pacific Asia,Oceania,42.83187103,-86.07852173
75864,Pacific Asia,Oceania,42.25645828,-83.41688538
75863,Pacific Asia,Oceania,40.66080093,-73.92007446
75862,Pacific Asia,Oceania,18.2498951,-66.0370636
75861,Pacific Asia,Oceania,39.68975067,-105.0245895
75860,Pacific Asia,Oceania,42.52365494,-85.69445801
75859,Pacific Asia,Eastern Asia,18.29883003,-66.0370636
75858,Pacific Asia,Oceania,41.7828064,-87.61464691
75857,Pacific Asia,Oceania,18.29244614,-66.0370636
75856,Pacific Asia,Eastern Asia,42.40109634,-82.92513275
75855,Pacific Asia,Southeast Asia,18.20002747,-66.03704834
75854,Pacific Asia,Southeast Asia,36.04489517,-86.35327148
75853,Pacific Asia,Eastern Asia,18.23353386,-66.0370636
75852,Pacific Asia,South Asia,41.47214127,-81.73681641
75851,Pacific Asia,Eastern Asia,18.28108215,-66.03705597
75850,Pacific Asia,South Asia,43.16891098,-78.69216156
75849,Pacific Asia,South Asia,18.20433235,-66.03705597
75848,Pacific Asia,South Asia,38.77838135,-90.50777435
75847,Pacific Asia,South Asia,34.09960938,-118.3507385
75846,Pacific Asia,South Asia,37.32138825,-122.0307388
75845,Pacific Asia,Southeast Asia,18.23747444,-66.0370636
75844,Pacific Asia,Southeast Asia,37.15639114,-93.28601074
75843,Pacific Asia,Southeast Asia,18.28423882,-66.03704834
75842,Pacific Asia,Southeast Asia,33.64875412,-117.6374283
75841,Pacific Asia,Southeast Asia,34.11436462,-118.192482
75840,Pacific Asia,Eastern Asia,18.23448372,-66.0370636
75839,Pacific Asia,Eastern Asia,34.0256691,-84.35742188
75838,Pacific Asia,Eastern Asia,18.2726593,-66.03705597
75837,Pacific Asia,Southeast Asia,42.24398804,-83.61991119
75836,Pacific Asia,Southeast Asia,40.64059448,-73.97518921
75835,Pacific Asia,South Asia,18.28867149,-66.0370636
75834,Pacific Asia,South Asia,33.57873154,-112.266098
75833,Pacific Asia,South Asia,18.20901108,-66.03705597
75832,Pacific Asia,South Asia,33.76652145,-117.9461899
75831,Pacific Asia,South Asia,18.29984283,-66.03705597
75830,Pacific Asia,Southeast Asia,39.81664658,-74.98467255
75829,Pacific Asia,Southeast Asia,35.28209686,-89.97310638
75828,Pacific Asia,Southeast Asia,36.0810051,-86.6870575
75827,Pacific Asia,Oceania,18.27984047,-66.03704834
75826,Pacific Asia,Southeast Asia,40.65987396,-112.0028687
75825,Pacific Asia,Southeast Asia,18.25708389,-66.03704834
75824,Pacific Asia,South Asia,35.36254501,-119.0186996
75823,Pacific Asia,South Asia,18.21950722,-66.03704834
75822,Pacific Asia,South Asia,34.07363892,-117.7083511
75821,Pacific Asia,South Asia,18.25214958,-66.03705597
75820,Pacific Asia,Southeast Asia,30.49506187,-84.24580383
75819,Pacific Asia,Southeast Asia,18.2536087,-66.0370636
75818,Pacific Asia,Oceania,40.68703461,-73.62446594
75817,Pacific Asia,Oceania,18.26331902,-66.03705597
75816,Pacific Asia,Southeast Asia,40.76861954,-73.90949249
75815,Pacific Asia,Eastern Asia,37.01370621,-121.5893478
75814,Pacific Asia,Eastern Asia,18.21694946,-66.03705597
75813,Pacific Asia,Southeast Asia,34.13360977,-117.9058914
75812,Pacific Asia,Oceania,18.28720284,-66.03705597
75811,Pacific Asia,Eastern Asia,36.11019898,-81.52600861
75810,Pacific Asia,Eastern Asia,40.88164902,-81.25228119
75809,Pacific Asia,Eastern Asia,44.63076019,-123.1084366
75808,Pacific Asia,Eastern Asia,18.1501503,-65.82595062
75807,Pacific Asia,Eastern Asia,18.24564171,-66.03705597
75806,Pacific Asia,Eastern Asia,40.68665695,-73.37553406
75805,Pacific Asia,Oceania,41.42148209,-82.09407044
75804,Pacific Asia,Oceania,18.20097351,-66.03704834
75803,Pacific Asia,Oceania,33.93642426,-117.4205856
75802,Pacific Asia,Oceania,18.29039574,-66.03705597
75801,Pacific Asia,South Asia,33.83179474,-118.261322
75800,Pacific Asia,South Asia,33.41001129,-111.7717972
75799,Pacific Asia,Southeast Asia,18.26308632,-66.03705597
75798,Pacific Asia,South Asia,21.343153,-157.906601
75797,Pacific Asia,Eastern Asia,18.26687813,-66.03705597
5895,LATAM,Central America,18.23131371,-66.37062836
3130,LATAM,Central America,18.22298622,-66.37062836
49521,Pacific Asia,West Asia,18.24115372,-66.37056732
30305,Pacific Asia,Oceania,18.27383804,-66.37063599
50054,Pacific Asia,West Asia,18.29496765,-66.37050629
27772,Pacific Asia,Southeast Asia,18.24503517,-66.3706131
47752,Pacific Asia,Eastern Asia,18.2848053,-66.37059021
31296,Pacific Asia,Southeast Asia,18.20116615,-66.37051392
22076,Pacific Asia,Eastern Asia,18.28177071,-66.3705368
25665,Pacific Asia,Oceania,18.22202492,-66.37055969
31296,Pacific Asia,Southeast Asia,18.20116615,-66.37051392
22819,Pacific Asia,Oceania,18.21871948,-66.37054443
27099,Pacific Asia,Oceania,18.25518417,-66.3706131
28292,Pacific Asia,South Asia,18.29124832,-66.37056732
39159,USCA,West of USA ,18.23452568,-66.37062073
32090,USCA,West of USA ,18.28279495,-66.37055969
34631,USCA,West of USA ,18.22754669,-66.04360199
37669,USCA,East of USA,18.28764534,-66.3706131
37669,USCA,East of USA,18.28764534,-66.3706131
34773,USCA,US Center ,18.27466202,-66.37058258
40085,USCA,South of  USA ,18.23387528,-66.3705368
47262,Africa,Southern Africa,18.2833519,-66.37052155
44771,Africa,Southern Africa,18.2248497,-66.37051392
13890,Europe,Western Europe,18.26249504,-66.3705368
17071,Europe,Western Europe,18.23684692,-66.37060547
11321,Europe,Western Europe,18.24496269,-66.37059021
64813,Europe,Northern Europe,18.24069786,-66.37055969
17162,Europe,Northern Europe,18.02538109,-66.61508179
12827,Europe,Western Europe,18.35921478,-66.07779694
11936,Europe,Western Europe,18.2275734,-66.0435791
68337,Europe,Western Europe,18.20705986,-66.37054443
45746,Europe,Eastern Europe,18.24979973,-66.37058258
64813,Europe,Northern Europe,18.24069786,-66.37055969
13736,Europe,Northern Europe,18.27879143,-66.37057495
49622,Europe,Eastern Europe,18.24979973,-66.37058258
19444,Europe,Northern Europe,18.24411583,-66.37062836
63936,Europe,Western Europe,18.29944229,-66.37052155
49622,Europe,Eastern Europe,18.24979973,-66.37058258
51911,LATAM,Central America,18.24774361,-66.37059784
58239,LATAM,Caribbean,18.26596832,-66.37063599
56678,LATAM,Central America,18.20471764,-66.37059021
53202,LATAM,Central America,18.24984551,-66.37050629
58738,LATAM,Central America,18.24146652,-66.3705368
56260,LATAM,Central America,18.26157761,-66.37051392
5042,LATAM,South America,18.28203011,-66.37054443
53202,LATAM,Central America,18.24984551,-66.37050629
55511,LATAM,Central America,18.20086861,-66.37054443
54128,LATAM,South America,18.21183395,-66.3705368
21244,Pacific Asia,Eastern Asia,18.22026825,-66.37062836
47752,Pacific Asia,Eastern Asia,18.2848053,-66.37059021
31239,Pacific Asia,Oceania,18.23062706,-66.37049866
45772,Pacific Asia,South Asia,18.28871346,-66.37050629
24661,Pacific Asia,Oceania,18.23424339,-66.3706131
50054,Pacific Asia,West Asia,18.29496765,-66.37050629
22924,Pacific Asia,Southeast Asia,18.27477646,-66.37055969
21902,Pacific Asia,Southeast Asia,18.29919052,-66.3705368
21534,Pacific Asia,Eastern Asia,18.28240585,-66.37050629
45461,Pacific Asia,West Asia,18.23557282,-66.3706131
24160,Pacific Asia,Oceania,18.28954887,-66.37055206
39159,USCA,West of USA ,18.23452568,-66.37062073
32102,USCA,West of USA ,18.23068428,-66.37052918
37763,USCA,West of USA ,18.2865181,-66.37051392
37867,USCA,US Center ,18.2077198,-66.37060547
31905,USCA,East of USA,18.26106262,-66.3705368
36269,USCA,South of  USA ,18.29281044,-66.3705368
37867,USCA,US Center ,18.2077198,-66.37060547
40085,USCA,South of  USA ,18.23387528,-66.3705368
40085,USCA,South of  USA ,18.23387528,-66.3705368
48374,Africa,Central Africa,18.27898979,-66.37052918
48434,Africa,North Africa,18.23650742,-66.37051392
17719,Europe,Southern Europe,18.28514671,-66.37062836
15766,Europe,Southern Europe,18.27504158,-66.37062836
12179,Europe,Western Europe,18.25740433,-66.37059784
66275,Europe,Western Europe,18.26050758,-66.37062073
13140,Europe,Western Europe,18.35129356,-65.96311951
16444,Europe,Western Europe,18.22377396,-66.37060547
15766,Europe,Southern Europe,18.27504158,-66.37062836
65030,Europe,Western Europe,18.28996849,-66.37054443
14454,Europe,Northern Europe,18.29444695,-66.37054443
13736,Europe,Northern Europe,18.27879143,-66.37057495
67979,Europe,Western Europe,18.22501564,-66.37062073
65030,Europe,Western Europe,18.28996849,-66.37054443
66275,Europe,Western Europe,18.26050758,-66.37062073
65264,Europe,Western Europe,18.21671295,-66.37058258
11936,Europe,Western Europe,18.2275734,-66.0435791
13890,Europe,Western Europe,18.26249504,-66.3705368
51226,Europe,Eastern Europe,18.20493317,-66.37052155
52576,LATAM,Central America,18.2505703,-66.37058258
53202,LATAM,Central America,18.24984551,-66.37050629
67753,Europe,Western Europe,18.27092362,-66.37060547
15421,Europe,Southern Europe,18.20765305,-66.37055969
13225,Europe,Northern Europe,18.29643822,-66.37062073
71362,Europe,Southern Europe,18.27996063,-66.0370636
13232,Europe,Southern Europe,18.27352142,-66.3705368
67753,Europe,Western Europe,18.27092362,-66.37060547
68879,Europe,Western Europe,18.2275734,-66.0437088
65487,Europe,Western Europe,18.28501892,-66.37060547
65105,Europe,Western Europe,18.25903893,-66.3706131
14837,Europe,Western Europe,18.258358,-66.37052918
46224,Europe,Eastern Europe,18.20012474,-66.37051392
71217,Europe,Northern Europe,18.253479,-66.03704834
63972,Europe,Northern Europe,18.26423073,-66.37058258
19200,Europe,Northern Europe,18.26229858,-66.37057495
18009,Europe,Northern Europe,18.23555565,-66.37051392
10831,Europe,Northern Europe,18.35419464,-66.07129669
68107,Europe,Southern Europe,18.26428604,-66.37057495
15421,Europe,Southern Europe,18.20765305,-66.37055969
71271,Europe,Western Europe,18.27635384,-66.03704834
68879,Europe,Western Europe,18.2275734,-66.0437088
65487,Europe,Western Europe,18.28501892,-66.37060547
16953,Europe,Western Europe,18.38596916,-66.0940094
49664,Europe,Eastern Europe,18.25274658,-66.37055206
16446,Europe,Northern Europe,18.27530479,-66.37059784
10831,Europe,Northern Europe,18.35419464,-66.07129669
14960,Europe,Western Europe,18.2621975,-66.37055969
18005,Europe,Northern Europe,18.28342247,-66.37062836
10831,Europe,Northern Europe,18.35419464,-66.07129669
12804,Europe,Southern Europe,18.20552635,-66.37062836
14651,Europe,Western Europe,18.28616905,-66.37050629
10990,Europe,Western Europe,18.21555901,-66.37050629
65609,Europe,Western Europe,18.21617508,-66.3706131
17878,Europe,Western Europe,18.28969574,-66.37051392
16998,Europe,Western Europe,18.35910034,-66.07790375
13970,Europe,Western Europe,18.24693489,-66.37058258
10990,Europe,Western Europe,18.21555901,-66.37050629
13614,Europe,Western Europe,18.27720451,-66.3706131
44388,Europe,Eastern Europe,18.22757721,-66.04562378
13050,Europe,Northern Europe,18.24535179,-66.37059784
12613,Europe,Northern Europe,18.22154045,-66.37063599
66587,Europe,Southern Europe,18.28162766,-66.37056732
62795,Europe,Western Europe,18.27949333,-66.37052918
18950,Europe,Western Europe,18.24738884,-66.37057495
19610,Europe,Southern Europe,18.24751091,-66.02523804
65011,Europe,Western Europe,18.2270546,-66.3705368
19380,Europe,Western Europe,18.22757721,-66.04562378
65005,Europe,Northern Europe,18.22216415,-66.37050629
20085,Europe,Northern Europe,18.22205734,-66.37054443
18245,Europe,Northern Europe,18.25374222,-66.37052155
17810,Europe,Northern Europe,18.24692345,-66.37057495
19817,Europe,Southern Europe,18.2378273,-66.37050629
10444,Europe,Southern Europe,18.25463486,-66.37058258
64637,Europe,Northern Europe,18.2621975,-66.37055969
15269,Europe,Northern Europe,18.44484711,-66.38641357
14064,Europe,Northern Europe,18.28811264,-66.37052918
14551,Europe,Western Europe,18.26673508,-66.37054443
12698,Europe,Western Europe,18.21918869,-66.37059021
47758,Europe,Eastern Europe,18.27349854,-66.3705368
68220,Europe,Northern Europe,18.20230675,-66.37059021
14730,Europe,Northern Europe,18.29667473,-66.37059784
66411,Europe,Southern Europe,18.24366379,-66.37059021
12535,Europe,Southern Europe,18.2256279,-66.04746246
67712,Europe,Western Europe,18.26177788,-66.37062836
18593,Europe,Northern Europe,18.25260544,-66.37054443
17909,Europe,Northern Europe,18.29477692,-66.3706131
16302,Europe,Northern Europe,18.29958344,-66.37057495
14730,Europe,Northern Europe,18.29667473,-66.37059784
13343,Europe,Northern Europe,18.24162674,-66.37054443
62117,Europe,Southern Europe,18.28249931,-66.37054443
62637,Europe,Southern Europe,18.24162674,-66.37054443
67845,Europe,Western Europe,18.22757721,-66.04562378
67712,Europe,Western Europe,18.26177788,-66.37062836
11209,Europe,Western Europe,18.22836685,-66.3706131
41494,Europe,Eastern Europe,18.24680519,-66.37059021
18593,Europe,Northern Europe,18.25260544,-66.37054443
13343,Europe,Northern Europe,18.24162674,-66.37054443
62637,Europe,Southern Europe,18.24162674,-66.37054443
70044,Europe,Western Europe,18.21118736,-66.03705597
67753,Europe,Western Europe,18.27092362,-66.37060547
16617,Europe,Western Europe,18.24645615,-66.37052918
14574,Europe,Western Europe,18.25728226,-66.37054443
12698,Europe,Western Europe,18.21918869,-66.37059021
15599,Europe,Northern Europe,18.20616531,-66.3705368
13343,Europe,Northern Europe,18.24162674,-66.37054443
20072,Europe,Southern Europe,18.29564285,-66.37054443
12323,Europe,Western Europe,18.23519516,-66.37062073
71295,Europe,Western Europe,18.26007843,-66.03705597
66351,Europe,Western Europe,18.23197174,-66.37056732
12698,Europe,Western Europe,18.21918869,-66.37059021
44148,Europe,Eastern Europe,18.22748947,-66.37056732
53540,LATAM,Central America,18.24496079,-66.3705368
53069,LATAM,South America,18.22985077,-66.37062073
57570,LATAM,Caribbean,18.2062397,-66.37052918
5154,LATAM,Central America,18.2316761,-66.37062073
9122,LATAM,South America,18.23555565,-66.37051392
4427,LATAM,Central America,18.24105072,-66.37055969
9340,LATAM,Central America,18.25338554,-66.37062073
9331,LATAM,Caribbean,18.26959801,-66.37054443
58315,LATAM,Central America,18.21268654,-66.37055969
54572,LATAM,Central America,18.20005035,-67.14024353
51746,LATAM,Caribbean,18.20732117,-66.37050629
4269,LATAM,Central America,18.28301239,-66.37054443
61346,LATAM,South America,18.20552635,-66.37062836
1999,LATAM,Caribbean,18.22255898,-66.3706131
53576,LATAM,Central America,18.27515984,-66.37052918
57152,LATAM,Central America,18.27308464,-66.37060547
51674,LATAM,South America,18.24366379,-66.37059021
55336,LATAM,South America,18.23312187,-66.37059021
53810,LATAM,South America,18.25151444,-66.37062073
59301,LATAM,Central America,18.25733376,-66.3706131
8410,LATAM,Central America,18.35939407,-66.07751465
8123,LATAM,Central America,18.2261982,-66.37054443
60567,LATAM,South America,18.1501503,-65.82595062
2203,LATAM,Central America,18.25289154,-66.37058258
3527,LATAM,Central America,18.29062271,-66.3706131
2428,LATAM,Central America,18.23957062,-66.3706131
55174,LATAM,Central America,18.26259232,-66.37062836
57032,LATAM,South America,18.23168373,-66.37059784
10113,LATAM,South America,18.2150116,-66.37063599
52250,LATAM,Central America,18.27042198,-66.37054443
8906,LATAM,Central America,18.20957184,-66.37057495
1386,LATAM,South America,18.20209312,-66.37058258
59226,LATAM,South America,18.24755478,-66.02526856
8847,LATAM,South America,18.26036263,-66.37050629
57929,LATAM,South America,18.21931267,-66.37059021
53505,LATAM,Central America,18.27332115,-66.37055206
55636,LATAM,South America,18.28800392,-66.37052155
57128,LATAM,Central America,18.20149422,-66.37060547
8728,LATAM,South America,18.23152924,-66.37050629
1105,LATAM,Caribbean,18.21571159,-66.37055969
1797,LATAM,Central America,18.29089546,-66.37055206
1634,LATAM,Central America,18.38011932,-66.18312836
53576,LATAM,Central America,18.27515984,-66.37052918
10113,LATAM,South America,18.2150116,-66.37063599
6176,LATAM,Central America,18.28710365,-66.37055206
60460,LATAM,Caribbean,18.22939873,-66.37059784
580,LATAM,Central America,18.26259232,-66.37062836
56244,LATAM,Caribbean,18.2241478,-66.0471344
6522,LATAM,South America,18.21200752,-66.37059021
58298,LATAM,South America,18.46923065,-66.727211
3625,LATAM,Central America,18.2133503,-66.37057495
52321,LATAM,Caribbean,18.27620125,-66.3706131
58896,LATAM,Caribbean,18.44484711,-66.38641357
5919,LATAM,South America,18.25338554,-66.37062073
52772,LATAM,South America,18.35900879,-66.07815552
9063,LATAM,Central America,18.24739647,-66.37052918
61419,LATAM,South America,18.23075676,-66.37062073
5919,LATAM,South America,18.25338554,-66.37062073
27742,Pacific Asia,South Asia,18.20134735,-66.37060547
24453,Pacific Asia,Eastern Asia,18.28247643,-66.3706131
31145,Pacific Asia,Oceania,18.29255867,-66.37062073
30802,Pacific Asia,Oceania,18.23379898,-66.37056732
25875,Pacific Asia,Eastern Asia,18.28480911,-66.3706131
30589,Pacific Asia,Oceania,18.26480103,-66.37057495
20931,Pacific Asia,Southeast Asia,18.28333664,-66.3705368
45646,Pacific Asia,West Asia,18.20988464,-66.37062073
29731,Pacific Asia,Southeast Asia,18.27076912,-66.37062836
42777,Pacific Asia,West Asia,18.22725487,-66.37063599
23886,Pacific Asia,Southeast Asia,18.20970345,-66.37059021
43561,Pacific Asia,South Asia,18.28375816,-66.37057495
47846,Pacific Asia,West Asia,18.22048569,-66.3706131
21192,Pacific Asia,South Asia,18.20371819,-66.37052155
23156,Pacific Asia,Southeast Asia,18.21478081,-66.37056732
22811,Pacific Asia,Eastern Asia,18.26423073,-66.37058258
25418,Pacific Asia,Oceania,18.2421093,-66.37052155
47092,Pacific Asia,West Asia,18.29685593,-66.37057495
42658,Pacific Asia,West Asia,18.38596916,-66.0940094
23494,Pacific Asia,South Asia,18.25239372,-66.37055206
27316,Pacific Asia,Eastern Asia,18.26480103,-66.37057495
20931,Pacific Asia,Southeast Asia,18.28333664,-66.3705368
27555,Pacific Asia,Southeast Asia,18.33710861,-66.99221802
28657,Pacific Asia,Oceania,18.23619652,-66.37049866
47011,Pacific Asia,West Asia,18.22288513,-66.37058258
47846,Pacific Asia,West Asia,18.22048569,-66.3706131
21973,Pacific Asia,Eastern Asia,18.24063492,-66.37050629
50226,Pacific Asia,West Asia,18.22028542,-66.37062836
44617,Pacific Asia,West Asia,18.2725296,-66.37059784
21196,Pacific Asia,Eastern Asia,18.27444458,-66.37059021
21193,Pacific Asia,Eastern Asia,18.20542717,-66.37052918
26073,Pacific Asia,Southeast Asia,18.24677658,-66.37056732
44425,Africa,North Africa,40.74559021,-73.97927856
49570,Africa,West Africa,33.4926796,-112.2088623
42099,Africa,North Africa,44.05007172,-123.1093521
47731,Africa,West Africa,33.78982544,-118.1819992
46062,Africa,North Africa,42.17575073,-88.32157135
44938,Africa,North Africa,39.64605331,-86.11961365
50688,Africa,West Africa,33.9598465,-118.3780823
49445,Africa,East Africa,34.13899231,-118.3884659
47938,Africa,North Africa,37.67551041,-122.0496826
45249,Africa,North Africa,39.26515198,-76.77284241
41874,Africa,North Africa,40.21802902,-77.1828537
41572,Africa,North Africa,40.56678009,-74.11734772
46062,Africa,North Africa,42.17575073,-88.32157135
41785,Africa,North Africa,33.88898468,-118.2071152
42971,Africa,North Africa,34.03212357,-84.51288605
44677,Africa,Central Africa,40.70602036,-74.08685303
43266,Africa,North Africa,33.8371048,-118.1900482
50688,Africa,West Africa,33.9598465,-118.3780823
47917,Africa,Central Africa,35.0965271,-90.06786346
48901,Africa,East Africa,28.08681297,-82.43898773
44265,Africa,Central Africa,41.85577774,-88.00856781
41590,Africa,East Africa,33.79024124,-118.2131653
45987,Africa,North Africa,40.66577148,-73.89246368
44452,Africa,North Africa,41.63562393,-70.93080139
49218,Africa,West Africa,41.50205994,-74.01177216
47840,Africa,North Africa,25.74613953,-80.39176178
47493,Africa,East Africa,40.24931717,-75.25538635
45987,Africa,North Africa,40.66577148,-73.89246368
41590,Africa,East Africa,33.79024124,-118.2131653
64274,Europe,Western Europe,33.95993424,-118.3780823
13298,Europe,Southern Europe,39.13785553,-76.81587219
62786,Europe,Western Europe,33.47337341,-112.1697769
13939,Europe,Southern Europe,33.87593842,-118.0005798
46864,Europe,Eastern Europe,39.27495956,-76.61506653
16590,Europe,Northern Europe,38.48671341,-121.459343
62840,Europe,Northern Europe,41.89535523,-87.72576141
66959,Europe,Western Europe,36.08757019,-79.88663483
63220,Europe,Western Europe,37.37883377,-121.8303375
19642,Europe,Western Europe,40.82476044,-73.94992065
65439,Europe,Western Europe,41.4828682,-81.77826691
62840,Europe,Northern Europe,41.89535523,-87.72576141
17363,Europe,Northern Europe,39.3985405,-84.55661774
13298,Europe,Southern Europe,39.13785553,-76.81587219
18237,Europe,Southern Europe,43.20556259,-123.3465195
66958,Europe,Northern Europe,37.66708756,-120.9958801
66764,Europe,Western Europe,40.73124313,-73.98880768
66764,Europe,Western Europe,40.73124313,-73.98880768
48193,Europe,Eastern Europe,41.63562393,-70.93080139
15231,Europe,Southern Europe,33.04647064,-117.2896729
10451,Europe,Western Europe,37.36024094,-121.8450699
10459,Europe,Western Europe,43.21662521,-75.45603943
64222,Europe,Southern Europe,36.93397141,-121.7434616
63907,Europe,Southern Europe,43.56052399,-116.3960342
19178,Europe,Southern Europe,29.86195946,-95.64417267
67046,Europe,Western Europe,34.12594605,-118.2910156
65312,Europe,Northern Europe,40.60237885,-73.95497131
16436,Europe,Southern Europe,42.07463837,-76.1240387
11822,Europe,Western Europe,37.32554245,-121.7993469
19528,Europe,Southern Europe,29.77441025,-95.74694824
49763,Europe,Eastern Europe,36.31933212,-119.2960815
16013,Europe,Northern Europe,34.12594605,-118.2910156
17347,Europe,Western Europe,34.69703293,-118.0883026
19496,Europe,Western Europe,39.9602356,-76.67675781
62789,Europe,Western Europe,33.64781952,-112.0518799
11674,Europe,Western Europe,34.58764267,-120.4081879
67866,Europe,Southern Europe,25.77437019,-80.19377899
13599,Europe,Western Europe,39.95479965,-76.75787354
10384,Europe,Northern Europe,41.28277206,-112.1233444
63115,Europe,Western Europe,35.81178284,-78.5975647
63516,Europe,Western Europe,36.85530472,-76.1946106
62086,Europe,Northern Europe,33.10355759,-117.2678757
62817,Europe,Southern Europe,33.97114563,-117.9650879
10856,Europe,Northern Europe,40.7615242,-74.03826904
14685,Europe,Western Europe,25.97953987,-80.19422913
66229,Europe,Western Europe,41.7258606,-88.06419373
14924,Europe,Western Europe,40.4853096,-87.05938721
49839,Europe,Western Europe,40.76861954,-73.90949249
12393,Europe,Southern Europe,45.5898819,-122.7153473
65898,Europe,Western Europe,37.37883377,-121.8303375
64599,Europe,Southern Europe,37.62722778,-77.32672882
65370,Europe,Western Europe,26.16252518,-97.98887634
19732,Europe,Southern Europe,40.70798492,-73.78303528
67549,Europe,Western Europe,40.52737045,-81.26895905
67549,Europe,Western Europe,40.52737045,-81.26895905
67866,Europe,Southern Europe,25.77437019,-80.19377899
67275,Europe,Western Europe,32.9131012,-96.73959351
46863,Europe,Eastern Europe,33.97483063,-118.1829376
62306,Europe,Northern Europe,45.44815064,-122.7694931
10451,Europe,Western Europe,37.36024094,-121.8450699
18213,Europe,Western Europe,32.79521942,-117.2376556
16863,Europe,Western Europe,33.9031601,-117.9898758
24764,Pacific Asia,Eastern Asia,34.11491013,-118.2400131
21522,Pacific Asia,Eastern Asia,41.74866486,-87.66320038
26670,Pacific Asia,Eastern Asia,42.42877197,-82.98252869
21971,Pacific Asia,Eastern Asia,45.78831101,-108.5594101
76849,Pacific Asia,Eastern Asia,40.77699661,-74.03401947
27357,Pacific Asia,Oceania,33.62104797,-117.6759186
29283,Pacific Asia,Oceania,33.81022644,-84.41808319
30724,Pacific Asia,Oceania,40.71546173,-73.99006653
74454,Pacific Asia,South Asia,39.32117081,-76.61475372
24558,Pacific Asia,South Asia,41.3469696,-81.82631683
24230,Pacific Asia,Southeast Asia,42.9666214,-78.74194336
26821,Pacific Asia,Southeast Asia,21.30562019,-157.8386993
23211,Pacific Asia,Southeast Asia,41.8947525,-87.74337769
21868,Pacific Asia,Southeast Asia,43.09559631,-89.35118866
47009,Pacific Asia,West Asia,33.68896103,-117.9957428
42271,Pacific Asia,Central Asia,37.67061997,-122.4532928
50628,Pacific Asia,Central Asia,40.03124619,-75.18191528
24764,Pacific Asia,Eastern Asia,34.11491013,-118.2400131
21907,Pacific Asia,Eastern Asia,26.11803436,-80.18949127
72442,Pacific Asia,Oceania,36.24799728,-115.0415192
27357,Pacific Asia,Oceania,33.62104797,-117.6759186
21966,Pacific Asia,Oceania,39.49591446,-98.98998261
31169,Pacific Asia,Oceania,42.72396851,-71.18476868
21906,Pacific Asia,South Asia,33.64226151,-117.9133224
72460,Pacific Asia,South Asia,41.75909424,-87.56176758
26861,Pacific Asia,South Asia,39.13689041,-76.62719727
76992,Pacific Asia,South Asia,39.31198883,-84.49658966
22792,Pacific Asia,Southeast Asia,34.06787491,-117.9273758
24438,Pacific Asia,Southeast Asia,26.11803436,-80.18949127
27957,Pacific Asia,Southeast Asia,33.71007919,-84.11247253
26821,Pacific Asia,Southeast Asia,21.30562019,-157.8386993
21868,Pacific Asia,Southeast Asia,43.09559631,-89.35118866
47899,Pacific Asia,West Asia,44.95698166,-93.06536865
27918,Pacific Asia,Eastern Asia,35.93829727,-118.9438477
22900,Pacific Asia,Oceania,33.57873154,-112.266098
30997,Pacific Asia,Oceania,32.66745758,-117.0288773
26183,Pacific Asia,Oceania,34.26791382,-118.6712112
24314,Pacific Asia,Oceania,21.30562019,-157.8386993
21267,Pacific Asia,Oceania,41.88341522,-88.19973755
31169,Pacific Asia,Oceania,42.72396851,-71.18476868
30712,Pacific Asia,Oceania,39.94662857,-75.21822357
27207,Pacific Asia,Oceania,26.20558739,-98.23548889
76847,Pacific Asia,Oceania,34.0816536,-118.1783524
21906,Pacific Asia,South Asia,33.64226151,-117.9133224
21407,Pacific Asia,South Asia,41.55160904,-88.12562561
25050,Pacific Asia,South Asia,25.90687752,-97.49913788
24438,Pacific Asia,Southeast Asia,26.11803436,-80.18949127
23807,Pacific Asia,Southeast Asia,39.04636002,-76.98272705
21349,Pacific Asia,Southeast Asia,41.86906815,-71.39208221
22224,Pacific Asia,Southeast Asia,35.68884659,-86.81004334
49806,Pacific Asia,West Asia,38.90581513,-104.7751541
47044,Pacific Asia,West Asia,33.72333527,-117.9960556
41676,Pacific Asia,West Asia,35.3078804,-119.2523956
49598,Pacific Asia,West Asia,42.23906326,-71.00604248
42130,Pacific Asia,Central Asia,29.38037109,-98.6422348
26036,Pacific Asia,Eastern Asia,42.45111084,-73.25260162
29746,Pacific Asia,Eastern Asia,33.75820923,-118.0019073
27457,Pacific Asia,Eastern Asia,34.01161575,-117.7281189
21309,Pacific Asia,Eastern Asia,41.89509964,-87.73982239
23267,Pacific Asia,Eastern Asia,40.84625626,-73.84725189
23706,Pacific Asia,Oceania,40.7018013,-83.07437134
27729,Pacific Asia,Oceania,34.23563004,-118.4847031
30519,Pacific Asia,Oceania,41.89603806,-87.67301941
21267,Pacific Asia,Oceania,41.88341522,-88.19973755
30658,Pacific Asia,Oceania,38.77223587,-97.61299133
30323,Pacific Asia,Oceania,38.97014999,-76.9909668
30712,Pacific Asia,Oceania,39.94662857,-75.21822357
30044,Pacific Asia,Oceania,32.84292221,-97.22615814
74194,Pacific Asia,South Asia,42.33480835,-74.93064117
72458,Pacific Asia,South Asia,26.11927223,-80.18818665
25050,Pacific Asia,South Asia,25.90687752,-97.49913788
74451,Pacific Asia,Southeast Asia,41.52561569,-88.40119934
22297,Pacific Asia,Southeast Asia,34.02827454,-118.2391357
24552,Pacific Asia,Southeast Asia,37.49027634,-121.9271088
44706,Pacific Asia,West Asia,41.23169327,-81.84801483
48950,Pacific Asia,West Asia,34.03303146,-117.6386414
47600,Pacific Asia,West Asia,34.06787491,-117.9273758
47044,Pacific Asia,West Asia,33.72333527,-117.9960556
43257,Pacific Asia,West Asia,33.21295548,-117.2749176
49888,Pacific Asia,West Asia,32.52082825,-84.88657379
42130,Pacific Asia,Central Asia,29.38037109,-98.6422348
24752,Pacific Asia,Eastern Asia,38.11615372,-121.3949966
24548,Pacific Asia,Eastern Asia,34.04621506,-118.1860352
73906,Pacific Asia,Eastern Asia,41.50205994,-74.01177216
27729,Pacific Asia,Oceania,34.23563004,-118.4847031
28355,Pacific Asia,Oceania,26.21472931,-80.23004913
23456,Pacific Asia,Oceania,36.72526169,-119.7846375
74193,Pacific Asia,South Asia,37.44713593,-121.9091797
50466,Pacific Asia,South Asia,33.99020767,-117.9262314
50377,Pacific Asia,South Asia,43.02910233,-78.87342072
61855,Europe,Western Europe,33.89164734,-118.299408
67415,Europe,Northern Europe,30.49506187,-84.24580383
66794,Europe,Northern Europe,41.86019898,-87.76747131
17467,Europe,Northern Europe,44.0263443,-123.0935287
16419,Europe,Southern Europe,34.06435013,-118.437088
65249,Europe,Western Europe,33.93642426,-117.4205856
17449,Europe,Western Europe,35.70111466,-79.82025147
63803,Europe,Western Europe,43.8122406,-91.24485779
16969,Europe,Northern Europe,38.79660034,-90.34640503
16369,Europe,Western Europe,33.04647064,-117.2896729
66702,Europe,Western Europe,35.30461502,-119.0659714
10584,Europe,Western Europe,34.28066635,-119.2400665
17368,Europe,Western Europe,42.43708038,-76.48168945
20291,Europe,Western Europe,40.58441544,-74.15991974
14384,Europe,Western Europe,34.09960938,-118.3507385
64066,Europe,Southern Europe,40.60349274,-75.472435
67292,Europe,Western Europe,34.64638138,-120.4619675
65855,Europe,Western Europe,33.13901901,-117.0928192
64531,Europe,Western Europe,38.01199341,-122.1196899
19168,Europe,Western Europe,42.5804596,-83.15601349
16299,Europe,Northern Europe,38.72323608,-90.06681824
17228,Europe,Western Europe,36.19946671,-115.1088638
68289,Europe,Western Europe,38.86595917,-77.13325501
47509,Europe,Eastern Europe,43.01396942,-78.87906647
17211,Europe,Northern Europe,42.60966873,-83.16378784
64894,Europe,Western Europe,34.26791382,-118.6712112
67818,Europe,Western Europe,41.6280365,-70.92701721
16218,Europe,Southern Europe,33.41519928,-111.9199905
11391,Europe,Southern Europe,40.20003891,-77.24391937
17386,Europe,Southern Europe,32.77589798,-96.68588257
11968,Europe,Western Europe,38.54666138,-121.7412109
46305,Europe,Eastern Europe,40.67771912,-73.96311951
16218,Europe,Southern Europe,33.41519928,-111.9199905
19973,Europe,Western Europe,33.32296753,-111.8416901
15787,Europe,Western Europe,33.30039215,-111.8709564
11378,Europe,Western Europe,33.86329651,-117.9716263
62260,Europe,Western Europe,41.95449448,-87.65029144
11083,Europe,Western Europe,42.03330612,-88.29245758
65174,Europe,Western Europe,40.08877564,-75.2024765
44442,Europe,Eastern Europe,34.5802269,-118.0599518
42783,Europe,Eastern Europe,40.64059448,-73.97518921
64677,Europe,Southern Europe,43.02910233,-78.87342072
66219,Europe,Western Europe,21.28050232,-157.6785278
44816,Europe,Eastern Europe,40.67998123,-73.4734726
47002,Europe,Eastern Europe,47.30304337,-122.3528137
10502,Europe,Southern Europe,33.98764038,-118.2705536
63843,Europe,Western Europe,34.0816536,-118.1783524
62237,Europe,Western Europe,33.66559982,-117.8830566
13907,Europe,Western Europe,38.02914047,-121.8859177
63576,Europe,Southern Europe,40.72789002,-74.01309967
18448,Europe,Southern Europe,32.71303558,-96.69631958
17524,Europe,Western Europe,33.99481583,-118.3429413
19333,Europe,Western Europe,39.74662018,-104.8164368
64150,Europe,Northern Europe,40.24931717,-75.25538635
64920,Europe,Western Europe,39.81664658,-74.98467255
16378,Europe,Southern Europe,32.75856018,-117.0881882
67331,Europe,Western Europe,28.48579979,-81.30467224
67037,Europe,Western Europe,42.5804596,-83.15601349
63349,Europe,Western Europe,39.79224014,-76.73596191
19309,Europe,Western Europe,36.82411957,-76.12789154
49936,Europe,Eastern Europe,34.09960938,-118.3507385
11749,Europe,Southern Europe,36.05351639,-119.0251923
49936,Europe,Eastern Europe,34.09960938,-118.3507385
16767,Europe,Western Europe,33.53858185,-112.1873779
61664,Europe,Western Europe,33.9031601,-117.9898758
63512,Europe,Western Europe,41.95346451,-87.73246002
17726,Europe,Southern Europe,37.3288765,-121.8501511
12540,Europe,Northern Europe,33.66559982,-117.8830566
14100,Europe,Northern Europe,40.76157761,-73.97176361
16098,Europe,Southern Europe,41.99694061,-72.59446716
14660,Europe,Southern Europe,43.58177948,-116.3938828
41718,Europe,Western Europe,34.26791382,-118.6712112
64500,Europe,Western Europe,44.07599258,-120.9686584
10586,Europe,Western Europe,39.98654556,-75.1084671
45291,Europe,Eastern Europe,26.01622772,-97.55728912
15459,Europe,Southern Europe,34.06943131,-117.9799881
16093,Europe,Southern Europe,41.36125946,-82.11012268
10584,Europe,Western Europe,34.28066635,-119.2400665
61596,Europe,Western Europe,41.89517212,-87.73634338
68374,Europe,Western Europe,39.13785553,-76.81587219
50588,Europe,Eastern Europe,34.0086174,-117.7501831
42087,Europe,Eastern Europe,39.95473099,-75.20536804
13528,Europe,Northern Europe,34.2395134,-119.1972198
18135,Europe,Northern Europe,41.88359833,-88.10980988
15199,Europe,Northern Europe,40.7571907,-74.02506256
68369,Europe,Western Europe,35.18754196,-101.8676224
46859,Europe,Eastern Europe,34.26791382,-118.6712112
63992,Europe,Northern Europe,33.04647064,-117.2896729
16969,Europe,Northern Europe,38.79660034,-90.34640503
18120,Europe,Southern Europe,40.04056168,-74.15887451
14544,Europe,Western Europe,21.30562019,-157.8386993
13991,Europe,Western Europe,41.89614868,-87.67932892
906,LATAM,South America,38.49541855,-121.479187
5479,LATAM,Caribbean,38.74266434,-76.9917984
51396,LATAM,Central America,33.85414505,-118.191597
10116,LATAM,South America,42.20660782,-83.1534729
1756,LATAM,Central America,40.75481033,-74.1746521
10014,LATAM,South America,40.63687897,-73.94221497
1991,LATAM,Central America,21.45325851,-158.0102234
52533,LATAM,Central America,40.73928452,-73.99893189
52533,LATAM,Central America,40.73928452,-73.99893189
2332,LATAM,Central America,40.66544724,-73.94540405
10276,LATAM,South America,39.27096558,-84.272995
2911,LATAM,South America,40.13446808,-87.610672
53568,LATAM,South America,44.72552109,-93.20613098
53568,LATAM,South America,44.72552109,-93.20613098
25688,Pacific Asia,Eastern Asia,33.3060379,-111.8926315
48954,Pacific Asia,West Asia,21.33713913,-158.0259857
25688,Pacific Asia,Eastern Asia,33.3060379,-111.8926315
47743,Pacific Asia,West Asia,43.97969818,-88.53061676
45339,Pacific Asia,West Asia,39.32382965,-84.46369171
43521,Pacific Asia,Central Asia,40.21145248,-77.0072937
22468,Pacific Asia,Southeast Asia,34.26791382,-118.6712112
29880,Pacific Asia,Southeast Asia,30.61235046,-92.12638855
21197,Pacific Asia,Oceania,21.40107918,-157.7463837
22261,Pacific Asia,Southeast Asia,36.94200516,-76.24208069
24853,Pacific Asia,South Asia,37.16918945,-76.54801178
23585,Pacific Asia,Southeast Asia,39.75626755,-89.69435883
30963,Pacific Asia,Oceania,42.42877197,-82.98252869
24118,Pacific Asia,Eastern Asia,39.49591446,-98.98998261
42287,Pacific Asia,South Asia,33.4926796,-112.2088623
21197,Pacific Asia,Oceania,21.40107918,-157.7463837
21697,Pacific Asia,Eastern Asia,38.98765183,-76.98097229
21691,Pacific Asia,South Asia,29.54194069,-95.60385132
23878,Pacific Asia,Oceania,41.36125946,-82.11012268
30214,Pacific Asia,Oceania,35.78998184,-78.61327362
29871,Pacific Asia,Southeast Asia,39.33096314,-82.97971344
22261,Pacific Asia,Southeast Asia,36.94200516,-76.24208069
20594,Pacific Asia,Eastern Asia,40.70602036,-74.08685303
29107,Pacific Asia,Southeast Asia,38.6803894,-120.9727783
21698,Pacific Asia,Eastern Asia,35.22186661,-101.8741608
20918,Pacific Asia,Oceania,42.15800095,-84.4278183
29959,Pacific Asia,Eastern Asia,33.92366028,-117.2291946
45126,Pacific Asia,West Asia,41.8728714,-87.71582031
26871,Pacific Asia,Oceania,29.9740696,-90.087883
23751,Pacific Asia,Oceania,26.140728,-97.66805267
22612,Pacific Asia,Oceania,34.04558563,-118.2479172
29862,Pacific Asia,Southeast Asia,40.64674377,-73.94338989
20755,Pacific Asia,Eastern Asia,39.28265762,-77.4777832
30267,Pacific Asia,Eastern Asia,39.80402374,-76.97429657
31211,Pacific Asia,Oceania,21.32156754,-157.8721771
27007,Pacific Asia,South Asia,40.79833603,-74.19944
46073,Pacific Asia,West Asia,35.06517029,-106.6699524
27007,Pacific Asia,South Asia,40.79833603,-74.19944
20755,Pacific Asia,Eastern Asia,39.28265762,-77.4777832
24118,Pacific Asia,Eastern Asia,39.49591446,-98.98998261
21691,Pacific Asia,South Asia,29.54194069,-95.60385132
26510,Pacific Asia,Southeast Asia,33.96017456,-118.2632217
43468,Pacific Asia,Eastern Asia,35.57210541,-120.9117966
43468,Pacific Asia,Eastern Asia,35.57210541,-120.9117966
31000,Pacific Asia,Oceania,29.96774292,-90.03494263
22988,Pacific Asia,Oceania,40.60237885,-73.95497131
29993,Pacific Asia,Eastern Asia,41.50205994,-74.01177216
28568,Pacific Asia,Eastern Asia,40.85889053,-73.93106842
31000,Pacific Asia,Oceania,29.96774292,-90.03494263
20773,Pacific Asia,Southeast Asia,35.18754196,-101.8676224
43640,Pacific Asia,West Asia,42.20007706,-84.43824005
23967,Pacific Asia,Eastern Asia,29.89742088,-90.10965729
21016,Pacific Asia,South Asia,32.6425972,-97.02174377
27005,Pacific Asia,South Asia,40.89811325,-73.85901642
25606,Pacific Asia,Southeast Asia,40.41231918,-104.6923523
30335,Pacific Asia,Oceania,33.08282852,-82.9998703
29270,Pacific Asia,South Asia,34.0700798,-117.9371948
31269,Pacific Asia,Oceania,41.89603806,-87.67301941
24820,Pacific Asia,South Asia,41.80830002,-87.66905975
25847,Pacific Asia,South Asia,32.84292221,-97.22615814
42154,Pacific Asia,West Asia,33.96971512,-117.3822708
45036,Pacific Asia,South Asia,32.7794342,-117.1718597
45863,Pacific Asia,Central Asia,25.74022484,-80.36169434
20929,Pacific Asia,Southeast Asia,42.23049164,-83.1519165
23464,Pacific Asia,Southeast Asia,41.41943359,-81.68500519
44316,Pacific Asia,West Asia,29.76576996,-95.37227631
27647,Pacific Asia,Eastern Asia,39.522995,-104.9482193
24878,Pacific Asia,Eastern Asia,40.1901207,-105.1010666
42152,Pacific Asia,West Asia,38.49541855,-121.479187
46401,Pacific Asia,West Asia,40.66577148,-73.89246368
20929,Pacific Asia,Southeast Asia,42.23049164,-83.1519165
48844,Pacific Asia,Central Asia,36.7805481,-76.2246933
22481,Pacific Asia,Eastern Asia,38.98765183,-76.98097229
30713,Pacific Asia,Oceania,39.62960815,-104.9947433
31018,Pacific Asia,Oceania,42.13397598,-87.98233032
27005,Pacific Asia,South Asia,40.89811325,-73.85901642
75796,Pacific Asia,Oceania,28.10211754,-82.51211548
75795,Pacific Asia,Oceania,26.140728,-97.66805267
75794,Pacific Asia,Oceania,18.25377083,-66.0370636
75793,Pacific Asia,Eastern Asia,39.83699036,-86.01907349
75792,Pacific Asia,Eastern Asia,18.23845291,-66.03705597
75791,Pacific Asia,Eastern Asia,42.00019074,-72.59646606
75790,Pacific Asia,Eastern Asia,18.25421333,-66.03704834
75789,Pacific Asia,Eastern Asia,33.98547363,-118.3382416
75788,Pacific Asia,Eastern Asia,18.29302979,-66.03705597
75787,Pacific Asia,Eastern Asia,37.61849976,-121.0116348
75786,Pacific Asia,South Asia,18.24845696,-66.03705597
75785,Pacific Asia,South Asia,40.73097992,-74.22322846
75784,Pacific Asia,South Asia,18.21602821,-66.0370636
75783,Pacific Asia,Eastern Asia,36.94937897,-76.24703217
75782,Pacific Asia,Oceania,33.89164734,-118.299408
75781,Pacific Asia,Oceania,18.22156715,-66.03704834
75780,Pacific Asia,Oceania,21.343153,-157.906601
75779,Pacific Asia,Oceania,18.25141716,-66.03705597
75778,Pacific Asia,Eastern Asia,39.67436981,-75.76576996
75777,Pacific Asia,Southeast Asia,42.08637619,-76.85916138
75776,Pacific Asia,Southeast Asia,18.24762535,-66.0370636
75775,Pacific Asia,Eastern Asia,34.07656479,-117.61409
75774,Pacific Asia,Eastern Asia,18.27437401,-66.03705597
75773,Pacific Asia,Southeast Asia,42.42012024,-79.31320953
75772,Pacific Asia,Oceania,40.79290009,-73.94426727
75771,Pacific Asia,Southeast Asia,25.92748261,-97.48326111
75770,Pacific Asia,Oceania,18.21919632,-66.0370636
75769,Pacific Asia,Oceania,42.29305649,-83.18068695
75768,Pacific Asia,South Asia,40.74015808,-73.84850311
75767,Pacific Asia,South Asia,18.20436859,-66.0370636
75766,Pacific Asia,Southeast Asia,40.85889053,-73.93106842
75765,Pacific Asia,Southeast Asia,33.03649902,-96.92692566
75764,Pacific Asia,Eastern Asia,35.31053162,-119.0147934
75763,Pacific Asia,Eastern Asia,18.29253769,-66.0370636
75762,Pacific Asia,Oceania,33.94784164,-118.2462921
75761,Pacific Asia,Oceania,34.2707634,-118.7822266
75760,Pacific Asia,Oceania,18.28343582,-66.03705597
75759,Pacific Asia,Oceania,40.07748795,-76.26169586
75758,Pacific Asia,Oceania,32.93944931,-96.64806366
75757,Pacific Asia,Oceania,18.46923065,-66.727211
75756,Pacific Asia,Oceania,18.2222786,-66.03705597
75755,Pacific Asia,Oceania,30.56995392,-92.07212067
75754,Pacific Asia,Oceania,18.2507515,-66.03705597
75753,Pacific Asia,Oceania,32.8493309,-116.6139984
75752,Pacific Asia,Oceania,21.41267014,-157.997879
75751,Pacific Asia,Southeast Asia,18.26363182,-66.03704834
75750,Pacific Asia,Oceania,32.19872284,-110.9685822
75749,Pacific Asia,Oceania,33.97934723,-118.2500534
75748,Pacific Asia,Oceania,38.60803223,-121.3219528
75747,Pacific Asia,South Asia,18.26806831,-66.0370636
75746,Pacific Asia,Southeast Asia,33.77279663,-117.8358154
75745,Pacific Asia,Eastern Asia,18.26010323,-66.0370636
75744,Pacific Asia,Eastern Asia,39.29779434,-84.28598023
75743,Pacific Asia,Eastern Asia,25.74022484,-80.36169434
75742,Pacific Asia,Eastern Asia,33.83805847,-117.9110107
75741,Pacific Asia,Oceania,41.9041214,-87.71240997
75740,Pacific Asia,Oceania,18.20264626,-66.03705597
75739,Pacific Asia,Oceania,42.39110184,-83.13121796
75738,Pacific Asia,South Asia,42.34844208,-83.43744659
75737,Pacific Asia,South Asia,38.42340851,-77.40523529
75736,Pacific Asia,Oceania,18.25956154,-66.0370636
75735,Pacific Asia,Oceania,32.76002502,-117.2483826
75734,Pacific Asia,Eastern Asia,18.27717209,-66.0370636
75733,Pacific Asia,Eastern Asia,40.8907814,-73.85758209
75732,Pacific Asia,Southeast Asia,18.25230408,-66.03705597
75731,Pacific Asia,Southeast Asia,40.68805313,-73.82411957
75730,Pacific Asia,Southeast Asia,18.21238518,-66.0370636
75729,Pacific Asia,Southeast Asia,39.44261551,-84.4282074
73221,Pacific Asia,South Asia,37.01370621,-121.5893478
73220,Pacific Asia,South Asia,18.29462624,-66.03705597
73219,Pacific Asia,South Asia,34.13360977,-117.9058914
73218,Pacific Asia,South Asia,18.24084473,-66.0370636
73217,Pacific Asia,South Asia,36.11019898,-81.52600861
73216,Pacific Asia,South Asia,40.88164902,-81.25228119
73215,Pacific Asia,South Asia,44.63076019,-123.1084366
73214,Pacific Asia,South Asia,18.1501503,-65.82595062
73213,Pacific Asia,Oceania,18.24877548,-66.03705597
73212,Pacific Asia,South Asia,40.68665695,-73.37553406
73211,Pacific Asia,South Asia,41.42148209,-82.09407044
73210,Pacific Asia,Southeast Asia,18.25765991,-66.0370636
73209,Pacific Asia,Oceania,33.93642426,-117.4205856
73208,Pacific Asia,Oceania,18.28701973,-66.03705597
73207,Pacific Asia,Oceania,33.83179474,-118.261322
73206,Pacific Asia,South Asia,33.41001129,-111.7717972
73205,Pacific Asia,Southeast Asia,18.23929787,-66.03705597
73204,Pacific Asia,Southeast Asia,21.343153,-157.906601
73203,Pacific Asia,Southeast Asia,18.20517731,-66.0370636
73202,Pacific Asia,Southeast Asia,28.10211754,-82.51211548
73201,Pacific Asia,Southeast Asia,26.140728,-97.66805267
73200,Pacific Asia,Southeast Asia,18.20367432,-66.0370636
73199,Pacific Asia,Eastern Asia,39.83699036,-86.01907349
73198,Pacific Asia,Oceania,18.26527405,-66.03705597
73197,Pacific Asia,Eastern Asia,42.00019074,-72.59646606
73196,Pacific Asia,South Asia,18.2955246,-66.03704834
73195,Pacific Asia,South Asia,33.98547363,-118.3382416
73194,Pacific Asia,Oceania,18.21618271,-66.0370636
73193,Pacific Asia,Southeast Asia,37.61849976,-121.0116348
73192,Pacific Asia,Southeast Asia,18.27021027,-66.03705597
73191,Pacific Asia,Southeast Asia,40.73097992,-74.22322846
73190,Pacific Asia,Southeast Asia,18.20695305,-66.03705597
73189,Pacific Asia,Southeast Asia,36.94937897,-76.24703217
73188,Pacific Asia,Southeast Asia,33.89164734,-118.299408
73187,Pacific Asia,Southeast Asia,18.28549385,-66.03705597
73186,Pacific Asia,Southeast Asia,21.343153,-157.906601
73185,Pacific Asia,Eastern Asia,18.29482651,-66.03705597
73184,Pacific Asia,Southeast Asia,39.67436981,-75.76576996
73183,Pacific Asia,Southeast Asia,42.08637619,-76.85916138
73182,Pacific Asia,Eastern Asia,18.23633003,-66.03705597
73181,Pacific Asia,Southeast Asia,34.07656479,-117.61409
73180,Pacific Asia,Southeast Asia,18.26878166,-66.03705597
73179,Pacific Asia,Southeast Asia,42.42012024,-79.31320953
73178,Pacific Asia,South Asia,40.79290009,-73.94426727
73177,Pacific Asia,South Asia,25.92748261,-97.48326111
73176,Pacific Asia,Oceania,18.24095535,-66.03704834
73175,Pacific Asia,Oceania,42.29305649,-83.18068695
73174,Pacific Asia,Oceania,40.74015808,-73.84850311
73173,Pacific Asia,South Asia,18.2852459,-66.03704834
73172,Pacific Asia,Eastern Asia,40.85889053,-73.93106842
73171,Pacific Asia,Southeast Asia,33.03649902,-96.92692566
73170,Pacific Asia,Southeast Asia,35.31053162,-119.0147934
73169,Pacific Asia,Southeast Asia,18.27858353,-66.03705597
73168,Pacific Asia,Southeast Asia,33.94784164,-118.2462921
73167,Pacific Asia,Southeast Asia,34.2707634,-118.7822266
73166,Pacific Asia,Southeast Asia,18.2953701,-66.03705597
73165,Pacific Asia,Southeast Asia,40.07748795,-76.26169586
73164,Pacific Asia,Oceania,32.93944931,-96.64806366
73163,Pacific Asia,Oceania,18.46923065,-66.727211
73162,Pacific Asia,Oceania,18.20761108,-66.03704834
73161,Pacific Asia,Oceania,30.56995392,-92.07212067
73160,Pacific Asia,Eastern Asia,18.23730087,-66.03705597
73159,Pacific Asia,Eastern Asia,32.8493309,-116.6139984
73158,Pacific Asia,Southeast Asia,21.41267014,-157.997879
73157,Pacific Asia,Southeast Asia,18.22102356,-66.03705597
73156,Pacific Asia,Southeast Asia,32.19872284,-110.9685822
73155,Pacific Asia,Southeast Asia,33.97934723,-118.2500534
73154,Pacific Asia,Southeast Asia,38.60803223,-121.3219528
73153,Pacific Asia,Southeast Asia,18.20285988,-66.03704834
73152,Pacific Asia,Eastern Asia,33.77279663,-117.8358154
73151,Pacific Asia,Eastern Asia,18.21383858,-66.03705597
73150,Pacific Asia,Southeast Asia,39.29779434,-84.28598023
73149,Pacific Asia,Southeast Asia,25.74022484,-80.36169434
73148,Pacific Asia,Eastern Asia,33.83805847,-117.9110107
73147,Pacific Asia,Eastern Asia,41.9041214,-87.71240997
73146,Pacific Asia,Southeast Asia,18.2628479,-66.0370636
73145,Pacific Asia,Oceania,42.39110184,-83.13121796
73144,Pacific Asia,South Asia,42.34844208,-83.43744659
73143,Pacific Asia,South Asia,38.42340851,-77.40523529
73142,Pacific Asia,Eastern Asia,18.26447868,-66.0370636
73141,Pacific Asia,Eastern Asia,32.76002502,-117.2483826
73140,Pacific Asia,Eastern Asia,18.26897049,-66.03705597
73139,Pacific Asia,Southeast Asia,40.8907814,-73.85758209
73138,Pacific Asia,Oceania,18.20499229,-66.0370636
73137,Pacific Asia,Southeast Asia,40.68805313,-73.82411957
73136,Pacific Asia,Southeast Asia,18.20916939,-66.03705597
73135,Pacific Asia,Southeast Asia,39.44261551,-84.4282074
73134,Pacific Asia,Southeast Asia,18.29081917,-66.0370636
73133,Pacific Asia,Eastern Asia,32.93148804,-96.81433868
73132,Pacific Asia,Eastern Asia,18.20333481,-66.03704834
73131,Pacific Asia,Eastern Asia,44.05007172,-123.1093521
73130,Pacific Asia,Southeast Asia,34.0104599,-117.7420883
73129,Pacific Asia,Southeast Asia,18.22579575,-66.03705597
73128,Pacific Asia,Southeast Asia,35.68884659,-86.81004334
73127,Pacific Asia,Oceania,33.53820038,-112.2271423
73126,Pacific Asia,Southeast Asia,18.27087593,-66.03704834
73125,Pacific Asia,South Asia,40.77758408,-74.2411499
73124,Pacific Asia,South Asia,37.69598389,-122.4800415
73123,Pacific Asia,Oceania,18.28882027,-66.03704834
73122,Pacific Asia,Oceania,29.69653702,-95.6459198
73121,Pacific Asia,Southeast Asia,18.26412392,-66.0370636
73120,Pacific Asia,Eastern Asia,41.3469696,-81.82631683
73119,Pacific Asia,Eastern Asia,18.27475357,-66.0370636
73118,Pacific Asia,Eastern Asia,33.86013031,-84.68437958
73117,Pacific Asia,Eastern Asia,33.90219879,-84.15373993
73116,Pacific Asia,Southeast Asia,39.3816185,-76.54323578
73115,Pacific Asia,Southeast Asia,18.28380394,-66.0370636
73114,Pacific Asia,Southeast Asia,44.95905304,-93.07167816
73113,Pacific Asia,Southeast Asia,18.22994232,-66.03705597
73112,Pacific Asia,Southeast Asia,43.16891098,-78.69216156
73111,Pacific Asia,Southeast Asia,42.40109634,-82.92513275
73110,Pacific Asia,Southeast Asia,18.23048019,-66.0370636
73109,Pacific Asia,Southeast Asia,25.83031082,-80.27851105
73108,Pacific Asia,Southeast Asia,34.02246857,-118.1672974
73107,Pacific Asia,Southeast Asia,40.64571381,-73.8972168
73106,Pacific Asia,South Asia,18.25443649,-66.03705597
73105,Pacific Asia,South Asia,42.49619293,-88.99088287
73104,Pacific Asia,Oceania,33.96860123,-118.2747421
73103,Pacific Asia,Oceania,18.24542046,-66.0370636
73102,Pacific Asia,South Asia,39.3985405,-84.55661774
73101,Pacific Asia,Southeast Asia,18.2952652,-66.0370636
73100,Pacific Asia,South Asia,35.67626572,-77.42941284
73099,Pacific Asia,Oceania,33.00526428,-96.82467651
73098,Pacific Asia,Oceania,25.74613953,-80.39176178
73097,Pacific Asia,Oceania,18.28323174,-66.0370636
6783,LATAM,Central America,18.2968483,-66.37050629
4135,LATAM,Central America,18.21171761,-66.37052918
4135,LATAM,Central America,18.21171761,-66.37052918
56973,LATAM,South America,18.29609299,-66.37050629
5895,LATAM,Central America,18.23131371,-66.37062836
56357,LATAM,South America,18.25079155,-66.37054443
6326,LATAM,Central America,18.21845245,-66.37050629
3975,LATAM,Central America,18.26308441,-66.3705368
8163,LATAM,South America,18.2856617,-66.37060547
53413,LATAM,South America,18.24754334,-66.0253067
53202,LATAM,Central America,18.24984551,-66.37050629
3987,LATAM,Caribbean,18.29687882,-66.37059021
8578,LATAM,Central America,18.20192337,-66.37052918
55906,LATAM,Central America,18.02529907,-66.61304474
10164,LATAM,South America,18.21639633,-66.04169464
58239,LATAM,Caribbean,18.26596832,-66.37063599
3975,LATAM,Central America,18.26308441,-66.3705368
54128,LATAM,South America,18.21183395,-66.3705368
54128,LATAM,South America,18.21183395,-66.3705368
5042,LATAM,South America,18.28203011,-66.37054443
51298,LATAM,South America,18.20666885,-66.37056732
31115,Pacific Asia,Oceania,18.02536774,-66.61303711
27099,Pacific Asia,Oceania,18.25518417,-66.3706131
22924,Pacific Asia,Southeast Asia,18.27477646,-66.37055969
45772,Pacific Asia,South Asia,18.28871346,-66.37050629
31239,Pacific Asia,Oceania,18.23062706,-66.37049866
28193,Pacific Asia,Oceania,18.21547127,-66.37055206
30921,Pacific Asia,Oceania,18.28222275,-66.37056732
20529,Pacific Asia,South Asia,18.24798012,-66.37062073
24661,Pacific Asia,Oceania,18.23424339,-66.3706131
24661,Pacific Asia,Oceania,18.23424339,-66.3706131
31697,USCA,US Center ,18.2802105,-66.37051392
37276,USCA,US Center ,18.23170853,-66.37060547
37180,USCA,West of USA ,18.26728821,-66.3706131
40645,USCA,West of USA ,18.27940369,-66.37062836
34631,USCA,West of USA ,18.22754669,-66.04360199
31905,USCA,East of USA,18.26106262,-66.3705368
46951,Africa,West Africa,18.24714851,-66.3705368
46725,Africa,Central Africa,18.21713638,-66.37062073
45198,Africa,Central Africa,18.44935989,-67.15180206
45418,Africa,East Africa,18.22377396,-66.37060547
45198,Africa,Central Africa,18.44935989,-67.15180206
42920,Africa,West Africa,18.25021553,-66.07617188
44485,Africa,Southern Africa,18.27088165,-66.37059784
50213,Africa,West Africa,18.28591919,-66.37057495
48622,Africa,Central Africa,18.24401093,-66.37059021
49172,Africa,North Africa,18.28968811,-66.37058258
46907,Africa,West Africa,18.24746704,-66.37051392
44485,Africa,Southern Africa,18.27088165,-66.37059784
44027,Africa,West Africa,18.22651672,-66.37051392
43976,Africa,Southern Africa,18.23311997,-66.37055206
41404,Africa,North Africa,18.2979908,-66.37057495
46725,Africa,Central Africa,18.21713638,-66.37062073
41442,Africa,North Africa,18.35900497,-66.07816315
41640,Africa,North Africa,18.22353363,-66.37058258
50000,Africa,Southern Africa,18.24144936,-66.37062073
47908,Africa,West Africa,18.24188995,-66.37063599
44485,Africa,Southern Africa,18.27088165,-66.37059784
41322,Africa,Southern Africa,18.25845337,-66.37052155
50419,Africa,East Africa,18.21240044,-66.3706131
50364,Africa,West Africa,18.2534523,-66.37050629
42920,Africa,West Africa,18.25021553,-66.07617188
47908,Africa,West Africa,18.24188995,-66.37063599
46907,Africa,West Africa,18.24746704,-66.37051392
42712,Africa,East Africa,38.79130554,-77.64980316
51110,Africa,East Africa,18.2938652,-66.37057495
41404,Africa,North Africa,18.2979908,-66.37057495
44485,Africa,Southern Africa,18.27088165,-66.37059784
45418,Africa,East Africa,18.22377396,-66.37060547
45418,Africa,East Africa,18.22377396,-66.37060547
70617,Europe,Western Europe,18.24715424,-66.0370636
64559,Europe,Southern Europe,18.20903587,-66.3705368
64559,Europe,Southern Europe,18.20903587,-66.3705368
64775,Europe,Northern Europe,18.21715546,-66.3706131
67147,Europe,Northern Europe,18.22757149,-66.04357147
11338,Europe,Western Europe,18.28779411,-66.37049866
11338,Europe,Western Europe,18.28779411,-66.37049866
69160,Europe,Northern Europe,18.25456238,-66.03705597
69830,Europe,Northern Europe,18.2327137,-66.0370636
71131,Europe,Southern Europe,18.24752426,-66.0370636
69559,Europe,Northern Europe,18.21783447,-66.03705597
69685,Europe,Western Europe,18.23040581,-66.03705597
69683,Europe,Western Europe,18.23985481,-66.03704834
69841,Europe,Western Europe,18.23141098,-66.03705597
70978,Europe,Southern Europe,18.23498535,-66.03705597
69478,Europe,Western Europe,18.20036316,-66.03705597
69711,Europe,Western Europe,18.22984695,-66.03705597
70746,Europe,Southern Europe,18.29454994,-66.03705597
69476,Europe,Western Europe,18.2517395,-66.03704834
69943,Europe,Western Europe,18.26893044,-66.03704834
69817,Europe,Western Europe,18.21491814,-66.0370636
69655,Europe,Western Europe,18.27927208,-66.03705597
70744,Europe,Western Europe,18.27562904,-66.03704834
67718,Europe,Northern Europe,18.29842567,-66.37059784
62545,Europe,Northern Europe,18.22759438,-66.04356384
65704,Europe,Western Europe,18.25482178,-66.37060547
46064,Europe,Eastern Europe,18.20960999,-66.37056732
10764,Europe,Western Europe,18.22215653,-66.37059784
67322,Europe,Western Europe,18.20960999,-66.37056732
17506,Europe,Western Europe,18.27272224,-66.37054443
63190,Europe,Southern Europe,18.28177071,-66.3705368
20152,Europe,Western Europe,18.26097107,-66.3706131
62545,Europe,Northern Europe,18.22759438,-66.04356384
16499,Europe,Western Europe,18.21355438,-66.37052155
44721,Europe,Eastern Europe,18.25671768,-66.37062836
17755,Europe,Southern Europe,18.28518677,-66.37059021
17055,Europe,Northern Europe,18.264925,-66.37059021
68546,Europe,Southern Europe,18.28764534,-66.3706131
70380,Europe,Western Europe,18.2507534,-66.03704834
71164,Europe,Western Europe,18.22507095,-66.03705597
19035,Europe,Western Europe,18.29108048,-66.37050629
17829,Europe,Western Europe,18.29597855,-66.37055206
70433,Europe,Northern Europe,18.21855736,-66.03705597
20250,Europe,Northern Europe,18.24754334,-66.0253067
61940,Europe,Southern Europe,18.28681564,-66.37057495
12300,Europe,Southern Europe,18.22756958,-66.0435791
18901,Europe,Western Europe,18.24767494,-66.37060547
12218,Europe,Western Europe,18.24002457,-66.37059021
67322,Europe,Western Europe,18.20960999,-66.37056732
16499,Europe,Western Europe,18.21355438,-66.37052155
42821,Europe,Eastern Europe,18.23566818,-66.37059784
20250,Europe,Northern Europe,18.24754334,-66.0253067
17415,Europe,Northern Europe,18.26106262,-66.3705368
17119,Europe,Southern Europe,18.28989029,-66.37056732
12300,Europe,Southern Europe,18.22756958,-66.0435791
12108,Europe,Southern Europe,18.27369881,-66.37052918
17889,Europe,Western Europe,18.20589638,-66.37057495
16499,Europe,Western Europe,18.21355438,-66.37052155
63120,Europe,Northern Europe,18.24354935,-66.37062836
12845,Europe,Southern Europe,18.20776367,-66.37052918
12778,Europe,Southern Europe,18.25314331,-66.37052155
12108,Europe,Southern Europe,18.27369881,-66.37052918
15437,Europe,Western Europe,18.21341896,-66.37055969
63758,Europe,Western Europe,18.29100418,-66.37060547
16111,Europe,Western Europe,18.2505703,-66.37058258
63120,Europe,Northern Europe,18.24354935,-66.37062836
13263,Europe,Northern Europe,18.20861626,-66.3706131
63320,Europe,Southern Europe,18.25411797,-66.37049866
12778,Europe,Southern Europe,18.25314331,-66.37052155
68645,Europe,Western Europe,18.21547127,-66.37055206
17766,Europe,Western Europe,18.25967407,-66.37052918
16111,Europe,Western Europe,18.2505703,-66.37058258
11655,Europe,Western Europe,18.25865555,-66.37057495
45390,Europe,Northern Europe,18.35910606,-66.07789612
11494,Europe,Northern Europe,18.21341896,-66.37055969
71195,Europe,Western Europe,18.20542336,-66.0370636
65866,Europe,Western Europe,18.27972794,-66.37050629
20106,Europe,Western Europe,18.2542057,-66.37063599
64053,Europe,Southern Europe,18.29272842,-66.37057495
70086,Europe,Western Europe,18.23255158,-66.0370636
13058,Europe,Western Europe,18.25343704,-66.37055969
67628,Europe,Northern Europe,18.29356575,-66.3705368
67082,Europe,Northern Europe,18.22816658,-66.37063599
11643,Europe,Southern Europe,18.1464901,-66.57676697
62971,Europe,Western Europe,18.2232132,-66.3705368
67082,Europe,Northern Europe,18.22816658,-66.37063599
61940,Europe,Southern Europe,18.28681564,-66.37057495
64053,Europe,Southern Europe,18.29272842,-66.37057495
17755,Europe,Southern Europe,18.28518677,-66.37059021
11643,Europe,Southern Europe,18.1464901,-66.57676697
10764,Europe,Western Europe,18.22215653,-66.37059784
64053,Europe,Southern Europe,18.29272842,-66.37057495
15835,Europe,Southern Europe,18.26930046,-66.37051392
68645,Europe,Western Europe,18.21547127,-66.37055206
18133,Europe,Western Europe,18.26155663,-66.37051392
19618,Europe,Western Europe,18.22920799,-66.37052918
17506,Europe,Western Europe,18.27272224,-66.37054443
10595,Europe,Western Europe,18.24174881,-66.37050629
48098,Europe,Eastern Europe,18.25039673,-66.37051392
71189,Europe,Western Europe,18.27360535,-66.03705597
62342,Europe,Northern Europe,18.22563362,-66.04745483
16081,Europe,Northern Europe,18.21469116,-66.37051392
16864,Europe,Western Europe,18.20524597,-66.37050629
19497,Europe,Western Europe,18.22927094,-66.37062836
12354,Europe,Western Europe,18.2047329,-66.37058258
47369,Europe,Eastern Europe,18.23209763,-66.37062073
46064,Europe,Eastern Europe,18.20960999,-66.37056732
16864,Europe,Western Europe,18.20524597,-66.37050629
18235,Europe,Western Europe,18.28809357,-66.37055969
66035,Europe,Northern Europe,18.20114327,-66.37049866
43032,Europe,Northern Europe,18.1501503,-65.82595062
17582,Europe,Northern Europe,18.2503624,-66.37054443
62603,Europe,Western Europe,18.22820473,-66.37049866
15746,Europe,Western Europe,18.22639656,-66.37057495
63094,Europe,Western Europe,18.22652245,-66.37057495
11681,Europe,Western Europe,18.25476456,-66.37062073
66035,Europe,Northern Europe,18.20114327,-66.37049866
70149,Europe,Southern Europe,18.2498951,-66.0370636
70437,Europe,Western Europe,18.29746246,-66.03704834
67158,Europe,Western Europe,18.26540375,-66.37054443
19550,Europe,Western Europe,18.2845993,-66.3706131
16966,Europe,Western Europe,18.258358,-66.37052918
10580,Europe,Western Europe,18.21781158,-66.37054443
16228,Europe,Northern Europe,18.22380447,-66.04721832
14250,Europe,Northern Europe,18.21733475,-66.37052918
70112,Europe,Southern Europe,18.20359993,-66.03705597
63398,Europe,Southern Europe,18.2275734,-66.04563141
70058,Europe,Western Europe,18.25735664,-66.03705597
19550,Europe,Western Europe,18.2845993,-66.3706131
66289,Europe,Northern Europe,18.23424149,-66.37052155
62845,Europe,Western Europe,18.24640656,-66.18754578
65487,Europe,Western Europe,18.28501892,-66.37060547
63660,Europe,Southern Europe,18.35911942,-66.07784271
19665,Europe,Northern Europe,18.23146248,-66.04986572
13614,Europe,Western Europe,18.27720451,-66.3706131
47321,Europe,Eastern Europe,18.29461289,-66.37057495
20234,Europe,Western Europe,18.28570366,-66.37050629
65109,Europe,Western Europe,18.24496079,-66.3705368
63303,Europe,Western Europe,18.26179504,-66.37055206
19583,Europe,Western Europe,18.29138184,-66.37050629
10317,Europe,Southern Europe,18.22213173,-66.3706131
66766,Europe,Western Europe,18.22067261,-66.37055206
11038,Europe,Western Europe,18.25217247,-66.37056732
67968,Europe,Southern Europe,18.29692459,-66.37059784
18950,Europe,Western Europe,18.24738884,-66.37057495
17465,Europe,Western Europe,18.24878883,-66.37060547
11427,Europe,Northern Europe,18.20541,-66.37055206
12415,Europe,Western Europe,18.28212929,-66.37054443
62795,Europe,Western Europe,18.27949333,-66.37052918
19213,Europe,Western Europe,18.24437141,-66.37052918
18156,Europe,Western Europe,18.03334045,-66.85192108
47758,Europe,Eastern Europe,18.27349854,-66.3705368
12828,Europe,Western Europe,18.02528,-66.61306763
67034,Europe,Northern Europe,18.26932716,-66.37056732
67786,Europe,Northern Europe,18.27468491,-66.37056732
16617,Europe,Western Europe,18.24645615,-66.37052918
64705,Europe,Western Europe,18.23857689,-66.37056732
66758,Europe,Northern Europe,18.22787476,-66.37059021
18950,Europe,Western Europe,18.24738884,-66.37057495
15751,Europe,Western Europe,18.27532959,-66.37056732
17878,Europe,Western Europe,18.28969574,-66.37051392
18593,Europe,Northern Europe,18.25260544,-66.37054443
11251,Europe,Southern Europe,18.21208763,-66.37049866
67845,Europe,Western Europe,18.22757721,-66.04562378
12224,Europe,Western Europe,18.24830818,-66.37062836
44388,Europe,Eastern Europe,18.22757721,-66.04562378
19665,Europe,Northern Europe,18.23146248,-66.04986572
18009,Europe,Northern Europe,18.23555565,-66.37051392
62117,Europe,Southern Europe,18.28249931,-66.37054443
19555,Europe,Western Europe,18.26682663,-66.37059784
18692,Europe,Western Europe,18.2380867,-66.3705368
10580,Europe,Western Europe,18.21781158,-66.37054443
14250,Europe,Northern Europe,18.21733475,-66.37052918
19213,Europe,Western Europe,18.24437141,-66.37052918
64362,Europe,Southern Europe,18.28244591,-66.37054443
17770,Europe,Southern Europe,18.25048065,-66.37051392
14651,Europe,Western Europe,18.28616905,-66.37050629
68220,Europe,Northern Europe,18.20230675,-66.37059021
18009,Europe,Northern Europe,18.23555565,-66.37051392
17909,Europe,Northern Europe,18.29477692,-66.3706131
14651,Europe,Western Europe,18.28616905,-66.37050629
13343,Europe,Northern Europe,18.24162674,-66.37054443
15845,Europe,Southern Europe,18.27765274,-66.37059021
63303,Europe,Western Europe,18.26179504,-66.37055206
14651,Europe,Western Europe,18.28616905,-66.37050629
16966,Europe,Western Europe,18.258358,-66.37052918
14965,Europe,Western Europe,18.20485878,-66.37054443
48141,Europe,Eastern Europe,18.24821472,-66.37055206
47758,Europe,Eastern Europe,18.27349854,-66.3705368
17810,Europe,Northern Europe,18.24692345,-66.37057495
18857,Europe,Southern Europe,18.21967697,-66.3705368
16953,Europe,Western Europe,18.38596916,-66.0940094
16966,Europe,Western Europe,18.258358,-66.37052918
14960,Europe,Western Europe,18.2621975,-66.37055969
17582,Europe,Northern Europe,18.2503624,-66.37054443
10961,Europe,Southern Europe,18.28212929,-66.37054443
14960,Europe,Western Europe,18.2621975,-66.37055969
17582,Europe,Northern Europe,18.2503624,-66.37054443
18156,Europe,Western Europe,18.03334045,-66.85192108
17877,Europe,Western Europe,18.23872566,-66.37057495
20246,Europe,Northern Europe,18.23753929,-66.37059021
15421,Europe,Southern Europe,18.20765305,-66.37055969
10444,Europe,Southern Europe,18.25463486,-66.37058258
15884,Europe,Western Europe,18.22753143,-66.0435791
67786,Europe,Northern Europe,18.27468491,-66.37056732
15599,Europe,Northern Europe,18.20616531,-66.3705368
20072,Europe,Southern Europe,18.29564285,-66.37054443
18343,Europe,Southern Europe,18.28269959,-66.37054443
18387,Europe,Western Europe,18.29304504,-66.37050629
16998,Europe,Western Europe,18.35910034,-66.07790375
14730,Europe,Northern Europe,18.29667473,-66.37059784
65105,Europe,Western Europe,18.25903893,-66.3706131
62193,Europe,Western Europe,18.28821564,-66.37052155
15673,Europe,Northern Europe,18.23220825,-66.37062836
19610,Europe,Southern Europe,18.24751091,-66.02523804
64292,Europe,Western Europe,18.28521919,-66.37058258
20234,Europe,Western Europe,18.28570366,-66.37050629
11513,Europe,Western Europe,18.20577622,-66.37051392
11076,Europe,Western Europe,18.35902214,-66.07817078
49507,Europe,Eastern Europe,18.27465439,-66.37055206
19610,Europe,Southern Europe,18.24751091,-66.02523804
14651,Europe,Western Europe,18.28616905,-66.37050629
11076,Europe,Western Europe,18.35902214,-66.07817078
49507,Europe,Eastern Europe,18.27465439,-66.37055206
63107,Europe,Southern Europe,18.27112579,-66.37062836
20072,Europe,Southern Europe,18.29564285,-66.37054443
19550,Europe,Western Europe,18.2845993,-66.3706131
14193,Europe,Western Europe,18.29442787,-66.37062836
69057,Europe,Western Europe,18.26632881,-66.03705597
68996,Europe,Western Europe,18.26296616,-66.37057495
68977,Europe,Southern Europe,18.21187782,-66.3706131
69170,Europe,Western Europe,18.2093277,-66.03705597
71517,Europe,Western Europe,18.26964951,-66.0370636
71533,Europe,Western Europe,18.2328186,-66.03705597
71515,Europe,Western Europe,18.24903297,-66.0370636
71473,Europe,Western Europe,18.25342941,-66.03705597
71471,Europe,Western Europe,18.29131126,-66.0370636
69285,Europe,Northern Europe,18.2938118,-66.03704834
69302,Europe,Northern Europe,18.2302208,-66.0370636
71450,Europe,Northern Europe,18.23652077,-66.0370636
71038,Europe,Southern Europe,18.28129578,-66.03705597
70795,Europe,Western Europe,18.29406548,-66.0370636
12264,Europe,Northern Europe,18.28994179,-66.37062073
61983,Europe,Western Europe,18.20232201,-66.3706131
16555,Europe,Western Europe,18.23627472,-66.37049866
19840,Europe,Western Europe,18.25997925,-66.37049866
62003,Europe,Western Europe,18.26682663,-66.37059784
19544,Europe,Western Europe,18.23804474,-66.37060547
71215,Europe,Western Europe,18.23150253,-66.03704834
19885,Europe,Western Europe,18.23362732,-66.37056732
19126,Europe,Western Europe,18.27412605,-66.37060547
15749,Europe,Western Europe,18.29304504,-66.37050629
61983,Europe,Western Europe,18.20232201,-66.3706131
17999,Europe,Western Europe,18.29695511,-66.37055206
64163,Europe,Western Europe,18.23367119,-66.37059784
15784,Europe,Western Europe,18.20000076,-66.37059021
61647,Europe,Southern Europe,18.22757721,-66.04562378
12867,Europe,Southern Europe,18.14119721,-66.63679504
70279,Europe,Western Europe,18.20347023,-66.03705597
18736,Europe,Western Europe,18.21824455,-66.37058258
62072,Europe,Western Europe,18.21779442,-66.37051392
18736,Europe,Western Europe,18.21824455,-66.37058258
15530,Europe,Northern Europe,18.28574562,-66.37052155
19501,Europe,Southern Europe,18.24640656,-66.18754578
11110,Europe,Northern Europe,18.21170616,-66.37058258
68084,Europe,Southern Europe,18.29730415,-66.37059021
11152,Europe,Northern Europe,18.2200489,-66.3705368
12867,Europe,Southern Europe,18.14119721,-66.63679504
14612,Europe,Western Europe,18.2548275,-66.37056732
19544,Europe,Western Europe,18.23804474,-66.37060547
19131,Europe,Western Europe,18.25711441,-66.37059784
11110,Europe,Northern Europe,18.21170616,-66.37058258
19126,Europe,Western Europe,18.27412605,-66.37060547
19126,Europe,Western Europe,18.27412605,-66.37060547
16555,Europe,Western Europe,18.23627472,-66.37049866
18736,Europe,Western Europe,18.21824455,-66.37058258
15530,Europe,Northern Europe,18.28574562,-66.37052155
15530,Europe,Northern Europe,18.28574562,-66.37052155
19885,Europe,Western Europe,18.23362732,-66.37056732
56317,LATAM,Caribbean,18.26595497,-66.37055206
52407,LATAM,Central America,18.20879936,-66.37049866
8455,LATAM,Caribbean,18.22757721,-66.04562378
8455,LATAM,Caribbean,18.22757721,-66.04562378
10253,LATAM,South America,18.38011932,-66.18312836
53816,LATAM,South America,18.21312904,-66.37059021
1077,LATAM,Central America,18.20577622,-66.37051392
56037,LATAM,Central America,18.23575783,-66.3706131
8455,LATAM,Caribbean,18.22757721,-66.04562378
7884,LATAM,Central America,18.29455948,-66.37051392
16863,Europe,Western Europe,33.9031601,-117.9898758
66868,Europe,Northern Europe,34.0015831,-118.4321518
68330,Europe,Northern Europe,39.60168457,-107.0304413
18001,Europe,Northern Europe,32.71303558,-96.69631958
16464,Europe,Western Europe,33.10355759,-117.2678757
10869,Europe,Northern Europe,37.76897812,-122.3891907
17490,Europe,Western Europe,40.82476044,-73.94992065
17490,Europe,Western Europe,40.82476044,-73.94992065
61888,Europe,Northern Europe,26.0984993,-80.27095032
68871,Europe,Northern Europe,43.20556259,-123.3465195
65141,Europe,Western Europe,40.61923981,-74.03337097
11882,Europe,Western Europe,38.79064941,-90.61938477
17984,Europe,Southern Europe,36.94937897,-76.24703217
66519,Europe,Western Europe,41.73297119,-87.54953003
65453,Europe,Southern Europe,32.7514801,-117.1934433
11107,Europe,Western Europe,41.79980087,-87.58843994
67275,Europe,Western Europe,32.9131012,-96.73959351
16877,Europe,Western Europe,25.77437019,-80.19377899
65048,Europe,Western Europe,41.66638184,-70.93328095
18213,Europe,Western Europe,32.79521942,-117.2376556
19442,Europe,Northern Europe,33.40760803,-82.00635529
13217,Europe,Western Europe,35.30034638,-119.2525253
19116,Europe,Western Europe,29.37377548,-98.46685791
13215,Europe,Western Europe,35.12392044,-106.723587
13943,Europe,Western Europe,21.39037895,-158.0046234
15443,Europe,Northern Europe,40.00958252,-75.15264893
62523,Europe,Western Europe,33.88067246,-118.2067871
67079,Europe,Western Europe,40.77030945,-73.95845795
65901,Europe,Northern Europe,34.07656479,-117.61409
19800,Europe,Western Europe,35.98715591,-79.06994629
64692,Europe,Southern Europe,32.75362015,-117.1964035
10676,Europe,Southern Europe,42.39391327,-83.00836945
65898,Europe,Western Europe,37.37883377,-121.8303375
13790,Europe,Western Europe,42.24398804,-83.61991119
49839,Europe,Western Europe,40.76861954,-73.90949249
14957,Europe,Western Europe,41.6280365,-70.92701721
10459,Europe,Western Europe,43.21662521,-75.45603943
19024,Europe,Northern Europe,33.4926796,-112.2088623
17683,Europe,Western Europe,32.75856018,-117.0881882
15078,Europe,Western Europe,42.92534638,-83.98883057
49878,Europe,Eastern Europe,40.65025711,-73.94342804
10459,Europe,Western Europe,43.21662521,-75.45603943
16436,Europe,Southern Europe,42.07463837,-76.1240387
67066,Europe,Northern Europe,41.04875183,-73.5615921
65430,Europe,Western Europe,39.79706574,-77.03726959
67246,Europe,Southern Europe,40.88479996,-73.86613464
46677,Europe,Eastern Europe,33.9956665,-117.8156967
16107,Europe,Western Europe,41.36125946,-82.11012268
11305,Europe,Southern Europe,40.88479996,-73.86613464
15228,Europe,Western Europe,29.71482086,-95.51293945
16852,Europe,Northern Europe,33.69957733,-118.0218811
64892,Europe,Western Europe,37.63788986,-122.0765686
47199,Europe,Eastern Europe,43.01760483,-87.9546051
15042,Europe,Northern Europe,40.77758408,-74.2411499
62527,Europe,Western Europe,33.94185257,-84.08663178
62197,Europe,Western Europe,41.7712059,-72.52085114
11745,Europe,Southern Europe,40.77700424,-73.31974793
19702,Europe,Western Europe,34.02830887,-117.9406891
68428,Europe,Western Europe,41.63562393,-70.93080139
64065,Europe,Southern Europe,34.15971375,-118.4632416
61612,Europe,Western Europe,34.50935745,-117.3302917
64612,Europe,Western Europe,37.53337097,-77.41979218
66458,Europe,Southern Europe,38.80710983,-90.29780579
65015,Europe,Western Europe,39.29141998,-76.51338959
61997,Europe,Western Europe,30.19924736,-81.72353363
19702,Europe,Western Europe,34.02830887,-117.9406891
11554,Europe,Western Europe,42.9666214,-78.74194336
45750,Europe,Eastern Europe,25.74613953,-80.39176178
61826,Europe,Western Europe,37.32278061,-122.062912
11529,Europe,Southern Europe,39.522995,-104.9482193
64054,Europe,Western Europe,28.71162415,-100.4991837
14474,Europe,Western Europe,33.0895195,-117.2552032
67988,Europe,Southern Europe,33.95330429,-117.3878937
11948,Europe,Western Europe,33.13012314,-117.0898895
16107,Europe,Western Europe,41.36125946,-82.11012268
15380,Europe,Northern Europe,33.71007919,-84.11247253
10814,Europe,Southern Europe,34.09395981,-117.4498901
14179,Europe,Western Europe,38.58180618,-90.5594635
15819,Europe,Western Europe,40.6416893,-74.01692963
13179,Europe,Northern Europe,40.21395493,-77.18697357
68700,Europe,Southern Europe,29.58674431,-97.98742676
17814,Europe,Western Europe,38.78551102,-90.48577881
18926,Europe,Western Europe,42.33480835,-74.93064117
65050,Europe,Western Europe,43.09559631,-89.35118866
15042,Europe,Northern Europe,40.77758408,-74.2411499
18923,Europe,Northern Europe,36.0839386,-115.1725845
66760,Europe,Western Europe,35.06517029,-106.6699524
12075,Europe,Western Europe,32.96281815,-80.01170349
19122,Europe,Southern Europe,33.0895195,-117.2552032
11636,Europe,Southern Europe,28.03951073,-82.46056366
63920,Europe,Western Europe,40.73097992,-74.22322846
12075,Europe,Western Europe,32.96281815,-80.01170349
63182,Europe,Western Europe,34.07656479,-117.61409
65582,Europe,Western Europe,40.87416458,-73.8703537
68804,Europe,Western Europe,26.19762421,-98.19145203
42739,Europe,Eastern Europe,40.92575073,-73.87052155
11558,Europe,Northern Europe,34.19438171,-118.1662979
10759,Europe,Western Europe,21.28647041,-157.7978058
47429,Europe,Southern Europe,26.19762421,-98.19145203
19775,Europe,Northern Europe,34.20909119,-118.5710068
66887,Europe,Southern Europe,26.28325081,-80.09656525
15655,Europe,Southern Europe,39.95420075,-82.8127594
18019,Europe,Western Europe,42.38851166,-83.0442276
15152,Europe,Southern Europe,41.72460938,-88.0645752
14363,Europe,Western Europe,34.69703293,-118.0883026
17520,Europe,Western Europe,37.58462524,-122.0175552
15979,Europe,Western Europe,41.13618469,-81.73908234
12158,Europe,Western Europe,26.15128136,-80.21017456
63170,Europe,Western Europe,34.42950821,-116.9525146
11885,Europe,Western Europe,34.20995331,-118.4617996
64612,Europe,Western Europe,37.53337097,-77.41979218
12529,Europe,Western Europe,42.4993248,-82.93652344
62130,Europe,Western Europe,35.85791779,-90.65527344
65701,Europe,Northern Europe,38.41569519,-121.4185638
65965,Europe,Western Europe,30.49506187,-84.24580383
50835,Europe,Northern Europe,33.22548676,-117.3070679
63546,Europe,Northern Europe,36.24799728,-115.0415192
15524,Europe,Northern Europe,39.45430374,-75.26563263
48595,Europe,Eastern Europe,33.86329651,-117.9716263
46306,Europe,Eastern Europe,40.87142944,-73.87063599
66669,Europe,Northern Europe,41.6280365,-70.92701721
15487,Europe,Western Europe,33.04647064,-117.2896729
66489,Europe,Northern Europe,33.10355759,-117.2678757
66001,Europe,Western Europe,34.03489304,-118.0805359
10759,Europe,Western Europe,21.28647041,-157.7978058
47199,Europe,Eastern Europe,43.01760483,-87.9546051
15819,Europe,Western Europe,40.6416893,-74.01692963
14482,Europe,Western Europe,37.80408478,-122.4188538
15029,Europe,Western Europe,33.52104187,-82.04935455
15803,Europe,Western Europe,42.0731163,-87.85407257
11851,Europe,Western Europe,41.91740036,-87.68401337
64369,Europe,Western Europe,33.40329361,-111.9140549
63792,Europe,Western Europe,40.65486527,-73.58707428
67806,Europe,Northern Europe,37.26375961,-121.8059616
18036,Europe,Southern Europe,34.80184555,-81.09809113
18482,Europe,Northern Europe,43.21662521,-75.45603943
11636,Europe,Southern Europe,28.03951073,-82.46056366
62470,Europe,Southern Europe,33.88656235,-117.9215698
63377,Europe,Western Europe,33.95993424,-118.3780823
45455,Europe,Eastern Europe,41.6280365,-70.92701721
43964,Europe,Eastern Europe,32.15084076,-111.0030136
63999,Europe,Northern Europe,30.35012245,-97.69873047
16557,Europe,Northern Europe,33.59082031,-111.9261398
16955,Europe,Northern Europe,33.98527527,-117.3377075
11558,Europe,Northern Europe,34.19438171,-118.1662979
14210,Europe,Western Europe,36.97051239,-122.0238266
61848,Europe,Western Europe,45.35498428,-122.6026993
16811,Europe,Northern Europe,32.71303558,-96.69631958
62419,Europe,Western Europe,33.13901901,-117.0928192
66636,Europe,Western Europe,42.9422493,-78.89958954
43551,Europe,Eastern Europe,38.82551575,-77.21334839
16459,Europe,Southern Europe,35.06880951,-89.9284668
16075,Europe,Western Europe,41.86656189,-88.10800171
18617,Europe,Northern Europe,33.03203583,-96.84355927
17436,Europe,Southern Europe,40.49956513,-74.44915009
19540,Europe,Southern Europe,25.73170471,-80.30670166
65827,Europe,Northern Europe,46.81184387,-100.7877197
13521,Europe,Western Europe,36.70524979,-76.2432785
17436,Europe,Southern Europe,40.49956513,-74.44915009
64211,Europe,Southern Europe,39.95728302,-74.19393158
43551,Europe,Eastern Europe,38.82551575,-77.21334839
68111,Europe,Western Europe,34.04621506,-118.1860352
62596,Europe,Western Europe,33.23309708,-117.2240524
16811,Europe,Northern Europe,32.71303558,-96.69631958
15278,Europe,Western Europe,42.17568588,-88.37289429
19327,Europe,Western Europe,39.49591446,-98.98998261
17104,Europe,Southern Europe,40.03124619,-75.18191528
17436,Europe,Southern Europe,40.49956513,-74.44915009
2887,LATAM,Central America,34.49317551,-118.2203522
1186,LATAM,Central America,41.89491653,-87.76180267
8488,LATAM,South America,42.41482544,-82.9394455
55000,LATAM,Central America,37.37883377,-121.8303375
55201,LATAM,Central America,33.9172287,-84.47109222
1186,LATAM,Central America,41.89491653,-87.76180267
1383,LATAM,South America,40.56959915,-89.64508057
53581,LATAM,South America,33.96364975,-118.2096863
1383,LATAM,South America,40.56959915,-89.64508057
57479,LATAM,Caribbean,32.76312256,-96.69212341
738,LATAM,South America,34.43691254,-118.4601517
56476,LATAM,South America,40.02439499,-86.44609833
8488,LATAM,South America,42.41482544,-82.9394455
24271,Pacific Asia,Southeast Asia,18.26233292,-66.37054443
42777,Pacific Asia,West Asia,18.22725487,-66.37063599
22298,Pacific Asia,South Asia,18.28088379,-66.37056732
43739,Pacific Asia,West Asia,18.22618675,-66.3706131
24594,Pacific Asia,Oceania,18.20584297,-66.37059784
30802,Pacific Asia,Oceania,18.23379898,-66.37056732
27586,Pacific Asia,Oceania,18.23755646,-66.37056732
46791,Pacific Asia,West Asia,18.24756241,-66.02526856
24176,Pacific Asia,South Asia,18.22846603,-66.37055969
21193,Pacific Asia,Eastern Asia,18.20542717,-66.37052918
22044,Pacific Asia,Eastern Asia,18.24555779,-66.37054443
30388,Pacific Asia,Oceania,18.23933983,-66.37062073
43576,Pacific Asia,West Asia,18.25927353,-66.37056732
26039,Pacific Asia,Oceania,18.23695564,-66.37057495
28441,Pacific Asia,South Asia,18.2504139,-66.37060547
29181,Pacific Asia,Eastern Asia,18.23789597,-66.37060547
28827,Pacific Asia,Oceania,18.29500771,-66.37055969
25060,Pacific Asia,South Asia,18.2042408,-66.37049866
21624,Pacific Asia,Eastern Asia,18.26105499,-66.37055969
23378,Pacific Asia,Southeast Asia,18.25730705,-66.37060547
28249,Pacific Asia,Southeast Asia,18.25616074,-66.37062073
22926,Pacific Asia,Eastern Asia,18.26807976,-66.3706131
29286,Pacific Asia,South Asia,18.26743507,-66.37054443
21872,Pacific Asia,Oceania,18.28321648,-66.37050629
21624,Pacific Asia,Eastern Asia,18.26105499,-66.37055969
48334,Pacific Asia,West Asia,18.21850586,-66.37052918
28866,Pacific Asia,Eastern Asia,18.29695511,-66.37055206
28827,Pacific Asia,Oceania,18.29500771,-66.37055969
26054,Pacific Asia,Eastern Asia,18.23536682,-66.37052918
27856,Pacific Asia,Southeast Asia,18.22169304,-66.37058258
47439,Pacific Asia,West Asia,18.3589325,-66.07816315
24770,Pacific Asia,Southeast Asia,18.28118706,-66.3706131
41903,Pacific Asia,West Asia,18.24155998,-66.37051392
26402,Pacific Asia,South Asia,18.20485306,-66.37054443
28402,Pacific Asia,Southeast Asia,18.28236961,-66.37055206
23948,Pacific Asia,South Asia,18.21722221,-66.37056732
26436,Pacific Asia,South Asia,18.2913971,-66.37051392
27286,Pacific Asia,Southeast Asia,18.28572655,-66.37052155
23688,Pacific Asia,Eastern Asia,18.22246552,-66.3706131
45380,Pacific Asia,Central Asia,18.2541256,-66.37052918
23688,Pacific Asia,Eastern Asia,18.22246552,-66.3706131
27530,Pacific Asia,Oceania,18.24755478,-66.02526856
49693,Pacific Asia,South Asia,18.28007317,-66.37052918
30111,Pacific Asia,Oceania,18.25534058,-66.37050629
48699,Pacific Asia,West Asia,18.29150581,-66.37056732
28441,Pacific Asia,South Asia,18.2504139,-66.37060547
27750,Pacific Asia,Eastern Asia,18.24874497,-66.37050629
22379,Pacific Asia,South Asia,18.28025818,-66.37058258
31208,Pacific Asia,Oceania,18.28837204,-66.37059021
27689,Pacific Asia,Oceania,18.26732063,-66.37062073
44514,Pacific Asia,South Asia,18.20489121,-66.37063599
21837,Pacific Asia,Oceania,18.23380089,-66.37055969
22926,Pacific Asia,Eastern Asia,18.26807976,-66.3706131
25942,Pacific Asia,Southeast Asia,18.26136398,-66.37051392
22134,Pacific Asia,Eastern Asia,18.21221161,-66.37055206
26827,Pacific Asia,Southeast Asia,18.24022293,-66.3705368
48334,Pacific Asia,West Asia,18.21850586,-66.37052918
21941,Pacific Asia,Oceania,18.22924805,-66.37050629
28847,Pacific Asia,Southeast Asia,18.22408485,-66.04698181
43576,Pacific Asia,West Asia,18.25927353,-66.37056732
26577,Pacific Asia,Oceania,18.26202202,-66.37059021
29995,Pacific Asia,South Asia,18.24751091,-66.02523804
21312,Pacific Asia,Eastern Asia,18.29150581,-66.37056732
20775,Pacific Asia,Southeast Asia,18.26877403,-66.37057495
28017,Pacific Asia,South Asia,37.30836105,-107.8625183
47562,Pacific Asia,West Asia,18.28738594,-66.37055206
29490,Pacific Asia,Eastern Asia,18.23838806,-66.37052918
23571,Pacific Asia,Eastern Asia,18.21581078,-66.3706131
30924,Pacific Asia,Oceania,18.20596695,-66.37059021
20507,Pacific Asia,Oceania,18.23619652,-66.37049866
24650,Pacific Asia,South Asia,18.21486473,-66.37058258
24650,Pacific Asia,South Asia,18.21486473,-66.37058258
24650,Pacific Asia,South Asia,18.21486473,-66.37058258
30328,Pacific Asia,Oceania,18.26819038,-66.37055969
23302,Pacific Asia,Southeast Asia,18.24350929,-66.37060547
28677,Pacific Asia,Oceania,18.25714684,-66.37049866
30728,Pacific Asia,Oceania,18.27892113,-66.37059784
37718,USCA,US Center ,18.24287796,-66.3705368
34977,USCA,East of USA,18.21440888,-66.37060547
40138,USCA,West of USA ,18.26856232,-66.37062073
40776,USCA,US Center ,18.22846603,-66.37055969
39582,USCA,US Center ,18.23033524,-66.37052918
34284,USCA,South of  USA ,18.21414375,-66.37052155
41142,USCA,US Center ,18.27130318,-66.37051392
41287,USCA,West of USA ,18.27407646,-66.37063599
35651,USCA,South of  USA ,18.28738976,-66.3705368
41287,USCA,West of USA ,18.27407646,-66.37063599
32566,USCA,South of  USA ,18.27091599,-66.37056732
39300,USCA,East of USA,18.26225281,-66.37060547
40654,USCA,East of USA,18.22509575,-66.37060547
39551,USCA,West of USA ,18.26065254,-66.37051392
35389,USCA,East of USA,18.26229858,-66.37057495
32257,USCA,West of USA ,18.22583389,-66.0473938
49031,USCA,Canada,18.29667473,-66.37059784
49031,USCA,Canada,18.29667473,-66.37059784
32224,USCA,South of  USA ,18.22941971,-66.3705368
38411,USCA,West of USA ,18.2335434,-66.37056732
48282,USCA,Canada,18.23215866,-66.37059021
40949,USCA,West of USA ,18.21603775,-66.37062073
31917,USCA,East of USA,18.26818085,-66.37050629
39991,USCA,US Center ,18.29504013,-66.37051392
44802,USCA,Canada,18.20602417,-66.37055969
40766,USCA,East of USA,18.22518158,-66.37060547
36495,USCA,US Center ,18.29329681,-66.37059784
37945,USCA,US Center ,18.20235252,-66.37060547
32257,USCA,West of USA ,18.22583389,-66.0473938
33058,USCA,West of USA ,18.25808144,-66.37052155
40766,USCA,East of USA,18.22518158,-66.37060547
36840,USCA,West of USA ,18.24239731,-66.37058258
31302,USCA,West of USA ,18.24479485,-66.37050629
44802,USCA,Canada,18.20602417,-66.37055969
31738,USCA,US Center ,18.24116325,-66.37058258
35393,USCA,US Center ,18.26065254,-66.37051392
39081,USCA,South of  USA ,18.22526169,-66.37052918
40716,USCA,US Center ,18.4360466,-66.47956848
41612,USCA,Canada,18.23555565,-66.37051392
36298,USCA,South of  USA ,18.22380447,-66.04721832
40634,USCA,West of USA ,18.25383186,-66.37055969
35393,USCA,US Center ,18.26065254,-66.37051392
36654,USCA,West of USA ,18.28951263,-66.37060547
36636,USCA,East of USA,18.25558472,-66.37059021
47796,USCA,Canada,36.85575485,-121.6410446
35266,USCA,US Center ,18.39179802,-66.10529327
34089,USCA,US Center ,18.29493904,-66.37056732
50571,USCA,Canada,18.22779083,-66.37057495
46744,USCA,Canada,18.24758911,-66.02526856
36894,USCA,East of USA,18.25181198,-66.37055206
39241,USCA,US Center ,18.24607849,-66.37060547
46992,USCA,Canada,18.27350235,-66.37060547
32277,USCA,East of USA,18.20364761,-66.37063599
47796,USCA,Canada,36.85575485,-121.6410446
36636,USCA,East of USA,18.25558472,-66.37059021
39498,USCA,East of USA,18.27148628,-66.37052155
37182,USCA,West of USA ,18.21206093,-66.37055206
40647,USCA,West of USA ,18.2750473,-66.37056732
32462,USCA,US Center ,18.28893089,-66.37051392
31410,USCA,East of USA,18.29050446,-66.37050629
31957,USCA,US Center ,18.24873543,-66.37060547
36837,USCA,US Center ,18.29528809,-66.37055206
37675,USCA,East of USA,18.24798775,-66.37058258
32536,USCA,West of USA ,18.28711319,-66.37057495
31336,USCA,US Center ,18.22172546,-66.37059021
32846,USCA,East of USA,18.24253082,-66.3706131
35083,USCA,West of USA ,18.29262734,-66.37062836
39036,USCA,West of USA ,18.28951263,-66.37051392
37493,USCA,East of USA,18.24539948,-66.37055206
33619,USCA,South of  USA ,18.25436783,-66.37055206
31797,USCA,West of USA ,18.22013664,-66.3705368
31797,USCA,West of USA ,18.22013664,-66.3705368
32594,USCA,West of USA ,18.2294445,-66.37059021
34103,USCA,West of USA ,18.24120712,-66.37050629
37048,USCA,West of USA ,18.20330429,-66.37052155
36344,USCA,West of USA ,18.23214531,-66.37058258
31336,USCA,US Center ,18.22172546,-66.37059021
46495,Africa,Southern Africa,18.21938515,-66.37051392
50236,Africa,North Africa,18.2917347,-66.3705368
69890,Europe,Northern Europe,18.24061585,-66.03705597
48329,Europe,Eastern Europe,18.22459602,-66.37060547
18160,Europe,Southern Europe,18.29652023,-66.04867554
18160,Europe,Southern Europe,18.29652023,-66.04867554
18154,Europe,Western Europe,18.219347,-66.37052918
10394,Europe,Western Europe,18.24758339,-66.02545166
20029,Europe,Western Europe,18.28677559,-66.37055969
66423,Europe,Southern Europe,18.24442673,-66.37057495
15338,Europe,Western Europe,18.26193428,-66.37062836
71192,Europe,Western Europe,18.24125481,-66.03705597
17279,Europe,Western Europe,18.22187233,-66.37062836
64951,Europe,Western Europe,18.28461838,-66.37059021
16477,Europe,Western Europe,18.25045776,-66.3705368
16477,Europe,Western Europe,18.25045776,-66.3705368
14003,Europe,Southern Europe,18.35902596,-66.07792664
16477,Europe,Western Europe,18.25045776,-66.3705368
18763,Europe,Western Europe,18.22832108,-66.37055206
14621,Europe,Western Europe,18.23153114,-66.3705368
15338,Europe,Western Europe,18.26193428,-66.37062836
15369,Europe,Western Europe,18.25856972,-66.37050629
70022,Europe,Western Europe,18.29995346,-66.03705597
