Order Id,Category Id,Category Name,Department Id,Department Name,Order Item Cardprod Id,Order Item Id,Product Card Id,Product Category Id,Product Description,Product Image,Product Name,Product Status
77202,73,Sporting Goods,2,Fitness,1360,180517,1360,73,,http://images.acmesports.sports/Smart+watch ,Smart watch ,0
75939,73,Sporting Goods,2,Fitness,1360,179254,1360,73,,http://images.acmesports.sports/Smart+watch ,Smart watch ,0
75938,73,Sporting Goods,2,Fitness,1360,179253,1360,73,,http://images.acmesports.sports/Smart+watch ,Smart watch ,0
75937,73,Sporting Goods,2,Fitness,1360,179252,1360,73,,http://images.acmesports.sports/Smart+watch ,Smart watch ,0
75936,73,Sporting Goods,2,Fitness,1360,179251,1360,73,,http://images.acmesports.sports/Smart+watch ,Smart watch ,0
75935,73,Sporting Goods,2,Fitness,1360,179250,1360,73,,http://images.acmesports.sports/Smart+watch ,Smart watch ,0
75934,73,Sporting Goods,2,Fitness,1360,179249,1360,73,,http://images.acmesports.sports/Smart+watch ,Smart watch ,0
75933,73,Sporting Goods,2,Fitness,1360,179248,1360,73,,http://images.acmesports.sports/Smart+watch ,Smart watch ,0
75932,73,Sporting Goods,2,Fitness,1360,179247,1360,73,,http://images.acmesports.sports/Smart+watch ,Smart watch ,0
75931,73,Sporting Goods,2,Fitness,1360,179246,1360,73,,http://images.acmesports.sports/Smart+watch ,Smart watch ,0
75930,73,Sporting Goods,2,Fitness,1360,179245,1360,73,,http://images.acmesports.sports/Smart+watch ,Smart watch ,0
75929,73,Sporting Goods,2,Fitness,1360,179244,1360,73,,http://images.acmesports.sports/Smart+watch ,Smart watch ,0
75928,73,Sporting Goods,2,Fitness,1360,179243,1360,73,,http://images.acmesports.sports/Smart+watch ,Smart watch ,0
75927,73,Sporting Goods,2,Fitness,1360,179242,1360,73,,http://images.acmesports.sports/Smart+watch ,Smart watch ,0
75926,73,Sporting Goods,2,Fitness,1360,179241,1360,73,,http://images.acmesports.sports/Smart+watch ,Smart watch ,0
75925,73,Sporting Goods,2,Fitness,1360,179240,1360,73,,http://images.acmesports.sports/Smart+watch ,Smart watch ,0
75924,73,Sporting Goods,2,Fitness,1360,179239,1360,73,,http://images.acmesports.sports/Smart+watch ,Smart watch ,0
75923,73,Sporting Goods,2,Fitness,1360,179238,1360,73,,http://images.acmesports.sports/Smart+watch ,Smart watch ,0
75922,73,Sporting Goods,2,Fitness,1360,179237,1360,73,,http://images.acmesports.sports/Smart+watch ,Smart watch ,0
75921,73,Sporting Goods,2,Fitness,1360,179236,1360,73,,http://images.acmesports.sports/Smart+watch ,Smart watch ,0
75920,73,Sporting Goods,2,Fitness,1360,179235,1360,73,,http://images.acmesports.sports/Smart+watch ,Smart watch ,0
75919,73,Sporting Goods,2,Fitness,1360,179234,1360,73,,http://images.acmesports.sports/Smart+watch ,Smart watch ,0
75918,73,Sporting Goods,2,Fitness,1360,179233,1360,73,,http://images.acmesports.sports/Smart+watch ,Smart watch ,0
75917,73,Sporting Goods,2,Fitness,1360,179232,1360,73,,http://images.acmesports.sports/Smart+watch ,Smart watch ,0
75916,73,Sporting Goods,2,Fitness,1360,179231,1360,73,,http://images.acmesports.sports/Smart+watch ,Smart watch ,0
75915,73,Sporting Goods,2,Fitness,1360,179230,1360,73,,http://images.acmesports.sports/Smart+watch ,Smart watch ,0
75914,73,Sporting Goods,2,Fitness,1360,179229,1360,73,,http://images.acmesports.sports/Smart+watch ,Smart watch ,0
75913,73,Sporting Goods,2,Fitness,1360,179228,1360,73,,http://images.acmesports.sports/Smart+watch ,Smart watch ,0
75912,73,Sporting Goods,2,Fitness,1360,179227,1360,73,,http://images.acmesports.sports/Smart+watch ,Smart watch ,0
75911,73,Sporting Goods,2,Fitness,1360,179226,1360,73,,http://images.acmesports.sports/Smart+watch ,Smart watch ,0
75910,73,Sporting Goods,2,Fitness,1360,179225,1360,73,,http://images.acmesports.sports/Smart+watch ,Smart watch ,0
75909,73,Sporting Goods,2,Fitness,1360,179224,1360,73,,http://images.acmesports.sports/Smart+watch ,Smart watch ,0
75908,73,Sporting Goods,2,Fitness,1360,179223,1360,73,,http://images.acmesports.sports/Smart+watch ,Smart watch ,0
75907,73,Sporting Goods,2,Fitness,1360,179222,1360,73,,http://images.acmesports.sports/Smart+watch ,Smart watch ,0
75906,73,Sporting Goods,2,Fitness,1360,179221,1360,73,,http://images.acmesports.sports/Smart+watch ,Smart watch ,0
75905,73,Sporting Goods,2,Fitness,1360,179220,1360,73,,http://images.acmesports.sports/Smart+watch ,Smart watch ,0
75904,73,Sporting Goods,2,Fitness,1360,179219,1360,73,,http://images.acmesports.sports/Smart+watch ,Smart watch ,0
75903,73,Sporting Goods,2,Fitness,1360,179218,1360,73,,http://images.acmesports.sports/Smart+watch ,Smart watch ,0
75902,73,Sporting Goods,2,Fitness,1360,179217,1360,73,,http://images.acmesports.sports/Smart+watch ,Smart watch ,0
75901,73,Sporting Goods,2,Fitness,1360,179216,1360,73,,http://images.acmesports.sports/Smart+watch ,Smart watch ,0
75900,73,Sporting Goods,2,Fitness,1360,179215,1360,73,,http://images.acmesports.sports/Smart+watch ,Smart watch ,0
75899,73,Sporting Goods,2,Fitness,1360,179214,1360,73,,http://images.acmesports.sports/Smart+watch ,Smart watch ,0
75898,73,Sporting Goods,2,Fitness,1360,179213,1360,73,,http://images.acmesports.sports/Smart+watch ,Smart watch ,0
75897,73,Sporting Goods,2,Fitness,1360,179212,1360,73,,http://images.acmesports.sports/Smart+watch ,Smart watch ,0
75896,73,Sporting Goods,2,Fitness,1360,179211,1360,73,,http://images.acmesports.sports/Smart+watch ,Smart watch ,0
75895,73,Sporting Goods,2,Fitness,1360,179210,1360,73,,http://images.acmesports.sports/Smart+watch ,Smart watch ,0
75894,73,Sporting Goods,2,Fitness,1360,179209,1360,73,,http://images.acmesports.sports/Smart+watch ,Smart watch ,0
75893,73,Sporting Goods,2,Fitness,1360,179208,1360,73,,http://images.acmesports.sports/Smart+watch ,Smart watch ,0
28744,17,Cleats,4,Apparel,365,71956,365,17,,http://images.acmesports.sports/Perfect+Fitness+Perfect+Rip+Deck,Perfect Fitness Perfect Rip Deck,0
45461,29,Shop By Sport,5,Golf,627,113598,627,29,,http://images.acmesports.sports/Under+Armour+Girls%27+Toddler+Spine+Surge+Running+Shoe,Under Armour Girls' Toddler Spine Surge Runni,0
31115,24,Women's Apparel,5,Golf,502,77757,502,24,,http://images.acmesports.sports/Nike+Men%27s+Dri-FIT+Victory+Golf+Polo,Nike Men's Dri-FIT Victory Golf Polo,0
45766,29,Shop By Sport,5,Golf,627,114401,627,29,,http://images.acmesports.sports/Under+Armour+Girls%27+Toddler+Spine+Surge+Running+Shoe,Under Armour Girls' Toddler Spine Surge Runni,0
47752,24,Women's Apparel,5,Golf,502,119405,502,24,,http://images.acmesports.sports/Nike+Men%27s+Dri-FIT+Victory+Golf+Polo,Nike Men's Dri-FIT Victory Golf Polo,0
50054,24,Women's Apparel,5,Golf,502,125135,502,24,,http://images.acmesports.sports/Nike+Men%27s+Dri-FIT+Victory+Golf+Polo,Nike Men's Dri-FIT Victory Golf Polo,0
20365,24,Women's Apparel,5,Golf,502,50842,502,24,,http://images.acmesports.sports/Nike+Men%27s+Dri-FIT+Victory+Golf+Polo,Nike Men's Dri-FIT Victory Golf Polo,0
36146,13,Electronics,3,Footwear,278,90273,278,13,,http://images.acmesports.sports/Under+Armour+Men%27s+Compression+EV+SL+Slide,Under Armour Men's Compression EV SL Slide,0
41234,12,Boxing & MMA,3,Footwear,249,102921,249,12,,http://images.acmesports.sports/Under+Armour+Women%27s+Micro+G+Skulpt+Running+Shoe,Under Armour Women's Micro G Skulpt Running S,0
32090,17,Cleats,4,Apparel,365,80250,365,17,,http://images.acmesports.sports/Perfect+Fitness+Perfect+Rip+Deck,Perfect Fitness Perfect Rip Deck,0
34773,17,Cleats,4,Apparel,365,86866,365,17,,http://images.acmesports.sports/Perfect+Fitness+Perfect+Rip+Deck,Perfect Fitness Perfect Rip Deck,0
44046,9,Cardio Equipment,3,Footwear,191,110025,191,9,,http://images.acmesports.sports/Nike+Men%27s+Free+5.0%2B+Running+Shoe,Nike Men's Free 5.0+ Running Shoe,0
46414,29,Shop By Sport,5,Golf,627,116033,627,29,,http://images.acmesports.sports/Under+Armour+Girls%27+Toddler+Spine+Surge+Running+Shoe,Under Armour Girls' Toddler Spine Surge Runni,0
46599,41,Trade-In,6,Outdoors,917,116462,917,41,,http://images.acmesports.sports/Glove+It+Women%27s+Mod+Oval+3-Zip+Carry+All+Golf+Bag,Glove It Women's Mod Oval 3-Zip Carry All Gol,0
48434,37,Electronics,6,Outdoors,828,121134,828,37,,http://images.acmesports.sports/Bridgestone+e6+Straight+Distance+NFL+San+Diego+Chargers...,Bridgestone e6 Straight Distance NFL San Dieg,0
12827,9,Cardio Equipment,3,Footwear,191,32072,191,9,,http://images.acmesports.sports/Nike+Men%27s+Free+5.0%2B+Running+Shoe,Nike Men's Free 5.0+ Running Shoe,0
63936,9,Cardio Equipment,3,Footwear,191,159828,191,9,,http://images.acmesports.sports/Nike+Men%27s+Free+5.0%2B+Running+Shoe,Nike Men's Free 5.0+ Running Shoe,0
65030,9,Cardio Equipment,3,Footwear,191,162548,191,9,,http://images.acmesports.sports/Nike+Men%27s+Free+5.0%2B+Running+Shoe,Nike Men's Free 5.0+ Running Shoe,0
18108,17,Cleats,4,Apparel,365,45253,365,17,,http://images.acmesports.sports/Perfect+Fitness+Perfect+Rip+Deck,Perfect Fitness Perfect Rip Deck,0
62571,17,Cleats,4,Apparel,365,156394,365,17,,http://images.acmesports.sports/Perfect+Fitness+Perfect+Rip+Deck,Perfect Fitness Perfect Rip Deck,0
17162,17,Cleats,4,Apparel,365,42919,365,17,,http://images.acmesports.sports/Perfect+Fitness+Perfect+Rip+Deck,Perfect Fitness Perfect Rip Deck,0
65922,17,Cleats,4,Apparel,365,164735,365,17,,http://images.acmesports.sports/Perfect+Fitness+Perfect+Rip+Deck,Perfect Fitness Perfect Rip Deck,0
63936,24,Women's Apparel,5,Golf,502,159829,502,24,,http://images.acmesports.sports/Nike+Men%27s+Dri-FIT+Victory+Golf+Polo,Nike Men's Dri-FIT Victory Golf Polo,0
64813,29,Shop By Sport,5,Golf,627,162007,627,29,,http://images.acmesports.sports/Under+Armour+Girls%27+Toddler+Spine+Surge+Running+Shoe,Under Armour Girls' Toddler Spine Surge Runni,0
67892,24,Women's Apparel,5,Golf,502,169747,502,24,,http://images.acmesports.sports/Nike+Men%27s+Dri-FIT+Victory+Golf+Polo,Nike Men's Dri-FIT Victory Golf Polo,0
12525,41,Trade-In,6,Outdoors,917,31344,917,41,,http://images.acmesports.sports/Glove+It+Women%27s+Mod+Oval+3-Zip+Carry+All+Golf+Bag,Glove It Women's Mod Oval 3-Zip Carry All Gol,0
5895,9,Cardio Equipment,3,Footwear,191,14664,191,9,,http://images.acmesports.sports/Nike+Men%27s+Free+5.0%2B+Running+Shoe,Nike Men's Free 5.0+ Running Shoe,0
56359,17,Cleats,4,Apparel,365,140970,365,17,,http://images.acmesports.sports/Perfect+Fitness+Perfect+Rip+Deck,Perfect Fitness Perfect Rip Deck,0
58613,17,Cleats,4,Apparel,365,146701,365,17,,http://images.acmesports.sports/Perfect+Fitness+Perfect+Rip+Deck,Perfect Fitness Perfect Rip Deck,0
7824,17,Cleats,4,Apparel,365,19564,365,17,,http://images.acmesports.sports/Perfect+Fitness+Perfect+Rip+Deck,Perfect Fitness Perfect Rip Deck,0
7814,17,Cleats,4,Apparel,365,19544,365,17,,http://images.acmesports.sports/Perfect+Fitness+Perfect+Rip+Deck,Perfect Fitness Perfect Rip Deck,0
7814,17,Cleats,4,Apparel,365,19542,365,17,,http://images.acmesports.sports/Perfect+Fitness+Perfect+Rip+Deck,Perfect Fitness Perfect Rip Deck,0
60807,17,Cleats,4,Apparel,365,152161,365,17,,http://images.acmesports.sports/Perfect+Fitness+Perfect+Rip+Deck,Perfect Fitness Perfect Rip Deck,0
53413,17,Cleats,4,Apparel,365,133456,365,17,,http://images.acmesports.sports/Perfect+Fitness+Perfect+Rip+Deck,Perfect Fitness Perfect Rip Deck,0
7888,24,Women's Apparel,5,Golf,502,19707,502,24,,http://images.acmesports.sports/Nike+Men%27s+Dri-FIT+Victory+Golf+Polo,Nike Men's Dri-FIT Victory Golf Polo,0
6783,29,Shop By Sport,5,Golf,627,16956,627,29,,http://images.acmesports.sports/Under+Armour+Girls%27+Toddler+Spine+Surge+Running+Shoe,Under Armour Girls' Toddler Spine Surge Runni,0
56973,24,Women's Apparel,5,Golf,502,142502,502,24,,http://images.acmesports.sports/Nike+Men%27s+Dri-FIT+Victory+Golf+Polo,Nike Men's Dri-FIT Victory Golf Polo,0
7824,24,Women's Apparel,5,Golf,502,19563,502,24,,http://images.acmesports.sports/Nike+Men%27s+Dri-FIT+Victory+Golf+Polo,Nike Men's Dri-FIT Victory Golf Polo,0
55155,24,Women's Apparel,5,Golf,502,137932,502,24,,http://images.acmesports.sports/Nike+Men%27s+Dri-FIT+Victory+Golf+Polo,Nike Men's Dri-FIT Victory Golf Polo,0
5991,24,Women's Apparel,5,Golf,502,14921,502,24,,http://images.acmesports.sports/Nike+Men%27s+Dri-FIT+Victory+Golf+Polo,Nike Men's Dri-FIT Victory Golf Polo,0
2263,24,Women's Apparel,5,Golf,502,5671,502,24,,http://images.acmesports.sports/Nike+Men%27s+Dri-FIT+Victory+Golf+Polo,Nike Men's Dri-FIT Victory Golf Polo,0
2263,24,Women's Apparel,5,Golf,502,5669,502,24,,http://images.acmesports.sports/Nike+Men%27s+Dri-FIT+Victory+Golf+Polo,Nike Men's Dri-FIT Victory Golf Polo,0
53403,24,Women's Apparel,5,Golf,502,133427,502,24,,http://images.acmesports.sports/Nike+Men%27s+Dri-FIT+Victory+Golf+Polo,Nike Men's Dri-FIT Victory Golf Polo,0
51298,29,Shop By Sport,5,Golf,627,128201,627,29,,http://images.acmesports.sports/Under+Armour+Girls%27+Toddler+Spine+Surge+Running+Shoe,Under Armour Girls' Toddler Spine Surge Runni,0
4919,24,Women's Apparel,5,Golf,502,12307,502,24,,http://images.acmesports.sports/Nike+Men%27s+Dri-FIT+Victory+Golf+Polo,Nike Men's Dri-FIT Victory Golf Polo,0
52640,29,Shop By Sport,5,Golf,627,131580,627,29,,http://images.acmesports.sports/Under+Armour+Girls%27+Toddler+Spine+Surge+Running+Shoe,Under Armour Girls' Toddler Spine Surge Runni,0
6358,29,Shop By Sport,5,Golf,627,15921,627,29,,http://images.acmesports.sports/Under+Armour+Girls%27+Toddler+Spine+Surge+Running+Shoe,Under Armour Girls' Toddler Spine Surge Runni,0
57106,24,Women's Apparel,5,Golf,502,142841,502,24,,http://images.acmesports.sports/Nike+Men%27s+Dri-FIT+Victory+Golf+Polo,Nike Men's Dri-FIT Victory Golf Polo,0
6245,24,Women's Apparel,5,Golf,502,15634,502,24,,http://images.acmesports.sports/Nike+Men%27s+Dri-FIT+Victory+Golf+Polo,Nike Men's Dri-FIT Victory Golf Polo,0
52166,29,Shop By Sport,5,Golf,642,130341,642,29,,http://images.acmesports.sports/Columbia+Men%27s+PFG+Anchor+Tough+T-Shirt,Columbia Men's PFG Anchor Tough T-Shirt,0
56172,29,Shop By Sport,5,Golf,627,140494,627,29,,http://images.acmesports.sports/Under+Armour+Girls%27+Toddler+Spine+Surge+Running+Shoe,Under Armour Girls' Toddler Spine Surge Runni,0
55829,24,Women's Apparel,5,Golf,502,139611,502,24,,http://images.acmesports.sports/Nike+Men%27s+Dri-FIT+Victory+Golf+Polo,Nike Men's Dri-FIT Victory Golf Polo,0
52478,24,Women's Apparel,5,Golf,502,131161,502,24,,http://images.acmesports.sports/Nike+Men%27s+Dri-FIT+Victory+Golf+Polo,Nike Men's Dri-FIT Victory Golf Polo,0
57242,29,Shop By Sport,5,Golf,627,143183,627,29,,http://images.acmesports.sports/Under+Armour+Girls%27+Toddler+Spine+Surge+Running+Shoe,Under Armour Girls' Toddler Spine Surge Runni,0
3137,24,Women's Apparel,5,Golf,502,7805,502,24,,http://images.acmesports.sports/Nike+Men%27s+Dri-FIT+Victory+Golf+Polo,Nike Men's Dri-FIT Victory Golf Polo,0
60127,24,Women's Apparel,5,Golf,502,150464,502,24,,http://images.acmesports.sports/Nike+Men%27s+Dri-FIT+Victory+Golf+Polo,Nike Men's Dri-FIT Victory Golf Polo,0
3828,29,Shop By Sport,5,Golf,627,9521,627,29,,http://images.acmesports.sports/Under+Armour+Girls%27+Toddler+Spine+Surge+Running+Shoe,Under Armour Girls' Toddler Spine Surge Runni,0
60386,24,Women's Apparel,5,Golf,502,151122,502,24,,http://images.acmesports.sports/Nike+Men%27s+Dri-FIT+Victory+Golf+Polo,Nike Men's Dri-FIT Victory Golf Polo,0
973,29,Shop By Sport,5,Golf,627,2420,627,29,,http://images.acmesports.sports/Under+Armour+Girls%27+Toddler+Spine+Surge+Running+Shoe,Under Armour Girls' Toddler Spine Surge Runni,0
57999,24,Women's Apparel,5,Golf,502,145119,502,24,,http://images.acmesports.sports/Nike+Men%27s+Dri-FIT+Victory+Golf+Polo,Nike Men's Dri-FIT Victory Golf Polo,0
54585,24,Women's Apparel,5,Golf,502,136527,502,24,,http://images.acmesports.sports/Nike+Men%27s+Dri-FIT+Victory+Golf+Polo,Nike Men's Dri-FIT Victory Golf Polo,0
57598,24,Women's Apparel,5,Golf,502,144075,502,24,,http://images.acmesports.sports/Nike+Men%27s+Dri-FIT+Victory+Golf+Polo,Nike Men's Dri-FIT Victory Golf Polo,0
54274,24,Women's Apparel,5,Golf,502,135699,502,24,,http://images.acmesports.sports/Nike+Men%27s+Dri-FIT+Victory+Golf+Polo,Nike Men's Dri-FIT Victory Golf Polo,0
60673,29,Shop By Sport,5,Golf,627,151869,627,29,,http://images.acmesports.sports/Under+Armour+Girls%27+Toddler+Spine+Surge+Running+Shoe,Under Armour Girls' Toddler Spine Surge Runni,0
59387,24,Women's Apparel,5,Golf,502,148673,502,24,,http://images.acmesports.sports/Nike+Men%27s+Dri-FIT+Victory+Golf+Polo,Nike Men's Dri-FIT Victory Golf Polo,0
52640,24,Women's Apparel,5,Golf,502,131577,502,24,,http://images.acmesports.sports/Nike+Men%27s+Dri-FIT+Victory+Golf+Polo,Nike Men's Dri-FIT Victory Golf Polo,0
10007,24,Women's Apparel,5,Golf,502,24992,502,24,,http://images.acmesports.sports/Nike+Men%27s+Dri-FIT+Victory+Golf+Polo,Nike Men's Dri-FIT Victory Golf Polo,0
55984,37,Electronics,6,Outdoors,818,139976,818,37,,http://images.acmesports.sports/Titleist+Pro+V1x+Golf+Balls,Titleist Pro V1x Golf Balls,0
52478,37,Electronics,6,Outdoors,825,131164,825,37,,http://images.acmesports.sports/Bridgestone+e6+Straight+Distance+NFL+Tennessee+Titans+Golf...,Bridgestone e6 Straight Distance NFL Tennesse,0
58375,38,Kids' Golf Clubs,6,Outdoors,306,146090,306,38,,http://images.acmesports.sports/Polar+FT4+Heart+Rate+Monitor,Polar FT4 Heart Rate Monitor,0
56448,44,Hunting & Shooting,7,Fan Shop,977,141192,977,44,,http://images.acmesports.sports/ENO+Atlas+Hammock+Straps,ENO Atlas Hammock Straps,0
8221,3,Baseball & Softball,2,Fitness,44,20537,44,3,,http://images.acmesports.sports/adidas+Men%27s+F10+Messi+TRX+FG+Soccer+Cleat,adidas Men's F10 Messi TRX FG Soccer Cleat,0
58034,9,Cardio Equipment,3,Footwear,191,145203,191,9,,http://images.acmesports.sports/Nike+Men%27s+Free+5.0%2B+Running+Shoe,Nike Men's Free 5.0+ Running Shoe,0
2203,9,Cardio Equipment,3,Footwear,191,5525,191,9,,http://images.acmesports.sports/Nike+Men%27s+Free+5.0%2B+Running+Shoe,Nike Men's Free 5.0+ Running Shoe,0
53069,9,Cardio Equipment,3,Footwear,191,132642,191,9,,http://images.acmesports.sports/Nike+Men%27s+Free+5.0%2B+Running+Shoe,Nike Men's Free 5.0+ Running Shoe,0
60146,9,Cardio Equipment,3,Footwear,191,150522,191,9,,http://images.acmesports.sports/Nike+Men%27s+Free+5.0%2B+Running+Shoe,Nike Men's Free 5.0+ Running Shoe,0
55409,9,Cardio Equipment,3,Footwear,191,138585,191,9,,http://images.acmesports.sports/Nike+Men%27s+Free+5.0%2B+Running+Shoe,Nike Men's Free 5.0+ Running Shoe,0
8678,9,Cardio Equipment,3,Footwear,191,21674,191,9,,http://images.acmesports.sports/Nike+Men%27s+Free+5.0%2B+Running+Shoe,Nike Men's Free 5.0+ Running Shoe,0
7980,9,Cardio Equipment,3,Footwear,191,19945,191,9,,http://images.acmesports.sports/Nike+Men%27s+Free+5.0%2B+Running+Shoe,Nike Men's Free 5.0+ Running Shoe,0
57185,9,Cardio Equipment,3,Footwear,191,143043,191,9,,http://images.acmesports.sports/Nike+Men%27s+Free+5.0%2B+Running+Shoe,Nike Men's Free 5.0+ Running Shoe,0
8636,9,Cardio Equipment,3,Footwear,191,21551,191,9,,http://images.acmesports.sports/Nike+Men%27s+Free+5.0%2B+Running+Shoe,Nike Men's Free 5.0+ Running Shoe,0
61192,12,Boxing & MMA,3,Footwear,251,153077,251,12,,http://images.acmesports.sports/Brooks+Women%27s+Ghost+6+Running+Shoe,Brooks Women's Ghost 6 Running Shoe,0
55876,17,Cleats,4,Apparel,365,139714,365,17,,http://images.acmesports.sports/Perfect+Fitness+Perfect+Rip+Deck,Perfect Fitness Perfect Rip Deck,0
53331,17,Cleats,4,Apparel,365,133251,365,17,,http://images.acmesports.sports/Perfect+Fitness+Perfect+Rip+Deck,Perfect Fitness Perfect Rip Deck,0
51725,17,Cleats,4,Apparel,365,129241,365,17,,http://images.acmesports.sports/Perfect+Fitness+Perfect+Rip+Deck,Perfect Fitness Perfect Rip Deck,0
52562,17,Cleats,4,Apparel,365,131382,365,17,,http://images.acmesports.sports/Perfect+Fitness+Perfect+Rip+Deck,Perfect Fitness Perfect Rip Deck,0
59754,17,Cleats,4,Apparel,365,149532,365,17,,http://images.acmesports.sports/Perfect+Fitness+Perfect+Rip+Deck,Perfect Fitness Perfect Rip Deck,0
53574,17,Cleats,4,Apparel,365,133893,365,17,,http://images.acmesports.sports/Perfect+Fitness+Perfect+Rip+Deck,Perfect Fitness Perfect Rip Deck,0
399,17,Cleats,4,Apparel,365,989,365,17,,http://images.acmesports.sports/Perfect+Fitness+Perfect+Rip+Deck,Perfect Fitness Perfect Rip Deck,0
51050,9,Cardio Equipment,3,Footwear,191,127587,191,9,,http://images.acmesports.sports/Nike+Men%27s+Free+5.0%2B+Running+Shoe,Nike Men's Free 5.0+ Running Shoe,0
45680,18,Men's Footwear,4,Apparel,403,114171,403,18,,http://images.acmesports.sports/Nike+Men%27s+CJ+Elite+2+TD+Football+Cleat,Nike Men's CJ Elite 2 TD Football Cleat,0
42992,18,Men's Footwear,4,Apparel,403,107395,403,18,,http://images.acmesports.sports/Nike+Men%27s+CJ+Elite+2+TD+Football+Cleat,Nike Men's CJ Elite 2 TD Football Cleat,0
41304,18,Men's Footwear,4,Apparel,403,103114,403,18,,http://images.acmesports.sports/Nike+Men%27s+CJ+Elite+2+TD+Football+Cleat,Nike Men's CJ Elite 2 TD Football Cleat,0
45680,17,Cleats,4,Apparel,365,114173,365,17,,http://images.acmesports.sports/Perfect+Fitness+Perfect+Rip+Deck,Perfect Fitness Perfect Rip Deck,0
44253,18,Men's Footwear,4,Apparel,403,110494,403,18,,http://images.acmesports.sports/Nike+Men%27s+CJ+Elite+2+TD+Football+Cleat,Nike Men's CJ Elite 2 TD Football Cleat,0
46098,43,Camping & Hiking,7,Fan Shop,957,115235,957,43,,http://images.acmesports.sports/Diamondback+Women%27s+Serene+Classic+Comfort+Bike+2014,Diamondback Women's Serene Classic Comfort Bi,0
41304,43,Camping & Hiking,7,Fan Shop,957,103115,957,43,,http://images.acmesports.sports/Diamondback+Women%27s+Serene+Classic+Comfort+Bike+2014,Diamondback Women's Serene Classic Comfort Bi,0
71077,65,Consumer Electronics,10,Technology,1352,174392,1352,65,,http://images.acmesports.sports/Industrial+consumer+electronics,Industrial consumer electronics,0
69703,62,Cameras ,10,Technology,1349,173018,1349,62,,http://images.acmesports.sports/Web+Camera,Web Camera,0
71112,65,Consumer Electronics,10,Technology,1352,174427,1352,65,,http://images.acmesports.sports/Industrial+consumer+electronics,Industrial consumer electronics,0
69810,62,Cameras ,10,Technology,1349,173125,1349,62,,http://images.acmesports.sports/Web+Camera,Web Camera,0
71092,65,Consumer Electronics,10,Technology,1352,174407,1352,65,,http://images.acmesports.sports/Industrial+consumer+electronics,Industrial consumer electronics,0
69610,62,Cameras ,10,Technology,1349,172925,1349,62,,http://images.acmesports.sports/Web+Camera,Web Camera,0
71000,65,Consumer Electronics,10,Technology,1352,174315,1352,65,,http://images.acmesports.sports/Industrial+consumer+electronics,Industrial consumer electronics,0
70734,64,Computers,10,Technology,1351,174049,1351,64,,http://images.acmesports.sports/Dell+Laptop,Dell Laptop,0
69626,62,Cameras ,10,Technology,1349,172941,1349,62,,http://images.acmesports.sports/Web+Camera,Web Camera,0
69482,62,Cameras ,10,Technology,1349,172797,1349,62,,http://images.acmesports.sports/Web+Camera,Web Camera,0
70769,64,Computers,10,Technology,1351,174084,1351,64,,http://images.acmesports.sports/Dell+Laptop,Dell Laptop,0
69643,62,Cameras ,10,Technology,1349,172958,1349,62,,http://images.acmesports.sports/Web+Camera,Web Camera,0
71051,65,Consumer Electronics,10,Technology,1352,174366,1352,65,,http://images.acmesports.sports/Industrial+consumer+electronics,Industrial consumer electronics,0
69408,62,Cameras ,10,Technology,1349,172723,1349,62,,http://images.acmesports.sports/Web+Camera,Web Camera,0
71123,65,Consumer Electronics,10,Technology,1352,174438,1352,65,,http://images.acmesports.sports/Industrial+consumer+electronics,Industrial consumer electronics,0
70534,64,Computers,10,Technology,1351,173849,1351,64,,http://images.acmesports.sports/Dell+Laptop,Dell Laptop,0
69641,62,Cameras ,10,Technology,1349,172956,1349,62,,http://images.acmesports.sports/Web+Camera,Web Camera,0
70960,65,Consumer Electronics,10,Technology,1352,174275,1352,65,,http://images.acmesports.sports/Industrial+consumer+electronics,Industrial consumer electronics,0
69908,62,Cameras ,10,Technology,1349,173223,1349,62,,http://images.acmesports.sports/Web+Camera,Web Camera,0
70957,65,Consumer Electronics,10,Technology,1352,174272,1352,65,,http://images.acmesports.sports/Industrial+consumer+electronics,Industrial consumer electronics,0
69637,62,Cameras ,10,Technology,1349,172952,1349,62,,http://images.acmesports.sports/Web+Camera,Web Camera,0
70955,65,Consumer Electronics,10,Technology,1352,174270,1352,65,,http://images.acmesports.sports/Industrial+consumer+electronics,Industrial consumer electronics,0
70919,65,Consumer Electronics,10,Technology,1352,174234,1352,65,,http://images.acmesports.sports/Industrial+consumer+electronics,Industrial consumer electronics,0
71009,65,Consumer Electronics,10,Technology,1352,174324,1352,65,,http://images.acmesports.sports/Industrial+consumer+electronics,Industrial consumer electronics,0
69653,62,Cameras ,10,Technology,1349,172968,1349,62,,http://images.acmesports.sports/Web+Camera,Web Camera,0
69527,62,Cameras ,10,Technology,1349,172842,1349,62,,http://images.acmesports.sports/Web+Camera,Web Camera,0
71080,65,Consumer Electronics,10,Technology,1352,174395,1352,65,,http://images.acmesports.sports/Industrial+consumer+electronics,Industrial consumer electronics,0
70544,64,Computers,10,Technology,1351,173859,1351,64,,http://images.acmesports.sports/Dell+Laptop,Dell Laptop,0
69471,62,Cameras ,10,Technology,1349,172786,1349,62,,http://images.acmesports.sports/Web+Camera,Web Camera,0
68879,4,Basketball,2,Fitness,60,172188,60,4,,http://images.acmesports.sports/SOLE+E25+Elliptical,SOLE E25 Elliptical,0
67214,2,Soccer,2,Fitness,24,167987,24,2,,http://images.acmesports.sports/Elevation+Training+Mask+2.0,Elevation Training Mask 2.0,0
17810,3,Baseball & Softball,2,Fitness,44,44493,44,3,,http://images.acmesports.sports/adidas+Men%27s+F10+Messi+TRX+FG+Soccer+Cleat,adidas Men's F10 Messi TRX FG Soccer Cleat,0
18793,13,Electronics,3,Footwear,278,46997,278,13,,http://images.acmesports.sports/Under+Armour+Men%27s+Compression+EV+SL+Slide,Under Armour Men's Compression EV SL Slide,0
65109,9,Cardio Equipment,3,Footwear,191,162715,191,9,,http://images.acmesports.sports/Nike+Men%27s+Free+5.0%2B+Running+Shoe,Nike Men's Free 5.0+ Running Shoe,0
15673,9,Cardio Equipment,3,Footwear,191,39186,191,9,,http://images.acmesports.sports/Nike+Men%27s+Free+5.0%2B+Running+Shoe,Nike Men's Free 5.0+ Running Shoe,0
18183,13,Electronics,3,Footwear,278,45455,278,13,,http://images.acmesports.sports/Under+Armour+Men%27s+Compression+EV+SL+Slide,Under Armour Men's Compression EV SL Slide,0
20234,9,Cardio Equipment,3,Footwear,191,50536,191,9,,http://images.acmesports.sports/Nike+Men%27s+Free+5.0%2B+Running+Shoe,Nike Men's Free 5.0+ Running Shoe,0
13139,9,Cardio Equipment,3,Footwear,191,32867,191,9,,http://images.acmesports.sports/Nike+Men%27s+Free+5.0%2B+Running+Shoe,Nike Men's Free 5.0+ Running Shoe,0
33824,13,Electronics,3,Footwear,278,84424,278,13,,http://images.acmesports.sports/Under+Armour+Men%27s+Compression+EV+SL+Slide,Under Armour Men's Compression EV SL Slide,0
31364,9,Cardio Equipment,3,Footwear,191,78398,191,9,,http://images.acmesports.sports/Nike+Men%27s+Free+5.0%2B+Running+Shoe,Nike Men's Free 5.0+ Running Shoe,0
40495,9,Cardio Equipment,3,Footwear,191,101052,191,9,,http://images.acmesports.sports/Nike+Men%27s+Free+5.0%2B+Running+Shoe,Nike Men's Free 5.0+ Running Shoe,0
31364,9,Cardio Equipment,3,Footwear,191,78396,191,9,,http://images.acmesports.sports/Nike+Men%27s+Free+5.0%2B+Running+Shoe,Nike Men's Free 5.0+ Running Shoe,0
34506,17,Cleats,4,Apparel,365,86191,365,17,,http://images.acmesports.sports/Perfect+Fitness+Perfect+Rip+Deck,Perfect Fitness Perfect Rip Deck,0
33607,17,Cleats,4,Apparel,365,83892,365,17,,http://images.acmesports.sports/Perfect+Fitness+Perfect+Rip+Deck,Perfect Fitness Perfect Rip Deck,0
32617,17,Cleats,4,Apparel,365,81596,365,17,,http://images.acmesports.sports/Perfect+Fitness+Perfect+Rip+Deck,Perfect Fitness Perfect Rip Deck,0
37496,29,Shop By Sport,5,Golf,627,93579,627,29,,http://images.acmesports.sports/Under+Armour+Girls%27+Toddler+Spine+Surge+Running+Shoe,Under Armour Girls' Toddler Spine Surge Runni,0
32617,26,Girls' Apparel,5,Golf,567,81595,567,26,,http://images.acmesports.sports/adidas+Men%27s+Germany+Black+Crest+Away+Tee,adidas Men's Germany Black Crest Away Tee,0
49075,24,Women's Apparel,5,Golf,502,122703,502,24,,http://images.acmesports.sports/Nike+Men%27s+Dri-FIT+Victory+Golf+Polo,Nike Men's Dri-FIT Victory Golf Polo,0
33824,24,Women's Apparel,5,Golf,502,84425,502,24,,http://images.acmesports.sports/Nike+Men%27s+Dri-FIT+Victory+Golf+Polo,Nike Men's Dri-FIT Victory Golf Polo,0
49075,24,Women's Apparel,5,Golf,502,122700,502,24,,http://images.acmesports.sports/Nike+Men%27s+Dri-FIT+Victory+Golf+Polo,Nike Men's Dri-FIT Victory Golf Polo,0
41623,29,Shop By Sport,5,Golf,627,103905,627,29,,http://images.acmesports.sports/Under+Armour+Girls%27+Toddler+Spine+Surge+Running+Shoe,Under Armour Girls' Toddler Spine Surge Runni,0
39271,29,Shop By Sport,5,Golf,627,98043,627,29,,http://images.acmesports.sports/Under+Armour+Girls%27+Toddler+Spine+Surge+Running+Shoe,Under Armour Girls' Toddler Spine Surge Runni,0
38598,40,Accessories,6,Outdoors,893,96337,893,40,,http://images.acmesports.sports/Team+Golf+Pittsburgh+Steelers+Putter+Grip,Team Golf Pittsburgh Steelers Putter Grip,0
37845,41,Trade-In,6,Outdoors,924,94445,924,41,,http://images.acmesports.sports/Glove+It+Urban+Brick+Golf+Towel,Glove It Urban Brick Golf Towel,0
42331,17,Cleats,4,Apparel,365,105703,365,17,,http://images.acmesports.sports/Perfect+Fitness+Perfect+Rip+Deck,Perfect Fitness Perfect Rip Deck,0
41345,17,Cleats,4,Apparel,365,103211,365,17,,http://images.acmesports.sports/Perfect+Fitness+Perfect+Rip+Deck,Perfect Fitness Perfect Rip Deck,0
51168,24,Women's Apparel,5,Golf,502,127882,502,24,,http://images.acmesports.sports/Nike+Men%27s+Dri-FIT+Victory+Golf+Polo,Nike Men's Dri-FIT Victory Golf Polo,0
51168,29,Shop By Sport,5,Golf,627,127881,627,29,,http://images.acmesports.sports/Under+Armour+Girls%27+Toddler+Spine+Surge+Running+Shoe,Under Armour Girls' Toddler Spine Surge Runni,0
43599,24,Women's Apparel,5,Golf,502,108885,502,24,,http://images.acmesports.sports/Nike+Men%27s+Dri-FIT+Victory+Golf+Polo,Nike Men's Dri-FIT Victory Golf Polo,0
41901,40,Accessories,6,Outdoors,905,104591,905,40,,http://images.acmesports.sports/Team+Golf+Texas+Longhorns+Putter+Grip,Team Golf Texas Longhorns Putter Grip,0
42751,9,Cardio Equipment,3,Footwear,191,106706,191,9,,http://images.acmesports.sports/Nike+Men%27s+Free+5.0%2B+Running+Shoe,Nike Men's Free 5.0+ Running Shoe,0
45088,17,Cleats,4,Apparel,365,112591,365,17,,http://images.acmesports.sports/Perfect+Fitness+Perfect+Rip+Deck,Perfect Fitness Perfect Rip Deck,0
50489,17,Cleats,4,Apparel,365,126156,365,17,,http://images.acmesports.sports/Perfect+Fitness+Perfect+Rip+Deck,Perfect Fitness Perfect Rip Deck,0
44409,17,Cleats,4,Apparel,365,110862,365,17,,http://images.acmesports.sports/Perfect+Fitness+Perfect+Rip+Deck,Perfect Fitness Perfect Rip Deck,0
42101,17,Cleats,4,Apparel,365,105115,365,17,,http://images.acmesports.sports/Perfect+Fitness+Perfect+Rip+Deck,Perfect Fitness Perfect Rip Deck,0
50424,17,Cleats,4,Apparel,365,125992,365,17,,http://images.acmesports.sports/Perfect+Fitness+Perfect+Rip+Deck,Perfect Fitness Perfect Rip Deck,0
49825,24,Women's Apparel,5,Golf,502,124562,502,24,,http://images.acmesports.sports/Nike+Men%27s+Dri-FIT+Victory+Golf+Polo,Nike Men's Dri-FIT Victory Golf Polo,0
41294,24,Women's Apparel,5,Golf,502,103083,502,24,,http://images.acmesports.sports/Nike+Men%27s+Dri-FIT+Victory+Golf+Polo,Nike Men's Dri-FIT Victory Golf Polo,0
42023,29,Shop By Sport,5,Golf,627,104898,627,29,,http://images.acmesports.sports/Under+Armour+Girls%27+Toddler+Spine+Surge+Running+Shoe,Under Armour Girls' Toddler Spine Surge Runni,0
47774,29,Shop By Sport,5,Golf,627,119464,627,29,,http://images.acmesports.sports/Under+Armour+Girls%27+Toddler+Spine+Surge+Running+Shoe,Under Armour Girls' Toddler Spine Surge Runni,0
41827,26,Girls' Apparel,5,Golf,564,104416,564,26,,http://images.acmesports.sports/Nike+Men%27s+Deutschland+Weltmeister+Winners+Black+T-Shirt,Nike Men's Deutschland Weltmeister Winners Bl,0
47193,24,Women's Apparel,5,Golf,502,117955,502,24,,http://images.acmesports.sports/Nike+Men%27s+Dri-FIT+Victory+Golf+Polo,Nike Men's Dri-FIT Victory Golf Polo,0
42626,24,Women's Apparel,5,Golf,502,106390,502,24,,http://images.acmesports.sports/Nike+Men%27s+Dri-FIT+Victory+Golf+Polo,Nike Men's Dri-FIT Victory Golf Polo,0
46199,24,Women's Apparel,5,Golf,502,115493,502,24,,http://images.acmesports.sports/Nike+Men%27s+Dri-FIT+Victory+Golf+Polo,Nike Men's Dri-FIT Victory Golf Polo,0
48468,40,Accessories,6,Outdoors,885,121217,885,40,,http://images.acmesports.sports/Team+Golf+St.+Louis+Cardinals+Putter+Grip,Team Golf St. Louis Cardinals Putter Grip,0
51009,9,Cardio Equipment,3,Footwear,191,127490,191,9,,http://images.acmesports.sports/Nike+Men%27s+Free+5.0%2B+Running+Shoe,Nike Men's Free 5.0+ Running Shoe,0
46229,9,Cardio Equipment,3,Footwear,191,115564,191,9,,http://images.acmesports.sports/Nike+Men%27s+Free+5.0%2B+Running+Shoe,Nike Men's Free 5.0+ Running Shoe,0
42882,9,Cardio Equipment,3,Footwear,191,107084,191,9,,http://images.acmesports.sports/Nike+Men%27s+Free+5.0%2B+Running+Shoe,Nike Men's Free 5.0+ Running Shoe,0
46827,9,Cardio Equipment,3,Footwear,191,117074,191,9,,http://images.acmesports.sports/Nike+Men%27s+Free+5.0%2B+Running+Shoe,Nike Men's Free 5.0+ Running Shoe,0
48684,9,Cardio Equipment,3,Footwear,191,121737,191,9,,http://images.acmesports.sports/Nike+Men%27s+Free+5.0%2B+Running+Shoe,Nike Men's Free 5.0+ Running Shoe,0
48684,9,Cardio Equipment,3,Footwear,191,121735,191,9,,http://images.acmesports.sports/Nike+Men%27s+Free+5.0%2B+Running+Shoe,Nike Men's Free 5.0+ Running Shoe,0
46416,9,Cardio Equipment,3,Footwear,191,116042,191,9,,http://images.acmesports.sports/Nike+Men%27s+Free+5.0%2B+Running+Shoe,Nike Men's Free 5.0+ Running Shoe,0
47343,9,Cardio Equipment,3,Footwear,191,118360,191,9,,http://images.acmesports.sports/Nike+Men%27s+Free+5.0%2B+Running+Shoe,Nike Men's Free 5.0+ Running Shoe,0
41686,18,Men's Footwear,4,Apparel,403,104060,403,18,,http://images.acmesports.sports/Nike+Men%27s+CJ+Elite+2+TD+Football+Cleat,Nike Men's CJ Elite 2 TD Football Cleat,0
41896,18,Men's Footwear,4,Apparel,403,104577,403,18,,http://images.acmesports.sports/Nike+Men%27s+CJ+Elite+2+TD+Football+Cleat,Nike Men's CJ Elite 2 TD Football Cleat,0
28168,17,Cleats,4,Apparel,365,70443,365,17,,http://images.acmesports.sports/Perfect+Fitness+Perfect+Rip+Deck,Perfect Fitness Perfect Rip Deck,0
24992,18,Men's Footwear,4,Apparel,403,62621,403,18,,http://images.acmesports.sports/Nike+Men%27s+CJ+Elite+2+TD+Football+Cleat,Nike Men's CJ Elite 2 TD Football Cleat,0
30851,18,Men's Footwear,4,Apparel,403,77102,403,18,,http://images.acmesports.sports/Nike+Men%27s+CJ+Elite+2+TD+Football+Cleat,Nike Men's CJ Elite 2 TD Football Cleat,0
25074,18,Men's Footwear,4,Apparel,403,62834,403,18,,http://images.acmesports.sports/Nike+Men%27s+CJ+Elite+2+TD+Football+Cleat,Nike Men's CJ Elite 2 TD Football Cleat,0
76870,76,Women's Clothing,4,Apparel,1363,180185,1363,76,,http://images.acmesports.sports/Summer+dresses,Summer dresses,0
25163,18,Men's Footwear,4,Apparel,403,63064,403,18,,http://images.acmesports.sports/Nike+Men%27s+CJ+Elite+2+TD+Football+Cleat,Nike Men's CJ Elite 2 TD Football Cleat,0
28036,18,Men's Footwear,4,Apparel,403,70143,403,18,,http://images.acmesports.sports/Nike+Men%27s+CJ+Elite+2+TD+Football+Cleat,Nike Men's CJ Elite 2 TD Football Cleat,0
22679,18,Men's Footwear,4,Apparel,403,56759,403,18,,http://images.acmesports.sports/Nike+Men%27s+CJ+Elite+2+TD+Football+Cleat,Nike Men's CJ Elite 2 TD Football Cleat,0
23610,18,Men's Footwear,4,Apparel,403,59059,403,18,,http://images.acmesports.sports/Nike+Men%27s+CJ+Elite+2+TD+Football+Cleat,Nike Men's CJ Elite 2 TD Football Cleat,0
42828,17,Cleats,4,Apparel,365,106946,365,17,,http://images.acmesports.sports/Perfect+Fitness+Perfect+Rip+Deck,Perfect Fitness Perfect Rip Deck,0
41896,18,Men's Footwear,4,Apparel,403,104576,403,18,,http://images.acmesports.sports/Nike+Men%27s+CJ+Elite+2+TD+Football+Cleat,Nike Men's CJ Elite 2 TD Football Cleat,0
48713,18,Men's Footwear,4,Apparel,403,121833,403,18,,http://images.acmesports.sports/Nike+Men%27s+CJ+Elite+2+TD+Football+Cleat,Nike Men's CJ Elite 2 TD Football Cleat,0
45668,18,Men's Footwear,4,Apparel,403,114148,403,18,,http://images.acmesports.sports/Nike+Men%27s+CJ+Elite+2+TD+Football+Cleat,Nike Men's CJ Elite 2 TD Football Cleat,0
74796,66,Crafts,4,Apparel,1353,178111,1353,66,,http://images.acmesports.sports/Porcelain+crafts,Porcelain crafts,0
27918,18,Men's Footwear,4,Apparel,403,69867,403,18,,http://images.acmesports.sports/Nike+Men%27s+CJ+Elite+2+TD+Football+Cleat,Nike Men's CJ Elite 2 TD Football Cleat,0
30097,17,Cleats,4,Apparel,365,75233,365,17,,http://images.acmesports.sports/Perfect+Fitness+Perfect+Rip+Deck,Perfect Fitness Perfect Rip Deck,0
30966,18,Men's Footwear,4,Apparel,403,77398,403,18,,http://images.acmesports.sports/Nike+Men%27s+CJ+Elite+2+TD+Football+Cleat,Nike Men's CJ Elite 2 TD Football Cleat,0
30063,18,Men's Footwear,4,Apparel,403,75154,403,18,,http://images.acmesports.sports/Nike+Men%27s+CJ+Elite+2+TD+Football+Cleat,Nike Men's CJ Elite 2 TD Football Cleat,0
22019,18,Men's Footwear,4,Apparel,403,55063,403,18,,http://images.acmesports.sports/Nike+Men%27s+CJ+Elite+2+TD+Football+Cleat,Nike Men's CJ Elite 2 TD Football Cleat,0
24230,18,Men's Footwear,4,Apparel,403,60624,403,18,,http://images.acmesports.sports/Nike+Men%27s+CJ+Elite+2+TD+Football+Cleat,Nike Men's CJ Elite 2 TD Football Cleat,0
48713,18,Men's Footwear,4,Apparel,403,121830,403,18,,http://images.acmesports.sports/Nike+Men%27s+CJ+Elite+2+TD+Football+Cleat,Nike Men's CJ Elite 2 TD Football Cleat,0
42353,18,Men's Footwear,4,Apparel,403,105750,403,18,,http://images.acmesports.sports/Nike+Men%27s+CJ+Elite+2+TD+Football+Cleat,Nike Men's CJ Elite 2 TD Football Cleat,0
45668,18,Men's Footwear,4,Apparel,403,114147,403,18,,http://images.acmesports.sports/Nike+Men%27s+CJ+Elite+2+TD+Football+Cleat,Nike Men's CJ Elite 2 TD Football Cleat,0
42134,18,Men's Footwear,4,Apparel,403,105206,403,18,,http://images.acmesports.sports/Nike+Men%27s+CJ+Elite+2+TD+Football+Cleat,Nike Men's CJ Elite 2 TD Football Cleat,0
21522,18,Men's Footwear,4,Apparel,403,53808,403,18,,http://images.acmesports.sports/Nike+Men%27s+CJ+Elite+2+TD+Football+Cleat,Nike Men's CJ Elite 2 TD Football Cleat,0
23767,18,Men's Footwear,4,Apparel,403,59474,403,18,,http://images.acmesports.sports/Nike+Men%27s+CJ+Elite+2+TD+Football+Cleat,Nike Men's CJ Elite 2 TD Football Cleat,0
25433,18,Men's Footwear,4,Apparel,403,63711,403,18,,http://images.acmesports.sports/Nike+Men%27s+CJ+Elite+2+TD+Football+Cleat,Nike Men's CJ Elite 2 TD Football Cleat,0
73893,76,Women's Clothing,4,Apparel,1363,177208,1363,76,,http://images.acmesports.sports/Summer+dresses,Summer dresses,0
30085,17,Cleats,4,Apparel,365,75205,365,17,,http://images.acmesports.sports/Perfect+Fitness+Perfect+Rip+Deck,Perfect Fitness Perfect Rip Deck,0
30172,18,Men's Footwear,4,Apparel,403,75410,403,18,,http://images.acmesports.sports/Nike+Men%27s+CJ+Elite+2+TD+Football+Cleat,Nike Men's CJ Elite 2 TD Football Cleat,0
27478,18,Men's Footwear,4,Apparel,403,68790,403,18,,http://images.acmesports.sports/Nike+Men%27s+CJ+Elite+2+TD+Football+Cleat,Nike Men's CJ Elite 2 TD Football Cleat,0
76976,76,Women's Clothing,4,Apparel,1363,180291,1363,76,,http://images.acmesports.sports/Summer+dresses,Summer dresses,0
24063,18,Men's Footwear,4,Apparel,403,60210,403,18,,http://images.acmesports.sports/Nike+Men%27s+CJ+Elite+2+TD+Football+Cleat,Nike Men's CJ Elite 2 TD Football Cleat,0
51209,18,Men's Footwear,4,Apparel,403,127964,403,18,,http://images.acmesports.sports/Nike+Men%27s+CJ+Elite+2+TD+Football+Cleat,Nike Men's CJ Elite 2 TD Football Cleat,0
73839,76,Women's Clothing,4,Apparel,1363,177154,1363,76,,http://images.acmesports.sports/Summer+dresses,Summer dresses,0
74723,66,Crafts,4,Apparel,1353,178038,1353,66,,http://images.acmesports.sports/Porcelain+crafts,Porcelain crafts,0
26821,18,Men's Footwear,4,Apparel,403,67197,403,18,,http://images.acmesports.sports/Nike+Men%27s+CJ+Elite+2+TD+Football+Cleat,Nike Men's CJ Elite 2 TD Football Cleat,0
77102,76,Women's Clothing,4,Apparel,1363,180417,1363,76,,http://images.acmesports.sports/Summer+dresses,Summer dresses,0
41608,18,Men's Footwear,4,Apparel,403,103859,403,18,,http://images.acmesports.sports/Nike+Men%27s+CJ+Elite+2+TD+Football+Cleat,Nike Men's CJ Elite 2 TD Football Cleat,0
47009,18,Men's Footwear,4,Apparel,403,117478,403,18,,http://images.acmesports.sports/Nike+Men%27s+CJ+Elite+2+TD+Football+Cleat,Nike Men's CJ Elite 2 TD Football Cleat,0
49916,18,Men's Footwear,4,Apparel,403,124787,403,18,,http://images.acmesports.sports/Nike+Men%27s+CJ+Elite+2+TD+Football+Cleat,Nike Men's CJ Elite 2 TD Football Cleat,0
29746,17,Cleats,4,Apparel,365,74420,365,17,,http://images.acmesports.sports/Perfect+Fitness+Perfect+Rip+Deck,Perfect Fitness Perfect Rip Deck,0
72533,70,Men's Clothing,4,Apparel,1357,175848,1357,70,,http://images.acmesports.sports/Men+gala+suit,Men's gala suit,0
48608,24,Women's Apparel,5,Golf,502,121561,502,24,,http://images.acmesports.sports/Nike+Men%27s+Dri-FIT+Victory+Golf+Polo,Nike Men's Dri-FIT Victory Golf Polo,0
45506,24,Women's Apparel,5,Golf,502,113719,502,24,,http://images.acmesports.sports/Nike+Men%27s+Dri-FIT+Victory+Golf+Polo,Nike Men's Dri-FIT Victory Golf Polo,0
45027,29,Shop By Sport,5,Golf,627,112427,627,29,,http://images.acmesports.sports/Under+Armour+Girls%27+Toddler+Spine+Surge+Running+Shoe,Under Armour Girls' Toddler Spine Surge Runni,0
46308,29,Shop By Sport,5,Golf,627,115752,627,29,,http://images.acmesports.sports/Under+Armour+Girls%27+Toddler+Spine+Surge+Running+Shoe,Under Armour Girls' Toddler Spine Surge Runni,0
43685,24,Women's Apparel,5,Golf,502,109111,502,24,,http://images.acmesports.sports/Nike+Men%27s+Dri-FIT+Victory+Golf+Polo,Nike Men's Dri-FIT Victory Golf Polo,0
41893,24,Women's Apparel,5,Golf,502,104569,502,24,,http://images.acmesports.sports/Nike+Men%27s+Dri-FIT+Victory+Golf+Polo,Nike Men's Dri-FIT Victory Golf Polo,0
46339,24,Women's Apparel,5,Golf,502,115856,502,24,,http://images.acmesports.sports/Nike+Men%27s+Dri-FIT+Victory+Golf+Polo,Nike Men's Dri-FIT Victory Golf Polo,0
46667,24,Women's Apparel,5,Golf,502,116672,502,24,,http://images.acmesports.sports/Nike+Men%27s+Dri-FIT+Victory+Golf+Polo,Nike Men's Dri-FIT Victory Golf Polo,0
47647,24,Women's Apparel,5,Golf,502,119125,502,24,,http://images.acmesports.sports/Nike+Men%27s+Dri-FIT+Victory+Golf+Polo,Nike Men's Dri-FIT Victory Golf Polo,0
48565,24,Women's Apparel,5,Golf,502,121445,502,24,,http://images.acmesports.sports/Nike+Men%27s+Dri-FIT+Victory+Golf+Polo,Nike Men's Dri-FIT Victory Golf Polo,0
43889,24,Women's Apparel,5,Golf,502,109614,502,24,,http://images.acmesports.sports/Nike+Men%27s+Dri-FIT+Victory+Golf+Polo,Nike Men's Dri-FIT Victory Golf Polo,0
45138,24,Women's Apparel,5,Golf,502,112738,502,24,,http://images.acmesports.sports/Nike+Men%27s+Dri-FIT+Victory+Golf+Polo,Nike Men's Dri-FIT Victory Golf Polo,0
44160,29,Shop By Sport,5,Golf,627,110278,627,29,,http://images.acmesports.sports/Under+Armour+Girls%27+Toddler+Spine+Surge+Running+Shoe,Under Armour Girls' Toddler Spine Surge Runni,0
49214,24,Women's Apparel,5,Golf,502,123053,502,24,,http://images.acmesports.sports/Nike+Men%27s+Dri-FIT+Victory+Golf+Polo,Nike Men's Dri-FIT Victory Golf Polo,0
41825,40,Accessories,6,Outdoors,906,104410,906,40,,http://images.acmesports.sports/Team+Golf+Tennessee+Volunteers+Putter+Grip,Team Golf Tennessee Volunteers Putter Grip,0
44504,40,Accessories,6,Outdoors,885,111111,885,40,,http://images.acmesports.sports/Team+Golf+St.+Louis+Cardinals+Putter+Grip,Team Golf St. Louis Cardinals Putter Grip,0
44496,40,Accessories,6,Outdoors,886,111088,886,40,,http://images.acmesports.sports/Team+Golf+San+Francisco+Giants+Putter+Grip,Team Golf San Francisco Giants Putter Grip,0
45559,41,Trade-In,6,Outdoors,926,113854,926,41,,http://images.acmesports.sports/Glove+It+Imperial+Golf+Towel,Glove It Imperial Golf Towel,0
44074,41,Trade-In,6,Outdoors,924,110090,924,41,,http://images.acmesports.sports/Glove+It+Urban+Brick+Golf+Towel,Glove It Urban Brick Golf Towel,0
49857,37,Electronics,6,Outdoors,825,124661,825,37,,http://images.acmesports.sports/Bridgestone+e6+Straight+Distance+NFL+Tennessee+Titans+Golf...,Bridgestone e6 Straight Distance NFL Tennesse,0
41786,44,Hunting & Shooting,7,Fan Shop,977,104311,977,44,,http://images.acmesports.sports/ENO+Atlas+Hammock+Straps,ENO Atlas Hammock Straps,0
48042,6,Tennis & Racquet,2,Fitness,116,120131,116,6,,http://images.acmesports.sports/Nike+Men%27s+Comfort+2+Slide,Nike Men's Comfort 2 Slide,0
44301,9,Cardio Equipment,3,Footwear,191,110620,191,9,,http://images.acmesports.sports/Nike+Men%27s+Free+5.0%2B+Running+Shoe,Nike Men's Free 5.0+ Running Shoe,0
41591,17,Cleats,4,Apparel,365,103815,365,17,,http://images.acmesports.sports/Perfect+Fitness+Perfect+Rip+Deck,Perfect Fitness Perfect Rip Deck,0
44981,29,Shop By Sport,5,Golf,627,112334,627,29,,http://images.acmesports.sports/Under+Armour+Girls%27+Toddler+Spine+Surge+Running+Shoe,Under Armour Girls' Toddler Spine Surge Runni,0
41545,24,Women's Apparel,5,Golf,502,103704,502,24,,http://images.acmesports.sports/Nike+Men%27s+Dri-FIT+Victory+Golf+Polo,Nike Men's Dri-FIT Victory Golf Polo,0
49910,37,Electronics,6,Outdoors,818,124779,818,37,,http://images.acmesports.sports/Titleist+Pro+V1x+Golf+Balls,Titleist Pro V1x Golf Balls,0
19590,3,Baseball & Softball,2,Fitness,44,48976,44,3,,http://images.acmesports.sports/adidas+Men%27s+F10+Messi+TRX+FG+Soccer+Cleat,adidas Men's F10 Messi TRX FG Soccer Cleat,0
43650,11,Fitness Accessories,3,Footwear,235,109018,235,11,,http://images.acmesports.sports/Under+Armour+Hustle+Storm+Medium+Duffle+Bag,Under Armour Hustle Storm Medium Duffle Bag,0
15202,9,Cardio Equipment,3,Footwear,191,38024,191,9,,http://images.acmesports.sports/Nike+Men%27s+Free+5.0%2B+Running+Shoe,Nike Men's Free 5.0+ Running Shoe,0
15462,13,Electronics,3,Footwear,273,38639,273,13,,http://images.acmesports.sports/Under+Armour+Kids%27+Mercenary+Slide,Under Armour Kids' Mercenary Slide,0
15155,9,Cardio Equipment,3,Footwear,191,37908,191,9,,http://images.acmesports.sports/Nike+Men%27s+Free+5.0%2B+Running+Shoe,Nike Men's Free 5.0+ Running Shoe,0
64451,9,Cardio Equipment,3,Footwear,191,161109,191,9,,http://images.acmesports.sports/Nike+Men%27s+Free+5.0%2B+Running+Shoe,Nike Men's Free 5.0+ Running Shoe,0
67028,9,Cardio Equipment,3,Footwear,191,167556,191,9,,http://images.acmesports.sports/Nike+Men%27s+Free+5.0%2B+Running+Shoe,Nike Men's Free 5.0+ Running Shoe,0
62336,9,Cardio Equipment,3,Footwear,191,155832,191,9,,http://images.acmesports.sports/Nike+Men%27s+Free+5.0%2B+Running+Shoe,Nike Men's Free 5.0+ Running Shoe,0
11334,13,Electronics,3,Footwear,282,28340,282,13,,http://images.acmesports.sports/Under+Armour+Women%27s+Ignite+PIP+VI+Slide,Under Armour Women's Ignite PIP VI Slide,0
62885,9,Cardio Equipment,3,Footwear,191,157243,191,9,,http://images.acmesports.sports/Nike+Men%27s+Free+5.0%2B+Running+Shoe,Nike Men's Free 5.0+ Running Shoe,0
66998,9,Cardio Equipment,3,Footwear,191,167475,191,9,,http://images.acmesports.sports/Nike+Men%27s+Free+5.0%2B+Running+Shoe,Nike Men's Free 5.0+ Running Shoe,0
47002,9,Cardio Equipment,3,Footwear,191,117458,191,9,,http://images.acmesports.sports/Nike+Men%27s+Free+5.0%2B+Running+Shoe,Nike Men's Free 5.0+ Running Shoe,0
63445,9,Cardio Equipment,3,Footwear,191,158605,191,9,,http://images.acmesports.sports/Nike+Men%27s+Free+5.0%2B+Running+Shoe,Nike Men's Free 5.0+ Running Shoe,0
67566,9,Cardio Equipment,3,Footwear,191,168920,191,9,,http://images.acmesports.sports/Nike+Men%27s+Free+5.0%2B+Running+Shoe,Nike Men's Free 5.0+ Running Shoe,0
18884,11,Fitness Accessories,3,Footwear,235,47235,235,11,,http://images.acmesports.sports/Under+Armour+Hustle+Storm+Medium+Duffle+Bag,Under Armour Hustle Storm Medium Duffle Bag,0
18845,11,Fitness Accessories,3,Footwear,235,47141,235,11,,http://images.acmesports.sports/Under+Armour+Hustle+Storm+Medium+Duffle+Bag,Under Armour Hustle Storm Medium Duffle Bag,0
66854,16,As Seen on  TV!,3,Footwear,359,167108,359,16,,http://images.acmesports.sports/Nike+Men%27s+Free+TR+5.0+TB+Training+Shoe,Nike Men's Free TR 5.0 TB Training Shoe,0
46955,9,Cardio Equipment,3,Footwear,191,117346,191,9,,http://images.acmesports.sports/Nike+Men%27s+Free+5.0%2B+Running+Shoe,Nike Men's Free 5.0+ Running Shoe,0
55002,17,Cleats,4,Apparel,365,137558,365,17,,http://images.acmesports.sports/Perfect+Fitness+Perfect+Rip+Deck,Perfect Fitness Perfect Rip Deck,0
60445,17,Cleats,4,Apparel,365,151253,365,17,,http://images.acmesports.sports/Perfect+Fitness+Perfect+Rip+Deck,Perfect Fitness Perfect Rip Deck,0
53586,17,Cleats,4,Apparel,365,133933,365,17,,http://images.acmesports.sports/Perfect+Fitness+Perfect+Rip+Deck,Perfect Fitness Perfect Rip Deck,0
56618,17,Cleats,4,Apparel,365,141623,365,17,,http://images.acmesports.sports/Perfect+Fitness+Perfect+Rip+Deck,Perfect Fitness Perfect Rip Deck,0
51865,17,Cleats,4,Apparel,365,129598,365,17,,http://images.acmesports.sports/Perfect+Fitness+Perfect+Rip+Deck,Perfect Fitness Perfect Rip Deck,0
2937,24,Women's Apparel,5,Golf,502,7333,502,24,,http://images.acmesports.sports/Nike+Men%27s+Dri-FIT+Victory+Golf+Polo,Nike Men's Dri-FIT Victory Golf Polo,0
54446,24,Women's Apparel,5,Golf,502,136156,502,24,,http://images.acmesports.sports/Nike+Men%27s+Dri-FIT+Victory+Golf+Polo,Nike Men's Dri-FIT Victory Golf Polo,0
58623,24,Women's Apparel,5,Golf,502,146742,502,24,,http://images.acmesports.sports/Nike+Men%27s+Dri-FIT+Victory+Golf+Polo,Nike Men's Dri-FIT Victory Golf Polo,0
7411,29,Shop By Sport,5,Golf,627,18572,627,29,,http://images.acmesports.sports/Under+Armour+Girls%27+Toddler+Spine+Surge+Running+Shoe,Under Armour Girls' Toddler Spine Surge Runni,0
5348,24,Women's Apparel,5,Golf,502,13366,502,24,,http://images.acmesports.sports/Nike+Men%27s+Dri-FIT+Victory+Golf+Polo,Nike Men's Dri-FIT Victory Golf Polo,0
59742,24,Women's Apparel,5,Golf,502,149496,502,24,,http://images.acmesports.sports/Nike+Men%27s+Dri-FIT+Victory+Golf+Polo,Nike Men's Dri-FIT Victory Golf Polo,0
59498,29,Shop By Sport,5,Golf,627,148919,627,29,,http://images.acmesports.sports/Under+Armour+Girls%27+Toddler+Spine+Surge+Running+Shoe,Under Armour Girls' Toddler Spine Surge Runni,0
3459,29,Shop By Sport,5,Golf,627,8590,627,29,,http://images.acmesports.sports/Under+Armour+Girls%27+Toddler+Spine+Surge+Running+Shoe,Under Armour Girls' Toddler Spine Surge Runni,0
8470,29,Shop By Sport,5,Golf,627,21144,627,29,,http://images.acmesports.sports/Under+Armour+Girls%27+Toddler+Spine+Surge+Running+Shoe,Under Armour Girls' Toddler Spine Surge Runni,0
53455,24,Women's Apparel,5,Golf,502,133575,502,24,,http://images.acmesports.sports/Nike+Men%27s+Dri-FIT+Victory+Golf+Polo,Nike Men's Dri-FIT Victory Golf Polo,0
2014,26,Girls' Apparel,5,Golf,565,5047,565,26,,http://images.acmesports.sports/adidas+Youth+Germany+Black%2FRed+Away+Match+Soccer+Jersey,adidas Youth Germany Black/Red Away Match Soc,0
55899,26,Girls' Apparel,5,Golf,567,139774,567,26,,http://images.acmesports.sports/adidas+Men%27s+Germany+Black+Crest+Away+Tee,adidas Men's Germany Black Crest Away Tee,0
52582,24,Women's Apparel,5,Golf,502,131429,502,24,,http://images.acmesports.sports/Nike+Men%27s+Dri-FIT+Victory+Golf+Polo,Nike Men's Dri-FIT Victory Golf Polo,0
56222,24,Women's Apparel,5,Golf,502,140631,502,24,,http://images.acmesports.sports/Nike+Men%27s+Dri-FIT+Victory+Golf+Polo,Nike Men's Dri-FIT Victory Golf Polo,0
57829,29,Shop By Sport,5,Golf,627,144695,627,29,,http://images.acmesports.sports/Under+Armour+Girls%27+Toddler+Spine+Surge+Running+Shoe,Under Armour Girls' Toddler Spine Surge Runni,0
56217,29,Shop By Sport,5,Golf,627,140615,627,29,,http://images.acmesports.sports/Under+Armour+Girls%27+Toddler+Spine+Surge+Running+Shoe,Under Armour Girls' Toddler Spine Surge Runni,0
5893,29,Shop By Sport,5,Golf,627,14655,627,29,,http://images.acmesports.sports/Under+Armour+Girls%27+Toddler+Spine+Surge+Running+Shoe,Under Armour Girls' Toddler Spine Surge Runni,0
5528,24,Women's Apparel,5,Golf,502,13796,502,24,,http://images.acmesports.sports/Nike+Men%27s+Dri-FIT+Victory+Golf+Polo,Nike Men's Dri-FIT Victory Golf Polo,0
367,29,Shop By Sport,5,Golf,627,922,627,29,,http://images.acmesports.sports/Under+Armour+Girls%27+Toddler+Spine+Surge+Running+Shoe,Under Armour Girls' Toddler Spine Surge Runni,0
52353,24,Women's Apparel,5,Golf,502,130831,502,24,,http://images.acmesports.sports/Nike+Men%27s+Dri-FIT+Victory+Golf+Polo,Nike Men's Dri-FIT Victory Golf Polo,0
1784,24,Women's Apparel,5,Golf,502,4452,502,24,,http://images.acmesports.sports/Nike+Men%27s+Dri-FIT+Victory+Golf+Polo,Nike Men's Dri-FIT Victory Golf Polo,0
60317,29,Shop By Sport,5,Golf,627,150929,627,29,,http://images.acmesports.sports/Under+Armour+Girls%27+Toddler+Spine+Surge+Running+Shoe,Under Armour Girls' Toddler Spine Surge Runni,0
6776,24,Women's Apparel,5,Golf,502,16941,502,24,,http://images.acmesports.sports/Nike+Men%27s+Dri-FIT+Victory+Golf+Polo,Nike Men's Dri-FIT Victory Golf Polo,0
4487,24,Women's Apparel,5,Golf,502,11226,502,24,,http://images.acmesports.sports/Nike+Men%27s+Dri-FIT+Victory+Golf+Polo,Nike Men's Dri-FIT Victory Golf Polo,0
9681,24,Women's Apparel,5,Golf,502,24177,502,24,,http://images.acmesports.sports/Nike+Men%27s+Dri-FIT+Victory+Golf+Polo,Nike Men's Dri-FIT Victory Golf Polo,0
60868,29,Shop By Sport,5,Golf,627,152307,627,29,,http://images.acmesports.sports/Under+Armour+Girls%27+Toddler+Spine+Surge+Running+Shoe,Under Armour Girls' Toddler Spine Surge Runni,0
53231,26,Girls' Apparel,5,Golf,572,133008,572,26,,http://images.acmesports.sports/TYR+Boys%27+Team+Digi+Jammer,TYR Boys' Team Digi Jammer,0
52601,29,Shop By Sport,5,Golf,627,131482,627,29,,http://images.acmesports.sports/Under+Armour+Girls%27+Toddler+Spine+Surge+Running+Shoe,Under Armour Girls' Toddler Spine Surge Runni,0
4660,29,Shop By Sport,5,Golf,627,11689,627,29,,http://images.acmesports.sports/Under+Armour+Girls%27+Toddler+Spine+Surge+Running+Shoe,Under Armour Girls' Toddler Spine Surge Runni,0
3539,24,Women's Apparel,5,Golf,502,8807,502,24,,http://images.acmesports.sports/Nike+Men%27s+Dri-FIT+Victory+Golf+Polo,Nike Men's Dri-FIT Victory Golf Polo,0
53231,24,Women's Apparel,5,Golf,502,133012,502,24,,http://images.acmesports.sports/Nike+Men%27s+Dri-FIT+Victory+Golf+Polo,Nike Men's Dri-FIT Victory Golf Polo,0
54488,24,Women's Apparel,5,Golf,502,136276,502,24,,http://images.acmesports.sports/Nike+Men%27s+Dri-FIT+Victory+Golf+Polo,Nike Men's Dri-FIT Victory Golf Polo,0
6776,29,Shop By Sport,5,Golf,627,16942,627,29,,http://images.acmesports.sports/Under+Armour+Girls%27+Toddler+Spine+Surge+Running+Shoe,Under Armour Girls' Toddler Spine Surge Runni,0
52549,29,Shop By Sport,5,Golf,627,131352,627,29,,http://images.acmesports.sports/Under+Armour+Girls%27+Toddler+Spine+Surge+Running+Shoe,Under Armour Girls' Toddler Spine Surge Runni,0
60361,24,Women's Apparel,5,Golf,502,151061,502,24,,http://images.acmesports.sports/Nike+Men%27s+Dri-FIT+Victory+Golf+Polo,Nike Men's Dri-FIT Victory Golf Polo,0
8470,37,Electronics,6,Outdoors,825,21145,825,37,,http://images.acmesports.sports/Bridgestone+e6+Straight+Distance+NFL+Tennessee+Titans+Golf...,Bridgestone e6 Straight Distance NFL Tennesse,0
5712,40,Accessories,6,Outdoors,905,14229,905,40,,http://images.acmesports.sports/Team+Golf+Texas+Longhorns+Putter+Grip,Team Golf Texas Longhorns Putter Grip,0
9309,36,Golf Balls,6,Outdoors,804,23226,804,36,,http://images.acmesports.sports/Glove+It+Women%27s+Imperial+Golf+Glove,Glove It Women's Imperial Golf Glove,0
8095,37,Electronics,6,Outdoors,822,20211,822,37,,http://images.acmesports.sports/Titleist+Pro+V1x+High+Numbers+Golf+Balls,Titleist Pro V1x High Numbers Golf Balls,0
75892,73,Sporting Goods,2,Fitness,1360,179207,1360,73,,http://images.acmesports.sports/Smart+watch ,Smart watch ,0
75891,73,Sporting Goods,2,Fitness,1360,179206,1360,73,,http://images.acmesports.sports/Smart+watch ,Smart watch ,0
75890,73,Sporting Goods,2,Fitness,1360,179205,1360,73,,http://images.acmesports.sports/Smart+watch ,Smart watch ,0
75889,73,Sporting Goods,2,Fitness,1360,179204,1360,73,,http://images.acmesports.sports/Smart+watch ,Smart watch ,0
75888,73,Sporting Goods,2,Fitness,1360,179203,1360,73,,http://images.acmesports.sports/Smart+watch ,Smart watch ,0
75887,73,Sporting Goods,2,Fitness,1360,179202,1360,73,,http://images.acmesports.sports/Smart+watch ,Smart watch ,0
75886,73,Sporting Goods,2,Fitness,1360,179201,1360,73,,http://images.acmesports.sports/Smart+watch ,Smart watch ,0
75885,73,Sporting Goods,2,Fitness,1360,179200,1360,73,,http://images.acmesports.sports/Smart+watch ,Smart watch ,0
75884,73,Sporting Goods,2,Fitness,1360,179199,1360,73,,http://images.acmesports.sports/Smart+watch ,Smart watch ,0
75883,73,Sporting Goods,2,Fitness,1360,179198,1360,73,,http://images.acmesports.sports/Smart+watch ,Smart watch ,0
75882,73,Sporting Goods,2,Fitness,1360,179197,1360,73,,http://images.acmesports.sports/Smart+watch ,Smart watch ,0
75881,73,Sporting Goods,2,Fitness,1360,179196,1360,73,,http://images.acmesports.sports/Smart+watch ,Smart watch ,0
75880,73,Sporting Goods,2,Fitness,1360,179195,1360,73,,http://images.acmesports.sports/Smart+watch ,Smart watch ,0
75879,73,Sporting Goods,2,Fitness,1360,179194,1360,73,,http://images.acmesports.sports/Smart+watch ,Smart watch ,0
75878,73,Sporting Goods,2,Fitness,1360,179193,1360,73,,http://images.acmesports.sports/Smart+watch ,Smart watch ,0
75877,73,Sporting Goods,2,Fitness,1360,179192,1360,73,,http://images.acmesports.sports/Smart+watch ,Smart watch ,0
75876,73,Sporting Goods,2,Fitness,1360,179191,1360,73,,http://images.acmesports.sports/Smart+watch ,Smart watch ,0
75875,73,Sporting Goods,2,Fitness,1360,179190,1360,73,,http://images.acmesports.sports/Smart+watch ,Smart watch ,0
75874,73,Sporting Goods,2,Fitness,1360,179189,1360,73,,http://images.acmesports.sports/Smart+watch ,Smart watch ,0
75873,73,Sporting Goods,2,Fitness,1360,179188,1360,73,,http://images.acmesports.sports/Smart+watch ,Smart watch ,0
75872,73,Sporting Goods,2,Fitness,1360,179187,1360,73,,http://images.acmesports.sports/Smart+watch ,Smart watch ,0
75871,73,Sporting Goods,2,Fitness,1360,179186,1360,73,,http://images.acmesports.sports/Smart+watch ,Smart watch ,0
75870,73,Sporting Goods,2,Fitness,1360,179185,1360,73,,http://images.acmesports.sports/Smart+watch ,Smart watch ,0
75869,73,Sporting Goods,2,Fitness,1360,179184,1360,73,,http://images.acmesports.sports/Smart+watch ,Smart watch ,0
75868,73,Sporting Goods,2,Fitness,1360,179183,1360,73,,http://images.acmesports.sports/Smart+watch ,Smart watch ,0
75867,73,Sporting Goods,2,Fitness,1360,179182,1360,73,,http://images.acmesports.sports/Smart+watch ,Smart watch ,0
75866,73,Sporting Goods,2,Fitness,1360,179181,1360,73,,http://images.acmesports.sports/Smart+watch ,Smart watch ,0
75865,73,Sporting Goods,2,Fitness,1360,179180,1360,73,,http://images.acmesports.sports/Smart+watch ,Smart watch ,0
75864,73,Sporting Goods,2,Fitness,1360,179179,1360,73,,http://images.acmesports.sports/Smart+watch ,Smart watch ,0
75863,73,Sporting Goods,2,Fitness,1360,179178,1360,73,,http://images.acmesports.sports/Smart+watch ,Smart watch ,0
75862,73,Sporting Goods,2,Fitness,1360,179177,1360,73,,http://images.acmesports.sports/Smart+watch ,Smart watch ,0
75861,73,Sporting Goods,2,Fitness,1360,179176,1360,73,,http://images.acmesports.sports/Smart+watch ,Smart watch ,0
75860,73,Sporting Goods,2,Fitness,1360,179175,1360,73,,http://images.acmesports.sports/Smart+watch ,Smart watch ,0
75859,73,Sporting Goods,2,Fitness,1360,179174,1360,73,,http://images.acmesports.sports/Smart+watch ,Smart watch ,0
75858,73,Sporting Goods,2,Fitness,1360,179173,1360,73,,http://images.acmesports.sports/Smart+watch ,Smart watch ,0
75857,73,Sporting Goods,2,Fitness,1360,179172,1360,73,,http://images.acmesports.sports/Smart+watch ,Smart watch ,0
75856,73,Sporting Goods,2,Fitness,1360,179171,1360,73,,http://images.acmesports.sports/Smart+watch ,Smart watch ,0
75855,73,Sporting Goods,2,Fitness,1360,179170,1360,73,,http://images.acmesports.sports/Smart+watch ,Smart watch ,0
75854,73,Sporting Goods,2,Fitness,1360,179169,1360,73,,http://images.acmesports.sports/Smart+watch ,Smart watch ,0
75853,73,Sporting Goods,2,Fitness,1360,179168,1360,73,,http://images.acmesports.sports/Smart+watch ,Smart watch ,0
75852,73,Sporting Goods,2,Fitness,1360,179167,1360,73,,http://images.acmesports.sports/Smart+watch ,Smart watch ,0
75851,73,Sporting Goods,2,Fitness,1360,179166,1360,73,,http://images.acmesports.sports/Smart+watch ,Smart watch ,0
75850,73,Sporting Goods,2,Fitness,1360,179165,1360,73,,http://images.acmesports.sports/Smart+watch ,Smart watch ,0
75849,73,Sporting Goods,2,Fitness,1360,179164,1360,73,,http://images.acmesports.sports/Smart+watch ,Smart watch ,0
75848,73,Sporting Goods,2,Fitness,1360,179163,1360,73,,http://images.acmesports.sports/Smart+watch ,Smart watch ,0
75847,73,Sporting Goods,2,Fitness,1360,179162,1360,73,,http://images.acmesports.sports/Smart+watch ,Smart watch ,0
75846,73,Sporting Goods,2,Fitness,1360,179161,1360,73,,http://images.acmesports.sports/Smart+watch ,Smart watch ,0
75845,73,Sporting Goods,2,Fitness,1360,179160,1360,73,,http://images.acmesports.sports/Smart+watch ,Smart watch ,0
75844,73,Sporting Goods,2,Fitness,1360,179159,1360,73,,http://images.acmesports.sports/Smart+watch ,Smart watch ,0
75843,73,Sporting Goods,2,Fitness,1360,179158,1360,73,,http://images.acmesports.sports/Smart+watch ,Smart watch ,0
75842,73,Sporting Goods,2,Fitness,1360,179157,1360,73,,http://images.acmesports.sports/Smart+watch ,Smart watch ,0
75841,73,Sporting Goods,2,Fitness,1360,179156,1360,73,,http://images.acmesports.sports/Smart+watch ,Smart watch ,0
75840,73,Sporting Goods,2,Fitness,1360,179155,1360,73,,http://images.acmesports.sports/Smart+watch ,Smart watch ,0
75839,73,Sporting Goods,2,Fitness,1360,179154,1360,73,,http://images.acmesports.sports/Smart+watch ,Smart watch ,0
75838,73,Sporting Goods,2,Fitness,1360,179153,1360,73,,http://images.acmesports.sports/Smart+watch ,Smart watch ,0
75837,73,Sporting Goods,2,Fitness,1360,179152,1360,73,,http://images.acmesports.sports/Smart+watch ,Smart watch ,0
75836,73,Sporting Goods,2,Fitness,1360,179151,1360,73,,http://images.acmesports.sports/Smart+watch ,Smart watch ,0
75835,73,Sporting Goods,2,Fitness,1360,179150,1360,73,,http://images.acmesports.sports/Smart+watch ,Smart watch ,0
75834,73,Sporting Goods,2,Fitness,1360,179149,1360,73,,http://images.acmesports.sports/Smart+watch ,Smart watch ,0
75833,73,Sporting Goods,2,Fitness,1360,179148,1360,73,,http://images.acmesports.sports/Smart+watch ,Smart watch ,0
75832,73,Sporting Goods,2,Fitness,1360,179147,1360,73,,http://images.acmesports.sports/Smart+watch ,Smart watch ,0
75831,73,Sporting Goods,2,Fitness,1360,179146,1360,73,,http://images.acmesports.sports/Smart+watch ,Smart watch ,0
75830,73,Sporting Goods,2,Fitness,1360,179145,1360,73,,http://images.acmesports.sports/Smart+watch ,Smart watch ,0
75829,73,Sporting Goods,2,Fitness,1360,179144,1360,73,,http://images.acmesports.sports/Smart+watch ,Smart watch ,0
75828,73,Sporting Goods,2,Fitness,1360,179143,1360,73,,http://images.acmesports.sports/Smart+watch ,Smart watch ,0
75827,73,Sporting Goods,2,Fitness,1360,179142,1360,73,,http://images.acmesports.sports/Smart+watch ,Smart watch ,0
75826,73,Sporting Goods,2,Fitness,1360,179141,1360,73,,http://images.acmesports.sports/Smart+watch ,Smart watch ,0
75825,73,Sporting Goods,2,Fitness,1360,179140,1360,73,,http://images.acmesports.sports/Smart+watch ,Smart watch ,0
75824,73,Sporting Goods,2,Fitness,1360,179139,1360,73,,http://images.acmesports.sports/Smart+watch ,Smart watch ,0
75823,73,Sporting Goods,2,Fitness,1360,179138,1360,73,,http://images.acmesports.sports/Smart+watch ,Smart watch ,0
75822,73,Sporting Goods,2,Fitness,1360,179137,1360,73,,http://images.acmesports.sports/Smart+watch ,Smart watch ,0
75821,73,Sporting Goods,2,Fitness,1360,179136,1360,73,,http://images.acmesports.sports/Smart+watch ,Smart watch ,0
75820,73,Sporting Goods,2,Fitness,1360,179135,1360,73,,http://images.acmesports.sports/Smart+watch ,Smart watch ,0
75819,73,Sporting Goods,2,Fitness,1360,179134,1360,73,,http://images.acmesports.sports/Smart+watch ,Smart watch ,0
75818,73,Sporting Goods,2,Fitness,1360,179133,1360,73,,http://images.acmesports.sports/Smart+watch ,Smart watch ,0
75817,73,Sporting Goods,2,Fitness,1360,179132,1360,73,,http://images.acmesports.sports/Smart+watch ,Smart watch ,0
75816,73,Sporting Goods,2,Fitness,1360,179131,1360,73,,http://images.acmesports.sports/Smart+watch ,Smart watch ,0
75815,73,Sporting Goods,2,Fitness,1360,179130,1360,73,,http://images.acmesports.sports/Smart+watch ,Smart watch ,0
75814,73,Sporting Goods,2,Fitness,1360,179129,1360,73,,http://images.acmesports.sports/Smart+watch ,Smart watch ,0
75813,73,Sporting Goods,2,Fitness,1360,179128,1360,73,,http://images.acmesports.sports/Smart+watch ,Smart watch ,0
75812,73,Sporting Goods,2,Fitness,1360,179127,1360,73,,http://images.acmesports.sports/Smart+watch ,Smart watch ,0
75811,73,Sporting Goods,2,Fitness,1360,179126,1360,73,,http://images.acmesports.sports/Smart+watch ,Smart watch ,0
75810,73,Sporting Goods,2,Fitness,1360,179125,1360,73,,http://images.acmesports.sports/Smart+watch ,Smart watch ,0
75809,73,Sporting Goods,2,Fitness,1360,179124,1360,73,,http://images.acmesports.sports/Smart+watch ,Smart watch ,0
75808,73,Sporting Goods,2,Fitness,1360,179123,1360,73,,http://images.acmesports.sports/Smart+watch ,Smart watch ,0
75807,73,Sporting Goods,2,Fitness,1360,179122,1360,73,,http://images.acmesports.sports/Smart+watch ,Smart watch ,0
75806,73,Sporting Goods,2,Fitness,1360,179121,1360,73,,http://images.acmesports.sports/Smart+watch ,Smart watch ,0
75805,73,Sporting Goods,2,Fitness,1360,179120,1360,73,,http://images.acmesports.sports/Smart+watch ,Smart watch ,0
75804,73,Sporting Goods,2,Fitness,1360,179119,1360,73,,http://images.acmesports.sports/Smart+watch ,Smart watch ,0
75803,73,Sporting Goods,2,Fitness,1360,179118,1360,73,,http://images.acmesports.sports/Smart+watch ,Smart watch ,0
75802,73,Sporting Goods,2,Fitness,1360,179117,1360,73,,http://images.acmesports.sports/Smart+watch ,Smart watch ,0
75801,73,Sporting Goods,2,Fitness,1360,179116,1360,73,,http://images.acmesports.sports/Smart+watch ,Smart watch ,0
75800,73,Sporting Goods,2,Fitness,1360,179115,1360,73,,http://images.acmesports.sports/Smart+watch ,Smart watch ,0
75799,73,Sporting Goods,2,Fitness,1360,179114,1360,73,,http://images.acmesports.sports/Smart+watch ,Smart watch ,0
75798,73,Sporting Goods,2,Fitness,1360,179113,1360,73,,http://images.acmesports.sports/Smart+watch ,Smart watch ,0
75797,73,Sporting Goods,2,Fitness,1360,179112,1360,73,,http://images.acmesports.sports/Smart+watch ,Smart watch ,0
5895,24,Women's Apparel,5,Golf,502,14667,502,24,,http://images.acmesports.sports/Nike+Men%27s+Dri-FIT+Victory+Golf+Polo,Nike Men's Dri-FIT Victory Golf Polo,0
3130,24,Women's Apparel,5,Golf,502,7792,502,24,,http://images.acmesports.sports/Nike+Men%27s+Dri-FIT+Victory+Golf+Polo,Nike Men's Dri-FIT Victory Golf Polo,0
49521,9,Cardio Equipment,3,Footwear,191,123770,191,9,,http://images.acmesports.sports/Nike+Men%27s+Free+5.0%2B+Running+Shoe,Nike Men's Free 5.0+ Running Shoe,0
30305,29,Shop By Sport,5,Golf,627,75732,627,29,,http://images.acmesports.sports/Under+Armour+Girls%27+Toddler+Spine+Surge+Running+Shoe,Under Armour Girls' Toddler Spine Surge Runni,0
50054,9,Cardio Equipment,3,Footwear,191,125134,191,9,,http://images.acmesports.sports/Nike+Men%27s+Free+5.0%2B+Running+Shoe,Nike Men's Free 5.0+ Running Shoe,0
27772,17,Cleats,4,Apparel,365,69517,365,17,,http://images.acmesports.sports/Perfect+Fitness+Perfect+Rip+Deck,Perfect Fitness Perfect Rip Deck,0
47752,17,Cleats,4,Apparel,365,119406,365,17,,http://images.acmesports.sports/Perfect+Fitness+Perfect+Rip+Deck,Perfect Fitness Perfect Rip Deck,0
31296,17,Cleats,4,Apparel,365,78230,365,17,,http://images.acmesports.sports/Perfect+Fitness+Perfect+Rip+Deck,Perfect Fitness Perfect Rip Deck,0
22076,17,Cleats,4,Apparel,365,55227,365,17,,http://images.acmesports.sports/Perfect+Fitness+Perfect+Rip+Deck,Perfect Fitness Perfect Rip Deck,0
25665,17,Cleats,4,Apparel,365,64279,365,17,,http://images.acmesports.sports/Perfect+Fitness+Perfect+Rip+Deck,Perfect Fitness Perfect Rip Deck,0
31296,24,Women's Apparel,5,Golf,502,78229,502,24,,http://images.acmesports.sports/Nike+Men%27s+Dri-FIT+Victory+Golf+Polo,Nike Men's Dri-FIT Victory Golf Polo,0
22819,29,Shop By Sport,5,Golf,627,57115,627,29,,http://images.acmesports.sports/Under+Armour+Girls%27+Toddler+Spine+Surge+Running+Shoe,Under Armour Girls' Toddler Spine Surge Runni,0
27099,41,Trade-In,6,Outdoors,917,67904,917,41,,http://images.acmesports.sports/Glove+It+Women%27s+Mod+Oval+3-Zip+Carry+All+Golf+Bag,Glove It Women's Mod Oval 3-Zip Carry All Gol,0
28292,41,Trade-In,6,Outdoors,924,70772,924,41,,http://images.acmesports.sports/Glove+It+Urban+Brick+Golf+Towel,Glove It Urban Brick Golf Towel,0
39159,17,Cleats,4,Apparel,365,97738,365,17,,http://images.acmesports.sports/Perfect+Fitness+Perfect+Rip+Deck,Perfect Fitness Perfect Rip Deck,0
32090,6,Tennis & Racquet,2,Fitness,116,80251,116,6,,http://images.acmesports.sports/Nike+Men%27s+Comfort+2+Slide,Nike Men's Comfort 2 Slide,0
34631,9,Cardio Equipment,3,Footwear,191,86490,191,9,,http://images.acmesports.sports/Nike+Men%27s+Free+5.0%2B+Running+Shoe,Nike Men's Free 5.0+ Running Shoe,0
37669,9,Cardio Equipment,3,Footwear,191,94024,191,9,,http://images.acmesports.sports/Nike+Men%27s+Free+5.0%2B+Running+Shoe,Nike Men's Free 5.0+ Running Shoe,0
37669,17,Cleats,4,Apparel,365,94022,365,17,,http://images.acmesports.sports/Perfect+Fitness+Perfect+Rip+Deck,Perfect Fitness Perfect Rip Deck,0
34773,24,Women's Apparel,5,Golf,502,86867,502,24,,http://images.acmesports.sports/Nike+Men%27s+Dri-FIT+Victory+Golf+Polo,Nike Men's Dri-FIT Victory Golf Polo,0
40085,24,Women's Apparel,5,Golf,502,100038,502,24,,http://images.acmesports.sports/Nike+Men%27s+Dri-FIT+Victory+Golf+Polo,Nike Men's Dri-FIT Victory Golf Polo,0
47262,9,Cardio Equipment,3,Footwear,191,118161,191,9,,http://images.acmesports.sports/Nike+Men%27s+Free+5.0%2B+Running+Shoe,Nike Men's Free 5.0+ Running Shoe,0
44771,37,Electronics,6,Outdoors,835,111824,835,37,,http://images.acmesports.sports/Bridgestone+e6+Straight+Distance+NFL+Carolina+Panthers+Golf...,Bridgestone e6 Straight Distance NFL Carolina,0
13890,9,Cardio Equipment,3,Footwear,191,34783,191,9,,http://images.acmesports.sports/Nike+Men%27s+Free+5.0%2B+Running+Shoe,Nike Men's Free 5.0+ Running Shoe,0
17071,13,Electronics,3,Footwear,276,42688,276,13,,http://images.acmesports.sports/Under+Armour+Women%27s+Ignite+Slide,Under Armour Women's Ignite Slide,0
11321,9,Cardio Equipment,3,Footwear,191,28304,191,9,,http://images.acmesports.sports/Nike+Men%27s+Free+5.0%2B+Running+Shoe,Nike Men's Free 5.0+ Running Shoe,0
64813,17,Cleats,4,Apparel,365,162010,365,17,,http://images.acmesports.sports/Perfect+Fitness+Perfect+Rip+Deck,Perfect Fitness Perfect Rip Deck,0
17162,17,Cleats,4,Apparel,365,42917,365,17,,http://images.acmesports.sports/Perfect+Fitness+Perfect+Rip+Deck,Perfect Fitness Perfect Rip Deck,0
12827,17,Cleats,4,Apparel,365,32070,365,17,,http://images.acmesports.sports/Perfect+Fitness+Perfect+Rip+Deck,Perfect Fitness Perfect Rip Deck,0
11936,24,Women's Apparel,5,Golf,502,29833,502,24,,http://images.acmesports.sports/Nike+Men%27s+Dri-FIT+Victory+Golf+Polo,Nike Men's Dri-FIT Victory Golf Polo,0
68337,29,Shop By Sport,5,Golf,627,170841,627,29,,http://images.acmesports.sports/Under+Armour+Girls%27+Toddler+Spine+Surge+Running+Shoe,Under Armour Girls' Toddler Spine Surge Runni,0
45746,24,Women's Apparel,5,Golf,502,114342,502,24,,http://images.acmesports.sports/Nike+Men%27s+Dri-FIT+Victory+Golf+Polo,Nike Men's Dri-FIT Victory Golf Polo,0
64813,24,Women's Apparel,5,Golf,502,162011,502,24,,http://images.acmesports.sports/Nike+Men%27s+Dri-FIT+Victory+Golf+Polo,Nike Men's Dri-FIT Victory Golf Polo,0
13736,24,Women's Apparel,5,Golf,502,34400,502,24,,http://images.acmesports.sports/Nike+Men%27s+Dri-FIT+Victory+Golf+Polo,Nike Men's Dri-FIT Victory Golf Polo,0
49622,29,Shop By Sport,5,Golf,627,124032,627,29,,http://images.acmesports.sports/Under+Armour+Girls%27+Toddler+Spine+Surge+Running+Shoe,Under Armour Girls' Toddler Spine Surge Runni,0
19444,24,Women's Apparel,5,Golf,502,48596,502,24,,http://images.acmesports.sports/Nike+Men%27s+Dri-FIT+Victory+Golf+Polo,Nike Men's Dri-FIT Victory Golf Polo,0
63936,29,Shop By Sport,5,Golf,627,159827,627,29,,http://images.acmesports.sports/Under+Armour+Girls%27+Toddler+Spine+Surge+Running+Shoe,Under Armour Girls' Toddler Spine Surge Runni,0
49622,40,Accessories,6,Outdoors,893,124029,893,40,,http://images.acmesports.sports/Team+Golf+Pittsburgh+Steelers+Putter+Grip,Team Golf Pittsburgh Steelers Putter Grip,0
51911,9,Cardio Equipment,3,Footwear,191,129710,191,9,,http://images.acmesports.sports/Nike+Men%27s+Free+5.0%2B+Running+Shoe,Nike Men's Free 5.0+ Running Shoe,0
58239,9,Cardio Equipment,3,Footwear,191,145723,191,9,,http://images.acmesports.sports/Nike+Men%27s+Free+5.0%2B+Running+Shoe,Nike Men's Free 5.0+ Running Shoe,0
56678,9,Cardio Equipment,3,Footwear,191,141753,191,9,,http://images.acmesports.sports/Nike+Men%27s+Free+5.0%2B+Running+Shoe,Nike Men's Free 5.0+ Running Shoe,0
53202,17,Cleats,4,Apparel,365,132933,365,17,,http://images.acmesports.sports/Perfect+Fitness+Perfect+Rip+Deck,Perfect Fitness Perfect Rip Deck,0
58738,17,Cleats,4,Apparel,365,147023,365,17,,http://images.acmesports.sports/Perfect+Fitness+Perfect+Rip+Deck,Perfect Fitness Perfect Rip Deck,0
56260,17,Cleats,4,Apparel,365,140708,365,17,,http://images.acmesports.sports/Perfect+Fitness+Perfect+Rip+Deck,Perfect Fitness Perfect Rip Deck,0
5042,24,Women's Apparel,5,Golf,502,12615,502,24,,http://images.acmesports.sports/Nike+Men%27s+Dri-FIT+Victory+Golf+Polo,Nike Men's Dri-FIT Victory Golf Polo,0
53202,29,Shop By Sport,5,Golf,627,132934,627,29,,http://images.acmesports.sports/Under+Armour+Girls%27+Toddler+Spine+Surge+Running+Shoe,Under Armour Girls' Toddler Spine Surge Runni,0
55511,24,Women's Apparel,5,Golf,502,138833,502,24,,http://images.acmesports.sports/Nike+Men%27s+Dri-FIT+Victory+Golf+Polo,Nike Men's Dri-FIT Victory Golf Polo,0
54128,37,Electronics,6,Outdoors,823,135348,823,37,,http://images.acmesports.sports/Titleist+Pro+V1x+High+Numbers+Personalized+Golf+Balls,Titleist Pro V1x High Numbers Personalized Go,0
21244,40,Accessories,6,Outdoors,885,53138,885,40,,http://images.acmesports.sports/Team+Golf+St.+Louis+Cardinals+Putter+Grip,Team Golf St. Louis Cardinals Putter Grip,0
47752,17,Cleats,4,Apparel,365,119407,365,17,,http://images.acmesports.sports/Perfect+Fitness+Perfect+Rip+Deck,Perfect Fitness Perfect Rip Deck,0
31239,17,Cleats,4,Apparel,365,78074,365,17,,http://images.acmesports.sports/Perfect+Fitness+Perfect+Rip+Deck,Perfect Fitness Perfect Rip Deck,0
45772,17,Cleats,4,Apparel,365,114415,365,17,,http://images.acmesports.sports/Perfect+Fitness+Perfect+Rip+Deck,Perfect Fitness Perfect Rip Deck,0
24661,29,Shop By Sport,5,Golf,627,61755,627,29,,http://images.acmesports.sports/Under+Armour+Girls%27+Toddler+Spine+Surge+Running+Shoe,Under Armour Girls' Toddler Spine Surge Runni,0
50054,24,Women's Apparel,5,Golf,502,125133,502,24,,http://images.acmesports.sports/Nike+Men%27s+Dri-FIT+Victory+Golf+Polo,Nike Men's Dri-FIT Victory Golf Polo,0
22924,29,Shop By Sport,5,Golf,627,57384,627,29,,http://images.acmesports.sports/Under+Armour+Girls%27+Toddler+Spine+Surge+Running+Shoe,Under Armour Girls' Toddler Spine Surge Runni,0
21902,24,Women's Apparel,5,Golf,502,54783,502,24,,http://images.acmesports.sports/Nike+Men%27s+Dri-FIT+Victory+Golf+Polo,Nike Men's Dri-FIT Victory Golf Polo,0
21534,29,Shop By Sport,5,Golf,627,53838,627,29,,http://images.acmesports.sports/Under+Armour+Girls%27+Toddler+Spine+Surge+Running+Shoe,Under Armour Girls' Toddler Spine Surge Runni,0
45461,24,Women's Apparel,5,Golf,502,113596,502,24,,http://images.acmesports.sports/Nike+Men%27s+Dri-FIT+Victory+Golf+Polo,Nike Men's Dri-FIT Victory Golf Polo,0
24160,40,Accessories,6,Outdoors,885,60432,885,40,,http://images.acmesports.sports/Team+Golf+St.+Louis+Cardinals+Putter+Grip,Team Golf St. Louis Cardinals Putter Grip,0
39159,24,Women's Apparel,5,Golf,502,97737,502,24,,http://images.acmesports.sports/Nike+Men%27s+Dri-FIT+Victory+Golf+Polo,Nike Men's Dri-FIT Victory Golf Polo,0
32102,13,Electronics,3,Footwear,282,80279,282,13,,http://images.acmesports.sports/Under+Armour+Women%27s+Ignite+PIP+VI+Slide,Under Armour Women's Ignite PIP VI Slide,0
37763,17,Cleats,4,Apparel,365,94239,365,17,,http://images.acmesports.sports/Perfect+Fitness+Perfect+Rip+Deck,Perfect Fitness Perfect Rip Deck,0
37867,17,Cleats,4,Apparel,365,94512,365,17,,http://images.acmesports.sports/Perfect+Fitness+Perfect+Rip+Deck,Perfect Fitness Perfect Rip Deck,0
31905,17,Cleats,4,Apparel,365,79729,365,17,,http://images.acmesports.sports/Perfect+Fitness+Perfect+Rip+Deck,Perfect Fitness Perfect Rip Deck,0
36269,17,Cleats,4,Apparel,365,90567,365,17,,http://images.acmesports.sports/Perfect+Fitness+Perfect+Rip+Deck,Perfect Fitness Perfect Rip Deck,0
37867,17,Cleats,4,Apparel,365,94509,365,17,,http://images.acmesports.sports/Perfect+Fitness+Perfect+Rip+Deck,Perfect Fitness Perfect Rip Deck,0
40085,29,Shop By Sport,5,Golf,627,100039,627,29,,http://images.acmesports.sports/Under+Armour+Girls%27+Toddler+Spine+Surge+Running+Shoe,Under Armour Girls' Toddler Spine Surge Runni,0
40085,24,Women's Apparel,5,Golf,502,100036,502,24,,http://images.acmesports.sports/Nike+Men%27s+Dri-FIT+Victory+Golf+Polo,Nike Men's Dri-FIT Victory Golf Polo,0
48374,9,Cardio Equipment,3,Footwear,191,120988,191,9,,http://images.acmesports.sports/Nike+Men%27s+Free+5.0%2B+Running+Shoe,Nike Men's Free 5.0+ Running Shoe,0
48434,24,Women's Apparel,5,Golf,502,121133,502,24,,http://images.acmesports.sports/Nike+Men%27s+Dri-FIT+Victory+Golf+Polo,Nike Men's Dri-FIT Victory Golf Polo,0
17719,9,Cardio Equipment,3,Footwear,191,44274,191,9,,http://images.acmesports.sports/Nike+Men%27s+Free+5.0%2B+Running+Shoe,Nike Men's Free 5.0+ Running Shoe,0
15766,9,Cardio Equipment,3,Footwear,191,39413,191,9,,http://images.acmesports.sports/Nike+Men%27s+Free+5.0%2B+Running+Shoe,Nike Men's Free 5.0+ Running Shoe,0
12179,17,Cleats,4,Apparel,365,30449,365,17,,http://images.acmesports.sports/Perfect+Fitness+Perfect+Rip+Deck,Perfect Fitness Perfect Rip Deck,0
66275,17,Cleats,4,Apparel,365,165672,365,17,,http://images.acmesports.sports/Perfect+Fitness+Perfect+Rip+Deck,Perfect Fitness Perfect Rip Deck,0
13140,17,Cleats,4,Apparel,365,32869,365,17,,http://images.acmesports.sports/Perfect+Fitness+Perfect+Rip+Deck,Perfect Fitness Perfect Rip Deck,0
16444,17,Cleats,4,Apparel,365,41061,365,17,,http://images.acmesports.sports/Perfect+Fitness+Perfect+Rip+Deck,Perfect Fitness Perfect Rip Deck,0
15766,26,Girls' Apparel,5,Golf,572,39411,572,26,,http://images.acmesports.sports/TYR+Boys%27+Team+Digi+Jammer,TYR Boys' Team Digi Jammer,0
65030,24,Women's Apparel,5,Golf,502,162550,502,24,,http://images.acmesports.sports/Nike+Men%27s+Dri-FIT+Victory+Golf+Polo,Nike Men's Dri-FIT Victory Golf Polo,0
14454,24,Women's Apparel,5,Golf,502,36153,502,24,,http://images.acmesports.sports/Nike+Men%27s+Dri-FIT+Victory+Golf+Polo,Nike Men's Dri-FIT Victory Golf Polo,0
13736,24,Women's Apparel,5,Golf,502,34403,502,24,,http://images.acmesports.sports/Nike+Men%27s+Dri-FIT+Victory+Golf+Polo,Nike Men's Dri-FIT Victory Golf Polo,0
67979,29,Shop By Sport,5,Golf,627,169947,627,29,,http://images.acmesports.sports/Under+Armour+Girls%27+Toddler+Spine+Surge+Running+Shoe,Under Armour Girls' Toddler Spine Surge Runni,0
65030,24,Women's Apparel,5,Golf,502,162549,502,24,,http://images.acmesports.sports/Nike+Men%27s+Dri-FIT+Victory+Golf+Polo,Nike Men's Dri-FIT Victory Golf Polo,0
66275,24,Women's Apparel,5,Golf,502,165673,502,24,,http://images.acmesports.sports/Nike+Men%27s+Dri-FIT+Victory+Golf+Polo,Nike Men's Dri-FIT Victory Golf Polo,0
65264,24,Women's Apparel,5,Golf,502,163099,502,24,,http://images.acmesports.sports/Nike+Men%27s+Dri-FIT+Victory+Golf+Polo,Nike Men's Dri-FIT Victory Golf Polo,0
11936,26,Girls' Apparel,5,Golf,565,29830,565,26,,http://images.acmesports.sports/adidas+Youth+Germany+Black%2FRed+Away+Match+Soccer+Jersey,adidas Youth Germany Black/Red Away Match Soc,0
13890,24,Women's Apparel,5,Golf,502,34784,502,24,,http://images.acmesports.sports/Nike+Men%27s+Dri-FIT+Victory+Golf+Polo,Nike Men's Dri-FIT Victory Golf Polo,0
51226,36,Golf Balls,6,Outdoors,804,128006,804,36,,http://images.acmesports.sports/Glove+It+Women%27s+Imperial+Golf+Glove,Glove It Women's Imperial Golf Glove,0
52576,24,Women's Apparel,5,Golf,502,131420,502,24,,http://images.acmesports.sports/Nike+Men%27s+Dri-FIT+Victory+Golf+Polo,Nike Men's Dri-FIT Victory Golf Polo,0
53202,13,Electronics,3,Footwear,282,132932,282,13,,http://images.acmesports.sports/Under+Armour+Women%27s+Ignite+PIP+VI+Slide,Under Armour Women's Ignite PIP VI Slide,0
67753,10,Strength Training,3,Footwear,203,169391,203,10,,http://images.acmesports.sports/GoPro+HERO3%2B+Black+Edition+Camera,GoPro HERO3+ Black Edition Camera,0
15421,9,Cardio Equipment,3,Footwear,191,38553,191,9,,http://images.acmesports.sports/Nike+Men%27s+Free+5.0%2B+Running+Shoe,Nike Men's Free 5.0+ Running Shoe,0
13225,13,Electronics,3,Footwear,273,33089,273,13,,http://images.acmesports.sports/Under+Armour+Kids%27+Mercenary+Slide,Under Armour Kids' Mercenary Slide,0
71362,66,Crafts,4,Apparel,1353,174677,1353,66,,http://images.acmesports.sports/Porcelain+crafts,Porcelain crafts,0
13232,18,Men's Footwear,4,Apparel,403,33103,403,18,,http://images.acmesports.sports/Nike+Men%27s+CJ+Elite+2+TD+Football+Cleat,Nike Men's CJ Elite 2 TD Football Cleat,0
67753,17,Cleats,4,Apparel,364,169394,364,17,,http://images.acmesports.sports/Total+Gym+1400,Total Gym 1400,0
68879,18,Men's Footwear,4,Apparel,403,172187,403,18,,http://images.acmesports.sports/Nike+Men%27s+CJ+Elite+2+TD+Football+Cleat,Nike Men's CJ Elite 2 TD Football Cleat,0
65487,18,Men's Footwear,4,Apparel,403,163675,403,18,,http://images.acmesports.sports/Nike+Men%27s+CJ+Elite+2+TD+Football+Cleat,Nike Men's CJ Elite 2 TD Football Cleat,0
65105,18,Men's Footwear,4,Apparel,403,162708,403,18,,http://images.acmesports.sports/Nike+Men%27s+CJ+Elite+2+TD+Football+Cleat,Nike Men's CJ Elite 2 TD Football Cleat,0
14837,18,Men's Footwear,4,Apparel,403,37151,403,18,,http://images.acmesports.sports/Nike+Men%27s+CJ+Elite+2+TD+Football+Cleat,Nike Men's CJ Elite 2 TD Football Cleat,0
46224,17,Cleats,4,Apparel,365,115551,365,17,,http://images.acmesports.sports/Perfect+Fitness+Perfect+Rip+Deck,Perfect Fitness Perfect Rip Deck,0
71217,66,Crafts,4,Apparel,1353,174532,1353,66,,http://images.acmesports.sports/Porcelain+crafts,Porcelain crafts,0
63972,18,Men's Footwear,4,Apparel,403,159939,403,18,,http://images.acmesports.sports/Nike+Men%27s+CJ+Elite+2+TD+Football+Cleat,Nike Men's CJ Elite 2 TD Football Cleat,0
19200,18,Men's Footwear,4,Apparel,403,47958,403,18,,http://images.acmesports.sports/Nike+Men%27s+CJ+Elite+2+TD+Football+Cleat,Nike Men's CJ Elite 2 TD Football Cleat,0
18009,18,Men's Footwear,4,Apparel,403,45004,403,18,,http://images.acmesports.sports/Nike+Men%27s+CJ+Elite+2+TD+Football+Cleat,Nike Men's CJ Elite 2 TD Football Cleat,0
10831,18,Men's Footwear,4,Apparel,403,27107,403,18,,http://images.acmesports.sports/Nike+Men%27s+CJ+Elite+2+TD+Football+Cleat,Nike Men's CJ Elite 2 TD Football Cleat,0
68107,18,Men's Footwear,4,Apparel,403,170278,403,18,,http://images.acmesports.sports/Nike+Men%27s+CJ+Elite+2+TD+Football+Cleat,Nike Men's CJ Elite 2 TD Football Cleat,0
15421,18,Men's Footwear,4,Apparel,403,38552,403,18,,http://images.acmesports.sports/Nike+Men%27s+CJ+Elite+2+TD+Football+Cleat,Nike Men's CJ Elite 2 TD Football Cleat,0
71271,66,Crafts,4,Apparel,1353,174586,1353,66,,http://images.acmesports.sports/Porcelain+crafts,Porcelain crafts,0
68879,18,Men's Footwear,4,Apparel,403,172186,403,18,,http://images.acmesports.sports/Nike+Men%27s+CJ+Elite+2+TD+Football+Cleat,Nike Men's CJ Elite 2 TD Football Cleat,0
65487,18,Men's Footwear,4,Apparel,403,163673,403,18,,http://images.acmesports.sports/Nike+Men%27s+CJ+Elite+2+TD+Football+Cleat,Nike Men's CJ Elite 2 TD Football Cleat,0
16953,18,Men's Footwear,4,Apparel,403,42378,403,18,,http://images.acmesports.sports/Nike+Men%27s+CJ+Elite+2+TD+Football+Cleat,Nike Men's CJ Elite 2 TD Football Cleat,0
49664,17,Cleats,4,Apparel,365,124146,365,17,,http://images.acmesports.sports/Perfect+Fitness+Perfect+Rip+Deck,Perfect Fitness Perfect Rip Deck,0
16446,18,Men's Footwear,4,Apparel,403,41066,403,18,,http://images.acmesports.sports/Nike+Men%27s+CJ+Elite+2+TD+Football+Cleat,Nike Men's CJ Elite 2 TD Football Cleat,0
10831,18,Men's Footwear,4,Apparel,403,27105,403,18,,http://images.acmesports.sports/Nike+Men%27s+CJ+Elite+2+TD+Football+Cleat,Nike Men's CJ Elite 2 TD Football Cleat,0
14960,17,Cleats,4,Apparel,365,37461,365,17,,http://images.acmesports.sports/Perfect+Fitness+Perfect+Rip+Deck,Perfect Fitness Perfect Rip Deck,0
18005,18,Men's Footwear,4,Apparel,403,44994,403,18,,http://images.acmesports.sports/Nike+Men%27s+CJ+Elite+2+TD+Football+Cleat,Nike Men's CJ Elite 2 TD Football Cleat,0
10831,18,Men's Footwear,4,Apparel,403,27103,403,18,,http://images.acmesports.sports/Nike+Men%27s+CJ+Elite+2+TD+Football+Cleat,Nike Men's CJ Elite 2 TD Football Cleat,0
12804,17,Cleats,4,Apparel,365,32027,365,17,,http://images.acmesports.sports/Perfect+Fitness+Perfect+Rip+Deck,Perfect Fitness Perfect Rip Deck,0
14651,18,Men's Footwear,4,Apparel,403,36657,403,18,,http://images.acmesports.sports/Nike+Men%27s+CJ+Elite+2+TD+Football+Cleat,Nike Men's CJ Elite 2 TD Football Cleat,0
10990,18,Men's Footwear,4,Apparel,403,27538,403,18,,http://images.acmesports.sports/Nike+Men%27s+CJ+Elite+2+TD+Football+Cleat,Nike Men's CJ Elite 2 TD Football Cleat,0
65609,18,Men's Footwear,4,Apparel,403,163966,403,18,,http://images.acmesports.sports/Nike+Men%27s+CJ+Elite+2+TD+Football+Cleat,Nike Men's CJ Elite 2 TD Football Cleat,0
17878,18,Men's Footwear,4,Apparel,403,44667,403,18,,http://images.acmesports.sports/Nike+Men%27s+CJ+Elite+2+TD+Football+Cleat,Nike Men's CJ Elite 2 TD Football Cleat,0
16998,18,Men's Footwear,4,Apparel,403,42501,403,18,,http://images.acmesports.sports/Nike+Men%27s+CJ+Elite+2+TD+Football+Cleat,Nike Men's CJ Elite 2 TD Football Cleat,0
13970,18,Men's Footwear,4,Apparel,403,34955,403,18,,http://images.acmesports.sports/Nike+Men%27s+CJ+Elite+2+TD+Football+Cleat,Nike Men's CJ Elite 2 TD Football Cleat,0
10990,18,Men's Footwear,4,Apparel,403,27537,403,18,,http://images.acmesports.sports/Nike+Men%27s+CJ+Elite+2+TD+Football+Cleat,Nike Men's CJ Elite 2 TD Football Cleat,0
13614,17,Cleats,4,Apparel,365,34101,365,17,,http://images.acmesports.sports/Perfect+Fitness+Perfect+Rip+Deck,Perfect Fitness Perfect Rip Deck,0
44388,18,Men's Footwear,4,Apparel,403,110806,403,18,,http://images.acmesports.sports/Nike+Men%27s+CJ+Elite+2+TD+Football+Cleat,Nike Men's CJ Elite 2 TD Football Cleat,0
13050,17,Cleats,4,Apparel,365,32638,365,17,,http://images.acmesports.sports/Perfect+Fitness+Perfect+Rip+Deck,Perfect Fitness Perfect Rip Deck,0
12613,18,Men's Footwear,4,Apparel,403,31580,403,18,,http://images.acmesports.sports/Nike+Men%27s+CJ+Elite+2+TD+Football+Cleat,Nike Men's CJ Elite 2 TD Football Cleat,0
66587,18,Men's Footwear,4,Apparel,403,166432,403,18,,http://images.acmesports.sports/Nike+Men%27s+CJ+Elite+2+TD+Football+Cleat,Nike Men's CJ Elite 2 TD Football Cleat,0
62795,18,Men's Footwear,4,Apparel,403,156995,403,18,,http://images.acmesports.sports/Nike+Men%27s+CJ+Elite+2+TD+Football+Cleat,Nike Men's CJ Elite 2 TD Football Cleat,0
18950,18,Men's Footwear,4,Apparel,403,47394,403,18,,http://images.acmesports.sports/Nike+Men%27s+CJ+Elite+2+TD+Football+Cleat,Nike Men's CJ Elite 2 TD Football Cleat,0
19610,18,Men's Footwear,4,Apparel,403,49031,403,18,,http://images.acmesports.sports/Nike+Men%27s+CJ+Elite+2+TD+Football+Cleat,Nike Men's CJ Elite 2 TD Football Cleat,0
65011,18,Men's Footwear,4,Apparel,403,162500,403,18,,http://images.acmesports.sports/Nike+Men%27s+CJ+Elite+2+TD+Football+Cleat,Nike Men's CJ Elite 2 TD Football Cleat,0
19380,18,Men's Footwear,4,Apparel,403,48438,403,18,,http://images.acmesports.sports/Nike+Men%27s+CJ+Elite+2+TD+Football+Cleat,Nike Men's CJ Elite 2 TD Football Cleat,0
65005,18,Men's Footwear,4,Apparel,403,162490,403,18,,http://images.acmesports.sports/Nike+Men%27s+CJ+Elite+2+TD+Football+Cleat,Nike Men's CJ Elite 2 TD Football Cleat,0
20085,18,Men's Footwear,4,Apparel,403,50201,403,18,,http://images.acmesports.sports/Nike+Men%27s+CJ+Elite+2+TD+Football+Cleat,Nike Men's CJ Elite 2 TD Football Cleat,0
18245,18,Men's Footwear,4,Apparel,403,45604,403,18,,http://images.acmesports.sports/Nike+Men%27s+CJ+Elite+2+TD+Football+Cleat,Nike Men's CJ Elite 2 TD Football Cleat,0
17810,18,Men's Footwear,4,Apparel,403,44495,403,18,,http://images.acmesports.sports/Nike+Men%27s+CJ+Elite+2+TD+Football+Cleat,Nike Men's CJ Elite 2 TD Football Cleat,0
19817,18,Men's Footwear,4,Apparel,403,49528,403,18,,http://images.acmesports.sports/Nike+Men%27s+CJ+Elite+2+TD+Football+Cleat,Nike Men's CJ Elite 2 TD Football Cleat,0
10444,18,Men's Footwear,4,Apparel,403,26147,403,18,,http://images.acmesports.sports/Nike+Men%27s+CJ+Elite+2+TD+Football+Cleat,Nike Men's CJ Elite 2 TD Football Cleat,0
64637,18,Men's Footwear,4,Apparel,403,161560,403,18,,http://images.acmesports.sports/Nike+Men%27s+CJ+Elite+2+TD+Football+Cleat,Nike Men's CJ Elite 2 TD Football Cleat,0
15269,18,Men's Footwear,4,Apparel,403,38180,403,18,,http://images.acmesports.sports/Nike+Men%27s+CJ+Elite+2+TD+Football+Cleat,Nike Men's CJ Elite 2 TD Football Cleat,0
14064,18,Men's Footwear,4,Apparel,403,35196,403,18,,http://images.acmesports.sports/Nike+Men%27s+CJ+Elite+2+TD+Football+Cleat,Nike Men's CJ Elite 2 TD Football Cleat,0
14551,17,Cleats,4,Apparel,365,36402,365,17,,http://images.acmesports.sports/Perfect+Fitness+Perfect+Rip+Deck,Perfect Fitness Perfect Rip Deck,0
12698,17,Cleats,4,Apparel,365,31771,365,17,,http://images.acmesports.sports/Perfect+Fitness+Perfect+Rip+Deck,Perfect Fitness Perfect Rip Deck,0
47758,18,Men's Footwear,4,Apparel,403,119424,403,18,,http://images.acmesports.sports/Nike+Men%27s+CJ+Elite+2+TD+Football+Cleat,Nike Men's CJ Elite 2 TD Football Cleat,0
68220,18,Men's Footwear,4,Apparel,403,170556,403,18,,http://images.acmesports.sports/Nike+Men%27s+CJ+Elite+2+TD+Football+Cleat,Nike Men's CJ Elite 2 TD Football Cleat,0
14730,18,Men's Footwear,4,Apparel,403,36854,403,18,,http://images.acmesports.sports/Nike+Men%27s+CJ+Elite+2+TD+Football+Cleat,Nike Men's CJ Elite 2 TD Football Cleat,0
66411,18,Men's Footwear,4,Apparel,403,166013,403,18,,http://images.acmesports.sports/Nike+Men%27s+CJ+Elite+2+TD+Football+Cleat,Nike Men's CJ Elite 2 TD Football Cleat,0
12535,18,Men's Footwear,4,Apparel,403,31373,403,18,,http://images.acmesports.sports/Nike+Men%27s+CJ+Elite+2+TD+Football+Cleat,Nike Men's CJ Elite 2 TD Football Cleat,0
67712,18,Men's Footwear,4,Apparel,403,169288,403,18,,http://images.acmesports.sports/Nike+Men%27s+CJ+Elite+2+TD+Football+Cleat,Nike Men's CJ Elite 2 TD Football Cleat,0
18593,18,Men's Footwear,4,Apparel,403,46477,403,18,,http://images.acmesports.sports/Nike+Men%27s+CJ+Elite+2+TD+Football+Cleat,Nike Men's CJ Elite 2 TD Football Cleat,0
17909,18,Men's Footwear,4,Apparel,403,44735,403,18,,http://images.acmesports.sports/Nike+Men%27s+CJ+Elite+2+TD+Football+Cleat,Nike Men's CJ Elite 2 TD Football Cleat,0
16302,18,Men's Footwear,4,Apparel,403,40705,403,18,,http://images.acmesports.sports/Nike+Men%27s+CJ+Elite+2+TD+Football+Cleat,Nike Men's CJ Elite 2 TD Football Cleat,0
14730,18,Men's Footwear,4,Apparel,403,36850,403,18,,http://images.acmesports.sports/Nike+Men%27s+CJ+Elite+2+TD+Football+Cleat,Nike Men's CJ Elite 2 TD Football Cleat,0
13343,18,Men's Footwear,4,Apparel,403,33410,403,18,,http://images.acmesports.sports/Nike+Men%27s+CJ+Elite+2+TD+Football+Cleat,Nike Men's CJ Elite 2 TD Football Cleat,0
62117,17,Cleats,4,Apparel,365,155308,365,17,,http://images.acmesports.sports/Perfect+Fitness+Perfect+Rip+Deck,Perfect Fitness Perfect Rip Deck,0
62637,18,Men's Footwear,4,Apparel,403,156600,403,18,,http://images.acmesports.sports/Nike+Men%27s+CJ+Elite+2+TD+Football+Cleat,Nike Men's CJ Elite 2 TD Football Cleat,0
67845,18,Men's Footwear,4,Apparel,403,169622,403,18,,http://images.acmesports.sports/Nike+Men%27s+CJ+Elite+2+TD+Football+Cleat,Nike Men's CJ Elite 2 TD Football Cleat,0
67712,18,Men's Footwear,4,Apparel,403,169287,403,18,,http://images.acmesports.sports/Nike+Men%27s+CJ+Elite+2+TD+Football+Cleat,Nike Men's CJ Elite 2 TD Football Cleat,0
11209,18,Men's Footwear,4,Apparel,403,28017,403,18,,http://images.acmesports.sports/Nike+Men%27s+CJ+Elite+2+TD+Football+Cleat,Nike Men's CJ Elite 2 TD Football Cleat,0
41494,17,Cleats,4,Apparel,365,103574,365,17,,http://images.acmesports.sports/Perfect+Fitness+Perfect+Rip+Deck,Perfect Fitness Perfect Rip Deck,0
18593,18,Men's Footwear,4,Apparel,403,46473,403,18,,http://images.acmesports.sports/Nike+Men%27s+CJ+Elite+2+TD+Football+Cleat,Nike Men's CJ Elite 2 TD Football Cleat,0
13343,18,Men's Footwear,4,Apparel,403,33408,403,18,,http://images.acmesports.sports/Nike+Men%27s+CJ+Elite+2+TD+Football+Cleat,Nike Men's CJ Elite 2 TD Football Cleat,0
62637,18,Men's Footwear,4,Apparel,403,156598,403,18,,http://images.acmesports.sports/Nike+Men%27s+CJ+Elite+2+TD+Football+Cleat,Nike Men's CJ Elite 2 TD Football Cleat,0
70044,63,Children's Clothing,4,Apparel,1350,173359,1350,63,,http://images.acmesports.sports/Children+heaters,Children's heaters,0
67753,18,Men's Footwear,4,Apparel,403,169392,403,18,,http://images.acmesports.sports/Nike+Men%27s+CJ+Elite+2+TD+Football+Cleat,Nike Men's CJ Elite 2 TD Football Cleat,0
16617,18,Men's Footwear,4,Apparel,403,41532,403,18,,http://images.acmesports.sports/Nike+Men%27s+CJ+Elite+2+TD+Football+Cleat,Nike Men's CJ Elite 2 TD Football Cleat,0
14574,18,Men's Footwear,4,Apparel,403,36449,403,18,,http://images.acmesports.sports/Nike+Men%27s+CJ+Elite+2+TD+Football+Cleat,Nike Men's CJ Elite 2 TD Football Cleat,0
12698,18,Men's Footwear,4,Apparel,403,31770,403,18,,http://images.acmesports.sports/Nike+Men%27s+CJ+Elite+2+TD+Football+Cleat,Nike Men's CJ Elite 2 TD Football Cleat,0
15599,18,Men's Footwear,4,Apparel,403,39000,403,18,,http://images.acmesports.sports/Nike+Men%27s+CJ+Elite+2+TD+Football+Cleat,Nike Men's CJ Elite 2 TD Football Cleat,0
13343,18,Men's Footwear,4,Apparel,403,33407,403,18,,http://images.acmesports.sports/Nike+Men%27s+CJ+Elite+2+TD+Football+Cleat,Nike Men's CJ Elite 2 TD Football Cleat,0
20072,18,Men's Footwear,4,Apparel,403,50172,403,18,,http://images.acmesports.sports/Nike+Men%27s+CJ+Elite+2+TD+Football+Cleat,Nike Men's CJ Elite 2 TD Football Cleat,0
12323,17,Cleats,4,Apparel,365,30793,365,17,,http://images.acmesports.sports/Perfect+Fitness+Perfect+Rip+Deck,Perfect Fitness Perfect Rip Deck,0
71295,66,Crafts,4,Apparel,1353,174610,1353,66,,http://images.acmesports.sports/Porcelain+crafts,Porcelain crafts,0
66351,18,Men's Footwear,4,Apparel,403,165859,403,18,,http://images.acmesports.sports/Nike+Men%27s+CJ+Elite+2+TD+Football+Cleat,Nike Men's CJ Elite 2 TD Football Cleat,0
12698,18,Men's Footwear,4,Apparel,403,31769,403,18,,http://images.acmesports.sports/Nike+Men%27s+CJ+Elite+2+TD+Football+Cleat,Nike Men's CJ Elite 2 TD Football Cleat,0
44148,18,Men's Footwear,4,Apparel,403,110243,403,18,,http://images.acmesports.sports/Nike+Men%27s+CJ+Elite+2+TD+Football+Cleat,Nike Men's CJ Elite 2 TD Football Cleat,0
53540,17,Cleats,4,Apparel,365,133806,365,17,,http://images.acmesports.sports/Perfect+Fitness+Perfect+Rip+Deck,Perfect Fitness Perfect Rip Deck,0
53069,17,Cleats,4,Apparel,365,132641,365,17,,http://images.acmesports.sports/Perfect+Fitness+Perfect+Rip+Deck,Perfect Fitness Perfect Rip Deck,0
57570,17,Cleats,4,Apparel,365,144015,365,17,,http://images.acmesports.sports/Perfect+Fitness+Perfect+Rip+Deck,Perfect Fitness Perfect Rip Deck,0
5154,17,Cleats,4,Apparel,365,12871,365,17,,http://images.acmesports.sports/Perfect+Fitness+Perfect+Rip+Deck,Perfect Fitness Perfect Rip Deck,0
9122,17,Cleats,4,Apparel,365,22760,365,17,,http://images.acmesports.sports/Perfect+Fitness+Perfect+Rip+Deck,Perfect Fitness Perfect Rip Deck,0
4427,17,Cleats,4,Apparel,365,11090,365,17,,http://images.acmesports.sports/Perfect+Fitness+Perfect+Rip+Deck,Perfect Fitness Perfect Rip Deck,0
9340,17,Cleats,4,Apparel,365,23308,365,17,,http://images.acmesports.sports/Perfect+Fitness+Perfect+Rip+Deck,Perfect Fitness Perfect Rip Deck,0
9331,17,Cleats,4,Apparel,365,23280,365,17,,http://images.acmesports.sports/Perfect+Fitness+Perfect+Rip+Deck,Perfect Fitness Perfect Rip Deck,0
58315,17,Cleats,4,Apparel,365,145934,365,17,,http://images.acmesports.sports/Perfect+Fitness+Perfect+Rip+Deck,Perfect Fitness Perfect Rip Deck,0
54572,17,Cleats,4,Apparel,365,136489,365,17,,http://images.acmesports.sports/Perfect+Fitness+Perfect+Rip+Deck,Perfect Fitness Perfect Rip Deck,0
51746,29,Shop By Sport,5,Golf,627,129285,627,29,,http://images.acmesports.sports/Under+Armour+Girls%27+Toddler+Spine+Surge+Running+Shoe,Under Armour Girls' Toddler Spine Surge Runni,0
4269,24,Women's Apparel,5,Golf,502,10673,502,24,,http://images.acmesports.sports/Nike+Men%27s+Dri-FIT+Victory+Golf+Polo,Nike Men's Dri-FIT Victory Golf Polo,0
61346,29,Shop By Sport,5,Golf,627,153470,627,29,,http://images.acmesports.sports/Under+Armour+Girls%27+Toddler+Spine+Surge+Running+Shoe,Under Armour Girls' Toddler Spine Surge Runni,0
1999,24,Women's Apparel,5,Golf,502,5000,502,24,,http://images.acmesports.sports/Nike+Men%27s+Dri-FIT+Victory+Golf+Polo,Nike Men's Dri-FIT Victory Golf Polo,0
53576,26,Girls' Apparel,5,Golf,565,133897,565,26,,http://images.acmesports.sports/adidas+Youth+Germany+Black%2FRed+Away+Match+Soccer+Jersey,adidas Youth Germany Black/Red Away Match Soc,0
57152,24,Women's Apparel,5,Golf,502,142954,502,24,,http://images.acmesports.sports/Nike+Men%27s+Dri-FIT+Victory+Golf+Polo,Nike Men's Dri-FIT Victory Golf Polo,0
51674,26,Girls' Apparel,5,Golf,567,129114,567,26,,http://images.acmesports.sports/adidas+Men%27s+Germany+Black+Crest+Away+Tee,adidas Men's Germany Black Crest Away Tee,0
55336,29,Shop By Sport,5,Golf,627,138382,627,29,,http://images.acmesports.sports/Under+Armour+Girls%27+Toddler+Spine+Surge+Running+Shoe,Under Armour Girls' Toddler Spine Surge Runni,0
53810,29,Shop By Sport,5,Golf,627,134532,627,29,,http://images.acmesports.sports/Under+Armour+Girls%27+Toddler+Spine+Surge+Running+Shoe,Under Armour Girls' Toddler Spine Surge Runni,0
59301,24,Women's Apparel,5,Golf,502,148446,502,24,,http://images.acmesports.sports/Nike+Men%27s+Dri-FIT+Victory+Golf+Polo,Nike Men's Dri-FIT Victory Golf Polo,0
8410,24,Women's Apparel,5,Golf,502,20995,502,24,,http://images.acmesports.sports/Nike+Men%27s+Dri-FIT+Victory+Golf+Polo,Nike Men's Dri-FIT Victory Golf Polo,0
8123,24,Women's Apparel,5,Golf,502,20277,502,24,,http://images.acmesports.sports/Nike+Men%27s+Dri-FIT+Victory+Golf+Polo,Nike Men's Dri-FIT Victory Golf Polo,0
60567,24,Women's Apparel,5,Golf,502,151598,502,24,,http://images.acmesports.sports/Nike+Men%27s+Dri-FIT+Victory+Golf+Polo,Nike Men's Dri-FIT Victory Golf Polo,0
2203,24,Women's Apparel,5,Golf,502,5523,502,24,,http://images.acmesports.sports/Nike+Men%27s+Dri-FIT+Victory+Golf+Polo,Nike Men's Dri-FIT Victory Golf Polo,0
3527,26,Girls' Apparel,5,Golf,572,8768,572,26,,http://images.acmesports.sports/TYR+Boys%27+Team+Digi+Jammer,TYR Boys' Team Digi Jammer,0
2428,29,Shop By Sport,5,Golf,627,6064,627,29,,http://images.acmesports.sports/Under+Armour+Girls%27+Toddler+Spine+Surge+Running+Shoe,Under Armour Girls' Toddler Spine Surge Runni,0
55174,24,Women's Apparel,5,Golf,502,137981,502,24,,http://images.acmesports.sports/Nike+Men%27s+Dri-FIT+Victory+Golf+Polo,Nike Men's Dri-FIT Victory Golf Polo,0
57032,24,Women's Apparel,5,Golf,502,142664,502,24,,http://images.acmesports.sports/Nike+Men%27s+Dri-FIT+Victory+Golf+Polo,Nike Men's Dri-FIT Victory Golf Polo,0
10113,24,Women's Apparel,5,Golf,502,25272,502,24,,http://images.acmesports.sports/Nike+Men%27s+Dri-FIT+Victory+Golf+Polo,Nike Men's Dri-FIT Victory Golf Polo,0
52250,24,Women's Apparel,5,Golf,502,130535,502,24,,http://images.acmesports.sports/Nike+Men%27s+Dri-FIT+Victory+Golf+Polo,Nike Men's Dri-FIT Victory Golf Polo,0
8906,24,Women's Apparel,5,Golf,502,22214,502,24,,http://images.acmesports.sports/Nike+Men%27s+Dri-FIT+Victory+Golf+Polo,Nike Men's Dri-FIT Victory Golf Polo,0
1386,29,Shop By Sport,5,Golf,627,3424,627,29,,http://images.acmesports.sports/Under+Armour+Girls%27+Toddler+Spine+Surge+Running+Shoe,Under Armour Girls' Toddler Spine Surge Runni,0
59226,29,Shop By Sport,5,Golf,627,148243,627,29,,http://images.acmesports.sports/Under+Armour+Girls%27+Toddler+Spine+Surge+Running+Shoe,Under Armour Girls' Toddler Spine Surge Runni,0
8847,24,Women's Apparel,5,Golf,502,22094,502,24,,http://images.acmesports.sports/Nike+Men%27s+Dri-FIT+Victory+Golf+Polo,Nike Men's Dri-FIT Victory Golf Polo,0
57929,29,Shop By Sport,5,Golf,627,144928,627,29,,http://images.acmesports.sports/Under+Armour+Girls%27+Toddler+Spine+Surge+Running+Shoe,Under Armour Girls' Toddler Spine Surge Runni,0
53505,24,Women's Apparel,5,Golf,502,133703,502,24,,http://images.acmesports.sports/Nike+Men%27s+Dri-FIT+Victory+Golf+Polo,Nike Men's Dri-FIT Victory Golf Polo,0
55636,26,Girls' Apparel,5,Golf,565,139149,565,26,,http://images.acmesports.sports/adidas+Youth+Germany+Black%2FRed+Away+Match+Soccer+Jersey,adidas Youth Germany Black/Red Away Match Soc,0
57128,37,Electronics,6,Outdoors,818,142889,818,37,,http://images.acmesports.sports/Titleist+Pro+V1x+Golf+Balls,Titleist Pro V1x Golf Balls,0
8728,40,Accessories,6,Outdoors,897,21771,897,40,,http://images.acmesports.sports/Team+Golf+New+England+Patriots+Putter+Grip,Team Golf New England Patriots Putter Grip,0
1105,37,Electronics,6,Outdoors,818,2749,818,37,,http://images.acmesports.sports/Titleist+Pro+V1x+Golf+Balls,Titleist Pro V1x Golf Balls,0
1797,40,Accessories,6,Outdoors,886,4490,886,40,,http://images.acmesports.sports/Team+Golf+San+Francisco+Giants+Putter+Grip,Team Golf San Francisco Giants Putter Grip,0
1634,40,Accessories,6,Outdoors,905,4065,905,40,,http://images.acmesports.sports/Team+Golf+Texas+Longhorns+Putter+Grip,Team Golf Texas Longhorns Putter Grip,0
53576,41,Trade-In,6,Outdoors,924,133898,924,41,,http://images.acmesports.sports/Glove+It+Urban+Brick+Golf+Towel,Glove It Urban Brick Golf Towel,0
10113,40,Accessories,6,Outdoors,893,25271,893,40,,http://images.acmesports.sports/Team+Golf+Pittsburgh+Steelers+Putter+Grip,Team Golf Pittsburgh Steelers Putter Grip,0
6176,17,Cleats,4,Apparel,365,15435,365,17,,http://images.acmesports.sports/Perfect+Fitness+Perfect+Rip+Deck,Perfect Fitness Perfect Rip Deck,0
60460,17,Cleats,4,Apparel,365,151294,365,17,,http://images.acmesports.sports/Perfect+Fitness+Perfect+Rip+Deck,Perfect Fitness Perfect Rip Deck,0
580,17,Cleats,4,Apparel,365,1424,365,17,,http://images.acmesports.sports/Perfect+Fitness+Perfect+Rip+Deck,Perfect Fitness Perfect Rip Deck,0
56244,17,Cleats,4,Apparel,365,140672,365,17,,http://images.acmesports.sports/Perfect+Fitness+Perfect+Rip+Deck,Perfect Fitness Perfect Rip Deck,0
6522,17,Cleats,4,Apparel,365,16305,365,17,,http://images.acmesports.sports/Perfect+Fitness+Perfect+Rip+Deck,Perfect Fitness Perfect Rip Deck,0
58298,17,Cleats,4,Apparel,365,145886,365,17,,http://images.acmesports.sports/Perfect+Fitness+Perfect+Rip+Deck,Perfect Fitness Perfect Rip Deck,0
3625,29,Shop By Sport,5,Golf,627,9026,627,29,,http://images.acmesports.sports/Under+Armour+Girls%27+Toddler+Spine+Surge+Running+Shoe,Under Armour Girls' Toddler Spine Surge Runni,0
52321,24,Women's Apparel,5,Golf,502,130737,502,24,,http://images.acmesports.sports/Nike+Men%27s+Dri-FIT+Victory+Golf+Polo,Nike Men's Dri-FIT Victory Golf Polo,0
58896,24,Women's Apparel,5,Golf,502,147424,502,24,,http://images.acmesports.sports/Nike+Men%27s+Dri-FIT+Victory+Golf+Polo,Nike Men's Dri-FIT Victory Golf Polo,0
5919,26,Girls' Apparel,5,Golf,565,14727,565,26,,http://images.acmesports.sports/adidas+Youth+Germany+Black%2FRed+Away+Match+Soccer+Jersey,adidas Youth Germany Black/Red Away Match Soc,0
52772,24,Women's Apparel,5,Golf,502,131932,502,24,,http://images.acmesports.sports/Nike+Men%27s+Dri-FIT+Victory+Golf+Polo,Nike Men's Dri-FIT Victory Golf Polo,0
9063,26,Girls' Apparel,5,Golf,564,22602,564,26,,http://images.acmesports.sports/Nike+Men%27s+Deutschland+Weltmeister+Winners+Black+T-Shirt,Nike Men's Deutschland Weltmeister Winners Bl,0
61419,24,Women's Apparel,5,Golf,502,153614,502,24,,http://images.acmesports.sports/Nike+Men%27s+Dri-FIT+Victory+Golf+Polo,Nike Men's Dri-FIT Victory Golf Polo,0
5919,29,Shop By Sport,5,Golf,627,14724,627,29,,http://images.acmesports.sports/Under+Armour+Girls%27+Toddler+Spine+Surge+Running+Shoe,Under Armour Girls' Toddler Spine Surge Runni,0
27742,9,Cardio Equipment,3,Footwear,191,69461,191,9,,http://images.acmesports.sports/Nike+Men%27s+Free+5.0%2B+Running+Shoe,Nike Men's Free 5.0+ Running Shoe,0
24453,9,Cardio Equipment,3,Footwear,191,61194,191,9,,http://images.acmesports.sports/Nike+Men%27s+Free+5.0%2B+Running+Shoe,Nike Men's Free 5.0+ Running Shoe,0
31145,9,Cardio Equipment,3,Footwear,191,77830,191,9,,http://images.acmesports.sports/Nike+Men%27s+Free+5.0%2B+Running+Shoe,Nike Men's Free 5.0+ Running Shoe,0
30802,3,Baseball & Softball,2,Fitness,37,76951,37,3,,http://images.acmesports.sports/adidas+Kids%27+F5+Messi+FG+Soccer+Cleat,adidas Kids' F5 Messi FG Soccer Cleat,0
25875,13,Electronics,3,Footwear,282,64767,282,13,,http://images.acmesports.sports/Under+Armour+Women%27s+Ignite+PIP+VI+Slide,Under Armour Women's Ignite PIP VI Slide,0
30589,9,Cardio Equipment,3,Footwear,172,76457,172,9,,http://images.acmesports.sports/Nike+Women%27s+Tempo+Shorts,Nike Women's Tempo Shorts,0
20931,9,Cardio Equipment,3,Footwear,191,52295,191,9,,http://images.acmesports.sports/Nike+Men%27s+Free+5.0%2B+Running+Shoe,Nike Men's Free 5.0+ Running Shoe,0
45646,9,Cardio Equipment,3,Footwear,191,114090,191,9,,http://images.acmesports.sports/Nike+Men%27s+Free+5.0%2B+Running+Shoe,Nike Men's Free 5.0+ Running Shoe,0
29731,9,Cardio Equipment,3,Footwear,191,74379,191,9,,http://images.acmesports.sports/Nike+Men%27s+Free+5.0%2B+Running+Shoe,Nike Men's Free 5.0+ Running Shoe,0
42777,9,Cardio Equipment,3,Footwear,191,106778,191,9,,http://images.acmesports.sports/Nike+Men%27s+Free+5.0%2B+Running+Shoe,Nike Men's Free 5.0+ Running Shoe,0
23886,9,Cardio Equipment,3,Footwear,191,59793,191,9,,http://images.acmesports.sports/Nike+Men%27s+Free+5.0%2B+Running+Shoe,Nike Men's Free 5.0+ Running Shoe,0
43561,13,Electronics,3,Footwear,276,108786,276,13,,http://images.acmesports.sports/Under+Armour+Women%27s+Ignite+Slide,Under Armour Women's Ignite Slide,0
47846,9,Cardio Equipment,3,Footwear,191,119635,191,9,,http://images.acmesports.sports/Nike+Men%27s+Free+5.0%2B+Running+Shoe,Nike Men's Free 5.0+ Running Shoe,0
21192,17,Cleats,4,Apparel,365,53007,365,17,,http://images.acmesports.sports/Perfect+Fitness+Perfect+Rip+Deck,Perfect Fitness Perfect Rip Deck,0
23156,17,Cleats,4,Apparel,365,57969,365,17,,http://images.acmesports.sports/Perfect+Fitness+Perfect+Rip+Deck,Perfect Fitness Perfect Rip Deck,0
22811,17,Cleats,4,Apparel,365,57092,365,17,,http://images.acmesports.sports/Perfect+Fitness+Perfect+Rip+Deck,Perfect Fitness Perfect Rip Deck,0
25418,17,Cleats,4,Apparel,365,63668,365,17,,http://images.acmesports.sports/Perfect+Fitness+Perfect+Rip+Deck,Perfect Fitness Perfect Rip Deck,0
47092,17,Cleats,4,Apparel,365,117694,365,17,,http://images.acmesports.sports/Perfect+Fitness+Perfect+Rip+Deck,Perfect Fitness Perfect Rip Deck,0
42658,17,Cleats,4,Apparel,365,106479,365,17,,http://images.acmesports.sports/Perfect+Fitness+Perfect+Rip+Deck,Perfect Fitness Perfect Rip Deck,0
23494,17,Cleats,4,Apparel,365,58784,365,17,,http://images.acmesports.sports/Perfect+Fitness+Perfect+Rip+Deck,Perfect Fitness Perfect Rip Deck,0
27316,17,Cleats,4,Apparel,365,68417,365,17,,http://images.acmesports.sports/Perfect+Fitness+Perfect+Rip+Deck,Perfect Fitness Perfect Rip Deck,0
20931,17,Cleats,4,Apparel,365,52296,365,17,,http://images.acmesports.sports/Perfect+Fitness+Perfect+Rip+Deck,Perfect Fitness Perfect Rip Deck,0
27555,17,Cleats,4,Apparel,365,68975,365,17,,http://images.acmesports.sports/Perfect+Fitness+Perfect+Rip+Deck,Perfect Fitness Perfect Rip Deck,0
28657,29,Shop By Sport,5,Golf,627,71724,627,29,,http://images.acmesports.sports/Under+Armour+Girls%27+Toddler+Spine+Surge+Running+Shoe,Under Armour Girls' Toddler Spine Surge Runni,0
47011,24,Women's Apparel,5,Golf,502,117485,502,24,,http://images.acmesports.sports/Nike+Men%27s+Dri-FIT+Victory+Golf+Polo,Nike Men's Dri-FIT Victory Golf Polo,0
47846,24,Women's Apparel,5,Golf,502,119639,502,24,,http://images.acmesports.sports/Nike+Men%27s+Dri-FIT+Victory+Golf+Polo,Nike Men's Dri-FIT Victory Golf Polo,0
21973,29,Shop By Sport,5,Golf,627,54960,627,29,,http://images.acmesports.sports/Under+Armour+Girls%27+Toddler+Spine+Surge+Running+Shoe,Under Armour Girls' Toddler Spine Surge Runni,0
50226,24,Women's Apparel,5,Golf,502,125535,502,24,,http://images.acmesports.sports/Nike+Men%27s+Dri-FIT+Victory+Golf+Polo,Nike Men's Dri-FIT Victory Golf Polo,0
44617,24,Women's Apparel,5,Golf,502,111395,502,24,,http://images.acmesports.sports/Nike+Men%27s+Dri-FIT+Victory+Golf+Polo,Nike Men's Dri-FIT Victory Golf Polo,0
21196,24,Women's Apparel,5,Golf,502,53018,502,24,,http://images.acmesports.sports/Nike+Men%27s+Dri-FIT+Victory+Golf+Polo,Nike Men's Dri-FIT Victory Golf Polo,0
21193,24,Women's Apparel,5,Golf,502,53008,502,24,,http://images.acmesports.sports/Nike+Men%27s+Dri-FIT+Victory+Golf+Polo,Nike Men's Dri-FIT Victory Golf Polo,0
26073,24,Women's Apparel,5,Golf,502,65260,502,24,,http://images.acmesports.sports/Nike+Men%27s+Dri-FIT+Victory+Golf+Polo,Nike Men's Dri-FIT Victory Golf Polo,0
44425,9,Cardio Equipment,3,Footwear,191,110912,191,9,,http://images.acmesports.sports/Nike+Men%27s+Free+5.0%2B+Running+Shoe,Nike Men's Free 5.0+ Running Shoe,0
49570,9,Cardio Equipment,3,Footwear,191,123876,191,9,,http://images.acmesports.sports/Nike+Men%27s+Free+5.0%2B+Running+Shoe,Nike Men's Free 5.0+ Running Shoe,0
42099,17,Cleats,4,Apparel,365,105110,365,17,,http://images.acmesports.sports/Perfect+Fitness+Perfect+Rip+Deck,Perfect Fitness Perfect Rip Deck,0
47731,17,Cleats,4,Apparel,365,119355,365,17,,http://images.acmesports.sports/Perfect+Fitness+Perfect+Rip+Deck,Perfect Fitness Perfect Rip Deck,0
46062,17,Cleats,4,Apparel,365,115136,365,17,,http://images.acmesports.sports/Perfect+Fitness+Perfect+Rip+Deck,Perfect Fitness Perfect Rip Deck,0
44938,17,Cleats,4,Apparel,365,112233,365,17,,http://images.acmesports.sports/Perfect+Fitness+Perfect+Rip+Deck,Perfect Fitness Perfect Rip Deck,0
50688,17,Cleats,4,Apparel,365,126673,365,17,,http://images.acmesports.sports/Perfect+Fitness+Perfect+Rip+Deck,Perfect Fitness Perfect Rip Deck,0
49445,17,Cleats,4,Apparel,365,123581,365,17,,http://images.acmesports.sports/Perfect+Fitness+Perfect+Rip+Deck,Perfect Fitness Perfect Rip Deck,0
47938,29,Shop By Sport,5,Golf,627,119885,627,29,,http://images.acmesports.sports/Under+Armour+Girls%27+Toddler+Spine+Surge+Running+Shoe,Under Armour Girls' Toddler Spine Surge Runni,0
45249,29,Shop By Sport,5,Golf,627,113056,627,29,,http://images.acmesports.sports/Under+Armour+Girls%27+Toddler+Spine+Surge+Running+Shoe,Under Armour Girls' Toddler Spine Surge Runni,0
41874,24,Women's Apparel,5,Golf,502,104525,502,24,,http://images.acmesports.sports/Nike+Men%27s+Dri-FIT+Victory+Golf+Polo,Nike Men's Dri-FIT Victory Golf Polo,0
41572,24,Women's Apparel,5,Golf,502,103766,502,24,,http://images.acmesports.sports/Nike+Men%27s+Dri-FIT+Victory+Golf+Polo,Nike Men's Dri-FIT Victory Golf Polo,0
46062,24,Women's Apparel,5,Golf,502,115138,502,24,,http://images.acmesports.sports/Nike+Men%27s+Dri-FIT+Victory+Golf+Polo,Nike Men's Dri-FIT Victory Golf Polo,0
41785,29,Shop By Sport,5,Golf,627,104306,627,29,,http://images.acmesports.sports/Under+Armour+Girls%27+Toddler+Spine+Surge+Running+Shoe,Under Armour Girls' Toddler Spine Surge Runni,0
42971,29,Shop By Sport,5,Golf,627,107336,627,29,,http://images.acmesports.sports/Under+Armour+Girls%27+Toddler+Spine+Surge+Running+Shoe,Under Armour Girls' Toddler Spine Surge Runni,0
44677,24,Women's Apparel,5,Golf,502,111568,502,24,,http://images.acmesports.sports/Nike+Men%27s+Dri-FIT+Victory+Golf+Polo,Nike Men's Dri-FIT Victory Golf Polo,0
43266,24,Women's Apparel,5,Golf,502,108079,502,24,,http://images.acmesports.sports/Nike+Men%27s+Dri-FIT+Victory+Golf+Polo,Nike Men's Dri-FIT Victory Golf Polo,0
50688,29,Shop By Sport,5,Golf,627,126672,627,29,,http://images.acmesports.sports/Under+Armour+Girls%27+Toddler+Spine+Surge+Running+Shoe,Under Armour Girls' Toddler Spine Surge Runni,0
47917,24,Women's Apparel,5,Golf,502,119835,502,24,,http://images.acmesports.sports/Nike+Men%27s+Dri-FIT+Victory+Golf+Polo,Nike Men's Dri-FIT Victory Golf Polo,0
48901,36,Golf Balls,6,Outdoors,810,122273,810,36,,http://images.acmesports.sports/Glove+It+Women%27s+Mod+Oval+Golf+Glove,Glove It Women's Mod Oval Golf Glove,0
44265,6,Tennis & Racquet,2,Fitness,116,110520,116,6,,http://images.acmesports.sports/Nike+Men%27s+Comfort+2+Slide,Nike Men's Comfort 2 Slide,0
41590,9,Cardio Equipment,3,Footwear,191,103813,191,9,,http://images.acmesports.sports/Nike+Men%27s+Free+5.0%2B+Running+Shoe,Nike Men's Free 5.0+ Running Shoe,0
45987,17,Cleats,4,Apparel,365,114931,365,17,,http://images.acmesports.sports/Perfect+Fitness+Perfect+Rip+Deck,Perfect Fitness Perfect Rip Deck,0
44452,24,Women's Apparel,5,Golf,502,110981,502,24,,http://images.acmesports.sports/Nike+Men%27s+Dri-FIT+Victory+Golf+Polo,Nike Men's Dri-FIT Victory Golf Polo,0
49218,29,Shop By Sport,5,Golf,627,123061,627,29,,http://images.acmesports.sports/Under+Armour+Girls%27+Toddler+Spine+Surge+Running+Shoe,Under Armour Girls' Toddler Spine Surge Runni,0
47840,26,Girls' Apparel,5,Golf,565,119624,565,26,,http://images.acmesports.sports/adidas+Youth+Germany+Black%2FRed+Away+Match+Soccer+Jersey,adidas Youth Germany Black/Red Away Match Soc,0
47493,29,Shop By Sport,5,Golf,627,118732,627,29,,http://images.acmesports.sports/Under+Armour+Girls%27+Toddler+Spine+Surge+Running+Shoe,Under Armour Girls' Toddler Spine Surge Runni,0
45987,24,Women's Apparel,5,Golf,502,114932,502,24,,http://images.acmesports.sports/Nike+Men%27s+Dri-FIT+Victory+Golf+Polo,Nike Men's Dri-FIT Victory Golf Polo,0
41590,37,Electronics,6,Outdoors,821,103814,821,37,,http://images.acmesports.sports/Titleist+Pro+V1+High+Numbers+Personalized+Golf+Balls,Titleist Pro V1 High Numbers Personalized Gol,0
64274,9,Cardio Equipment,3,Footwear,191,160678,191,9,,http://images.acmesports.sports/Nike+Men%27s+Free+5.0%2B+Running+Shoe,Nike Men's Free 5.0+ Running Shoe,0
13298,17,Cleats,4,Apparel,365,33275,365,17,,http://images.acmesports.sports/Perfect+Fitness+Perfect+Rip+Deck,Perfect Fitness Perfect Rip Deck,0
62786,17,Cleats,4,Apparel,365,156977,365,17,,http://images.acmesports.sports/Perfect+Fitness+Perfect+Rip+Deck,Perfect Fitness Perfect Rip Deck,0
13939,17,Cleats,4,Apparel,365,34880,365,17,,http://images.acmesports.sports/Perfect+Fitness+Perfect+Rip+Deck,Perfect Fitness Perfect Rip Deck,0
46864,17,Cleats,4,Apparel,365,117157,365,17,,http://images.acmesports.sports/Perfect+Fitness+Perfect+Rip+Deck,Perfect Fitness Perfect Rip Deck,0
16590,17,Cleats,4,Apparel,365,41460,365,17,,http://images.acmesports.sports/Perfect+Fitness+Perfect+Rip+Deck,Perfect Fitness Perfect Rip Deck,0
62840,17,Cleats,4,Apparel,365,157125,365,17,,http://images.acmesports.sports/Perfect+Fitness+Perfect+Rip+Deck,Perfect Fitness Perfect Rip Deck,0
66959,24,Women's Apparel,5,Golf,502,167372,502,24,,http://images.acmesports.sports/Nike+Men%27s+Dri-FIT+Victory+Golf+Polo,Nike Men's Dri-FIT Victory Golf Polo,0
63220,29,Shop By Sport,5,Golf,627,158064,627,29,,http://images.acmesports.sports/Under+Armour+Girls%27+Toddler+Spine+Surge+Running+Shoe,Under Armour Girls' Toddler Spine Surge Runni,0
19642,24,Women's Apparel,5,Golf,502,49112,502,24,,http://images.acmesports.sports/Nike+Men%27s+Dri-FIT+Victory+Golf+Polo,Nike Men's Dri-FIT Victory Golf Polo,0
65439,24,Women's Apparel,5,Golf,502,163539,502,24,,http://images.acmesports.sports/Nike+Men%27s+Dri-FIT+Victory+Golf+Polo,Nike Men's Dri-FIT Victory Golf Polo,0
62840,24,Women's Apparel,5,Golf,502,157124,502,24,,http://images.acmesports.sports/Nike+Men%27s+Dri-FIT+Victory+Golf+Polo,Nike Men's Dri-FIT Victory Golf Polo,0
17363,24,Women's Apparel,5,Golf,502,43391,502,24,,http://images.acmesports.sports/Nike+Men%27s+Dri-FIT+Victory+Golf+Polo,Nike Men's Dri-FIT Victory Golf Polo,0
13298,29,Shop By Sport,5,Golf,627,33272,627,29,,http://images.acmesports.sports/Under+Armour+Girls%27+Toddler+Spine+Surge+Running+Shoe,Under Armour Girls' Toddler Spine Surge Runni,0
18237,24,Women's Apparel,5,Golf,502,45583,502,24,,http://images.acmesports.sports/Nike+Men%27s+Dri-FIT+Victory+Golf+Polo,Nike Men's Dri-FIT Victory Golf Polo,0
66958,29,Shop By Sport,5,Golf,627,167369,627,29,,http://images.acmesports.sports/Under+Armour+Girls%27+Toddler+Spine+Surge+Running+Shoe,Under Armour Girls' Toddler Spine Surge Runni,0
66764,24,Women's Apparel,5,Golf,502,166874,502,24,,http://images.acmesports.sports/Nike+Men%27s+Dri-FIT+Victory+Golf+Polo,Nike Men's Dri-FIT Victory Golf Polo,0
66764,24,Women's Apparel,5,Golf,502,166870,502,24,,http://images.acmesports.sports/Nike+Men%27s+Dri-FIT+Victory+Golf+Polo,Nike Men's Dri-FIT Victory Golf Polo,0
48193,40,Accessories,6,Outdoors,905,120515,905,40,,http://images.acmesports.sports/Team+Golf+Texas+Longhorns+Putter+Grip,Team Golf Texas Longhorns Putter Grip,0
15231,5,Lacrosse,2,Fitness,93,38097,93,5,,http://images.acmesports.sports/Under+Armour+Men%27s+Tech+II+T-Shirt,Under Armour Men's Tech II T-Shirt,0
10451,3,Baseball & Softball,2,Fitness,44,26173,44,3,,http://images.acmesports.sports/adidas+Men%27s+F10+Messi+TRX+FG+Soccer+Cleat,adidas Men's F10 Messi TRX FG Soccer Cleat,0
10459,9,Cardio Equipment,3,Footwear,191,26195,191,9,,http://images.acmesports.sports/Nike+Men%27s+Free+5.0%2B+Running+Shoe,Nike Men's Free 5.0+ Running Shoe,0
64222,9,Cardio Equipment,3,Footwear,191,160566,191,9,,http://images.acmesports.sports/Nike+Men%27s+Free+5.0%2B+Running+Shoe,Nike Men's Free 5.0+ Running Shoe,0
63907,9,Cardio Equipment,3,Footwear,191,159751,191,9,,http://images.acmesports.sports/Nike+Men%27s+Free+5.0%2B+Running+Shoe,Nike Men's Free 5.0+ Running Shoe,0
19178,9,Cardio Equipment,3,Footwear,191,47915,191,9,,http://images.acmesports.sports/Nike+Men%27s+Free+5.0%2B+Running+Shoe,Nike Men's Free 5.0+ Running Shoe,0
67046,9,Cardio Equipment,3,Footwear,191,167612,191,9,,http://images.acmesports.sports/Nike+Men%27s+Free+5.0%2B+Running+Shoe,Nike Men's Free 5.0+ Running Shoe,0
65312,9,Cardio Equipment,3,Footwear,191,163231,191,9,,http://images.acmesports.sports/Nike+Men%27s+Free+5.0%2B+Running+Shoe,Nike Men's Free 5.0+ Running Shoe,0
16436,9,Cardio Equipment,3,Footwear,191,41034,191,9,,http://images.acmesports.sports/Nike+Men%27s+Free+5.0%2B+Running+Shoe,Nike Men's Free 5.0+ Running Shoe,0
11822,13,Electronics,3,Footwear,282,29569,282,13,,http://images.acmesports.sports/Under+Armour+Women%27s+Ignite+PIP+VI+Slide,Under Armour Women's Ignite PIP VI Slide,0
19528,9,Cardio Equipment,3,Footwear,191,48809,191,9,,http://images.acmesports.sports/Nike+Men%27s+Free+5.0%2B+Running+Shoe,Nike Men's Free 5.0+ Running Shoe,0
49763,13,Electronics,3,Footwear,278,124392,278,13,,http://images.acmesports.sports/Under+Armour+Men%27s+Compression+EV+SL+Slide,Under Armour Men's Compression EV SL Slide,0
16013,9,Cardio Equipment,3,Footwear,191,40009,191,9,,http://images.acmesports.sports/Nike+Men%27s+Free+5.0%2B+Running+Shoe,Nike Men's Free 5.0+ Running Shoe,0
17347,9,Cardio Equipment,3,Footwear,191,43356,191,9,,http://images.acmesports.sports/Nike+Men%27s+Free+5.0%2B+Running+Shoe,Nike Men's Free 5.0+ Running Shoe,0
19496,9,Cardio Equipment,3,Footwear,191,48717,191,9,,http://images.acmesports.sports/Nike+Men%27s+Free+5.0%2B+Running+Shoe,Nike Men's Free 5.0+ Running Shoe,0
62789,9,Cardio Equipment,3,Footwear,191,156983,191,9,,http://images.acmesports.sports/Nike+Men%27s+Free+5.0%2B+Running+Shoe,Nike Men's Free 5.0+ Running Shoe,0
11674,9,Cardio Equipment,3,Footwear,191,29198,191,9,,http://images.acmesports.sports/Nike+Men%27s+Free+5.0%2B+Running+Shoe,Nike Men's Free 5.0+ Running Shoe,0
67866,9,Cardio Equipment,3,Footwear,191,169683,191,9,,http://images.acmesports.sports/Nike+Men%27s+Free+5.0%2B+Running+Shoe,Nike Men's Free 5.0+ Running Shoe,0
13599,9,Cardio Equipment,3,Footwear,191,34073,191,9,,http://images.acmesports.sports/Nike+Men%27s+Free+5.0%2B+Running+Shoe,Nike Men's Free 5.0+ Running Shoe,0
10384,17,Cleats,4,Apparel,365,26004,365,17,,http://images.acmesports.sports/Perfect+Fitness+Perfect+Rip+Deck,Perfect Fitness Perfect Rip Deck,0
63115,17,Cleats,4,Apparel,365,157797,365,17,,http://images.acmesports.sports/Perfect+Fitness+Perfect+Rip+Deck,Perfect Fitness Perfect Rip Deck,0
63516,17,Cleats,4,Apparel,365,158778,365,17,,http://images.acmesports.sports/Perfect+Fitness+Perfect+Rip+Deck,Perfect Fitness Perfect Rip Deck,0
62086,17,Cleats,4,Apparel,365,155234,365,17,,http://images.acmesports.sports/Perfect+Fitness+Perfect+Rip+Deck,Perfect Fitness Perfect Rip Deck,0
62817,17,Cleats,4,Apparel,365,157066,365,17,,http://images.acmesports.sports/Perfect+Fitness+Perfect+Rip+Deck,Perfect Fitness Perfect Rip Deck,0
10856,17,Cleats,4,Apparel,365,27189,365,17,,http://images.acmesports.sports/Perfect+Fitness+Perfect+Rip+Deck,Perfect Fitness Perfect Rip Deck,0
14685,17,Cleats,4,Apparel,365,36739,365,17,,http://images.acmesports.sports/Perfect+Fitness+Perfect+Rip+Deck,Perfect Fitness Perfect Rip Deck,0
66229,17,Cleats,4,Apparel,365,165567,365,17,,http://images.acmesports.sports/Perfect+Fitness+Perfect+Rip+Deck,Perfect Fitness Perfect Rip Deck,0
14924,17,Cleats,4,Apparel,365,37371,365,17,,http://images.acmesports.sports/Perfect+Fitness+Perfect+Rip+Deck,Perfect Fitness Perfect Rip Deck,0
49839,17,Cleats,4,Apparel,365,124607,365,17,,http://images.acmesports.sports/Perfect+Fitness+Perfect+Rip+Deck,Perfect Fitness Perfect Rip Deck,0
12393,17,Cleats,4,Apparel,365,31010,365,17,,http://images.acmesports.sports/Perfect+Fitness+Perfect+Rip+Deck,Perfect Fitness Perfect Rip Deck,0
65898,17,Cleats,4,Apparel,365,164682,365,17,,http://images.acmesports.sports/Perfect+Fitness+Perfect+Rip+Deck,Perfect Fitness Perfect Rip Deck,0
64599,17,Cleats,4,Apparel,365,161461,365,17,,http://images.acmesports.sports/Perfect+Fitness+Perfect+Rip+Deck,Perfect Fitness Perfect Rip Deck,0
65370,17,Cleats,4,Apparel,365,163390,365,17,,http://images.acmesports.sports/Perfect+Fitness+Perfect+Rip+Deck,Perfect Fitness Perfect Rip Deck,0
19732,17,Cleats,4,Apparel,365,49329,365,17,,http://images.acmesports.sports/Perfect+Fitness+Perfect+Rip+Deck,Perfect Fitness Perfect Rip Deck,0
67549,17,Cleats,4,Apparel,365,168880,365,17,,http://images.acmesports.sports/Perfect+Fitness+Perfect+Rip+Deck,Perfect Fitness Perfect Rip Deck,0
67549,17,Cleats,4,Apparel,365,168879,365,17,,http://images.acmesports.sports/Perfect+Fitness+Perfect+Rip+Deck,Perfect Fitness Perfect Rip Deck,0
67866,17,Cleats,4,Apparel,365,169681,365,17,,http://images.acmesports.sports/Perfect+Fitness+Perfect+Rip+Deck,Perfect Fitness Perfect Rip Deck,0
67275,17,Cleats,4,Apparel,365,168137,365,17,,http://images.acmesports.sports/Perfect+Fitness+Perfect+Rip+Deck,Perfect Fitness Perfect Rip Deck,0
46863,17,Cleats,4,Apparel,365,117152,365,17,,http://images.acmesports.sports/Perfect+Fitness+Perfect+Rip+Deck,Perfect Fitness Perfect Rip Deck,0
62306,17,Cleats,4,Apparel,365,155767,365,17,,http://images.acmesports.sports/Perfect+Fitness+Perfect+Rip+Deck,Perfect Fitness Perfect Rip Deck,0
10451,17,Cleats,4,Apparel,365,26176,365,17,,http://images.acmesports.sports/Perfect+Fitness+Perfect+Rip+Deck,Perfect Fitness Perfect Rip Deck,0
18213,17,Cleats,4,Apparel,365,45533,365,17,,http://images.acmesports.sports/Perfect+Fitness+Perfect+Rip+Deck,Perfect Fitness Perfect Rip Deck,0
16863,17,Cleats,4,Apparel,365,42135,365,17,,http://images.acmesports.sports/Perfect+Fitness+Perfect+Rip+Deck,Perfect Fitness Perfect Rip Deck,0
24764,18,Men's Footwear,4,Apparel,403,62037,403,18,,http://images.acmesports.sports/Nike+Men%27s+CJ+Elite+2+TD+Football+Cleat,Nike Men's CJ Elite 2 TD Football Cleat,0
21522,18,Men's Footwear,4,Apparel,403,53805,403,18,,http://images.acmesports.sports/Nike+Men%27s+CJ+Elite+2+TD+Football+Cleat,Nike Men's CJ Elite 2 TD Football Cleat,0
26670,18,Men's Footwear,4,Apparel,403,66784,403,18,,http://images.acmesports.sports/Nike+Men%27s+CJ+Elite+2+TD+Football+Cleat,Nike Men's CJ Elite 2 TD Football Cleat,0
21971,18,Men's Footwear,4,Apparel,403,54950,403,18,,http://images.acmesports.sports/Nike+Men%27s+CJ+Elite+2+TD+Football+Cleat,Nike Men's CJ Elite 2 TD Football Cleat,0
76849,76,Women's Clothing,4,Apparel,1363,180164,1363,76,,http://images.acmesports.sports/Summer+dresses,Summer dresses,0
27357,18,Men's Footwear,4,Apparel,403,68507,403,18,,http://images.acmesports.sports/Nike+Men%27s+CJ+Elite+2+TD+Football+Cleat,Nike Men's CJ Elite 2 TD Football Cleat,0
29283,18,Men's Footwear,4,Apparel,403,73253,403,18,,http://images.acmesports.sports/Nike+Men%27s+CJ+Elite+2+TD+Football+Cleat,Nike Men's CJ Elite 2 TD Football Cleat,0
30724,18,Men's Footwear,4,Apparel,403,76745,403,18,,http://images.acmesports.sports/Nike+Men%27s+CJ+Elite+2+TD+Football+Cleat,Nike Men's CJ Elite 2 TD Football Cleat,0
74454,63,Children's Clothing,4,Apparel,1350,177769,1350,63,,http://images.acmesports.sports/Children+heaters,Children's heaters,0
24558,18,Men's Footwear,4,Apparel,403,61483,403,18,,http://images.acmesports.sports/Nike+Men%27s+CJ+Elite+2+TD+Football+Cleat,Nike Men's CJ Elite 2 TD Football Cleat,0
24230,17,Cleats,4,Apparel,365,60622,365,17,,http://images.acmesports.sports/Perfect+Fitness+Perfect+Rip+Deck,Perfect Fitness Perfect Rip Deck,0
26821,18,Men's Footwear,4,Apparel,403,67195,403,18,,http://images.acmesports.sports/Nike+Men%27s+CJ+Elite+2+TD+Football+Cleat,Nike Men's CJ Elite 2 TD Football Cleat,0
23211,18,Men's Footwear,4,Apparel,403,58110,403,18,,http://images.acmesports.sports/Nike+Men%27s+CJ+Elite+2+TD+Football+Cleat,Nike Men's CJ Elite 2 TD Football Cleat,0
21868,18,Men's Footwear,4,Apparel,403,54683,403,18,,http://images.acmesports.sports/Nike+Men%27s+CJ+Elite+2+TD+Football+Cleat,Nike Men's CJ Elite 2 TD Football Cleat,0
47009,18,Men's Footwear,4,Apparel,403,117477,403,18,,http://images.acmesports.sports/Nike+Men%27s+CJ+Elite+2+TD+Football+Cleat,Nike Men's CJ Elite 2 TD Football Cleat,0
42271,18,Men's Footwear,4,Apparel,403,105539,403,18,,http://images.acmesports.sports/Nike+Men%27s+CJ+Elite+2+TD+Football+Cleat,Nike Men's CJ Elite 2 TD Football Cleat,0
50628,18,Men's Footwear,4,Apparel,403,126524,403,18,,http://images.acmesports.sports/Nike+Men%27s+CJ+Elite+2+TD+Football+Cleat,Nike Men's CJ Elite 2 TD Football Cleat,0
24764,18,Men's Footwear,4,Apparel,403,62035,403,18,,http://images.acmesports.sports/Nike+Men%27s+CJ+Elite+2+TD+Football+Cleat,Nike Men's CJ Elite 2 TD Football Cleat,0
21907,18,Men's Footwear,4,Apparel,403,54795,403,18,,http://images.acmesports.sports/Nike+Men%27s+CJ+Elite+2+TD+Football+Cleat,Nike Men's CJ Elite 2 TD Football Cleat,0
72442,70,Men's Clothing,4,Apparel,1357,175757,1357,70,,http://images.acmesports.sports/Men+gala+suit,Men's gala suit,0
27357,18,Men's Footwear,4,Apparel,403,68506,403,18,,http://images.acmesports.sports/Nike+Men%27s+CJ+Elite+2+TD+Football+Cleat,Nike Men's CJ Elite 2 TD Football Cleat,0
21966,18,Men's Footwear,4,Apparel,403,54942,403,18,,http://images.acmesports.sports/Nike+Men%27s+CJ+Elite+2+TD+Football+Cleat,Nike Men's CJ Elite 2 TD Football Cleat,0
31169,18,Men's Footwear,4,Apparel,403,77900,403,18,,http://images.acmesports.sports/Nike+Men%27s+CJ+Elite+2+TD+Football+Cleat,Nike Men's CJ Elite 2 TD Football Cleat,0
21906,17,Cleats,4,Apparel,365,54790,365,17,,http://images.acmesports.sports/Perfect+Fitness+Perfect+Rip+Deck,Perfect Fitness Perfect Rip Deck,0
72460,70,Men's Clothing,4,Apparel,1357,175775,1357,70,,http://images.acmesports.sports/Men+gala+suit,Men's gala suit,0
26861,18,Men's Footwear,4,Apparel,403,67304,403,18,,http://images.acmesports.sports/Nike+Men%27s+CJ+Elite+2+TD+Football+Cleat,Nike Men's CJ Elite 2 TD Football Cleat,0
76992,76,Women's Clothing,4,Apparel,1363,180307,1363,76,,http://images.acmesports.sports/Summer+dresses,Summer dresses,0
22792,18,Men's Footwear,4,Apparel,403,57050,403,18,,http://images.acmesports.sports/Nike+Men%27s+CJ+Elite+2+TD+Football+Cleat,Nike Men's CJ Elite 2 TD Football Cleat,0
24438,18,Men's Footwear,4,Apparel,403,61146,403,18,,http://images.acmesports.sports/Nike+Men%27s+CJ+Elite+2+TD+Football+Cleat,Nike Men's CJ Elite 2 TD Football Cleat,0
27957,18,Men's Footwear,4,Apparel,403,69967,403,18,,http://images.acmesports.sports/Nike+Men%27s+CJ+Elite+2+TD+Football+Cleat,Nike Men's CJ Elite 2 TD Football Cleat,0
26821,18,Men's Footwear,4,Apparel,403,67194,403,18,,http://images.acmesports.sports/Nike+Men%27s+CJ+Elite+2+TD+Football+Cleat,Nike Men's CJ Elite 2 TD Football Cleat,0
21868,18,Men's Footwear,4,Apparel,403,54682,403,18,,http://images.acmesports.sports/Nike+Men%27s+CJ+Elite+2+TD+Football+Cleat,Nike Men's CJ Elite 2 TD Football Cleat,0
47899,17,Cleats,4,Apparel,365,119786,365,17,,http://images.acmesports.sports/Perfect+Fitness+Perfect+Rip+Deck,Perfect Fitness Perfect Rip Deck,0
27918,17,Cleats,4,Apparel,365,69869,365,17,,http://images.acmesports.sports/Perfect+Fitness+Perfect+Rip+Deck,Perfect Fitness Perfect Rip Deck,0
22900,18,Men's Footwear,4,Apparel,403,57327,403,18,,http://images.acmesports.sports/Nike+Men%27s+CJ+Elite+2+TD+Football+Cleat,Nike Men's CJ Elite 2 TD Football Cleat,0
30997,18,Men's Footwear,4,Apparel,403,77469,403,18,,http://images.acmesports.sports/Nike+Men%27s+CJ+Elite+2+TD+Football+Cleat,Nike Men's CJ Elite 2 TD Football Cleat,0
26183,18,Men's Footwear,4,Apparel,403,65542,403,18,,http://images.acmesports.sports/Nike+Men%27s+CJ+Elite+2+TD+Football+Cleat,Nike Men's CJ Elite 2 TD Football Cleat,0
24314,18,Men's Footwear,4,Apparel,403,60826,403,18,,http://images.acmesports.sports/Nike+Men%27s+CJ+Elite+2+TD+Football+Cleat,Nike Men's CJ Elite 2 TD Football Cleat,0
21267,18,Men's Footwear,4,Apparel,403,53192,403,18,,http://images.acmesports.sports/Nike+Men%27s+CJ+Elite+2+TD+Football+Cleat,Nike Men's CJ Elite 2 TD Football Cleat,0
31169,18,Men's Footwear,4,Apparel,403,77899,403,18,,http://images.acmesports.sports/Nike+Men%27s+CJ+Elite+2+TD+Football+Cleat,Nike Men's CJ Elite 2 TD Football Cleat,0
30712,18,Men's Footwear,4,Apparel,403,76714,403,18,,http://images.acmesports.sports/Nike+Men%27s+CJ+Elite+2+TD+Football+Cleat,Nike Men's CJ Elite 2 TD Football Cleat,0
27207,18,Men's Footwear,4,Apparel,403,68159,403,18,,http://images.acmesports.sports/Nike+Men%27s+CJ+Elite+2+TD+Football+Cleat,Nike Men's CJ Elite 2 TD Football Cleat,0
76847,76,Women's Clothing,4,Apparel,1363,180162,1363,76,,http://images.acmesports.sports/Summer+dresses,Summer dresses,0
21906,18,Men's Footwear,4,Apparel,403,54788,403,18,,http://images.acmesports.sports/Nike+Men%27s+CJ+Elite+2+TD+Football+Cleat,Nike Men's CJ Elite 2 TD Football Cleat,0
21407,18,Men's Footwear,4,Apparel,403,53530,403,18,,http://images.acmesports.sports/Nike+Men%27s+CJ+Elite+2+TD+Football+Cleat,Nike Men's CJ Elite 2 TD Football Cleat,0
25050,18,Men's Footwear,4,Apparel,403,62767,403,18,,http://images.acmesports.sports/Nike+Men%27s+CJ+Elite+2+TD+Football+Cleat,Nike Men's CJ Elite 2 TD Football Cleat,0
24438,18,Men's Footwear,4,Apparel,403,61144,403,18,,http://images.acmesports.sports/Nike+Men%27s+CJ+Elite+2+TD+Football+Cleat,Nike Men's CJ Elite 2 TD Football Cleat,0
23807,18,Men's Footwear,4,Apparel,403,59572,403,18,,http://images.acmesports.sports/Nike+Men%27s+CJ+Elite+2+TD+Football+Cleat,Nike Men's CJ Elite 2 TD Football Cleat,0
21349,18,Men's Footwear,4,Apparel,403,53387,403,18,,http://images.acmesports.sports/Nike+Men%27s+CJ+Elite+2+TD+Football+Cleat,Nike Men's CJ Elite 2 TD Football Cleat,0
22224,18,Men's Footwear,4,Apparel,403,55638,403,18,,http://images.acmesports.sports/Nike+Men%27s+CJ+Elite+2+TD+Football+Cleat,Nike Men's CJ Elite 2 TD Football Cleat,0
49806,17,Cleats,4,Apparel,365,124509,365,17,,http://images.acmesports.sports/Perfect+Fitness+Perfect+Rip+Deck,Perfect Fitness Perfect Rip Deck,0
47044,18,Men's Footwear,4,Apparel,403,117582,403,18,,http://images.acmesports.sports/Nike+Men%27s+CJ+Elite+2+TD+Football+Cleat,Nike Men's CJ Elite 2 TD Football Cleat,0
41676,18,Men's Footwear,4,Apparel,403,104041,403,18,,http://images.acmesports.sports/Nike+Men%27s+CJ+Elite+2+TD+Football+Cleat,Nike Men's CJ Elite 2 TD Football Cleat,0
49598,18,Men's Footwear,4,Apparel,403,123961,403,18,,http://images.acmesports.sports/Nike+Men%27s+CJ+Elite+2+TD+Football+Cleat,Nike Men's CJ Elite 2 TD Football Cleat,0
42130,18,Men's Footwear,4,Apparel,403,105189,403,18,,http://images.acmesports.sports/Nike+Men%27s+CJ+Elite+2+TD+Football+Cleat,Nike Men's CJ Elite 2 TD Football Cleat,0
26036,17,Cleats,4,Apparel,365,65158,365,17,,http://images.acmesports.sports/Perfect+Fitness+Perfect+Rip+Deck,Perfect Fitness Perfect Rip Deck,0
29746,18,Men's Footwear,4,Apparel,403,74422,403,18,,http://images.acmesports.sports/Nike+Men%27s+CJ+Elite+2+TD+Football+Cleat,Nike Men's CJ Elite 2 TD Football Cleat,0
27457,18,Men's Footwear,4,Apparel,403,68738,403,18,,http://images.acmesports.sports/Nike+Men%27s+CJ+Elite+2+TD+Football+Cleat,Nike Men's CJ Elite 2 TD Football Cleat,0
21309,18,Men's Footwear,4,Apparel,403,53288,403,18,,http://images.acmesports.sports/Nike+Men%27s+CJ+Elite+2+TD+Football+Cleat,Nike Men's CJ Elite 2 TD Football Cleat,0
23267,18,Men's Footwear,4,Apparel,403,58260,403,18,,http://images.acmesports.sports/Nike+Men%27s+CJ+Elite+2+TD+Football+Cleat,Nike Men's CJ Elite 2 TD Football Cleat,0
23706,17,Cleats,4,Apparel,365,59305,365,17,,http://images.acmesports.sports/Perfect+Fitness+Perfect+Rip+Deck,Perfect Fitness Perfect Rip Deck,0
27729,18,Men's Footwear,4,Apparel,403,69428,403,18,,http://images.acmesports.sports/Nike+Men%27s+CJ+Elite+2+TD+Football+Cleat,Nike Men's CJ Elite 2 TD Football Cleat,0
30519,18,Men's Footwear,4,Apparel,403,76292,403,18,,http://images.acmesports.sports/Nike+Men%27s+CJ+Elite+2+TD+Football+Cleat,Nike Men's CJ Elite 2 TD Football Cleat,0
21267,18,Men's Footwear,4,Apparel,403,53190,403,18,,http://images.acmesports.sports/Nike+Men%27s+CJ+Elite+2+TD+Football+Cleat,Nike Men's CJ Elite 2 TD Football Cleat,0
30658,18,Men's Footwear,4,Apparel,403,76585,403,18,,http://images.acmesports.sports/Nike+Men%27s+CJ+Elite+2+TD+Football+Cleat,Nike Men's CJ Elite 2 TD Football Cleat,0
30323,18,Men's Footwear,4,Apparel,403,75794,403,18,,http://images.acmesports.sports/Nike+Men%27s+CJ+Elite+2+TD+Football+Cleat,Nike Men's CJ Elite 2 TD Football Cleat,0
30712,18,Men's Footwear,4,Apparel,403,76713,403,18,,http://images.acmesports.sports/Nike+Men%27s+CJ+Elite+2+TD+Football+Cleat,Nike Men's CJ Elite 2 TD Football Cleat,0
30044,18,Men's Footwear,4,Apparel,403,75113,403,18,,http://images.acmesports.sports/Nike+Men%27s+CJ+Elite+2+TD+Football+Cleat,Nike Men's CJ Elite 2 TD Football Cleat,0
74194,60,Baby ,4,Apparel,1347,177509,1347,60,,http://images.acmesports.sports/Baby+sweater,Baby sweater,0
72458,70,Men's Clothing,4,Apparel,1357,175773,1357,70,,http://images.acmesports.sports/Men+gala+suit,Men's gala suit,0
25050,18,Men's Footwear,4,Apparel,403,62766,403,18,,http://images.acmesports.sports/Nike+Men%27s+CJ+Elite+2+TD+Football+Cleat,Nike Men's CJ Elite 2 TD Football Cleat,0
74451,63,Children's Clothing,4,Apparel,1350,177766,1350,63,,http://images.acmesports.sports/Children+heaters,Children's heaters,0
22297,17,Cleats,4,Apparel,365,55831,365,17,,http://images.acmesports.sports/Perfect+Fitness+Perfect+Rip+Deck,Perfect Fitness Perfect Rip Deck,0
24552,18,Men's Footwear,4,Apparel,403,61470,403,18,,http://images.acmesports.sports/Nike+Men%27s+CJ+Elite+2+TD+Football+Cleat,Nike Men's CJ Elite 2 TD Football Cleat,0
44706,17,Cleats,4,Apparel,365,111642,365,17,,http://images.acmesports.sports/Perfect+Fitness+Perfect+Rip+Deck,Perfect Fitness Perfect Rip Deck,0
48950,18,Men's Footwear,4,Apparel,403,122400,403,18,,http://images.acmesports.sports/Nike+Men%27s+CJ+Elite+2+TD+Football+Cleat,Nike Men's CJ Elite 2 TD Football Cleat,0
47600,18,Men's Footwear,4,Apparel,403,119010,403,18,,http://images.acmesports.sports/Nike+Men%27s+CJ+Elite+2+TD+Football+Cleat,Nike Men's CJ Elite 2 TD Football Cleat,0
47044,18,Men's Footwear,4,Apparel,403,117580,403,18,,http://images.acmesports.sports/Nike+Men%27s+CJ+Elite+2+TD+Football+Cleat,Nike Men's CJ Elite 2 TD Football Cleat,0
43257,18,Men's Footwear,4,Apparel,403,108061,403,18,,http://images.acmesports.sports/Nike+Men%27s+CJ+Elite+2+TD+Football+Cleat,Nike Men's CJ Elite 2 TD Football Cleat,0
49888,18,Men's Footwear,4,Apparel,403,124741,403,18,,http://images.acmesports.sports/Nike+Men%27s+CJ+Elite+2+TD+Football+Cleat,Nike Men's CJ Elite 2 TD Football Cleat,0
42130,18,Men's Footwear,4,Apparel,403,105187,403,18,,http://images.acmesports.sports/Nike+Men%27s+CJ+Elite+2+TD+Football+Cleat,Nike Men's CJ Elite 2 TD Football Cleat,0
24752,18,Men's Footwear,4,Apparel,403,62000,403,18,,http://images.acmesports.sports/Nike+Men%27s+CJ+Elite+2+TD+Football+Cleat,Nike Men's CJ Elite 2 TD Football Cleat,0
24548,18,Men's Footwear,4,Apparel,403,61462,403,18,,http://images.acmesports.sports/Nike+Men%27s+CJ+Elite+2+TD+Football+Cleat,Nike Men's CJ Elite 2 TD Football Cleat,0
73906,76,Women's Clothing,4,Apparel,1363,177221,1363,76,,http://images.acmesports.sports/Summer+dresses,Summer dresses,0
27729,18,Men's Footwear,4,Apparel,403,69426,403,18,,http://images.acmesports.sports/Nike+Men%27s+CJ+Elite+2+TD+Football+Cleat,Nike Men's CJ Elite 2 TD Football Cleat,0
28355,18,Men's Footwear,4,Apparel,403,70947,403,18,,http://images.acmesports.sports/Nike+Men%27s+CJ+Elite+2+TD+Football+Cleat,Nike Men's CJ Elite 2 TD Football Cleat,0
23456,18,Men's Footwear,4,Apparel,403,58688,403,18,,http://images.acmesports.sports/Nike+Men%27s+CJ+Elite+2+TD+Football+Cleat,Nike Men's CJ Elite 2 TD Football Cleat,0
74193,60,Baby ,4,Apparel,1347,177508,1347,60,,http://images.acmesports.sports/Baby+sweater,Baby sweater,0
50466,18,Men's Footwear,4,Apparel,403,126101,403,18,,http://images.acmesports.sports/Nike+Men%27s+CJ+Elite+2+TD+Football+Cleat,Nike Men's CJ Elite 2 TD Football Cleat,0
50377,18,Men's Footwear,4,Apparel,403,125882,403,18,,http://images.acmesports.sports/Nike+Men%27s+CJ+Elite+2+TD+Football+Cleat,Nike Men's CJ Elite 2 TD Football Cleat,0
61855,9,Cardio Equipment,3,Footwear,191,154619,191,9,,http://images.acmesports.sports/Nike+Men%27s+Free+5.0%2B+Running+Shoe,Nike Men's Free 5.0+ Running Shoe,0
67415,9,Cardio Equipment,3,Footwear,191,168511,191,9,,http://images.acmesports.sports/Nike+Men%27s+Free+5.0%2B+Running+Shoe,Nike Men's Free 5.0+ Running Shoe,0
66794,9,Cardio Equipment,3,Footwear,191,166962,191,9,,http://images.acmesports.sports/Nike+Men%27s+Free+5.0%2B+Running+Shoe,Nike Men's Free 5.0+ Running Shoe,0
17467,9,Cardio Equipment,3,Footwear,191,43664,191,9,,http://images.acmesports.sports/Nike+Men%27s+Free+5.0%2B+Running+Shoe,Nike Men's Free 5.0+ Running Shoe,0
16419,9,Cardio Equipment,3,Footwear,191,40995,191,9,,http://images.acmesports.sports/Nike+Men%27s+Free+5.0%2B+Running+Shoe,Nike Men's Free 5.0+ Running Shoe,0
65249,9,Cardio Equipment,3,Footwear,191,163057,191,9,,http://images.acmesports.sports/Nike+Men%27s+Free+5.0%2B+Running+Shoe,Nike Men's Free 5.0+ Running Shoe,0
17449,9,Cardio Equipment,3,Footwear,191,43614,191,9,,http://images.acmesports.sports/Nike+Men%27s+Free+5.0%2B+Running+Shoe,Nike Men's Free 5.0+ Running Shoe,0
63803,9,Cardio Equipment,3,Footwear,191,159475,191,9,,http://images.acmesports.sports/Nike+Men%27s+Free+5.0%2B+Running+Shoe,Nike Men's Free 5.0+ Running Shoe,0
16969,9,Cardio Equipment,3,Footwear,172,42427,172,9,,http://images.acmesports.sports/Nike+Women%27s+Tempo+Shorts,Nike Women's Tempo Shorts,0
16369,9,Cardio Equipment,3,Footwear,191,40860,191,9,,http://images.acmesports.sports/Nike+Men%27s+Free+5.0%2B+Running+Shoe,Nike Men's Free 5.0+ Running Shoe,0
66702,9,Cardio Equipment,3,Footwear,191,166720,191,9,,http://images.acmesports.sports/Nike+Men%27s+Free+5.0%2B+Running+Shoe,Nike Men's Free 5.0+ Running Shoe,0
10584,9,Cardio Equipment,3,Footwear,191,26510,191,9,,http://images.acmesports.sports/Nike+Men%27s+Free+5.0%2B+Running+Shoe,Nike Men's Free 5.0+ Running Shoe,0
17368,9,Cardio Equipment,3,Footwear,191,43402,191,9,,http://images.acmesports.sports/Nike+Men%27s+Free+5.0%2B+Running+Shoe,Nike Men's Free 5.0+ Running Shoe,0
20291,13,Electronics,3,Footwear,282,50678,282,13,,http://images.acmesports.sports/Under+Armour+Women%27s+Ignite+PIP+VI+Slide,Under Armour Women's Ignite PIP VI Slide,0
14384,9,Cardio Equipment,3,Footwear,191,36000,191,9,,http://images.acmesports.sports/Nike+Men%27s+Free+5.0%2B+Running+Shoe,Nike Men's Free 5.0+ Running Shoe,0
64066,9,Cardio Equipment,3,Footwear,191,160184,191,9,,http://images.acmesports.sports/Nike+Men%27s+Free+5.0%2B+Running+Shoe,Nike Men's Free 5.0+ Running Shoe,0
67292,9,Cardio Equipment,3,Footwear,191,168171,191,9,,http://images.acmesports.sports/Nike+Men%27s+Free+5.0%2B+Running+Shoe,Nike Men's Free 5.0+ Running Shoe,0
65855,9,Cardio Equipment,3,Footwear,191,164575,191,9,,http://images.acmesports.sports/Nike+Men%27s+Free+5.0%2B+Running+Shoe,Nike Men's Free 5.0+ Running Shoe,0
64531,9,Cardio Equipment,3,Footwear,191,161304,191,9,,http://images.acmesports.sports/Nike+Men%27s+Free+5.0%2B+Running+Shoe,Nike Men's Free 5.0+ Running Shoe,0
19168,9,Cardio Equipment,3,Footwear,191,47903,191,9,,http://images.acmesports.sports/Nike+Men%27s+Free+5.0%2B+Running+Shoe,Nike Men's Free 5.0+ Running Shoe,0
16299,9,Cardio Equipment,3,Footwear,191,40696,191,9,,http://images.acmesports.sports/Nike+Men%27s+Free+5.0%2B+Running+Shoe,Nike Men's Free 5.0+ Running Shoe,0
17228,9,Cardio Equipment,3,Footwear,191,43087,191,9,,http://images.acmesports.sports/Nike+Men%27s+Free+5.0%2B+Running+Shoe,Nike Men's Free 5.0+ Running Shoe,0
68289,9,Cardio Equipment,3,Footwear,191,170721,191,9,,http://images.acmesports.sports/Nike+Men%27s+Free+5.0%2B+Running+Shoe,Nike Men's Free 5.0+ Running Shoe,0
47509,9,Cardio Equipment,3,Footwear,191,118768,191,9,,http://images.acmesports.sports/Nike+Men%27s+Free+5.0%2B+Running+Shoe,Nike Men's Free 5.0+ Running Shoe,0
17211,9,Cardio Equipment,3,Footwear,191,43053,191,9,,http://images.acmesports.sports/Nike+Men%27s+Free+5.0%2B+Running+Shoe,Nike Men's Free 5.0+ Running Shoe,0
64894,9,Cardio Equipment,3,Footwear,191,162221,191,9,,http://images.acmesports.sports/Nike+Men%27s+Free+5.0%2B+Running+Shoe,Nike Men's Free 5.0+ Running Shoe,0
67818,9,Cardio Equipment,3,Footwear,191,169554,191,9,,http://images.acmesports.sports/Nike+Men%27s+Free+5.0%2B+Running+Shoe,Nike Men's Free 5.0+ Running Shoe,0
16218,17,Cleats,4,Apparel,365,40487,365,17,,http://images.acmesports.sports/Perfect+Fitness+Perfect+Rip+Deck,Perfect Fitness Perfect Rip Deck,0
11391,17,Cleats,4,Apparel,365,28483,365,17,,http://images.acmesports.sports/Perfect+Fitness+Perfect+Rip+Deck,Perfect Fitness Perfect Rip Deck,0
17386,17,Cleats,4,Apparel,365,43448,365,17,,http://images.acmesports.sports/Perfect+Fitness+Perfect+Rip+Deck,Perfect Fitness Perfect Rip Deck,0
11968,17,Cleats,4,Apparel,365,29901,365,17,,http://images.acmesports.sports/Perfect+Fitness+Perfect+Rip+Deck,Perfect Fitness Perfect Rip Deck,0
46305,17,Cleats,4,Apparel,365,115742,365,17,,http://images.acmesports.sports/Perfect+Fitness+Perfect+Rip+Deck,Perfect Fitness Perfect Rip Deck,0
16218,17,Cleats,4,Apparel,365,40486,365,17,,http://images.acmesports.sports/Perfect+Fitness+Perfect+Rip+Deck,Perfect Fitness Perfect Rip Deck,0
19973,17,Cleats,4,Apparel,365,49932,365,17,,http://images.acmesports.sports/Perfect+Fitness+Perfect+Rip+Deck,Perfect Fitness Perfect Rip Deck,0
15787,17,Cleats,4,Apparel,365,39463,365,17,,http://images.acmesports.sports/Perfect+Fitness+Perfect+Rip+Deck,Perfect Fitness Perfect Rip Deck,0
11378,17,Cleats,4,Apparel,365,28449,365,17,,http://images.acmesports.sports/Perfect+Fitness+Perfect+Rip+Deck,Perfect Fitness Perfect Rip Deck,0
62260,17,Cleats,4,Apparel,365,155674,365,17,,http://images.acmesports.sports/Perfect+Fitness+Perfect+Rip+Deck,Perfect Fitness Perfect Rip Deck,0
11083,17,Cleats,4,Apparel,365,27736,365,17,,http://images.acmesports.sports/Perfect+Fitness+Perfect+Rip+Deck,Perfect Fitness Perfect Rip Deck,0
65174,17,Cleats,4,Apparel,365,162883,365,17,,http://images.acmesports.sports/Perfect+Fitness+Perfect+Rip+Deck,Perfect Fitness Perfect Rip Deck,0
44442,17,Cleats,4,Apparel,365,110959,365,17,,http://images.acmesports.sports/Perfect+Fitness+Perfect+Rip+Deck,Perfect Fitness Perfect Rip Deck,0
42783,17,Cleats,4,Apparel,365,106792,365,17,,http://images.acmesports.sports/Perfect+Fitness+Perfect+Rip+Deck,Perfect Fitness Perfect Rip Deck,0
64677,17,Cleats,4,Apparel,365,161667,365,17,,http://images.acmesports.sports/Perfect+Fitness+Perfect+Rip+Deck,Perfect Fitness Perfect Rip Deck,0
66219,17,Cleats,4,Apparel,365,165534,365,17,,http://images.acmesports.sports/Perfect+Fitness+Perfect+Rip+Deck,Perfect Fitness Perfect Rip Deck,0
44816,17,Cleats,4,Apparel,365,111953,365,17,,http://images.acmesports.sports/Perfect+Fitness+Perfect+Rip+Deck,Perfect Fitness Perfect Rip Deck,0
47002,17,Cleats,4,Apparel,365,117457,365,17,,http://images.acmesports.sports/Perfect+Fitness+Perfect+Rip+Deck,Perfect Fitness Perfect Rip Deck,0
10502,17,Cleats,4,Apparel,365,26313,365,17,,http://images.acmesports.sports/Perfect+Fitness+Perfect+Rip+Deck,Perfect Fitness Perfect Rip Deck,0
63843,17,Cleats,4,Apparel,365,159589,365,17,,http://images.acmesports.sports/Perfect+Fitness+Perfect+Rip+Deck,Perfect Fitness Perfect Rip Deck,0
62237,17,Cleats,4,Apparel,365,155615,365,17,,http://images.acmesports.sports/Perfect+Fitness+Perfect+Rip+Deck,Perfect Fitness Perfect Rip Deck,0
13907,17,Cleats,4,Apparel,365,34810,365,17,,http://images.acmesports.sports/Perfect+Fitness+Perfect+Rip+Deck,Perfect Fitness Perfect Rip Deck,0
63576,17,Cleats,4,Apparel,365,158916,365,17,,http://images.acmesports.sports/Perfect+Fitness+Perfect+Rip+Deck,Perfect Fitness Perfect Rip Deck,0
18448,17,Cleats,4,Apparel,365,46117,365,17,,http://images.acmesports.sports/Perfect+Fitness+Perfect+Rip+Deck,Perfect Fitness Perfect Rip Deck,0
17524,17,Cleats,4,Apparel,365,43811,365,17,,http://images.acmesports.sports/Perfect+Fitness+Perfect+Rip+Deck,Perfect Fitness Perfect Rip Deck,0
19333,17,Cleats,4,Apparel,365,48340,365,17,,http://images.acmesports.sports/Perfect+Fitness+Perfect+Rip+Deck,Perfect Fitness Perfect Rip Deck,0
64150,17,Cleats,4,Apparel,365,160410,365,17,,http://images.acmesports.sports/Perfect+Fitness+Perfect+Rip+Deck,Perfect Fitness Perfect Rip Deck,0
64920,17,Cleats,4,Apparel,365,162292,365,17,,http://images.acmesports.sports/Perfect+Fitness+Perfect+Rip+Deck,Perfect Fitness Perfect Rip Deck,0
16378,17,Cleats,4,Apparel,365,40891,365,17,,http://images.acmesports.sports/Perfect+Fitness+Perfect+Rip+Deck,Perfect Fitness Perfect Rip Deck,0
67331,17,Cleats,4,Apparel,365,168290,365,17,,http://images.acmesports.sports/Perfect+Fitness+Perfect+Rip+Deck,Perfect Fitness Perfect Rip Deck,0
67037,17,Cleats,4,Apparel,365,167580,365,17,,http://images.acmesports.sports/Perfect+Fitness+Perfect+Rip+Deck,Perfect Fitness Perfect Rip Deck,0
63349,17,Cleats,4,Apparel,365,158385,365,17,,http://images.acmesports.sports/Perfect+Fitness+Perfect+Rip+Deck,Perfect Fitness Perfect Rip Deck,0
19309,17,Cleats,4,Apparel,365,48271,365,17,,http://images.acmesports.sports/Perfect+Fitness+Perfect+Rip+Deck,Perfect Fitness Perfect Rip Deck,0
49936,17,Cleats,4,Apparel,365,124839,365,17,,http://images.acmesports.sports/Perfect+Fitness+Perfect+Rip+Deck,Perfect Fitness Perfect Rip Deck,0
11749,17,Cleats,4,Apparel,365,29385,365,17,,http://images.acmesports.sports/Perfect+Fitness+Perfect+Rip+Deck,Perfect Fitness Perfect Rip Deck,0
49936,17,Cleats,4,Apparel,365,124838,365,17,,http://images.acmesports.sports/Perfect+Fitness+Perfect+Rip+Deck,Perfect Fitness Perfect Rip Deck,0
16767,17,Cleats,4,Apparel,365,41902,365,17,,http://images.acmesports.sports/Perfect+Fitness+Perfect+Rip+Deck,Perfect Fitness Perfect Rip Deck,0
61664,17,Cleats,4,Apparel,365,154164,365,17,,http://images.acmesports.sports/Perfect+Fitness+Perfect+Rip+Deck,Perfect Fitness Perfect Rip Deck,0
63512,17,Cleats,4,Apparel,365,158770,365,17,,http://images.acmesports.sports/Perfect+Fitness+Perfect+Rip+Deck,Perfect Fitness Perfect Rip Deck,0
17726,17,Cleats,4,Apparel,365,44297,365,17,,http://images.acmesports.sports/Perfect+Fitness+Perfect+Rip+Deck,Perfect Fitness Perfect Rip Deck,0
12540,17,Cleats,4,Apparel,365,31390,365,17,,http://images.acmesports.sports/Perfect+Fitness+Perfect+Rip+Deck,Perfect Fitness Perfect Rip Deck,0
14100,17,Cleats,4,Apparel,365,35278,365,17,,http://images.acmesports.sports/Perfect+Fitness+Perfect+Rip+Deck,Perfect Fitness Perfect Rip Deck,0
16098,17,Cleats,4,Apparel,365,40211,365,17,,http://images.acmesports.sports/Perfect+Fitness+Perfect+Rip+Deck,Perfect Fitness Perfect Rip Deck,0
14660,17,Cleats,4,Apparel,365,36679,365,17,,http://images.acmesports.sports/Perfect+Fitness+Perfect+Rip+Deck,Perfect Fitness Perfect Rip Deck,0
41718,17,Cleats,4,Apparel,365,104159,365,17,,http://images.acmesports.sports/Perfect+Fitness+Perfect+Rip+Deck,Perfect Fitness Perfect Rip Deck,0
64500,17,Cleats,4,Apparel,365,161227,365,17,,http://images.acmesports.sports/Perfect+Fitness+Perfect+Rip+Deck,Perfect Fitness Perfect Rip Deck,0
10586,17,Cleats,4,Apparel,365,26512,365,17,,http://images.acmesports.sports/Perfect+Fitness+Perfect+Rip+Deck,Perfect Fitness Perfect Rip Deck,0
45291,17,Cleats,4,Apparel,365,113166,365,17,,http://images.acmesports.sports/Perfect+Fitness+Perfect+Rip+Deck,Perfect Fitness Perfect Rip Deck,0
15459,17,Cleats,4,Apparel,365,38631,365,17,,http://images.acmesports.sports/Perfect+Fitness+Perfect+Rip+Deck,Perfect Fitness Perfect Rip Deck,0
16093,17,Cleats,4,Apparel,365,40196,365,17,,http://images.acmesports.sports/Perfect+Fitness+Perfect+Rip+Deck,Perfect Fitness Perfect Rip Deck,0
10584,17,Cleats,4,Apparel,365,26508,365,17,,http://images.acmesports.sports/Perfect+Fitness+Perfect+Rip+Deck,Perfect Fitness Perfect Rip Deck,0
61596,17,Cleats,4,Apparel,365,154018,365,17,,http://images.acmesports.sports/Perfect+Fitness+Perfect+Rip+Deck,Perfect Fitness Perfect Rip Deck,0
68374,17,Cleats,4,Apparel,365,170941,365,17,,http://images.acmesports.sports/Perfect+Fitness+Perfect+Rip+Deck,Perfect Fitness Perfect Rip Deck,0
50588,17,Cleats,4,Apparel,365,126418,365,17,,http://images.acmesports.sports/Perfect+Fitness+Perfect+Rip+Deck,Perfect Fitness Perfect Rip Deck,0
42087,17,Cleats,4,Apparel,365,105073,365,17,,http://images.acmesports.sports/Perfect+Fitness+Perfect+Rip+Deck,Perfect Fitness Perfect Rip Deck,0
13528,17,Cleats,4,Apparel,365,33905,365,17,,http://images.acmesports.sports/Perfect+Fitness+Perfect+Rip+Deck,Perfect Fitness Perfect Rip Deck,0
18135,17,Cleats,4,Apparel,365,45319,365,17,,http://images.acmesports.sports/Perfect+Fitness+Perfect+Rip+Deck,Perfect Fitness Perfect Rip Deck,0
15199,17,Cleats,4,Apparel,365,38017,365,17,,http://images.acmesports.sports/Perfect+Fitness+Perfect+Rip+Deck,Perfect Fitness Perfect Rip Deck,0
68369,17,Cleats,4,Apparel,365,170929,365,17,,http://images.acmesports.sports/Perfect+Fitness+Perfect+Rip+Deck,Perfect Fitness Perfect Rip Deck,0
46859,17,Cleats,4,Apparel,365,117138,365,17,,http://images.acmesports.sports/Perfect+Fitness+Perfect+Rip+Deck,Perfect Fitness Perfect Rip Deck,0
63992,17,Cleats,4,Apparel,365,159991,365,17,,http://images.acmesports.sports/Perfect+Fitness+Perfect+Rip+Deck,Perfect Fitness Perfect Rip Deck,0
16969,17,Cleats,4,Apparel,365,42426,365,17,,http://images.acmesports.sports/Perfect+Fitness+Perfect+Rip+Deck,Perfect Fitness Perfect Rip Deck,0
18120,17,Cleats,4,Apparel,365,45281,365,17,,http://images.acmesports.sports/Perfect+Fitness+Perfect+Rip+Deck,Perfect Fitness Perfect Rip Deck,0
14544,17,Cleats,4,Apparel,365,36384,365,17,,http://images.acmesports.sports/Perfect+Fitness+Perfect+Rip+Deck,Perfect Fitness Perfect Rip Deck,0
13991,17,Cleats,4,Apparel,365,35002,365,17,,http://images.acmesports.sports/Perfect+Fitness+Perfect+Rip+Deck,Perfect Fitness Perfect Rip Deck,0
906,40,Accessories,6,Outdoors,886,2257,886,40,,http://images.acmesports.sports/Team+Golf+San+Francisco+Giants+Putter+Grip,Team Golf San Francisco Giants Putter Grip,0
5479,41,Trade-In,6,Outdoors,926,13666,926,41,,http://images.acmesports.sports/Glove+It+Imperial+Golf+Towel,Glove It Imperial Golf Towel,0
51396,37,Electronics,6,Outdoors,828,128444,828,37,,http://images.acmesports.sports/Bridgestone+e6+Straight+Distance+NFL+San+Diego+Chargers...,Bridgestone e6 Straight Distance NFL San Dieg,0
10116,9,Cardio Equipment,3,Footwear,191,25275,191,9,,http://images.acmesports.sports/Nike+Men%27s+Free+5.0%2B+Running+Shoe,Nike Men's Free 5.0+ Running Shoe,0
1756,9,Cardio Equipment,3,Footwear,191,4379,191,9,,http://images.acmesports.sports/Nike+Men%27s+Free+5.0%2B+Running+Shoe,Nike Men's Free 5.0+ Running Shoe,0
10014,9,Cardio Equipment,3,Footwear,191,25020,191,9,,http://images.acmesports.sports/Nike+Men%27s+Free+5.0%2B+Running+Shoe,Nike Men's Free 5.0+ Running Shoe,0
1991,9,Cardio Equipment,3,Footwear,191,4973,191,9,,http://images.acmesports.sports/Nike+Men%27s+Free+5.0%2B+Running+Shoe,Nike Men's Free 5.0+ Running Shoe,0
52533,17,Cleats,4,Apparel,365,131310,365,17,,http://images.acmesports.sports/Perfect+Fitness+Perfect+Rip+Deck,Perfect Fitness Perfect Rip Deck,0
52533,17,Cleats,4,Apparel,365,131309,365,17,,http://images.acmesports.sports/Perfect+Fitness+Perfect+Rip+Deck,Perfect Fitness Perfect Rip Deck,0
2332,17,Cleats,4,Apparel,365,5832,365,17,,http://images.acmesports.sports/Perfect+Fitness+Perfect+Rip+Deck,Perfect Fitness Perfect Rip Deck,0
10276,24,Women's Apparel,5,Golf,502,25725,502,24,,http://images.acmesports.sports/Nike+Men%27s+Dri-FIT+Victory+Golf+Polo,Nike Men's Dri-FIT Victory Golf Polo,0
2911,24,Women's Apparel,5,Golf,502,7273,502,24,,http://images.acmesports.sports/Nike+Men%27s+Dri-FIT+Victory+Golf+Polo,Nike Men's Dri-FIT Victory Golf Polo,0
53568,29,Shop By Sport,5,Golf,627,133877,627,29,,http://images.acmesports.sports/Under+Armour+Girls%27+Toddler+Spine+Surge+Running+Shoe,Under Armour Girls' Toddler Spine Surge Runni,0
53568,24,Women's Apparel,5,Golf,502,133879,502,24,,http://images.acmesports.sports/Nike+Men%27s+Dri-FIT+Victory+Golf+Polo,Nike Men's Dri-FIT Victory Golf Polo,0
25688,17,Cleats,4,Apparel,365,64329,365,17,,http://images.acmesports.sports/Perfect+Fitness+Perfect+Rip+Deck,Perfect Fitness Perfect Rip Deck,0
48954,17,Cleats,4,Apparel,365,122405,365,17,,http://images.acmesports.sports/Perfect+Fitness+Perfect+Rip+Deck,Perfect Fitness Perfect Rip Deck,0
25688,17,Cleats,4,Apparel,365,64330,365,17,,http://images.acmesports.sports/Perfect+Fitness+Perfect+Rip+Deck,Perfect Fitness Perfect Rip Deck,0
47743,24,Women's Apparel,5,Golf,502,119384,502,24,,http://images.acmesports.sports/Nike+Men%27s+Dri-FIT+Victory+Golf+Polo,Nike Men's Dri-FIT Victory Golf Polo,0
45339,40,Accessories,6,Outdoors,906,113282,906,40,,http://images.acmesports.sports/Team+Golf+Tennessee+Volunteers+Putter+Grip,Team Golf Tennessee Volunteers Putter Grip,0
43521,9,Cardio Equipment,3,Footwear,191,108697,191,9,,http://images.acmesports.sports/Nike+Men%27s+Free+5.0%2B+Running+Shoe,Nike Men's Free 5.0+ Running Shoe,0
22468,12,Boxing & MMA,3,Footwear,249,56232,249,12,,http://images.acmesports.sports/Under+Armour+Women%27s+Micro+G+Skulpt+Running+Shoe,Under Armour Women's Micro G Skulpt Running S,0
29880,9,Cardio Equipment,3,Footwear,191,74759,191,9,,http://images.acmesports.sports/Nike+Men%27s+Free+5.0%2B+Running+Shoe,Nike Men's Free 5.0+ Running Shoe,0
21197,9,Cardio Equipment,3,Footwear,191,53020,191,9,,http://images.acmesports.sports/Nike+Men%27s+Free+5.0%2B+Running+Shoe,Nike Men's Free 5.0+ Running Shoe,0
22261,9,Cardio Equipment,3,Footwear,191,55735,191,9,,http://images.acmesports.sports/Nike+Men%27s+Free+5.0%2B+Running+Shoe,Nike Men's Free 5.0+ Running Shoe,0
24853,9,Cardio Equipment,3,Footwear,191,62257,191,9,,http://images.acmesports.sports/Nike+Men%27s+Free+5.0%2B+Running+Shoe,Nike Men's Free 5.0+ Running Shoe,0
23585,9,Cardio Equipment,3,Footwear,191,59002,191,9,,http://images.acmesports.sports/Nike+Men%27s+Free+5.0%2B+Running+Shoe,Nike Men's Free 5.0+ Running Shoe,0
30963,9,Cardio Equipment,3,Footwear,191,77387,191,9,,http://images.acmesports.sports/Nike+Men%27s+Free+5.0%2B+Running+Shoe,Nike Men's Free 5.0+ Running Shoe,0
24118,12,Boxing & MMA,3,Footwear,249,60332,249,12,,http://images.acmesports.sports/Under+Armour+Women%27s+Micro+G+Skulpt+Running+Shoe,Under Armour Women's Micro G Skulpt Running S,0
42287,13,Electronics,3,Footwear,282,105583,282,13,,http://images.acmesports.sports/Under+Armour+Women%27s+Ignite+PIP+VI+Slide,Under Armour Women's Ignite PIP VI Slide,0
21197,17,Cleats,4,Apparel,365,53021,365,17,,http://images.acmesports.sports/Perfect+Fitness+Perfect+Rip+Deck,Perfect Fitness Perfect Rip Deck,0
21697,17,Cleats,4,Apparel,365,54280,365,17,,http://images.acmesports.sports/Perfect+Fitness+Perfect+Rip+Deck,Perfect Fitness Perfect Rip Deck,0
21691,17,Cleats,4,Apparel,365,54260,365,17,,http://images.acmesports.sports/Perfect+Fitness+Perfect+Rip+Deck,Perfect Fitness Perfect Rip Deck,0
23878,17,Cleats,4,Apparel,365,59768,365,17,,http://images.acmesports.sports/Perfect+Fitness+Perfect+Rip+Deck,Perfect Fitness Perfect Rip Deck,0
30214,17,Cleats,4,Apparel,365,75499,365,17,,http://images.acmesports.sports/Perfect+Fitness+Perfect+Rip+Deck,Perfect Fitness Perfect Rip Deck,0
29871,17,Cleats,4,Apparel,365,74735,365,17,,http://images.acmesports.sports/Perfect+Fitness+Perfect+Rip+Deck,Perfect Fitness Perfect Rip Deck,0
22261,17,Cleats,4,Apparel,365,55734,365,17,,http://images.acmesports.sports/Perfect+Fitness+Perfect+Rip+Deck,Perfect Fitness Perfect Rip Deck,0
20594,24,Women's Apparel,5,Golf,502,51455,502,24,,http://images.acmesports.sports/Nike+Men%27s+Dri-FIT+Victory+Golf+Polo,Nike Men's Dri-FIT Victory Golf Polo,0
29107,24,Women's Apparel,5,Golf,502,72836,502,24,,http://images.acmesports.sports/Nike+Men%27s+Dri-FIT+Victory+Golf+Polo,Nike Men's Dri-FIT Victory Golf Polo,0
21698,24,Women's Apparel,5,Golf,502,54283,502,24,,http://images.acmesports.sports/Nike+Men%27s+Dri-FIT+Victory+Golf+Polo,Nike Men's Dri-FIT Victory Golf Polo,0
20918,24,Women's Apparel,5,Golf,502,52260,502,24,,http://images.acmesports.sports/Nike+Men%27s+Dri-FIT+Victory+Golf+Polo,Nike Men's Dri-FIT Victory Golf Polo,0
29959,29,Shop By Sport,5,Golf,627,74923,627,29,,http://images.acmesports.sports/Under+Armour+Girls%27+Toddler+Spine+Surge+Running+Shoe,Under Armour Girls' Toddler Spine Surge Runni,0
45126,26,Girls' Apparel,5,Golf,572,112704,572,26,,http://images.acmesports.sports/TYR+Boys%27+Team+Digi+Jammer,TYR Boys' Team Digi Jammer,0
26871,24,Women's Apparel,5,Golf,502,67330,502,24,,http://images.acmesports.sports/Nike+Men%27s+Dri-FIT+Victory+Golf+Polo,Nike Men's Dri-FIT Victory Golf Polo,0
23751,29,Shop By Sport,5,Golf,627,59438,627,29,,http://images.acmesports.sports/Under+Armour+Girls%27+Toddler+Spine+Surge+Running+Shoe,Under Armour Girls' Toddler Spine Surge Runni,0
22612,29,Shop By Sport,5,Golf,627,56568,627,29,,http://images.acmesports.sports/Under+Armour+Girls%27+Toddler+Spine+Surge+Running+Shoe,Under Armour Girls' Toddler Spine Surge Runni,0
29862,24,Women's Apparel,5,Golf,502,74708,502,24,,http://images.acmesports.sports/Nike+Men%27s+Dri-FIT+Victory+Golf+Polo,Nike Men's Dri-FIT Victory Golf Polo,0
20755,24,Women's Apparel,5,Golf,502,51866,502,24,,http://images.acmesports.sports/Nike+Men%27s+Dri-FIT+Victory+Golf+Polo,Nike Men's Dri-FIT Victory Golf Polo,0
30267,24,Women's Apparel,5,Golf,502,75618,502,24,,http://images.acmesports.sports/Nike+Men%27s+Dri-FIT+Victory+Golf+Polo,Nike Men's Dri-FIT Victory Golf Polo,0
31211,29,Shop By Sport,5,Golf,627,77993,627,29,,http://images.acmesports.sports/Under+Armour+Girls%27+Toddler+Spine+Surge+Running+Shoe,Under Armour Girls' Toddler Spine Surge Runni,0
27007,37,Electronics,6,Outdoors,825,67646,825,37,,http://images.acmesports.sports/Bridgestone+e6+Straight+Distance+NFL+Tennessee+Titans+Golf...,Bridgestone e6 Straight Distance NFL Tennesse,0
46073,37,Electronics,6,Outdoors,822,115172,822,37,,http://images.acmesports.sports/Titleist+Pro+V1x+High+Numbers+Golf+Balls,Titleist Pro V1x High Numbers Golf Balls,0
27007,36,Golf Balls,6,Outdoors,810,67647,810,36,,http://images.acmesports.sports/Glove+It+Women%27s+Mod+Oval+Golf+Glove,Glove It Women's Mod Oval Golf Glove,0
20755,36,Golf Balls,6,Outdoors,804,51864,804,36,,http://images.acmesports.sports/Glove+It+Women%27s+Imperial+Golf+Glove,Glove It Women's Imperial Golf Glove,0
24118,36,Golf Balls,6,Outdoors,810,60333,810,36,,http://images.acmesports.sports/Glove+It+Women%27s+Mod+Oval+Golf+Glove,Glove It Women's Mod Oval Golf Glove,0
21691,37,Electronics,6,Outdoors,818,54262,818,37,,http://images.acmesports.sports/Titleist+Pro+V1x+Golf+Balls,Titleist Pro V1x Golf Balls,0
26510,3,Baseball & Softball,2,Fitness,44,66376,44,3,,http://images.acmesports.sports/adidas+Men%27s+F10+Messi+TRX+FG+Soccer+Cleat,adidas Men's F10 Messi TRX FG Soccer Cleat,0
43468,9,Cardio Equipment,3,Footwear,191,108572,191,9,,http://images.acmesports.sports/Nike+Men%27s+Free+5.0%2B+Running+Shoe,Nike Men's Free 5.0+ Running Shoe,0
43468,9,Cardio Equipment,3,Footwear,191,108569,191,9,,http://images.acmesports.sports/Nike+Men%27s+Free+5.0%2B+Running+Shoe,Nike Men's Free 5.0+ Running Shoe,0
31000,13,Electronics,3,Footwear,273,77481,273,13,,http://images.acmesports.sports/Under+Armour+Kids%27+Mercenary+Slide,Under Armour Kids' Mercenary Slide,0
22988,9,Cardio Equipment,3,Footwear,191,57534,191,9,,http://images.acmesports.sports/Nike+Men%27s+Free+5.0%2B+Running+Shoe,Nike Men's Free 5.0+ Running Shoe,0
29993,9,Cardio Equipment,3,Footwear,191,75003,191,9,,http://images.acmesports.sports/Nike+Men%27s+Free+5.0%2B+Running+Shoe,Nike Men's Free 5.0+ Running Shoe,0
28568,9,Cardio Equipment,3,Footwear,191,71494,191,9,,http://images.acmesports.sports/Nike+Men%27s+Free+5.0%2B+Running+Shoe,Nike Men's Free 5.0+ Running Shoe,0
31000,9,Cardio Equipment,3,Footwear,191,77482,191,9,,http://images.acmesports.sports/Nike+Men%27s+Free+5.0%2B+Running+Shoe,Nike Men's Free 5.0+ Running Shoe,0
20773,9,Cardio Equipment,3,Footwear,191,51911,191,9,,http://images.acmesports.sports/Nike+Men%27s+Free+5.0%2B+Running+Shoe,Nike Men's Free 5.0+ Running Shoe,0
43640,9,Cardio Equipment,3,Footwear,191,108984,191,9,,http://images.acmesports.sports/Nike+Men%27s+Free+5.0%2B+Running+Shoe,Nike Men's Free 5.0+ Running Shoe,0
23967,9,Cardio Equipment,3,Footwear,191,59998,191,9,,http://images.acmesports.sports/Nike+Men%27s+Free+5.0%2B+Running+Shoe,Nike Men's Free 5.0+ Running Shoe,0
21016,17,Cleats,4,Apparel,365,52520,365,17,,http://images.acmesports.sports/Perfect+Fitness+Perfect+Rip+Deck,Perfect Fitness Perfect Rip Deck,0
27005,17,Cleats,4,Apparel,365,67640,365,17,,http://images.acmesports.sports/Perfect+Fitness+Perfect+Rip+Deck,Perfect Fitness Perfect Rip Deck,0
25606,17,Cleats,4,Apparel,365,64151,365,17,,http://images.acmesports.sports/Perfect+Fitness+Perfect+Rip+Deck,Perfect Fitness Perfect Rip Deck,0
30335,17,Cleats,4,Apparel,365,75828,365,17,,http://images.acmesports.sports/Perfect+Fitness+Perfect+Rip+Deck,Perfect Fitness Perfect Rip Deck,0
29270,17,Cleats,4,Apparel,365,73215,365,17,,http://images.acmesports.sports/Perfect+Fitness+Perfect+Rip+Deck,Perfect Fitness Perfect Rip Deck,0
31269,17,Cleats,4,Apparel,365,78151,365,17,,http://images.acmesports.sports/Perfect+Fitness+Perfect+Rip+Deck,Perfect Fitness Perfect Rip Deck,0
24820,17,Cleats,4,Apparel,365,62178,365,17,,http://images.acmesports.sports/Perfect+Fitness+Perfect+Rip+Deck,Perfect Fitness Perfect Rip Deck,0
25847,17,Cleats,4,Apparel,365,64696,365,17,,http://images.acmesports.sports/Perfect+Fitness+Perfect+Rip+Deck,Perfect Fitness Perfect Rip Deck,0
42154,17,Cleats,4,Apparel,365,105264,365,17,,http://images.acmesports.sports/Perfect+Fitness+Perfect+Rip+Deck,Perfect Fitness Perfect Rip Deck,0
45036,17,Cleats,4,Apparel,365,112451,365,17,,http://images.acmesports.sports/Perfect+Fitness+Perfect+Rip+Deck,Perfect Fitness Perfect Rip Deck,0
45863,29,Shop By Sport,5,Golf,627,114641,627,29,,http://images.acmesports.sports/Under+Armour+Girls%27+Toddler+Spine+Surge+Running+Shoe,Under Armour Girls' Toddler Spine Surge Runni,0
20929,24,Women's Apparel,5,Golf,502,52291,502,24,,http://images.acmesports.sports/Nike+Men%27s+Dri-FIT+Victory+Golf+Polo,Nike Men's Dri-FIT Victory Golf Polo,0
23464,24,Women's Apparel,5,Golf,502,58711,502,24,,http://images.acmesports.sports/Nike+Men%27s+Dri-FIT+Victory+Golf+Polo,Nike Men's Dri-FIT Victory Golf Polo,0
44316,24,Women's Apparel,5,Golf,502,110667,502,24,,http://images.acmesports.sports/Nike+Men%27s+Dri-FIT+Victory+Golf+Polo,Nike Men's Dri-FIT Victory Golf Polo,0
27647,29,Shop By Sport,5,Golf,627,69211,627,29,,http://images.acmesports.sports/Under+Armour+Girls%27+Toddler+Spine+Surge+Running+Shoe,Under Armour Girls' Toddler Spine Surge Runni,0
24878,29,Shop By Sport,5,Golf,627,62323,627,29,,http://images.acmesports.sports/Under+Armour+Girls%27+Toddler+Spine+Surge+Running+Shoe,Under Armour Girls' Toddler Spine Surge Runni,0
42152,29,Shop By Sport,5,Golf,627,105260,627,29,,http://images.acmesports.sports/Under+Armour+Girls%27+Toddler+Spine+Surge+Running+Shoe,Under Armour Girls' Toddler Spine Surge Runni,0
46401,24,Women's Apparel,5,Golf,502,116011,502,24,,http://images.acmesports.sports/Nike+Men%27s+Dri-FIT+Victory+Golf+Polo,Nike Men's Dri-FIT Victory Golf Polo,0
20929,26,Girls' Apparel,5,Golf,564,52288,564,26,,http://images.acmesports.sports/Nike+Men%27s+Deutschland+Weltmeister+Winners+Black+T-Shirt,Nike Men's Deutschland Weltmeister Winners Bl,0
48844,24,Women's Apparel,5,Golf,502,122150,502,24,,http://images.acmesports.sports/Nike+Men%27s+Dri-FIT+Victory+Golf+Polo,Nike Men's Dri-FIT Victory Golf Polo,0
22481,24,Women's Apparel,5,Golf,502,56253,502,24,,http://images.acmesports.sports/Nike+Men%27s+Dri-FIT+Victory+Golf+Polo,Nike Men's Dri-FIT Victory Golf Polo,0
30713,29,Shop By Sport,5,Golf,627,76715,627,29,,http://images.acmesports.sports/Under+Armour+Girls%27+Toddler+Spine+Surge+Running+Shoe,Under Armour Girls' Toddler Spine Surge Runni,0
31018,24,Women's Apparel,5,Golf,502,77528,502,24,,http://images.acmesports.sports/Nike+Men%27s+Dri-FIT+Victory+Golf+Polo,Nike Men's Dri-FIT Victory Golf Polo,0
27005,24,Women's Apparel,5,Golf,502,67639,502,24,,http://images.acmesports.sports/Nike+Men%27s+Dri-FIT+Victory+Golf+Polo,Nike Men's Dri-FIT Victory Golf Polo,0
75796,73,Sporting Goods,2,Fitness,1360,179111,1360,73,,http://images.acmesports.sports/Smart+watch ,Smart watch ,0
75795,73,Sporting Goods,2,Fitness,1360,179110,1360,73,,http://images.acmesports.sports/Smart+watch ,Smart watch ,0
75794,73,Sporting Goods,2,Fitness,1360,179109,1360,73,,http://images.acmesports.sports/Smart+watch ,Smart watch ,0
75793,73,Sporting Goods,2,Fitness,1360,179108,1360,73,,http://images.acmesports.sports/Smart+watch ,Smart watch ,0
75792,73,Sporting Goods,2,Fitness,1360,179107,1360,73,,http://images.acmesports.sports/Smart+watch ,Smart watch ,0
75791,73,Sporting Goods,2,Fitness,1360,179106,1360,73,,http://images.acmesports.sports/Smart+watch ,Smart watch ,0
75790,73,Sporting Goods,2,Fitness,1360,179105,1360,73,,http://images.acmesports.sports/Smart+watch ,Smart watch ,0
75789,73,Sporting Goods,2,Fitness,1360,179104,1360,73,,http://images.acmesports.sports/Smart+watch ,Smart watch ,0
75788,73,Sporting Goods,2,Fitness,1360,179103,1360,73,,http://images.acmesports.sports/Smart+watch ,Smart watch ,0
75787,73,Sporting Goods,2,Fitness,1360,179102,1360,73,,http://images.acmesports.sports/Smart+watch ,Smart watch ,0
75786,73,Sporting Goods,2,Fitness,1360,179101,1360,73,,http://images.acmesports.sports/Smart+watch ,Smart watch ,0
75785,73,Sporting Goods,2,Fitness,1360,179100,1360,73,,http://images.acmesports.sports/Smart+watch ,Smart watch ,0
75784,73,Sporting Goods,2,Fitness,1360,179099,1360,73,,http://images.acmesports.sports/Smart+watch ,Smart watch ,0
75783,73,Sporting Goods,2,Fitness,1360,179098,1360,73,,http://images.acmesports.sports/Smart+watch ,Smart watch ,0
75782,73,Sporting Goods,2,Fitness,1360,179097,1360,73,,http://images.acmesports.sports/Smart+watch ,Smart watch ,0
75781,73,Sporting Goods,2,Fitness,1360,179096,1360,73,,http://images.acmesports.sports/Smart+watch ,Smart watch ,0
75780,73,Sporting Goods,2,Fitness,1360,179095,1360,73,,http://images.acmesports.sports/Smart+watch ,Smart watch ,0
75779,73,Sporting Goods,2,Fitness,1360,179094,1360,73,,http://images.acmesports.sports/Smart+watch ,Smart watch ,0
75778,73,Sporting Goods,2,Fitness,1360,179093,1360,73,,http://images.acmesports.sports/Smart+watch ,Smart watch ,0
75777,73,Sporting Goods,2,Fitness,1360,179092,1360,73,,http://images.acmesports.sports/Smart+watch ,Smart watch ,0
75776,73,Sporting Goods,2,Fitness,1360,179091,1360,73,,http://images.acmesports.sports/Smart+watch ,Smart watch ,0
75775,73,Sporting Goods,2,Fitness,1360,179090,1360,73,,http://images.acmesports.sports/Smart+watch ,Smart watch ,0
75774,73,Sporting Goods,2,Fitness,1360,179089,1360,73,,http://images.acmesports.sports/Smart+watch ,Smart watch ,0
75773,73,Sporting Goods,2,Fitness,1360,179088,1360,73,,http://images.acmesports.sports/Smart+watch ,Smart watch ,0
75772,73,Sporting Goods,2,Fitness,1360,179087,1360,73,,http://images.acmesports.sports/Smart+watch ,Smart watch ,0
75771,73,Sporting Goods,2,Fitness,1360,179086,1360,73,,http://images.acmesports.sports/Smart+watch ,Smart watch ,0
75770,73,Sporting Goods,2,Fitness,1360,179085,1360,73,,http://images.acmesports.sports/Smart+watch ,Smart watch ,0
75769,73,Sporting Goods,2,Fitness,1360,179084,1360,73,,http://images.acmesports.sports/Smart+watch ,Smart watch ,0
75768,73,Sporting Goods,2,Fitness,1360,179083,1360,73,,http://images.acmesports.sports/Smart+watch ,Smart watch ,0
75767,73,Sporting Goods,2,Fitness,1360,179082,1360,73,,http://images.acmesports.sports/Smart+watch ,Smart watch ,0
75766,73,Sporting Goods,2,Fitness,1360,179081,1360,73,,http://images.acmesports.sports/Smart+watch ,Smart watch ,0
75765,73,Sporting Goods,2,Fitness,1360,179080,1360,73,,http://images.acmesports.sports/Smart+watch ,Smart watch ,0
75764,73,Sporting Goods,2,Fitness,1360,179079,1360,73,,http://images.acmesports.sports/Smart+watch ,Smart watch ,0
75763,73,Sporting Goods,2,Fitness,1360,179078,1360,73,,http://images.acmesports.sports/Smart+watch ,Smart watch ,0
75762,73,Sporting Goods,2,Fitness,1360,179077,1360,73,,http://images.acmesports.sports/Smart+watch ,Smart watch ,0
75761,73,Sporting Goods,2,Fitness,1360,179076,1360,73,,http://images.acmesports.sports/Smart+watch ,Smart watch ,0
75760,73,Sporting Goods,2,Fitness,1360,179075,1360,73,,http://images.acmesports.sports/Smart+watch ,Smart watch ,0
75759,73,Sporting Goods,2,Fitness,1360,179074,1360,73,,http://images.acmesports.sports/Smart+watch ,Smart watch ,0
75758,73,Sporting Goods,2,Fitness,1360,179073,1360,73,,http://images.acmesports.sports/Smart+watch ,Smart watch ,0
75757,73,Sporting Goods,2,Fitness,1360,179072,1360,73,,http://images.acmesports.sports/Smart+watch ,Smart watch ,0
75756,73,Sporting Goods,2,Fitness,1360,179071,1360,73,,http://images.acmesports.sports/Smart+watch ,Smart watch ,0
75755,73,Sporting Goods,2,Fitness,1360,179070,1360,73,,http://images.acmesports.sports/Smart+watch ,Smart watch ,0
75754,73,Sporting Goods,2,Fitness,1360,179069,1360,73,,http://images.acmesports.sports/Smart+watch ,Smart watch ,0
75753,73,Sporting Goods,2,Fitness,1360,179068,1360,73,,http://images.acmesports.sports/Smart+watch ,Smart watch ,0
75752,73,Sporting Goods,2,Fitness,1360,179067,1360,73,,http://images.acmesports.sports/Smart+watch ,Smart watch ,0
75751,73,Sporting Goods,2,Fitness,1360,179066,1360,73,,http://images.acmesports.sports/Smart+watch ,Smart watch ,0
75750,73,Sporting Goods,2,Fitness,1360,179065,1360,73,,http://images.acmesports.sports/Smart+watch ,Smart watch ,0
75749,73,Sporting Goods,2,Fitness,1360,179064,1360,73,,http://images.acmesports.sports/Smart+watch ,Smart watch ,0
75748,73,Sporting Goods,2,Fitness,1360,179063,1360,73,,http://images.acmesports.sports/Smart+watch ,Smart watch ,0
75747,73,Sporting Goods,2,Fitness,1360,179062,1360,73,,http://images.acmesports.sports/Smart+watch ,Smart watch ,0
75746,73,Sporting Goods,2,Fitness,1360,179061,1360,73,,http://images.acmesports.sports/Smart+watch ,Smart watch ,0
75745,73,Sporting Goods,2,Fitness,1360,179060,1360,73,,http://images.acmesports.sports/Smart+watch ,Smart watch ,0
75744,73,Sporting Goods,2,Fitness,1360,179059,1360,73,,http://images.acmesports.sports/Smart+watch ,Smart watch ,0
75743,73,Sporting Goods,2,Fitness,1360,179058,1360,73,,http://images.acmesports.sports/Smart+watch ,Smart watch ,0
75742,73,Sporting Goods,2,Fitness,1360,179057,1360,73,,http://images.acmesports.sports/Smart+watch ,Smart watch ,0
75741,73,Sporting Goods,2,Fitness,1360,179056,1360,73,,http://images.acmesports.sports/Smart+watch ,Smart watch ,0
75740,73,Sporting Goods,2,Fitness,1360,179055,1360,73,,http://images.acmesports.sports/Smart+watch ,Smart watch ,0
75739,73,Sporting Goods,2,Fitness,1360,179054,1360,73,,http://images.acmesports.sports/Smart+watch ,Smart watch ,0
75738,73,Sporting Goods,2,Fitness,1360,179053,1360,73,,http://images.acmesports.sports/Smart+watch ,Smart watch ,0
75737,73,Sporting Goods,2,Fitness,1360,179052,1360,73,,http://images.acmesports.sports/Smart+watch ,Smart watch ,0
75736,73,Sporting Goods,2,Fitness,1360,179051,1360,73,,http://images.acmesports.sports/Smart+watch ,Smart watch ,0
75735,73,Sporting Goods,2,Fitness,1360,179050,1360,73,,http://images.acmesports.sports/Smart+watch ,Smart watch ,0
75734,73,Sporting Goods,2,Fitness,1360,179049,1360,73,,http://images.acmesports.sports/Smart+watch ,Smart watch ,0
75733,73,Sporting Goods,2,Fitness,1360,179048,1360,73,,http://images.acmesports.sports/Smart+watch ,Smart watch ,0
75732,73,Sporting Goods,2,Fitness,1360,179047,1360,73,,http://images.acmesports.sports/Smart+watch ,Smart watch ,0
75731,73,Sporting Goods,2,Fitness,1360,179046,1360,73,,http://images.acmesports.sports/Smart+watch ,Smart watch ,0
75730,73,Sporting Goods,2,Fitness,1360,179045,1360,73,,http://images.acmesports.sports/Smart+watch ,Smart watch ,0
75729,73,Sporting Goods,2,Fitness,1360,179044,1360,73,,http://images.acmesports.sports/Smart+watch ,Smart watch ,0
73221,73,Sporting Goods,2,Fitness,1360,176536,1360,73,,http://images.acmesports.sports/Smart+watch ,Smart watch ,0
73220,73,Sporting Goods,2,Fitness,1360,176535,1360,73,,http://images.acmesports.sports/Smart+watch ,Smart watch ,0
73219,73,Sporting Goods,2,Fitness,1360,176534,1360,73,,http://images.acmesports.sports/Smart+watch ,Smart watch ,0
73218,73,Sporting Goods,2,Fitness,1360,176533,1360,73,,http://images.acmesports.sports/Smart+watch ,Smart watch ,0
73217,73,Sporting Goods,2,Fitness,1360,176532,1360,73,,http://images.acmesports.sports/Smart+watch ,Smart watch ,0
73216,73,Sporting Goods,2,Fitness,1360,176531,1360,73,,http://images.acmesports.sports/Smart+watch ,Smart watch ,0
73215,73,Sporting Goods,2,Fitness,1360,176530,1360,73,,http://images.acmesports.sports/Smart+watch ,Smart watch ,0
73214,73,Sporting Goods,2,Fitness,1360,176529,1360,73,,http://images.acmesports.sports/Smart+watch ,Smart watch ,0
73213,73,Sporting Goods,2,Fitness,1360,176528,1360,73,,http://images.acmesports.sports/Smart+watch ,Smart watch ,0
73212,73,Sporting Goods,2,Fitness,1360,176527,1360,73,,http://images.acmesports.sports/Smart+watch ,Smart watch ,0
73211,73,Sporting Goods,2,Fitness,1360,176526,1360,73,,http://images.acmesports.sports/Smart+watch ,Smart watch ,0
73210,73,Sporting Goods,2,Fitness,1360,176525,1360,73,,http://images.acmesports.sports/Smart+watch ,Smart watch ,0
73209,73,Sporting Goods,2,Fitness,1360,176524,1360,73,,http://images.acmesports.sports/Smart+watch ,Smart watch ,0
73208,73,Sporting Goods,2,Fitness,1360,176523,1360,73,,http://images.acmesports.sports/Smart+watch ,Smart watch ,0
73207,73,Sporting Goods,2,Fitness,1360,176522,1360,73,,http://images.acmesports.sports/Smart+watch ,Smart watch ,0
73206,73,Sporting Goods,2,Fitness,1360,176521,1360,73,,http://images.acmesports.sports/Smart+watch ,Smart watch ,0
73205,73,Sporting Goods,2,Fitness,1360,176520,1360,73,,http://images.acmesports.sports/Smart+watch ,Smart watch ,0
73204,73,Sporting Goods,2,Fitness,1360,176519,1360,73,,http://images.acmesports.sports/Smart+watch ,Smart watch ,0
73203,73,Sporting Goods,2,Fitness,1360,176518,1360,73,,http://images.acmesports.sports/Smart+watch ,Smart watch ,0
73202,73,Sporting Goods,2,Fitness,1360,176517,1360,73,,http://images.acmesports.sports/Smart+watch ,Smart watch ,0
73201,73,Sporting Goods,2,Fitness,1360,176516,1360,73,,http://images.acmesports.sports/Smart+watch ,Smart watch ,0
73200,73,Sporting Goods,2,Fitness,1360,176515,1360,73,,http://images.acmesports.sports/Smart+watch ,Smart watch ,0
73199,73,Sporting Goods,2,Fitness,1360,176514,1360,73,,http://images.acmesports.sports/Smart+watch ,Smart watch ,0
73198,73,Sporting Goods,2,Fitness,1360,176513,1360,73,,http://images.acmesports.sports/Smart+watch ,Smart watch ,0
73197,73,Sporting Goods,2,Fitness,1360,176512,1360,73,,http://images.acmesports.sports/Smart+watch ,Smart watch ,0
73196,73,Sporting Goods,2,Fitness,1360,176511,1360,73,,http://images.acmesports.sports/Smart+watch ,Smart watch ,0
73195,73,Sporting Goods,2,Fitness,1360,176510,1360,73,,http://images.acmesports.sports/Smart+watch ,Smart watch ,0
73194,73,Sporting Goods,2,Fitness,1360,176509,1360,73,,http://images.acmesports.sports/Smart+watch ,Smart watch ,0
73193,73,Sporting Goods,2,Fitness,1360,176508,1360,73,,http://images.acmesports.sports/Smart+watch ,Smart watch ,0
73192,73,Sporting Goods,2,Fitness,1360,176507,1360,73,,http://images.acmesports.sports/Smart+watch ,Smart watch ,0
73191,73,Sporting Goods,2,Fitness,1360,176506,1360,73,,http://images.acmesports.sports/Smart+watch ,Smart watch ,0
73190,73,Sporting Goods,2,Fitness,1360,176505,1360,73,,http://images.acmesports.sports/Smart+watch ,Smart watch ,0
73189,73,Sporting Goods,2,Fitness,1360,176504,1360,73,,http://images.acmesports.sports/Smart+watch ,Smart watch ,0
73188,73,Sporting Goods,2,Fitness,1360,176503,1360,73,,http://images.acmesports.sports/Smart+watch ,Smart watch ,0
73187,73,Sporting Goods,2,Fitness,1360,176502,1360,73,,http://images.acmesports.sports/Smart+watch ,Smart watch ,0
73186,73,Sporting Goods,2,Fitness,1360,176501,1360,73,,http://images.acmesports.sports/Smart+watch ,Smart watch ,0
73185,73,Sporting Goods,2,Fitness,1360,176500,1360,73,,http://images.acmesports.sports/Smart+watch ,Smart watch ,0
73184,73,Sporting Goods,2,Fitness,1360,176499,1360,73,,http://images.acmesports.sports/Smart+watch ,Smart watch ,0
73183,73,Sporting Goods,2,Fitness,1360,176498,1360,73,,http://images.acmesports.sports/Smart+watch ,Smart watch ,0
73182,73,Sporting Goods,2,Fitness,1360,176497,1360,73,,http://images.acmesports.sports/Smart+watch ,Smart watch ,0
73181,73,Sporting Goods,2,Fitness,1360,176496,1360,73,,http://images.acmesports.sports/Smart+watch ,Smart watch ,0
73180,73,Sporting Goods,2,Fitness,1360,176495,1360,73,,http://images.acmesports.sports/Smart+watch ,Smart watch ,0
73179,73,Sporting Goods,2,Fitness,1360,176494,1360,73,,http://images.acmesports.sports/Smart+watch ,Smart watch ,0
73178,73,Sporting Goods,2,Fitness,1360,176493,1360,73,,http://images.acmesports.sports/Smart+watch ,Smart watch ,0
73177,73,Sporting Goods,2,Fitness,1360,176492,1360,73,,http://images.acmesports.sports/Smart+watch ,Smart watch ,0
73176,73,Sporting Goods,2,Fitness,1360,176491,1360,73,,http://images.acmesports.sports/Smart+watch ,Smart watch ,0
73175,73,Sporting Goods,2,Fitness,1360,176490,1360,73,,http://images.acmesports.sports/Smart+watch ,Smart watch ,0
73174,73,Sporting Goods,2,Fitness,1360,176489,1360,73,,http://images.acmesports.sports/Smart+watch ,Smart watch ,0
73173,73,Sporting Goods,2,Fitness,1360,176488,1360,73,,http://images.acmesports.sports/Smart+watch ,Smart watch ,0
73172,73,Sporting Goods,2,Fitness,1360,176487,1360,73,,http://images.acmesports.sports/Smart+watch ,Smart watch ,0
73171,73,Sporting Goods,2,Fitness,1360,176486,1360,73,,http://images.acmesports.sports/Smart+watch ,Smart watch ,0
73170,73,Sporting Goods,2,Fitness,1360,176485,1360,73,,http://images.acmesports.sports/Smart+watch ,Smart watch ,0
73169,73,Sporting Goods,2,Fitness,1360,176484,1360,73,,http://images.acmesports.sports/Smart+watch ,Smart watch ,0
73168,73,Sporting Goods,2,Fitness,1360,176483,1360,73,,http://images.acmesports.sports/Smart+watch ,Smart watch ,0
73167,73,Sporting Goods,2,Fitness,1360,176482,1360,73,,http://images.acmesports.sports/Smart+watch ,Smart watch ,0
73166,73,Sporting Goods,2,Fitness,1360,176481,1360,73,,http://images.acmesports.sports/Smart+watch ,Smart watch ,0
73165,73,Sporting Goods,2,Fitness,1360,176480,1360,73,,http://images.acmesports.sports/Smart+watch ,Smart watch ,0
73164,73,Sporting Goods,2,Fitness,1360,176479,1360,73,,http://images.acmesports.sports/Smart+watch ,Smart watch ,0
73163,73,Sporting Goods,2,Fitness,1360,176478,1360,73,,http://images.acmesports.sports/Smart+watch ,Smart watch ,0
73162,73,Sporting Goods,2,Fitness,1360,176477,1360,73,,http://images.acmesports.sports/Smart+watch ,Smart watch ,0
73161,73,Sporting Goods,2,Fitness,1360,176476,1360,73,,http://images.acmesports.sports/Smart+watch ,Smart watch ,0
73160,73,Sporting Goods,2,Fitness,1360,176475,1360,73,,http://images.acmesports.sports/Smart+watch ,Smart watch ,0
73159,73,Sporting Goods,2,Fitness,1360,176474,1360,73,,http://images.acmesports.sports/Smart+watch ,Smart watch ,0
73158,73,Sporting Goods,2,Fitness,1360,176473,1360,73,,http://images.acmesports.sports/Smart+watch ,Smart watch ,0
73157,73,Sporting Goods,2,Fitness,1360,176472,1360,73,,http://images.acmesports.sports/Smart+watch ,Smart watch ,0
73156,73,Sporting Goods,2,Fitness,1360,176471,1360,73,,http://images.acmesports.sports/Smart+watch ,Smart watch ,0
73155,73,Sporting Goods,2,Fitness,1360,176470,1360,73,,http://images.acmesports.sports/Smart+watch ,Smart watch ,0
73154,73,Sporting Goods,2,Fitness,1360,176469,1360,73,,http://images.acmesports.sports/Smart+watch ,Smart watch ,0
73153,73,Sporting Goods,2,Fitness,1360,176468,1360,73,,http://images.acmesports.sports/Smart+watch ,Smart watch ,0
73152,73,Sporting Goods,2,Fitness,1360,176467,1360,73,,http://images.acmesports.sports/Smart+watch ,Smart watch ,0
73151,73,Sporting Goods,2,Fitness,1360,176466,1360,73,,http://images.acmesports.sports/Smart+watch ,Smart watch ,0
73150,73,Sporting Goods,2,Fitness,1360,176465,1360,73,,http://images.acmesports.sports/Smart+watch ,Smart watch ,0
73149,73,Sporting Goods,2,Fitness,1360,176464,1360,73,,http://images.acmesports.sports/Smart+watch ,Smart watch ,0
73148,73,Sporting Goods,2,Fitness,1360,176463,1360,73,,http://images.acmesports.sports/Smart+watch ,Smart watch ,0
73147,73,Sporting Goods,2,Fitness,1360,176462,1360,73,,http://images.acmesports.sports/Smart+watch ,Smart watch ,0
73146,73,Sporting Goods,2,Fitness,1360,176461,1360,73,,http://images.acmesports.sports/Smart+watch ,Smart watch ,0
73145,73,Sporting Goods,2,Fitness,1360,176460,1360,73,,http://images.acmesports.sports/Smart+watch ,Smart watch ,0
73144,73,Sporting Goods,2,Fitness,1360,176459,1360,73,,http://images.acmesports.sports/Smart+watch ,Smart watch ,0
73143,73,Sporting Goods,2,Fitness,1360,176458,1360,73,,http://images.acmesports.sports/Smart+watch ,Smart watch ,0
73142,73,Sporting Goods,2,Fitness,1360,176457,1360,73,,http://images.acmesports.sports/Smart+watch ,Smart watch ,0
73141,73,Sporting Goods,2,Fitness,1360,176456,1360,73,,http://images.acmesports.sports/Smart+watch ,Smart watch ,0
73140,73,Sporting Goods,2,Fitness,1360,176455,1360,73,,http://images.acmesports.sports/Smart+watch ,Smart watch ,0
73139,73,Sporting Goods,2,Fitness,1360,176454,1360,73,,http://images.acmesports.sports/Smart+watch ,Smart watch ,0
73138,73,Sporting Goods,2,Fitness,1360,176453,1360,73,,http://images.acmesports.sports/Smart+watch ,Smart watch ,0
73137,73,Sporting Goods,2,Fitness,1360,176452,1360,73,,http://images.acmesports.sports/Smart+watch ,Smart watch ,0
73136,73,Sporting Goods,2,Fitness,1360,176451,1360,73,,http://images.acmesports.sports/Smart+watch ,Smart watch ,0
73135,73,Sporting Goods,2,Fitness,1360,176450,1360,73,,http://images.acmesports.sports/Smart+watch ,Smart watch ,0
73134,73,Sporting Goods,2,Fitness,1360,176449,1360,73,,http://images.acmesports.sports/Smart+watch ,Smart watch ,0
73133,73,Sporting Goods,2,Fitness,1360,176448,1360,73,,http://images.acmesports.sports/Smart+watch ,Smart watch ,0
73132,73,Sporting Goods,2,Fitness,1360,176447,1360,73,,http://images.acmesports.sports/Smart+watch ,Smart watch ,0
73131,73,Sporting Goods,2,Fitness,1360,176446,1360,73,,http://images.acmesports.sports/Smart+watch ,Smart watch ,0
73130,73,Sporting Goods,2,Fitness,1360,176445,1360,73,,http://images.acmesports.sports/Smart+watch ,Smart watch ,0
73129,73,Sporting Goods,2,Fitness,1360,176444,1360,73,,http://images.acmesports.sports/Smart+watch ,Smart watch ,0
73128,73,Sporting Goods,2,Fitness,1360,176443,1360,73,,http://images.acmesports.sports/Smart+watch ,Smart watch ,0
73127,73,Sporting Goods,2,Fitness,1360,176442,1360,73,,http://images.acmesports.sports/Smart+watch ,Smart watch ,0
73126,73,Sporting Goods,2,Fitness,1360,176441,1360,73,,http://images.acmesports.sports/Smart+watch ,Smart watch ,0
73125,73,Sporting Goods,2,Fitness,1360,176440,1360,73,,http://images.acmesports.sports/Smart+watch ,Smart watch ,0
73124,73,Sporting Goods,2,Fitness,1360,176439,1360,73,,http://images.acmesports.sports/Smart+watch ,Smart watch ,0
73123,73,Sporting Goods,2,Fitness,1360,176438,1360,73,,http://images.acmesports.sports/Smart+watch ,Smart watch ,0
73122,73,Sporting Goods,2,Fitness,1360,176437,1360,73,,http://images.acmesports.sports/Smart+watch ,Smart watch ,0
73121,73,Sporting Goods,2,Fitness,1360,176436,1360,73,,http://images.acmesports.sports/Smart+watch ,Smart watch ,0
73120,73,Sporting Goods,2,Fitness,1360,176435,1360,73,,http://images.acmesports.sports/Smart+watch ,Smart watch ,0
73119,73,Sporting Goods,2,Fitness,1360,176434,1360,73,,http://images.acmesports.sports/Smart+watch ,Smart watch ,0
73118,73,Sporting Goods,2,Fitness,1360,176433,1360,73,,http://images.acmesports.sports/Smart+watch ,Smart watch ,0
73117,73,Sporting Goods,2,Fitness,1360,176432,1360,73,,http://images.acmesports.sports/Smart+watch ,Smart watch ,0
73116,73,Sporting Goods,2,Fitness,1360,176431,1360,73,,http://images.acmesports.sports/Smart+watch ,Smart watch ,0
73115,73,Sporting Goods,2,Fitness,1360,176430,1360,73,,http://images.acmesports.sports/Smart+watch ,Smart watch ,0
73114,73,Sporting Goods,2,Fitness,1360,176429,1360,73,,http://images.acmesports.sports/Smart+watch ,Smart watch ,0
73113,73,Sporting Goods,2,Fitness,1360,176428,1360,73,,http://images.acmesports.sports/Smart+watch ,Smart watch ,0
73112,73,Sporting Goods,2,Fitness,1360,176427,1360,73,,http://images.acmesports.sports/Smart+watch ,Smart watch ,0
73111,73,Sporting Goods,2,Fitness,1360,176426,1360,73,,http://images.acmesports.sports/Smart+watch ,Smart watch ,0
73110,73,Sporting Goods,2,Fitness,1360,176425,1360,73,,http://images.acmesports.sports/Smart+watch ,Smart watch ,0
73109,73,Sporting Goods,2,Fitness,1360,176424,1360,73,,http://images.acmesports.sports/Smart+watch ,Smart watch ,0
73108,73,Sporting Goods,2,Fitness,1360,176423,1360,73,,http://images.acmesports.sports/Smart+watch ,Smart watch ,0
73107,73,Sporting Goods,2,Fitness,1360,176422,1360,73,,http://images.acmesports.sports/Smart+watch ,Smart watch ,0
73106,73,Sporting Goods,2,Fitness,1360,176421,1360,73,,http://images.acmesports.sports/Smart+watch ,Smart watch ,0
73105,73,Sporting Goods,2,Fitness,1360,176420,1360,73,,http://images.acmesports.sports/Smart+watch ,Smart watch ,0
73104,73,Sporting Goods,2,Fitness,1360,176419,1360,73,,http://images.acmesports.sports/Smart+watch ,Smart watch ,0
73103,73,Sporting Goods,2,Fitness,1360,176418,1360,73,,http://images.acmesports.sports/Smart+watch ,Smart watch ,0
73102,73,Sporting Goods,2,Fitness,1360,176417,1360,73,,http://images.acmesports.sports/Smart+watch ,Smart watch ,0
73101,73,Sporting Goods,2,Fitness,1360,176416,1360,73,,http://images.acmesports.sports/Smart+watch ,Smart watch ,0
73100,73,Sporting Goods,2,Fitness,1360,176415,1360,73,,http://images.acmesports.sports/Smart+watch ,Smart watch ,0
73099,73,Sporting Goods,2,Fitness,1360,176414,1360,73,,http://images.acmesports.sports/Smart+watch ,Smart watch ,0
73098,73,Sporting Goods,2,Fitness,1360,176413,1360,73,,http://images.acmesports.sports/Smart+watch ,Smart watch ,0
73097,73,Sporting Goods,2,Fitness,1360,176412,1360,73,,http://images.acmesports.sports/Smart+watch ,Smart watch ,0
6783,9,Cardio Equipment,3,Footwear,191,16953,191,9,,http://images.acmesports.sports/Nike+Men%27s+Free+5.0%2B+Running+Shoe,Nike Men's Free 5.0+ Running Shoe,0
4135,17,Cleats,4,Apparel,365,10331,365,17,,http://images.acmesports.sports/Perfect+Fitness+Perfect+Rip+Deck,Perfect Fitness Perfect Rip Deck,0
4135,17,Cleats,4,Apparel,365,10330,365,17,,http://images.acmesports.sports/Perfect+Fitness+Perfect+Rip+Deck,Perfect Fitness Perfect Rip Deck,0
56973,17,Cleats,4,Apparel,365,142498,365,17,,http://images.acmesports.sports/Perfect+Fitness+Perfect+Rip+Deck,Perfect Fitness Perfect Rip Deck,0
5895,17,Cleats,4,Apparel,365,14665,365,17,,http://images.acmesports.sports/Perfect+Fitness+Perfect+Rip+Deck,Perfect Fitness Perfect Rip Deck,0
56357,17,Cleats,4,Apparel,365,140964,365,17,,http://images.acmesports.sports/Perfect+Fitness+Perfect+Rip+Deck,Perfect Fitness Perfect Rip Deck,0
6326,17,Cleats,4,Apparel,365,15831,365,17,,http://images.acmesports.sports/Perfect+Fitness+Perfect+Rip+Deck,Perfect Fitness Perfect Rip Deck,0
3975,17,Cleats,4,Apparel,365,9871,365,17,,http://images.acmesports.sports/Perfect+Fitness+Perfect+Rip+Deck,Perfect Fitness Perfect Rip Deck,0
8163,17,Cleats,4,Apparel,365,20394,365,17,,http://images.acmesports.sports/Perfect+Fitness+Perfect+Rip+Deck,Perfect Fitness Perfect Rip Deck,0
53413,17,Cleats,4,Apparel,365,133457,365,17,,http://images.acmesports.sports/Perfect+Fitness+Perfect+Rip+Deck,Perfect Fitness Perfect Rip Deck,0
53202,17,Cleats,4,Apparel,365,132935,365,17,,http://images.acmesports.sports/Perfect+Fitness+Perfect+Rip+Deck,Perfect Fitness Perfect Rip Deck,0
3987,24,Women's Apparel,5,Golf,502,9904,502,24,,http://images.acmesports.sports/Nike+Men%27s+Dri-FIT+Victory+Golf+Polo,Nike Men's Dri-FIT Victory Golf Polo,0
8578,29,Shop By Sport,5,Golf,627,21414,627,29,,http://images.acmesports.sports/Under+Armour+Girls%27+Toddler+Spine+Surge+Running+Shoe,Under Armour Girls' Toddler Spine Surge Runni,0
55906,24,Women's Apparel,5,Golf,502,139795,502,24,,http://images.acmesports.sports/Nike+Men%27s+Dri-FIT+Victory+Golf+Polo,Nike Men's Dri-FIT Victory Golf Polo,0
10164,24,Women's Apparel,5,Golf,502,25402,502,24,,http://images.acmesports.sports/Nike+Men%27s+Dri-FIT+Victory+Golf+Polo,Nike Men's Dri-FIT Victory Golf Polo,0
58239,29,Shop By Sport,5,Golf,627,145722,627,29,,http://images.acmesports.sports/Under+Armour+Girls%27+Toddler+Spine+Surge+Running+Shoe,Under Armour Girls' Toddler Spine Surge Runni,0
3975,29,Shop By Sport,5,Golf,627,9873,627,29,,http://images.acmesports.sports/Under+Armour+Girls%27+Toddler+Spine+Surge+Running+Shoe,Under Armour Girls' Toddler Spine Surge Runni,0
54128,24,Women's Apparel,5,Golf,502,135347,502,24,,http://images.acmesports.sports/Nike+Men%27s+Dri-FIT+Victory+Golf+Polo,Nike Men's Dri-FIT Victory Golf Polo,0
54128,24,Women's Apparel,5,Golf,502,135345,502,24,,http://images.acmesports.sports/Nike+Men%27s+Dri-FIT+Victory+Golf+Polo,Nike Men's Dri-FIT Victory Golf Polo,0
5042,24,Women's Apparel,5,Golf,502,12613,502,24,,http://images.acmesports.sports/Nike+Men%27s+Dri-FIT+Victory+Golf+Polo,Nike Men's Dri-FIT Victory Golf Polo,0
51298,24,Women's Apparel,5,Golf,502,128200,502,24,,http://images.acmesports.sports/Nike+Men%27s+Dri-FIT+Victory+Golf+Polo,Nike Men's Dri-FIT Victory Golf Polo,0
31115,9,Cardio Equipment,3,Footwear,191,77753,191,9,,http://images.acmesports.sports/Nike+Men%27s+Free+5.0%2B+Running+Shoe,Nike Men's Free 5.0+ Running Shoe,0
27099,9,Cardio Equipment,3,Footwear,191,67902,191,9,,http://images.acmesports.sports/Nike+Men%27s+Free+5.0%2B+Running+Shoe,Nike Men's Free 5.0+ Running Shoe,0
22924,17,Cleats,4,Apparel,365,57383,365,17,,http://images.acmesports.sports/Perfect+Fitness+Perfect+Rip+Deck,Perfect Fitness Perfect Rip Deck,0
45772,17,Cleats,4,Apparel,365,114416,365,17,,http://images.acmesports.sports/Perfect+Fitness+Perfect+Rip+Deck,Perfect Fitness Perfect Rip Deck,0
31239,17,Cleats,4,Apparel,365,78073,365,17,,http://images.acmesports.sports/Perfect+Fitness+Perfect+Rip+Deck,Perfect Fitness Perfect Rip Deck,0
28193,17,Cleats,4,Apparel,365,70501,365,17,,http://images.acmesports.sports/Perfect+Fitness+Perfect+Rip+Deck,Perfect Fitness Perfect Rip Deck,0
30921,17,Cleats,4,Apparel,365,77277,365,17,,http://images.acmesports.sports/Perfect+Fitness+Perfect+Rip+Deck,Perfect Fitness Perfect Rip Deck,0
20529,24,Women's Apparel,5,Golf,502,51266,502,24,,http://images.acmesports.sports/Nike+Men%27s+Dri-FIT+Victory+Golf+Polo,Nike Men's Dri-FIT Victory Golf Polo,0
24661,24,Women's Apparel,5,Golf,502,61756,502,24,,http://images.acmesports.sports/Nike+Men%27s+Dri-FIT+Victory+Golf+Polo,Nike Men's Dri-FIT Victory Golf Polo,0
24661,29,Shop By Sport,5,Golf,627,61754,627,29,,http://images.acmesports.sports/Under+Armour+Girls%27+Toddler+Spine+Surge+Running+Shoe,Under Armour Girls' Toddler Spine Surge Runni,0
31697,17,Cleats,4,Apparel,365,79206,365,17,,http://images.acmesports.sports/Perfect+Fitness+Perfect+Rip+Deck,Perfect Fitness Perfect Rip Deck,0
37276,17,Cleats,4,Apparel,365,93056,365,17,,http://images.acmesports.sports/Perfect+Fitness+Perfect+Rip+Deck,Perfect Fitness Perfect Rip Deck,0
37180,29,Shop By Sport,5,Golf,627,92782,627,29,,http://images.acmesports.sports/Under+Armour+Girls%27+Toddler+Spine+Surge+Running+Shoe,Under Armour Girls' Toddler Spine Surge Runni,0
40645,24,Women's Apparel,5,Golf,502,101412,502,24,,http://images.acmesports.sports/Nike+Men%27s+Dri-FIT+Victory+Golf+Polo,Nike Men's Dri-FIT Victory Golf Polo,0
34631,24,Women's Apparel,5,Golf,502,86491,502,24,,http://images.acmesports.sports/Nike+Men%27s+Dri-FIT+Victory+Golf+Polo,Nike Men's Dri-FIT Victory Golf Polo,0
31905,40,Accessories,6,Outdoors,893,79726,893,40,,http://images.acmesports.sports/Team+Golf+Pittsburgh+Steelers+Putter+Grip,Team Golf Pittsburgh Steelers Putter Grip,0
46951,24,Women's Apparel,5,Golf,502,117334,502,24,,http://images.acmesports.sports/Nike+Men%27s+Dri-FIT+Victory+Golf+Polo,Nike Men's Dri-FIT Victory Golf Polo,0
46725,9,Cardio Equipment,3,Footwear,191,116833,191,9,,http://images.acmesports.sports/Nike+Men%27s+Free+5.0%2B+Running+Shoe,Nike Men's Free 5.0+ Running Shoe,0
45198,18,Men's Footwear,4,Apparel,403,112912,403,18,,http://images.acmesports.sports/Nike+Men%27s+CJ+Elite+2+TD+Football+Cleat,Nike Men's CJ Elite 2 TD Football Cleat,0
45418,18,Men's Footwear,4,Apparel,403,113489,403,18,,http://images.acmesports.sports/Nike+Men%27s+CJ+Elite+2+TD+Football+Cleat,Nike Men's CJ Elite 2 TD Football Cleat,0
45198,18,Men's Footwear,4,Apparel,403,112911,403,18,,http://images.acmesports.sports/Nike+Men%27s+CJ+Elite+2+TD+Football+Cleat,Nike Men's CJ Elite 2 TD Football Cleat,0
42920,18,Men's Footwear,4,Apparel,403,107210,403,18,,http://images.acmesports.sports/Nike+Men%27s+CJ+Elite+2+TD+Football+Cleat,Nike Men's CJ Elite 2 TD Football Cleat,0
44485,18,Men's Footwear,4,Apparel,403,111071,403,18,,http://images.acmesports.sports/Nike+Men%27s+CJ+Elite+2+TD+Football+Cleat,Nike Men's CJ Elite 2 TD Football Cleat,0
50213,17,Cleats,4,Apparel,365,125508,365,17,,http://images.acmesports.sports/Perfect+Fitness+Perfect+Rip+Deck,Perfect Fitness Perfect Rip Deck,0
48622,18,Men's Footwear,4,Apparel,403,121603,403,18,,http://images.acmesports.sports/Nike+Men%27s+CJ+Elite+2+TD+Football+Cleat,Nike Men's CJ Elite 2 TD Football Cleat,0
49172,17,Cleats,4,Apparel,365,122960,365,17,,http://images.acmesports.sports/Perfect+Fitness+Perfect+Rip+Deck,Perfect Fitness Perfect Rip Deck,0
46907,18,Men's Footwear,4,Apparel,403,117254,403,18,,http://images.acmesports.sports/Nike+Men%27s+CJ+Elite+2+TD+Football+Cleat,Nike Men's CJ Elite 2 TD Football Cleat,0
44485,17,Cleats,4,Apparel,365,111069,365,17,,http://images.acmesports.sports/Perfect+Fitness+Perfect+Rip+Deck,Perfect Fitness Perfect Rip Deck,0
44027,18,Men's Footwear,4,Apparel,403,109974,403,18,,http://images.acmesports.sports/Nike+Men%27s+CJ+Elite+2+TD+Football+Cleat,Nike Men's CJ Elite 2 TD Football Cleat,0
43976,18,Men's Footwear,4,Apparel,403,109840,403,18,,http://images.acmesports.sports/Nike+Men%27s+CJ+Elite+2+TD+Football+Cleat,Nike Men's CJ Elite 2 TD Football Cleat,0
41404,18,Men's Footwear,4,Apparel,403,103346,403,18,,http://images.acmesports.sports/Nike+Men%27s+CJ+Elite+2+TD+Football+Cleat,Nike Men's CJ Elite 2 TD Football Cleat,0
46725,18,Men's Footwear,4,Apparel,403,116834,403,18,,http://images.acmesports.sports/Nike+Men%27s+CJ+Elite+2+TD+Football+Cleat,Nike Men's CJ Elite 2 TD Football Cleat,0
41442,17,Cleats,4,Apparel,365,103439,365,17,,http://images.acmesports.sports/Perfect+Fitness+Perfect+Rip+Deck,Perfect Fitness Perfect Rip Deck,0
41640,18,Men's Footwear,4,Apparel,403,103942,403,18,,http://images.acmesports.sports/Nike+Men%27s+CJ+Elite+2+TD+Football+Cleat,Nike Men's CJ Elite 2 TD Football Cleat,0
50000,17,Cleats,4,Apparel,365,125007,365,17,,http://images.acmesports.sports/Perfect+Fitness+Perfect+Rip+Deck,Perfect Fitness Perfect Rip Deck,0
47908,24,Women's Apparel,5,Golf,502,119809,502,24,,http://images.acmesports.sports/Nike+Men%27s+Dri-FIT+Victory+Golf+Polo,Nike Men's Dri-FIT Victory Golf Polo,0
44485,24,Women's Apparel,5,Golf,502,111070,502,24,,http://images.acmesports.sports/Nike+Men%27s+Dri-FIT+Victory+Golf+Polo,Nike Men's Dri-FIT Victory Golf Polo,0
41322,37,Electronics,6,Outdoors,825,103155,825,37,,http://images.acmesports.sports/Bridgestone+e6+Straight+Distance+NFL+Tennessee+Titans+Golf...,Bridgestone e6 Straight Distance NFL Tennesse,0
50419,40,Accessories,6,Outdoors,897,125978,897,40,,http://images.acmesports.sports/Team+Golf+New+England+Patriots+Putter+Grip,Team Golf New England Patriots Putter Grip,0
50364,43,Camping & Hiking,7,Fan Shop,957,125852,957,43,,http://images.acmesports.sports/Diamondback+Women%27s+Serene+Classic+Comfort+Bike+2014,Diamondback Women's Serene Classic Comfort Bi,0
42920,43,Camping & Hiking,7,Fan Shop,957,107207,957,43,,http://images.acmesports.sports/Diamondback+Women%27s+Serene+Classic+Comfort+Bike+2014,Diamondback Women's Serene Classic Comfort Bi,0
47908,43,Camping & Hiking,7,Fan Shop,957,119810,957,43,,http://images.acmesports.sports/Diamondback+Women%27s+Serene+Classic+Comfort+Bike+2014,Diamondback Women's Serene Classic Comfort Bi,0
46907,43,Camping & Hiking,7,Fan Shop,957,117253,957,43,,http://images.acmesports.sports/Diamondback+Women%27s+Serene+Classic+Comfort+Bike+2014,Diamondback Women's Serene Classic Comfort Bi,0
42712,43,Camping & Hiking,7,Fan Shop,957,106603,957,43,,http://images.acmesports.sports/Diamondback+Women%27s+Serene+Classic+Comfort+Bike+2014,Diamondback Women's Serene Classic Comfort Bi,0
51110,43,Camping & Hiking,7,Fan Shop,957,127730,957,43,,http://images.acmesports.sports/Diamondback+Women%27s+Serene+Classic+Comfort+Bike+2014,Diamondback Women's Serene Classic Comfort Bi,0
41404,43,Camping & Hiking,7,Fan Shop,957,103347,957,43,,http://images.acmesports.sports/Diamondback+Women%27s+Serene+Classic+Comfort+Bike+2014,Diamondback Women's Serene Classic Comfort Bi,0
44485,43,Camping & Hiking,7,Fan Shop,957,111072,957,43,,http://images.acmesports.sports/Diamondback+Women%27s+Serene+Classic+Comfort+Bike+2014,Diamondback Women's Serene Classic Comfort Bi,0
45418,43,Camping & Hiking,7,Fan Shop,957,113488,957,43,,http://images.acmesports.sports/Diamondback+Women%27s+Serene+Classic+Comfort+Bike+2014,Diamondback Women's Serene Classic Comfort Bi,0
45418,43,Camping & Hiking,7,Fan Shop,957,113486,957,43,,http://images.acmesports.sports/Diamondback+Women%27s+Serene+Classic+Comfort+Bike+2014,Diamondback Women's Serene Classic Comfort Bi,0
70617,64,Computers,10,Technology,1351,173932,1351,64,,http://images.acmesports.sports/Dell+Laptop,Dell Laptop,0
64559,18,Men's Footwear,4,Apparel,403,161370,403,18,,http://images.acmesports.sports/Nike+Men%27s+CJ+Elite+2+TD+Football+Cleat,Nike Men's CJ Elite 2 TD Football Cleat,0
64559,18,Men's Footwear,4,Apparel,403,161368,403,18,,http://images.acmesports.sports/Nike+Men%27s+CJ+Elite+2+TD+Football+Cleat,Nike Men's CJ Elite 2 TD Football Cleat,0
64775,24,Women's Apparel,5,Golf,502,161908,502,24,,http://images.acmesports.sports/Nike+Men%27s+Dri-FIT+Victory+Golf+Polo,Nike Men's Dri-FIT Victory Golf Polo,0
67147,38,Kids' Golf Clubs,6,Outdoors,305,167836,305,38,,http://images.acmesports.sports/Mio+ALPHA+Heart+Rate+Monitor%2FSport+Watch,Mio ALPHA Heart Rate Monitor/Sport Watch,0
11338,45,Fishing,7,Fan Shop,1004,28347,1004,45,,http://images.acmesports.sports/Field+%26+Stream+Sportsman+16+Gun+Fire+Safe,Field & Stream Sportsman 16 Gun Fire Safe,0
11338,43,Camping & Hiking,7,Fan Shop,957,28351,957,43,,http://images.acmesports.sports/Diamondback+Women%27s+Serene+Classic+Comfort+Bike+2014,Diamondback Women's Serene Classic Comfort Bi,0
69160,59,Books ,8,Book Shop,1346,172475,1346,59,,http://images.acmesports.sports/Sports+Books,Sports Books ,0
69830,62,Cameras ,10,Technology,1349,173145,1349,62,,http://images.acmesports.sports/Web+Camera,Web Camera,0
71131,65,Consumer Electronics,10,Technology,1352,174446,1352,65,,http://images.acmesports.sports/Industrial+consumer+electronics,Industrial consumer electronics,0
69559,62,Cameras ,10,Technology,1349,172874,1349,62,,http://images.acmesports.sports/Web+Camera,Web Camera,0
69685,62,Cameras ,10,Technology,1349,173000,1349,62,,http://images.acmesports.sports/Web+Camera,Web Camera,0
69683,62,Cameras ,10,Technology,1349,172998,1349,62,,http://images.acmesports.sports/Web+Camera,Web Camera,0
69841,62,Cameras ,10,Technology,1349,173156,1349,62,,http://images.acmesports.sports/Web+Camera,Web Camera,0
70978,65,Consumer Electronics,10,Technology,1352,174293,1352,65,,http://images.acmesports.sports/Industrial+consumer+electronics,Industrial consumer electronics,0
69478,62,Cameras ,10,Technology,1349,172793,1349,62,,http://images.acmesports.sports/Web+Camera,Web Camera,0
69711,62,Cameras ,10,Technology,1349,173026,1349,62,,http://images.acmesports.sports/Web+Camera,Web Camera,0
70746,64,Computers,10,Technology,1351,174061,1351,64,,http://images.acmesports.sports/Dell+Laptop,Dell Laptop,0
69476,62,Cameras ,10,Technology,1349,172791,1349,62,,http://images.acmesports.sports/Web+Camera,Web Camera,0
69943,62,Cameras ,10,Technology,1349,173258,1349,62,,http://images.acmesports.sports/Web+Camera,Web Camera,0
69817,62,Cameras ,10,Technology,1349,173132,1349,62,,http://images.acmesports.sports/Web+Camera,Web Camera,0
69655,62,Cameras ,10,Technology,1349,172970,1349,62,,http://images.acmesports.sports/Web+Camera,Web Camera,0
70744,64,Computers,10,Technology,1351,174059,1351,64,,http://images.acmesports.sports/Dell+Laptop,Dell Laptop,0
67718,4,Basketball,2,Fitness,58,169302,58,4,,http://images.acmesports.sports/Diamondback+Boys%27+Insight+24+Performance+Hybrid+Bike+2014,Diamondback Boys' Insight 24 Performance Hybr,0
62545,2,Soccer,2,Fitness,24,156312,24,2,,http://images.acmesports.sports/Elevation+Training+Mask+2.0,Elevation Training Mask 2.0,0
65704,9,Cardio Equipment,3,Footwear,191,164203,191,9,,http://images.acmesports.sports/Nike+Men%27s+Free+5.0%2B+Running+Shoe,Nike Men's Free 5.0+ Running Shoe,0
46064,9,Cardio Equipment,3,Footwear,191,115144,191,9,,http://images.acmesports.sports/Nike+Men%27s+Free+5.0%2B+Running+Shoe,Nike Men's Free 5.0+ Running Shoe,0
10764,9,Cardio Equipment,3,Footwear,191,26939,191,9,,http://images.acmesports.sports/Nike+Men%27s+Free+5.0%2B+Running+Shoe,Nike Men's Free 5.0+ Running Shoe,0
67322,9,Cardio Equipment,3,Footwear,191,168270,191,9,,http://images.acmesports.sports/Nike+Men%27s+Free+5.0%2B+Running+Shoe,Nike Men's Free 5.0+ Running Shoe,0
17506,9,Cardio Equipment,3,Footwear,191,43763,191,9,,http://images.acmesports.sports/Nike+Men%27s+Free+5.0%2B+Running+Shoe,Nike Men's Free 5.0+ Running Shoe,0
63190,12,Boxing & MMA,3,Footwear,251,157976,251,12,,http://images.acmesports.sports/Brooks+Women%27s+Ghost+6+Running+Shoe,Brooks Women's Ghost 6 Running Shoe,0
20152,9,Cardio Equipment,3,Footwear,191,50358,191,9,,http://images.acmesports.sports/Nike+Men%27s+Free+5.0%2B+Running+Shoe,Nike Men's Free 5.0+ Running Shoe,0
62545,9,Cardio Equipment,3,Footwear,191,156313,191,9,,http://images.acmesports.sports/Nike+Men%27s+Free+5.0%2B+Running+Shoe,Nike Men's Free 5.0+ Running Shoe,0
16499,9,Cardio Equipment,3,Footwear,191,41215,191,9,,http://images.acmesports.sports/Nike+Men%27s+Free+5.0%2B+Running+Shoe,Nike Men's Free 5.0+ Running Shoe,0
44721,9,Cardio Equipment,3,Footwear,191,111688,191,9,,http://images.acmesports.sports/Nike+Men%27s+Free+5.0%2B+Running+Shoe,Nike Men's Free 5.0+ Running Shoe,0
17755,9,Cardio Equipment,3,Footwear,191,44376,191,9,,http://images.acmesports.sports/Nike+Men%27s+Free+5.0%2B+Running+Shoe,Nike Men's Free 5.0+ Running Shoe,0
17055,17,Cleats,4,Apparel,365,42650,365,17,,http://images.acmesports.sports/Perfect+Fitness+Perfect+Rip+Deck,Perfect Fitness Perfect Rip Deck,0
68546,18,Men's Footwear,4,Apparel,403,171379,403,18,,http://images.acmesports.sports/Nike+Men%27s+CJ+Elite+2+TD+Football+Cleat,Nike Men's CJ Elite 2 TD Football Cleat,0
70380,63,Children's Clothing,4,Apparel,1350,173695,1350,63,,http://images.acmesports.sports/Children+heaters,Children's heaters,0
71164,66,Crafts,4,Apparel,1353,174479,1353,66,,http://images.acmesports.sports/Porcelain+crafts,Porcelain crafts,0
19035,18,Men's Footwear,4,Apparel,403,47581,403,18,,http://images.acmesports.sports/Nike+Men%27s+CJ+Elite+2+TD+Football+Cleat,Nike Men's CJ Elite 2 TD Football Cleat,0
17829,18,Men's Footwear,4,Apparel,403,44542,403,18,,http://images.acmesports.sports/Nike+Men%27s+CJ+Elite+2+TD+Football+Cleat,Nike Men's CJ Elite 2 TD Football Cleat,0
70433,63,Children's Clothing,4,Apparel,1350,173748,1350,63,,http://images.acmesports.sports/Children+heaters,Children's heaters,0
20250,18,Men's Footwear,4,Apparel,403,50576,403,18,,http://images.acmesports.sports/Nike+Men%27s+CJ+Elite+2+TD+Football+Cleat,Nike Men's CJ Elite 2 TD Football Cleat,0
61940,18,Men's Footwear,4,Apparel,403,154846,403,18,,http://images.acmesports.sports/Nike+Men%27s+CJ+Elite+2+TD+Football+Cleat,Nike Men's CJ Elite 2 TD Football Cleat,0
12300,18,Men's Footwear,4,Apparel,403,30731,403,18,,http://images.acmesports.sports/Nike+Men%27s+CJ+Elite+2+TD+Football+Cleat,Nike Men's CJ Elite 2 TD Football Cleat,0
18901,17,Cleats,4,Apparel,365,47274,365,17,,http://images.acmesports.sports/Perfect+Fitness+Perfect+Rip+Deck,Perfect Fitness Perfect Rip Deck,0
12218,17,Cleats,4,Apparel,365,30522,365,17,,http://images.acmesports.sports/Perfect+Fitness+Perfect+Rip+Deck,Perfect Fitness Perfect Rip Deck,0
67322,18,Men's Footwear,4,Apparel,403,168271,403,18,,http://images.acmesports.sports/Nike+Men%27s+CJ+Elite+2+TD+Football+Cleat,Nike Men's CJ Elite 2 TD Football Cleat,0
16499,18,Men's Footwear,4,Apparel,403,41214,403,18,,http://images.acmesports.sports/Nike+Men%27s+CJ+Elite+2+TD+Football+Cleat,Nike Men's CJ Elite 2 TD Football Cleat,0
42821,18,Men's Footwear,4,Apparel,403,106924,403,18,,http://images.acmesports.sports/Nike+Men%27s+CJ+Elite+2+TD+Football+Cleat,Nike Men's CJ Elite 2 TD Football Cleat,0
20250,17,Cleats,4,Apparel,365,50578,365,17,,http://images.acmesports.sports/Perfect+Fitness+Perfect+Rip+Deck,Perfect Fitness Perfect Rip Deck,0
17415,18,Men's Footwear,4,Apparel,403,43517,403,18,,http://images.acmesports.sports/Nike+Men%27s+CJ+Elite+2+TD+Football+Cleat,Nike Men's CJ Elite 2 TD Football Cleat,0
17119,18,Men's Footwear,4,Apparel,403,42819,403,18,,http://images.acmesports.sports/Nike+Men%27s+CJ+Elite+2+TD+Football+Cleat,Nike Men's CJ Elite 2 TD Football Cleat,0
12300,18,Men's Footwear,4,Apparel,403,30729,403,18,,http://images.acmesports.sports/Nike+Men%27s+CJ+Elite+2+TD+Football+Cleat,Nike Men's CJ Elite 2 TD Football Cleat,0
12108,18,Men's Footwear,4,Apparel,403,30277,403,18,,http://images.acmesports.sports/Nike+Men%27s+CJ+Elite+2+TD+Football+Cleat,Nike Men's CJ Elite 2 TD Football Cleat,0
17889,18,Men's Footwear,4,Apparel,403,44689,403,18,,http://images.acmesports.sports/Nike+Men%27s+CJ+Elite+2+TD+Football+Cleat,Nike Men's CJ Elite 2 TD Football Cleat,0
16499,18,Men's Footwear,4,Apparel,403,41212,403,18,,http://images.acmesports.sports/Nike+Men%27s+CJ+Elite+2+TD+Football+Cleat,Nike Men's CJ Elite 2 TD Football Cleat,0
63120,18,Men's Footwear,4,Apparel,403,157812,403,18,,http://images.acmesports.sports/Nike+Men%27s+CJ+Elite+2+TD+Football+Cleat,Nike Men's CJ Elite 2 TD Football Cleat,0
12845,18,Men's Footwear,4,Apparel,403,32123,403,18,,http://images.acmesports.sports/Nike+Men%27s+CJ+Elite+2+TD+Football+Cleat,Nike Men's CJ Elite 2 TD Football Cleat,0
12778,18,Men's Footwear,4,Apparel,403,31959,403,18,,http://images.acmesports.sports/Nike+Men%27s+CJ+Elite+2+TD+Football+Cleat,Nike Men's CJ Elite 2 TD Football Cleat,0
12108,18,Men's Footwear,4,Apparel,403,30276,403,18,,http://images.acmesports.sports/Nike+Men%27s+CJ+Elite+2+TD+Football+Cleat,Nike Men's CJ Elite 2 TD Football Cleat,0
15437,17,Cleats,4,Apparel,365,38589,365,17,,http://images.acmesports.sports/Perfect+Fitness+Perfect+Rip+Deck,Perfect Fitness Perfect Rip Deck,0
63758,18,Men's Footwear,4,Apparel,403,159366,403,18,,http://images.acmesports.sports/Nike+Men%27s+CJ+Elite+2+TD+Football+Cleat,Nike Men's CJ Elite 2 TD Football Cleat,0
16111,18,Men's Footwear,4,Apparel,403,40239,403,18,,http://images.acmesports.sports/Nike+Men%27s+CJ+Elite+2+TD+Football+Cleat,Nike Men's CJ Elite 2 TD Football Cleat,0
63120,18,Men's Footwear,4,Apparel,403,157810,403,18,,http://images.acmesports.sports/Nike+Men%27s+CJ+Elite+2+TD+Football+Cleat,Nike Men's CJ Elite 2 TD Football Cleat,0
13263,18,Men's Footwear,4,Apparel,403,33191,403,18,,http://images.acmesports.sports/Nike+Men%27s+CJ+Elite+2+TD+Football+Cleat,Nike Men's CJ Elite 2 TD Football Cleat,0
63320,18,Men's Footwear,4,Apparel,403,158309,403,18,,http://images.acmesports.sports/Nike+Men%27s+CJ+Elite+2+TD+Football+Cleat,Nike Men's CJ Elite 2 TD Football Cleat,0
12778,18,Men's Footwear,4,Apparel,403,31956,403,18,,http://images.acmesports.sports/Nike+Men%27s+CJ+Elite+2+TD+Football+Cleat,Nike Men's CJ Elite 2 TD Football Cleat,0
68645,17,Cleats,4,Apparel,364,171616,364,17,,http://images.acmesports.sports/Total+Gym+1400,Total Gym 1400,0
17766,18,Men's Footwear,4,Apparel,403,44404,403,18,,http://images.acmesports.sports/Nike+Men%27s+CJ+Elite+2+TD+Football+Cleat,Nike Men's CJ Elite 2 TD Football Cleat,0
16111,18,Men's Footwear,4,Apparel,403,40238,403,18,,http://images.acmesports.sports/Nike+Men%27s+CJ+Elite+2+TD+Football+Cleat,Nike Men's CJ Elite 2 TD Football Cleat,0
11655,18,Men's Footwear,4,Apparel,403,29140,403,18,,http://images.acmesports.sports/Nike+Men%27s+CJ+Elite+2+TD+Football+Cleat,Nike Men's CJ Elite 2 TD Football Cleat,0
45390,18,Men's Footwear,4,Apparel,403,113423,403,18,,http://images.acmesports.sports/Nike+Men%27s+CJ+Elite+2+TD+Football+Cleat,Nike Men's CJ Elite 2 TD Football Cleat,0
11494,18,Men's Footwear,4,Apparel,403,28759,403,18,,http://images.acmesports.sports/Nike+Men%27s+CJ+Elite+2+TD+Football+Cleat,Nike Men's CJ Elite 2 TD Football Cleat,0
71195,66,Crafts,4,Apparel,1353,174510,1353,66,,http://images.acmesports.sports/Porcelain+crafts,Porcelain crafts,0
65866,18,Men's Footwear,4,Apparel,403,164600,403,18,,http://images.acmesports.sports/Nike+Men%27s+CJ+Elite+2+TD+Football+Cleat,Nike Men's CJ Elite 2 TD Football Cleat,0
20106,18,Men's Footwear,4,Apparel,403,50253,403,18,,http://images.acmesports.sports/Nike+Men%27s+CJ+Elite+2+TD+Football+Cleat,Nike Men's CJ Elite 2 TD Football Cleat,0
64053,17,Cleats,4,Apparel,365,160148,365,17,,http://images.acmesports.sports/Perfect+Fitness+Perfect+Rip+Deck,Perfect Fitness Perfect Rip Deck,0
70086,63,Children's Clothing,4,Apparel,1350,173401,1350,63,,http://images.acmesports.sports/Children+heaters,Children's heaters,0
13058,18,Men's Footwear,4,Apparel,403,32667,403,18,,http://images.acmesports.sports/Nike+Men%27s+CJ+Elite+2+TD+Football+Cleat,Nike Men's CJ Elite 2 TD Football Cleat,0
67628,17,Cleats,4,Apparel,365,169082,365,17,,http://images.acmesports.sports/Perfect+Fitness+Perfect+Rip+Deck,Perfect Fitness Perfect Rip Deck,0
67082,18,Men's Footwear,4,Apparel,403,167690,403,18,,http://images.acmesports.sports/Nike+Men%27s+CJ+Elite+2+TD+Football+Cleat,Nike Men's CJ Elite 2 TD Football Cleat,0
11643,18,Men's Footwear,4,Apparel,403,29110,403,18,,http://images.acmesports.sports/Nike+Men%27s+CJ+Elite+2+TD+Football+Cleat,Nike Men's CJ Elite 2 TD Football Cleat,0
62971,18,Men's Footwear,4,Apparel,403,157474,403,18,,http://images.acmesports.sports/Nike+Men%27s+CJ+Elite+2+TD+Football+Cleat,Nike Men's CJ Elite 2 TD Football Cleat,0
67082,18,Men's Footwear,4,Apparel,403,167689,403,18,,http://images.acmesports.sports/Nike+Men%27s+CJ+Elite+2+TD+Football+Cleat,Nike Men's CJ Elite 2 TD Football Cleat,0
61940,17,Cleats,4,Apparel,365,154843,365,17,,http://images.acmesports.sports/Perfect+Fitness+Perfect+Rip+Deck,Perfect Fitness Perfect Rip Deck,0
64053,18,Men's Footwear,4,Apparel,403,160150,403,18,,http://images.acmesports.sports/Nike+Men%27s+CJ+Elite+2+TD+Football+Cleat,Nike Men's CJ Elite 2 TD Football Cleat,0
17755,18,Men's Footwear,4,Apparel,403,44377,403,18,,http://images.acmesports.sports/Nike+Men%27s+CJ+Elite+2+TD+Football+Cleat,Nike Men's CJ Elite 2 TD Football Cleat,0
11643,18,Men's Footwear,4,Apparel,403,29109,403,18,,http://images.acmesports.sports/Nike+Men%27s+CJ+Elite+2+TD+Football+Cleat,Nike Men's CJ Elite 2 TD Football Cleat,0
10764,18,Men's Footwear,4,Apparel,403,26938,403,18,,http://images.acmesports.sports/Nike+Men%27s+CJ+Elite+2+TD+Football+Cleat,Nike Men's CJ Elite 2 TD Football Cleat,0
64053,18,Men's Footwear,4,Apparel,403,160149,403,18,,http://images.acmesports.sports/Nike+Men%27s+CJ+Elite+2+TD+Football+Cleat,Nike Men's CJ Elite 2 TD Football Cleat,0
15835,18,Men's Footwear,4,Apparel,403,39581,403,18,,http://images.acmesports.sports/Nike+Men%27s+CJ+Elite+2+TD+Football+Cleat,Nike Men's CJ Elite 2 TD Football Cleat,0
68645,18,Men's Footwear,4,Apparel,403,171618,403,18,,http://images.acmesports.sports/Nike+Men%27s+CJ+Elite+2+TD+Football+Cleat,Nike Men's CJ Elite 2 TD Football Cleat,0
18133,18,Men's Footwear,4,Apparel,403,45312,403,18,,http://images.acmesports.sports/Nike+Men%27s+CJ+Elite+2+TD+Football+Cleat,Nike Men's CJ Elite 2 TD Football Cleat,0
19618,17,Cleats,4,Apparel,365,49047,365,17,,http://images.acmesports.sports/Perfect+Fitness+Perfect+Rip+Deck,Perfect Fitness Perfect Rip Deck,0
17506,18,Men's Footwear,4,Apparel,403,43760,403,18,,http://images.acmesports.sports/Nike+Men%27s+CJ+Elite+2+TD+Football+Cleat,Nike Men's CJ Elite 2 TD Football Cleat,0
10595,18,Men's Footwear,4,Apparel,403,26532,403,18,,http://images.acmesports.sports/Nike+Men%27s+CJ+Elite+2+TD+Football+Cleat,Nike Men's CJ Elite 2 TD Football Cleat,0
48098,17,Cleats,4,Apparel,365,120278,365,17,,http://images.acmesports.sports/Perfect+Fitness+Perfect+Rip+Deck,Perfect Fitness Perfect Rip Deck,0
71189,66,Crafts,4,Apparel,1353,174504,1353,66,,http://images.acmesports.sports/Porcelain+crafts,Porcelain crafts,0
62342,18,Men's Footwear,4,Apparel,403,155843,403,18,,http://images.acmesports.sports/Nike+Men%27s+CJ+Elite+2+TD+Football+Cleat,Nike Men's CJ Elite 2 TD Football Cleat,0
16081,18,Men's Footwear,4,Apparel,403,40173,403,18,,http://images.acmesports.sports/Nike+Men%27s+CJ+Elite+2+TD+Football+Cleat,Nike Men's CJ Elite 2 TD Football Cleat,0
16864,17,Cleats,4,Apparel,365,42138,365,17,,http://images.acmesports.sports/Perfect+Fitness+Perfect+Rip+Deck,Perfect Fitness Perfect Rip Deck,0
19497,18,Men's Footwear,4,Apparel,403,48719,403,18,,http://images.acmesports.sports/Nike+Men%27s+CJ+Elite+2+TD+Football+Cleat,Nike Men's CJ Elite 2 TD Football Cleat,0
12354,18,Men's Footwear,4,Apparel,403,30888,403,18,,http://images.acmesports.sports/Nike+Men%27s+CJ+Elite+2+TD+Football+Cleat,Nike Men's CJ Elite 2 TD Football Cleat,0
47369,17,Cleats,4,Apparel,365,118429,365,17,,http://images.acmesports.sports/Perfect+Fitness+Perfect+Rip+Deck,Perfect Fitness Perfect Rip Deck,0
46064,18,Men's Footwear,4,Apparel,403,115146,403,18,,http://images.acmesports.sports/Nike+Men%27s+CJ+Elite+2+TD+Football+Cleat,Nike Men's CJ Elite 2 TD Football Cleat,0
16864,17,Cleats,4,Apparel,365,42137,365,17,,http://images.acmesports.sports/Perfect+Fitness+Perfect+Rip+Deck,Perfect Fitness Perfect Rip Deck,0
18235,18,Men's Footwear,4,Apparel,403,45577,403,18,,http://images.acmesports.sports/Nike+Men%27s+CJ+Elite+2+TD+Football+Cleat,Nike Men's CJ Elite 2 TD Football Cleat,0
66035,18,Men's Footwear,4,Apparel,403,165044,403,18,,http://images.acmesports.sports/Nike+Men%27s+CJ+Elite+2+TD+Football+Cleat,Nike Men's CJ Elite 2 TD Football Cleat,0
43032,18,Men's Footwear,4,Apparel,403,107503,403,18,,http://images.acmesports.sports/Nike+Men%27s+CJ+Elite+2+TD+Football+Cleat,Nike Men's CJ Elite 2 TD Football Cleat,0
17582,18,Men's Footwear,4,Apparel,403,43956,403,18,,http://images.acmesports.sports/Nike+Men%27s+CJ+Elite+2+TD+Football+Cleat,Nike Men's CJ Elite 2 TD Football Cleat,0
62603,17,Cleats,4,Apparel,365,156502,365,17,,http://images.acmesports.sports/Perfect+Fitness+Perfect+Rip+Deck,Perfect Fitness Perfect Rip Deck,0
15746,17,Cleats,4,Apparel,365,39363,365,17,,http://images.acmesports.sports/Perfect+Fitness+Perfect+Rip+Deck,Perfect Fitness Perfect Rip Deck,0
63094,18,Men's Footwear,4,Apparel,403,157744,403,18,,http://images.acmesports.sports/Nike+Men%27s+CJ+Elite+2+TD+Football+Cleat,Nike Men's CJ Elite 2 TD Football Cleat,0
11681,18,Men's Footwear,4,Apparel,403,29209,403,18,,http://images.acmesports.sports/Nike+Men%27s+CJ+Elite+2+TD+Football+Cleat,Nike Men's CJ Elite 2 TD Football Cleat,0
66035,18,Men's Footwear,4,Apparel,403,165043,403,18,,http://images.acmesports.sports/Nike+Men%27s+CJ+Elite+2+TD+Football+Cleat,Nike Men's CJ Elite 2 TD Football Cleat,0
70149,63,Children's Clothing,4,Apparel,1350,173464,1350,63,,http://images.acmesports.sports/Children+heaters,Children's heaters,0
70437,63,Children's Clothing,4,Apparel,1350,173752,1350,63,,http://images.acmesports.sports/Children+heaters,Children's heaters,0
67158,18,Men's Footwear,4,Apparel,403,167861,403,18,,http://images.acmesports.sports/Nike+Men%27s+CJ+Elite+2+TD+Football+Cleat,Nike Men's CJ Elite 2 TD Football Cleat,0
19550,18,Men's Footwear,4,Apparel,403,48875,403,18,,http://images.acmesports.sports/Nike+Men%27s+CJ+Elite+2+TD+Football+Cleat,Nike Men's CJ Elite 2 TD Football Cleat,0
16966,18,Men's Footwear,4,Apparel,403,42415,403,18,,http://images.acmesports.sports/Nike+Men%27s+CJ+Elite+2+TD+Football+Cleat,Nike Men's CJ Elite 2 TD Football Cleat,0
10580,18,Men's Footwear,4,Apparel,403,26496,403,18,,http://images.acmesports.sports/Nike+Men%27s+CJ+Elite+2+TD+Football+Cleat,Nike Men's CJ Elite 2 TD Football Cleat,0
16228,18,Men's Footwear,4,Apparel,403,40513,403,18,,http://images.acmesports.sports/Nike+Men%27s+CJ+Elite+2+TD+Football+Cleat,Nike Men's CJ Elite 2 TD Football Cleat,0
14250,18,Men's Footwear,4,Apparel,403,35651,403,18,,http://images.acmesports.sports/Nike+Men%27s+CJ+Elite+2+TD+Football+Cleat,Nike Men's CJ Elite 2 TD Football Cleat,0
70112,63,Children's Clothing,4,Apparel,1350,173427,1350,63,,http://images.acmesports.sports/Children+heaters,Children's heaters,0
63398,18,Men's Footwear,4,Apparel,403,158495,403,18,,http://images.acmesports.sports/Nike+Men%27s+CJ+Elite+2+TD+Football+Cleat,Nike Men's CJ Elite 2 TD Football Cleat,0
70058,63,Children's Clothing,4,Apparel,1350,173373,1350,63,,http://images.acmesports.sports/Children+heaters,Children's heaters,0
19550,18,Men's Footwear,4,Apparel,403,48872,403,18,,http://images.acmesports.sports/Nike+Men%27s+CJ+Elite+2+TD+Football+Cleat,Nike Men's CJ Elite 2 TD Football Cleat,0
66289,18,Men's Footwear,4,Apparel,403,165709,403,18,,http://images.acmesports.sports/Nike+Men%27s+CJ+Elite+2+TD+Football+Cleat,Nike Men's CJ Elite 2 TD Football Cleat,0
62845,17,Cleats,4,Apparel,365,157137,365,17,,http://images.acmesports.sports/Perfect+Fitness+Perfect+Rip+Deck,Perfect Fitness Perfect Rip Deck,0
65487,18,Men's Footwear,4,Apparel,403,163676,403,18,,http://images.acmesports.sports/Nike+Men%27s+CJ+Elite+2+TD+Football+Cleat,Nike Men's CJ Elite 2 TD Football Cleat,0
63660,29,Shop By Sport,5,Golf,627,159134,627,29,,http://images.acmesports.sports/Under+Armour+Girls%27+Toddler+Spine+Surge+Running+Shoe,Under Armour Girls' Toddler Spine Surge Runni,0
19665,24,Women's Apparel,5,Golf,502,49162,502,24,,http://images.acmesports.sports/Nike+Men%27s+Dri-FIT+Victory+Golf+Polo,Nike Men's Dri-FIT Victory Golf Polo,0
13614,29,Shop By Sport,5,Golf,627,34100,627,29,,http://images.acmesports.sports/Under+Armour+Girls%27+Toddler+Spine+Surge+Running+Shoe,Under Armour Girls' Toddler Spine Surge Runni,0
47321,24,Women's Apparel,5,Golf,502,118299,502,24,,http://images.acmesports.sports/Nike+Men%27s+Dri-FIT+Victory+Golf+Polo,Nike Men's Dri-FIT Victory Golf Polo,0
20234,24,Women's Apparel,5,Golf,502,50535,502,24,,http://images.acmesports.sports/Nike+Men%27s+Dri-FIT+Victory+Golf+Polo,Nike Men's Dri-FIT Victory Golf Polo,0
65109,24,Women's Apparel,5,Golf,502,162713,502,24,,http://images.acmesports.sports/Nike+Men%27s+Dri-FIT+Victory+Golf+Polo,Nike Men's Dri-FIT Victory Golf Polo,0
63303,24,Women's Apparel,5,Golf,502,158278,502,24,,http://images.acmesports.sports/Nike+Men%27s+Dri-FIT+Victory+Golf+Polo,Nike Men's Dri-FIT Victory Golf Polo,0
19583,24,Women's Apparel,5,Golf,502,48962,502,24,,http://images.acmesports.sports/Nike+Men%27s+Dri-FIT+Victory+Golf+Polo,Nike Men's Dri-FIT Victory Golf Polo,0
10317,24,Women's Apparel,5,Golf,502,25833,502,24,,http://images.acmesports.sports/Nike+Men%27s+Dri-FIT+Victory+Golf+Polo,Nike Men's Dri-FIT Victory Golf Polo,0
66766,24,Women's Apparel,5,Golf,502,166880,502,24,,http://images.acmesports.sports/Nike+Men%27s+Dri-FIT+Victory+Golf+Polo,Nike Men's Dri-FIT Victory Golf Polo,0
11038,29,Shop By Sport,5,Golf,627,27637,627,29,,http://images.acmesports.sports/Under+Armour+Girls%27+Toddler+Spine+Surge+Running+Shoe,Under Armour Girls' Toddler Spine Surge Runni,0
67968,29,Shop By Sport,5,Golf,627,169912,627,29,,http://images.acmesports.sports/Under+Armour+Girls%27+Toddler+Spine+Surge+Running+Shoe,Under Armour Girls' Toddler Spine Surge Runni,0
18950,29,Shop By Sport,5,Golf,627,47392,627,29,,http://images.acmesports.sports/Under+Armour+Girls%27+Toddler+Spine+Surge+Running+Shoe,Under Armour Girls' Toddler Spine Surge Runni,0
17465,24,Women's Apparel,5,Golf,502,43660,502,24,,http://images.acmesports.sports/Nike+Men%27s+Dri-FIT+Victory+Golf+Polo,Nike Men's Dri-FIT Victory Golf Polo,0
11427,29,Shop By Sport,5,Golf,627,28577,627,29,,http://images.acmesports.sports/Under+Armour+Girls%27+Toddler+Spine+Surge+Running+Shoe,Under Armour Girls' Toddler Spine Surge Runni,0
12415,26,Girls' Apparel,5,Golf,564,31073,564,26,,http://images.acmesports.sports/Nike+Men%27s+Deutschland+Weltmeister+Winners+Black+T-Shirt,Nike Men's Deutschland Weltmeister Winners Bl,0
62795,29,Shop By Sport,5,Golf,627,156998,627,29,,http://images.acmesports.sports/Under+Armour+Girls%27+Toddler+Spine+Surge+Running+Shoe,Under Armour Girls' Toddler Spine Surge Runni,0
19213,29,Shop By Sport,5,Golf,627,48000,627,29,,http://images.acmesports.sports/Under+Armour+Girls%27+Toddler+Spine+Surge+Running+Shoe,Under Armour Girls' Toddler Spine Surge Runni,0
18156,24,Women's Apparel,5,Golf,502,45381,502,24,,http://images.acmesports.sports/Nike+Men%27s+Dri-FIT+Victory+Golf+Polo,Nike Men's Dri-FIT Victory Golf Polo,0
47758,36,Golf Balls,6,Outdoors,804,119420,804,36,,http://images.acmesports.sports/Glove+It+Women%27s+Imperial+Golf+Glove,Glove It Women's Imperial Golf Glove,0
12828,40,Accessories,6,Outdoors,906,32074,906,40,,http://images.acmesports.sports/Team+Golf+Tennessee+Volunteers+Putter+Grip,Team Golf Tennessee Volunteers Putter Grip,0
67034,38,Kids' Golf Clubs,6,Outdoors,311,167573,311,38,,http://images.acmesports.sports/Polar+Loop+Activity+Tracker,Polar Loop Activity Tracker,0
67786,38,Kids' Golf Clubs,6,Outdoors,303,169472,303,38,,http://images.acmesports.sports/Garmin+Forerunner+910XT+GPS+Watch,Garmin Forerunner 910XT GPS Watch,0
16617,36,Golf Balls,6,Outdoors,810,41533,810,36,,http://images.acmesports.sports/Glove+It+Women%27s+Mod+Oval+Golf+Glove,Glove It Women's Mod Oval Golf Glove,0
64705,38,Kids' Golf Clubs,6,Outdoors,305,161742,305,38,,http://images.acmesports.sports/Mio+ALPHA+Heart+Rate+Monitor%2FSport+Watch,Mio ALPHA Heart Rate Monitor/Sport Watch,0
66758,43,Camping & Hiking,7,Fan Shop,957,166850,957,43,,http://images.acmesports.sports/Diamondback+Women%27s+Serene+Classic+Comfort+Bike+2014,Diamondback Women's Serene Classic Comfort Bi,0
18950,45,Fishing,7,Fan Shop,1004,47390,1004,45,,http://images.acmesports.sports/Field+%26+Stream+Sportsman+16+Gun+Fire+Safe,Field & Stream Sportsman 16 Gun Fire Safe,0
15751,45,Fishing,7,Fan Shop,1004,39375,1004,45,,http://images.acmesports.sports/Field+%26+Stream+Sportsman+16+Gun+Fire+Safe,Field & Stream Sportsman 16 Gun Fire Safe,0
17878,43,Camping & Hiking,7,Fan Shop,957,44666,957,43,,http://images.acmesports.sports/Diamondback+Women%27s+Serene+Classic+Comfort+Bike+2014,Diamondback Women's Serene Classic Comfort Bi,0
18593,43,Camping & Hiking,7,Fan Shop,957,46475,957,43,,http://images.acmesports.sports/Diamondback+Women%27s+Serene+Classic+Comfort+Bike+2014,Diamondback Women's Serene Classic Comfort Bi,0
11251,45,Fishing,7,Fan Shop,1004,28116,1004,45,,http://images.acmesports.sports/Field+%26+Stream+Sportsman+16+Gun+Fire+Safe,Field & Stream Sportsman 16 Gun Fire Safe,0
67845,43,Camping & Hiking,7,Fan Shop,957,169625,957,43,,http://images.acmesports.sports/Diamondback+Women%27s+Serene+Classic+Comfort+Bike+2014,Diamondback Women's Serene Classic Comfort Bi,0
12224,43,Camping & Hiking,7,Fan Shop,957,30543,957,43,,http://images.acmesports.sports/Diamondback+Women%27s+Serene+Classic+Comfort+Bike+2014,Diamondback Women's Serene Classic Comfort Bi,0
44388,43,Camping & Hiking,7,Fan Shop,957,110810,957,43,,http://images.acmesports.sports/Diamondback+Women%27s+Serene+Classic+Comfort+Bike+2014,Diamondback Women's Serene Classic Comfort Bi,0
19665,45,Fishing,7,Fan Shop,1004,49160,1004,45,,http://images.acmesports.sports/Field+%26+Stream+Sportsman+16+Gun+Fire+Safe,Field & Stream Sportsman 16 Gun Fire Safe,0
18009,45,Fishing,7,Fan Shop,1004,45002,1004,45,,http://images.acmesports.sports/Field+%26+Stream+Sportsman+16+Gun+Fire+Safe,Field & Stream Sportsman 16 Gun Fire Safe,0
62117,43,Camping & Hiking,7,Fan Shop,957,155307,957,43,,http://images.acmesports.sports/Diamondback+Women%27s+Serene+Classic+Comfort+Bike+2014,Diamondback Women's Serene Classic Comfort Bi,0
19555,43,Camping & Hiking,7,Fan Shop,957,48888,957,43,,http://images.acmesports.sports/Diamondback+Women%27s+Serene+Classic+Comfort+Bike+2014,Diamondback Women's Serene Classic Comfort Bi,0
18692,43,Camping & Hiking,7,Fan Shop,957,46714,957,43,,http://images.acmesports.sports/Diamondback+Women%27s+Serene+Classic+Comfort+Bike+2014,Diamondback Women's Serene Classic Comfort Bi,0
10580,45,Fishing,7,Fan Shop,1004,26495,1004,45,,http://images.acmesports.sports/Field+%26+Stream+Sportsman+16+Gun+Fire+Safe,Field & Stream Sportsman 16 Gun Fire Safe,0
14250,43,Camping & Hiking,7,Fan Shop,957,35652,957,43,,http://images.acmesports.sports/Diamondback+Women%27s+Serene+Classic+Comfort+Bike+2014,Diamondback Women's Serene Classic Comfort Bi,0
19213,45,Fishing,7,Fan Shop,1004,47998,1004,45,,http://images.acmesports.sports/Field+%26+Stream+Sportsman+16+Gun+Fire+Safe,Field & Stream Sportsman 16 Gun Fire Safe,0
64362,43,Camping & Hiking,7,Fan Shop,957,160898,957,43,,http://images.acmesports.sports/Diamondback+Women%27s+Serene+Classic+Comfort+Bike+2014,Diamondback Women's Serene Classic Comfort Bi,0
17770,43,Camping & Hiking,7,Fan Shop,957,44418,957,43,,http://images.acmesports.sports/Diamondback+Women%27s+Serene+Classic+Comfort+Bike+2014,Diamondback Women's Serene Classic Comfort Bi,0
14651,43,Camping & Hiking,7,Fan Shop,957,36658,957,43,,http://images.acmesports.sports/Diamondback+Women%27s+Serene+Classic+Comfort+Bike+2014,Diamondback Women's Serene Classic Comfort Bi,0
68220,43,Camping & Hiking,7,Fan Shop,957,170557,957,43,,http://images.acmesports.sports/Diamondback+Women%27s+Serene+Classic+Comfort+Bike+2014,Diamondback Women's Serene Classic Comfort Bi,0
18009,43,Camping & Hiking,7,Fan Shop,957,45001,957,43,,http://images.acmesports.sports/Diamondback+Women%27s+Serene+Classic+Comfort+Bike+2014,Diamondback Women's Serene Classic Comfort Bi,0
17909,45,Fishing,7,Fan Shop,1004,44736,1004,45,,http://images.acmesports.sports/Field+%26+Stream+Sportsman+16+Gun+Fire+Safe,Field & Stream Sportsman 16 Gun Fire Safe,0
14651,43,Camping & Hiking,7,Fan Shop,957,36655,957,43,,http://images.acmesports.sports/Diamondback+Women%27s+Serene+Classic+Comfort+Bike+2014,Diamondback Women's Serene Classic Comfort Bi,0
13343,45,Fishing,7,Fan Shop,1004,33409,1004,45,,http://images.acmesports.sports/Field+%26+Stream+Sportsman+16+Gun+Fire+Safe,Field & Stream Sportsman 16 Gun Fire Safe,0
15845,45,Fishing,7,Fan Shop,1004,39604,1004,45,,http://images.acmesports.sports/Field+%26+Stream+Sportsman+16+Gun+Fire+Safe,Field & Stream Sportsman 16 Gun Fire Safe,0
63303,43,Camping & Hiking,7,Fan Shop,957,158277,957,43,,http://images.acmesports.sports/Diamondback+Women%27s+Serene+Classic+Comfort+Bike+2014,Diamondback Women's Serene Classic Comfort Bi,0
14651,43,Camping & Hiking,7,Fan Shop,957,36654,957,43,,http://images.acmesports.sports/Diamondback+Women%27s+Serene+Classic+Comfort+Bike+2014,Diamondback Women's Serene Classic Comfort Bi,0
16966,45,Fishing,7,Fan Shop,1004,42417,1004,45,,http://images.acmesports.sports/Field+%26+Stream+Sportsman+16+Gun+Fire+Safe,Field & Stream Sportsman 16 Gun Fire Safe,0
14965,45,Fishing,7,Fan Shop,1004,37479,1004,45,,http://images.acmesports.sports/Field+%26+Stream+Sportsman+16+Gun+Fire+Safe,Field & Stream Sportsman 16 Gun Fire Safe,0
48141,43,Camping & Hiking,7,Fan Shop,957,120385,957,43,,http://images.acmesports.sports/Diamondback+Women%27s+Serene+Classic+Comfort+Bike+2014,Diamondback Women's Serene Classic Comfort Bi,0
47758,43,Camping & Hiking,7,Fan Shop,957,119421,957,43,,http://images.acmesports.sports/Diamondback+Women%27s+Serene+Classic+Comfort+Bike+2014,Diamondback Women's Serene Classic Comfort Bi,0
17810,45,Fishing,7,Fan Shop,1004,44492,1004,45,,http://images.acmesports.sports/Field+%26+Stream+Sportsman+16+Gun+Fire+Safe,Field & Stream Sportsman 16 Gun Fire Safe,0
18857,43,Camping & Hiking,7,Fan Shop,957,47167,957,43,,http://images.acmesports.sports/Diamondback+Women%27s+Serene+Classic+Comfort+Bike+2014,Diamondback Women's Serene Classic Comfort Bi,0
16953,43,Camping & Hiking,7,Fan Shop,957,42377,957,43,,http://images.acmesports.sports/Diamondback+Women%27s+Serene+Classic+Comfort+Bike+2014,Diamondback Women's Serene Classic Comfort Bi,0
16966,45,Fishing,7,Fan Shop,1004,42416,1004,45,,http://images.acmesports.sports/Field+%26+Stream+Sportsman+16+Gun+Fire+Safe,Field & Stream Sportsman 16 Gun Fire Safe,0
14960,45,Fishing,7,Fan Shop,1004,37463,1004,45,,http://images.acmesports.sports/Field+%26+Stream+Sportsman+16+Gun+Fire+Safe,Field & Stream Sportsman 16 Gun Fire Safe,0
17582,43,Camping & Hiking,7,Fan Shop,957,43960,957,43,,http://images.acmesports.sports/Diamondback+Women%27s+Serene+Classic+Comfort+Bike+2014,Diamondback Women's Serene Classic Comfort Bi,0
10961,45,Fishing,7,Fan Shop,1004,27453,1004,45,,http://images.acmesports.sports/Field+%26+Stream+Sportsman+16+Gun+Fire+Safe,Field & Stream Sportsman 16 Gun Fire Safe,0
14960,45,Fishing,7,Fan Shop,1004,37460,1004,45,,http://images.acmesports.sports/Field+%26+Stream+Sportsman+16+Gun+Fire+Safe,Field & Stream Sportsman 16 Gun Fire Safe,0
17582,43,Camping & Hiking,7,Fan Shop,957,43958,957,43,,http://images.acmesports.sports/Diamondback+Women%27s+Serene+Classic+Comfort+Bike+2014,Diamondback Women's Serene Classic Comfort Bi,0
18156,43,Camping & Hiking,7,Fan Shop,957,45379,957,43,,http://images.acmesports.sports/Diamondback+Women%27s+Serene+Classic+Comfort+Bike+2014,Diamondback Women's Serene Classic Comfort Bi,0
17877,45,Fishing,7,Fan Shop,1004,44664,1004,45,,http://images.acmesports.sports/Field+%26+Stream+Sportsman+16+Gun+Fire+Safe,Field & Stream Sportsman 16 Gun Fire Safe,0
20246,45,Fishing,7,Fan Shop,1004,50567,1004,45,,http://images.acmesports.sports/Field+%26+Stream+Sportsman+16+Gun+Fire+Safe,Field & Stream Sportsman 16 Gun Fire Safe,0
15421,43,Camping & Hiking,7,Fan Shop,957,38554,957,43,,http://images.acmesports.sports/Diamondback+Women%27s+Serene+Classic+Comfort+Bike+2014,Diamondback Women's Serene Classic Comfort Bi,0
10444,43,Camping & Hiking,7,Fan Shop,957,26149,957,43,,http://images.acmesports.sports/Diamondback+Women%27s+Serene+Classic+Comfort+Bike+2014,Diamondback Women's Serene Classic Comfort Bi,0
15884,43,Camping & Hiking,7,Fan Shop,957,39682,957,43,,http://images.acmesports.sports/Diamondback+Women%27s+Serene+Classic+Comfort+Bike+2014,Diamondback Women's Serene Classic Comfort Bi,0
67786,43,Camping & Hiking,7,Fan Shop,957,169471,957,43,,http://images.acmesports.sports/Diamondback+Women%27s+Serene+Classic+Comfort+Bike+2014,Diamondback Women's Serene Classic Comfort Bi,0
15599,45,Fishing,7,Fan Shop,1004,38999,1004,45,,http://images.acmesports.sports/Field+%26+Stream+Sportsman+16+Gun+Fire+Safe,Field & Stream Sportsman 16 Gun Fire Safe,0
20072,43,Camping & Hiking,7,Fan Shop,957,50170,957,43,,http://images.acmesports.sports/Diamondback+Women%27s+Serene+Classic+Comfort+Bike+2014,Diamondback Women's Serene Classic Comfort Bi,0
18343,43,Camping & Hiking,7,Fan Shop,957,45841,957,43,,http://images.acmesports.sports/Diamondback+Women%27s+Serene+Classic+Comfort+Bike+2014,Diamondback Women's Serene Classic Comfort Bi,0
18387,45,Fishing,7,Fan Shop,1004,45956,1004,45,,http://images.acmesports.sports/Field+%26+Stream+Sportsman+16+Gun+Fire+Safe,Field & Stream Sportsman 16 Gun Fire Safe,0
16998,45,Fishing,7,Fan Shop,1004,42500,1004,45,,http://images.acmesports.sports/Field+%26+Stream+Sportsman+16+Gun+Fire+Safe,Field & Stream Sportsman 16 Gun Fire Safe,0
14730,45,Fishing,7,Fan Shop,1004,36852,1004,45,,http://images.acmesports.sports/Field+%26+Stream+Sportsman+16+Gun+Fire+Safe,Field & Stream Sportsman 16 Gun Fire Safe,0
65105,43,Camping & Hiking,7,Fan Shop,957,162707,957,43,,http://images.acmesports.sports/Diamondback+Women%27s+Serene+Classic+Comfort+Bike+2014,Diamondback Women's Serene Classic Comfort Bi,0
62193,43,Camping & Hiking,7,Fan Shop,957,155498,957,43,,http://images.acmesports.sports/Diamondback+Women%27s+Serene+Classic+Comfort+Bike+2014,Diamondback Women's Serene Classic Comfort Bi,0
15673,45,Fishing,7,Fan Shop,1004,39187,1004,45,,http://images.acmesports.sports/Field+%26+Stream+Sportsman+16+Gun+Fire+Safe,Field & Stream Sportsman 16 Gun Fire Safe,0
19610,45,Fishing,7,Fan Shop,1004,49034,1004,45,,http://images.acmesports.sports/Field+%26+Stream+Sportsman+16+Gun+Fire+Safe,Field & Stream Sportsman 16 Gun Fire Safe,0
64292,43,Camping & Hiking,7,Fan Shop,957,160717,957,43,,http://images.acmesports.sports/Diamondback+Women%27s+Serene+Classic+Comfort+Bike+2014,Diamondback Women's Serene Classic Comfort Bi,0
20234,45,Fishing,7,Fan Shop,1004,50537,1004,45,,http://images.acmesports.sports/Field+%26+Stream+Sportsman+16+Gun+Fire+Safe,Field & Stream Sportsman 16 Gun Fire Safe,0
11513,45,Fishing,7,Fan Shop,1004,28798,1004,45,,http://images.acmesports.sports/Field+%26+Stream+Sportsman+16+Gun+Fire+Safe,Field & Stream Sportsman 16 Gun Fire Safe,0
11076,45,Fishing,7,Fan Shop,1004,27728,1004,45,,http://images.acmesports.sports/Field+%26+Stream+Sportsman+16+Gun+Fire+Safe,Field & Stream Sportsman 16 Gun Fire Safe,0
49507,43,Camping & Hiking,7,Fan Shop,957,123737,957,43,,http://images.acmesports.sports/Diamondback+Women%27s+Serene+Classic+Comfort+Bike+2014,Diamondback Women's Serene Classic Comfort Bi,0
19610,45,Fishing,7,Fan Shop,1004,49032,1004,45,,http://images.acmesports.sports/Field+%26+Stream+Sportsman+16+Gun+Fire+Safe,Field & Stream Sportsman 16 Gun Fire Safe,0
14651,45,Fishing,7,Fan Shop,1004,36656,1004,45,,http://images.acmesports.sports/Field+%26+Stream+Sportsman+16+Gun+Fire+Safe,Field & Stream Sportsman 16 Gun Fire Safe,0
11076,45,Fishing,7,Fan Shop,1004,27727,1004,45,,http://images.acmesports.sports/Field+%26+Stream+Sportsman+16+Gun+Fire+Safe,Field & Stream Sportsman 16 Gun Fire Safe,0
49507,43,Camping & Hiking,7,Fan Shop,957,123733,957,43,,http://images.acmesports.sports/Diamondback+Women%27s+Serene+Classic+Comfort+Bike+2014,Diamondback Women's Serene Classic Comfort Bi,0
63107,43,Camping & Hiking,7,Fan Shop,957,157773,957,43,,http://images.acmesports.sports/Diamondback+Women%27s+Serene+Classic+Comfort+Bike+2014,Diamondback Women's Serene Classic Comfort Bi,0
20072,45,Fishing,7,Fan Shop,1004,50169,1004,45,,http://images.acmesports.sports/Field+%26+Stream+Sportsman+16+Gun+Fire+Safe,Field & Stream Sportsman 16 Gun Fire Safe,0
19550,45,Fishing,7,Fan Shop,1004,48873,1004,45,,http://images.acmesports.sports/Field+%26+Stream+Sportsman+16+Gun+Fire+Safe,Field & Stream Sportsman 16 Gun Fire Safe,0
14193,45,Fishing,7,Fan Shop,1004,35524,1004,45,,http://images.acmesports.sports/Field+%26+Stream+Sportsman+16+Gun+Fire+Safe,Field & Stream Sportsman 16 Gun Fire Safe,0
69057,59,Books ,8,Book Shop,1346,172372,1346,59,,http://images.acmesports.sports/Sports+Books,Sports Books ,0
68996,59,Books ,8,Book Shop,1346,172311,1346,59,,http://images.acmesports.sports/Sports+Books,Sports Books ,0
68977,59,Books ,8,Book Shop,1346,172292,1346,59,,http://images.acmesports.sports/Sports+Books,Sports Books ,0
69170,59,Books ,8,Book Shop,1346,172485,1346,59,,http://images.acmesports.sports/Sports+Books,Sports Books ,0
71517,67,DVDs,9,Discs Shop,1354,174832,1354,67,,http://images.acmesports.sports/DVDs,DVDs ,0
71533,67,DVDs,9,Discs Shop,1354,174848,1354,67,,http://images.acmesports.sports/DVDs,DVDs ,0
71515,67,DVDs,9,Discs Shop,1354,174830,1354,67,,http://images.acmesports.sports/DVDs,DVDs ,0
71473,67,DVDs,9,Discs Shop,1354,174788,1354,67,,http://images.acmesports.sports/DVDs,DVDs ,0
71471,67,DVDs,9,Discs Shop,1354,174786,1354,67,,http://images.acmesports.sports/DVDs,DVDs ,0
69285,61,CDs ,9,Discs Shop,1348,172600,1348,61,,http://images.acmesports.sports/CDs+of+rock,CDs of rock,0
69302,61,CDs ,9,Discs Shop,1348,172617,1348,61,,http://images.acmesports.sports/CDs+of+rock,CDs of rock,0
71450,67,DVDs,9,Discs Shop,1354,174765,1354,67,,http://images.acmesports.sports/DVDs,DVDs ,0
71038,65,Consumer Electronics,10,Technology,1352,174353,1352,65,,http://images.acmesports.sports/Industrial+consumer+electronics,Industrial consumer electronics,0
70795,64,Computers,10,Technology,1351,174110,1351,64,,http://images.acmesports.sports/Dell+Laptop,Dell Laptop,0
12264,9,Cardio Equipment,3,Footwear,191,30640,191,9,,http://images.acmesports.sports/Nike+Men%27s+Free+5.0%2B+Running+Shoe,Nike Men's Free 5.0+ Running Shoe,0
61983,9,Cardio Equipment,3,Footwear,191,154966,191,9,,http://images.acmesports.sports/Nike+Men%27s+Free+5.0%2B+Running+Shoe,Nike Men's Free 5.0+ Running Shoe,0
16555,17,Cleats,4,Apparel,365,41345,365,17,,http://images.acmesports.sports/Perfect+Fitness+Perfect+Rip+Deck,Perfect Fitness Perfect Rip Deck,0
19840,18,Men's Footwear,4,Apparel,403,49586,403,18,,http://images.acmesports.sports/Nike+Men%27s+CJ+Elite+2+TD+Football+Cleat,Nike Men's CJ Elite 2 TD Football Cleat,0
62003,17,Cleats,4,Apparel,365,155024,365,17,,http://images.acmesports.sports/Perfect+Fitness+Perfect+Rip+Deck,Perfect Fitness Perfect Rip Deck,0
19544,17,Cleats,4,Apparel,365,48854,365,17,,http://images.acmesports.sports/Perfect+Fitness+Perfect+Rip+Deck,Perfect Fitness Perfect Rip Deck,0
71215,66,Crafts,4,Apparel,1353,174530,1353,66,,http://images.acmesports.sports/Porcelain+crafts,Porcelain crafts,0
19885,18,Men's Footwear,4,Apparel,403,49697,403,18,,http://images.acmesports.sports/Nike+Men%27s+CJ+Elite+2+TD+Football+Cleat,Nike Men's CJ Elite 2 TD Football Cleat,0
19126,18,Men's Footwear,4,Apparel,403,47800,403,18,,http://images.acmesports.sports/Nike+Men%27s+CJ+Elite+2+TD+Football+Cleat,Nike Men's CJ Elite 2 TD Football Cleat,0
15749,18,Men's Footwear,4,Apparel,403,39369,403,18,,http://images.acmesports.sports/Nike+Men%27s+CJ+Elite+2+TD+Football+Cleat,Nike Men's CJ Elite 2 TD Football Cleat,0
61983,18,Men's Footwear,4,Apparel,403,154967,403,18,,http://images.acmesports.sports/Nike+Men%27s+CJ+Elite+2+TD+Football+Cleat,Nike Men's CJ Elite 2 TD Football Cleat,0
17999,18,Men's Footwear,4,Apparel,403,44974,403,18,,http://images.acmesports.sports/Nike+Men%27s+CJ+Elite+2+TD+Football+Cleat,Nike Men's CJ Elite 2 TD Football Cleat,0
64163,18,Men's Footwear,4,Apparel,403,160439,403,18,,http://images.acmesports.sports/Nike+Men%27s+CJ+Elite+2+TD+Football+Cleat,Nike Men's CJ Elite 2 TD Football Cleat,0
15784,18,Men's Footwear,4,Apparel,403,39456,403,18,,http://images.acmesports.sports/Nike+Men%27s+CJ+Elite+2+TD+Football+Cleat,Nike Men's CJ Elite 2 TD Football Cleat,0
61647,18,Men's Footwear,4,Apparel,403,154132,403,18,,http://images.acmesports.sports/Nike+Men%27s+CJ+Elite+2+TD+Football+Cleat,Nike Men's CJ Elite 2 TD Football Cleat,0
12867,18,Men's Footwear,4,Apparel,403,32169,403,18,,http://images.acmesports.sports/Nike+Men%27s+CJ+Elite+2+TD+Football+Cleat,Nike Men's CJ Elite 2 TD Football Cleat,0
70279,63,Children's Clothing,4,Apparel,1350,173594,1350,63,,http://images.acmesports.sports/Children+heaters,Children's heaters,0
18736,18,Men's Footwear,4,Apparel,403,46850,403,18,,http://images.acmesports.sports/Nike+Men%27s+CJ+Elite+2+TD+Football+Cleat,Nike Men's CJ Elite 2 TD Football Cleat,0
62072,18,Men's Footwear,4,Apparel,403,155204,403,18,,http://images.acmesports.sports/Nike+Men%27s+CJ+Elite+2+TD+Football+Cleat,Nike Men's CJ Elite 2 TD Football Cleat,0
18736,18,Men's Footwear,4,Apparel,403,46848,403,18,,http://images.acmesports.sports/Nike+Men%27s+CJ+Elite+2+TD+Football+Cleat,Nike Men's CJ Elite 2 TD Football Cleat,0
15530,18,Men's Footwear,4,Apparel,403,38815,403,18,,http://images.acmesports.sports/Nike+Men%27s+CJ+Elite+2+TD+Football+Cleat,Nike Men's CJ Elite 2 TD Football Cleat,0
19501,29,Shop By Sport,5,Golf,627,48730,627,29,,http://images.acmesports.sports/Under+Armour+Girls%27+Toddler+Spine+Surge+Running+Shoe,Under Armour Girls' Toddler Spine Surge Runni,0
11110,24,Women's Apparel,5,Golf,502,27794,502,24,,http://images.acmesports.sports/Nike+Men%27s+Dri-FIT+Victory+Golf+Polo,Nike Men's Dri-FIT Victory Golf Polo,0
68084,24,Women's Apparel,5,Golf,502,170219,502,24,,http://images.acmesports.sports/Nike+Men%27s+Dri-FIT+Victory+Golf+Polo,Nike Men's Dri-FIT Victory Golf Polo,0
11152,40,Accessories,6,Outdoors,905,27879,905,40,,http://images.acmesports.sports/Team+Golf+Texas+Longhorns+Putter+Grip,Team Golf Texas Longhorns Putter Grip,0
12867,43,Camping & Hiking,7,Fan Shop,957,32170,957,43,,http://images.acmesports.sports/Diamondback+Women%27s+Serene+Classic+Comfort+Bike+2014,Diamondback Women's Serene Classic Comfort Bi,0
14612,43,Camping & Hiking,7,Fan Shop,957,36552,957,43,,http://images.acmesports.sports/Diamondback+Women%27s+Serene+Classic+Comfort+Bike+2014,Diamondback Women's Serene Classic Comfort Bi,0
19544,45,Fishing,7,Fan Shop,1004,48855,1004,45,,http://images.acmesports.sports/Field+%26+Stream+Sportsman+16+Gun+Fire+Safe,Field & Stream Sportsman 16 Gun Fire Safe,0
19131,45,Fishing,7,Fan Shop,1004,47813,1004,45,,http://images.acmesports.sports/Field+%26+Stream+Sportsman+16+Gun+Fire+Safe,Field & Stream Sportsman 16 Gun Fire Safe,0
11110,45,Fishing,7,Fan Shop,1004,27790,1004,45,,http://images.acmesports.sports/Field+%26+Stream+Sportsman+16+Gun+Fire+Safe,Field & Stream Sportsman 16 Gun Fire Safe,0
19126,45,Fishing,7,Fan Shop,1004,47801,1004,45,,http://images.acmesports.sports/Field+%26+Stream+Sportsman+16+Gun+Fire+Safe,Field & Stream Sportsman 16 Gun Fire Safe,0
19126,43,Camping & Hiking,7,Fan Shop,957,47799,957,43,,http://images.acmesports.sports/Diamondback+Women%27s+Serene+Classic+Comfort+Bike+2014,Diamondback Women's Serene Classic Comfort Bi,0
16555,43,Camping & Hiking,7,Fan Shop,957,41344,957,43,,http://images.acmesports.sports/Diamondback+Women%27s+Serene+Classic+Comfort+Bike+2014,Diamondback Women's Serene Classic Comfort Bi,0
18736,43,Camping & Hiking,7,Fan Shop,957,46847,957,43,,http://images.acmesports.sports/Diamondback+Women%27s+Serene+Classic+Comfort+Bike+2014,Diamondback Women's Serene Classic Comfort Bi,0
15530,43,Camping & Hiking,7,Fan Shop,957,38816,957,43,,http://images.acmesports.sports/Diamondback+Women%27s+Serene+Classic+Comfort+Bike+2014,Diamondback Women's Serene Classic Comfort Bi,0
15530,45,Fishing,7,Fan Shop,1004,38817,1004,45,,http://images.acmesports.sports/Field+%26+Stream+Sportsman+16+Gun+Fire+Safe,Field & Stream Sportsman 16 Gun Fire Safe,0
19885,45,Fishing,7,Fan Shop,1004,49698,1004,45,,http://images.acmesports.sports/Field+%26+Stream+Sportsman+16+Gun+Fire+Safe,Field & Stream Sportsman 16 Gun Fire Safe,0
56317,9,Cardio Equipment,3,Footwear,191,140859,191,9,,http://images.acmesports.sports/Nike+Men%27s+Free+5.0%2B+Running+Shoe,Nike Men's Free 5.0+ Running Shoe,0
52407,9,Cardio Equipment,3,Footwear,191,130974,191,9,,http://images.acmesports.sports/Nike+Men%27s+Free+5.0%2B+Running+Shoe,Nike Men's Free 5.0+ Running Shoe,0
8455,9,Cardio Equipment,3,Footwear,191,21108,191,9,,http://images.acmesports.sports/Nike+Men%27s+Free+5.0%2B+Running+Shoe,Nike Men's Free 5.0+ Running Shoe,0
8455,9,Cardio Equipment,3,Footwear,191,21107,191,9,,http://images.acmesports.sports/Nike+Men%27s+Free+5.0%2B+Running+Shoe,Nike Men's Free 5.0+ Running Shoe,0
10253,9,Cardio Equipment,3,Footwear,191,25659,191,9,,http://images.acmesports.sports/Nike+Men%27s+Free+5.0%2B+Running+Shoe,Nike Men's Free 5.0+ Running Shoe,0
53816,9,Cardio Equipment,3,Footwear,191,134546,191,9,,http://images.acmesports.sports/Nike+Men%27s+Free+5.0%2B+Running+Shoe,Nike Men's Free 5.0+ Running Shoe,0
1077,9,Cardio Equipment,3,Footwear,191,2676,191,9,,http://images.acmesports.sports/Nike+Men%27s+Free+5.0%2B+Running+Shoe,Nike Men's Free 5.0+ Running Shoe,0
56037,9,Cardio Equipment,3,Footwear,191,140107,191,9,,http://images.acmesports.sports/Nike+Men%27s+Free+5.0%2B+Running+Shoe,Nike Men's Free 5.0+ Running Shoe,0
8455,17,Cleats,4,Apparel,365,21106,365,17,,http://images.acmesports.sports/Perfect+Fitness+Perfect+Rip+Deck,Perfect Fitness Perfect Rip Deck,0
7884,17,Cleats,4,Apparel,365,19696,365,17,,http://images.acmesports.sports/Perfect+Fitness+Perfect+Rip+Deck,Perfect Fitness Perfect Rip Deck,0
16863,17,Cleats,4,Apparel,365,42134,365,17,,http://images.acmesports.sports/Perfect+Fitness+Perfect+Rip+Deck,Perfect Fitness Perfect Rip Deck,0
66868,17,Cleats,4,Apparel,365,167150,365,17,,http://images.acmesports.sports/Perfect+Fitness+Perfect+Rip+Deck,Perfect Fitness Perfect Rip Deck,0
68330,17,Cleats,4,Apparel,365,170825,365,17,,http://images.acmesports.sports/Perfect+Fitness+Perfect+Rip+Deck,Perfect Fitness Perfect Rip Deck,0
18001,17,Cleats,4,Apparel,365,44982,365,17,,http://images.acmesports.sports/Perfect+Fitness+Perfect+Rip+Deck,Perfect Fitness Perfect Rip Deck,0
16464,24,Women's Apparel,5,Golf,502,41117,502,24,,http://images.acmesports.sports/Nike+Men%27s+Dri-FIT+Victory+Golf+Polo,Nike Men's Dri-FIT Victory Golf Polo,0
10869,24,Women's Apparel,5,Golf,502,27229,502,24,,http://images.acmesports.sports/Nike+Men%27s+Dri-FIT+Victory+Golf+Polo,Nike Men's Dri-FIT Victory Golf Polo,0
17490,24,Women's Apparel,5,Golf,502,43723,502,24,,http://images.acmesports.sports/Nike+Men%27s+Dri-FIT+Victory+Golf+Polo,Nike Men's Dri-FIT Victory Golf Polo,0
17490,24,Women's Apparel,5,Golf,502,43722,502,24,,http://images.acmesports.sports/Nike+Men%27s+Dri-FIT+Victory+Golf+Polo,Nike Men's Dri-FIT Victory Golf Polo,0
61888,24,Women's Apparel,5,Golf,502,154698,502,24,,http://images.acmesports.sports/Nike+Men%27s+Dri-FIT+Victory+Golf+Polo,Nike Men's Dri-FIT Victory Golf Polo,0
68871,24,Women's Apparel,5,Golf,502,172174,502,24,,http://images.acmesports.sports/Nike+Men%27s+Dri-FIT+Victory+Golf+Polo,Nike Men's Dri-FIT Victory Golf Polo,0
65141,29,Shop By Sport,5,Golf,627,162787,627,29,,http://images.acmesports.sports/Under+Armour+Girls%27+Toddler+Spine+Surge+Running+Shoe,Under Armour Girls' Toddler Spine Surge Runni,0
11882,24,Women's Apparel,5,Golf,502,29697,502,24,,http://images.acmesports.sports/Nike+Men%27s+Dri-FIT+Victory+Golf+Polo,Nike Men's Dri-FIT Victory Golf Polo,0
17984,24,Women's Apparel,5,Golf,502,44929,502,24,,http://images.acmesports.sports/Nike+Men%27s+Dri-FIT+Victory+Golf+Polo,Nike Men's Dri-FIT Victory Golf Polo,0
66519,24,Women's Apparel,5,Golf,502,166277,502,24,,http://images.acmesports.sports/Nike+Men%27s+Dri-FIT+Victory+Golf+Polo,Nike Men's Dri-FIT Victory Golf Polo,0
65453,24,Women's Apparel,5,Golf,502,163586,502,24,,http://images.acmesports.sports/Nike+Men%27s+Dri-FIT+Victory+Golf+Polo,Nike Men's Dri-FIT Victory Golf Polo,0
11107,29,Shop By Sport,5,Golf,627,27781,627,29,,http://images.acmesports.sports/Under+Armour+Girls%27+Toddler+Spine+Surge+Running+Shoe,Under Armour Girls' Toddler Spine Surge Runni,0
67275,29,Shop By Sport,5,Golf,627,168140,627,29,,http://images.acmesports.sports/Under+Armour+Girls%27+Toddler+Spine+Surge+Running+Shoe,Under Armour Girls' Toddler Spine Surge Runni,0
16877,24,Women's Apparel,5,Golf,502,42185,502,24,,http://images.acmesports.sports/Nike+Men%27s+Dri-FIT+Victory+Golf+Polo,Nike Men's Dri-FIT Victory Golf Polo,0
65048,24,Women's Apparel,5,Golf,502,162587,502,24,,http://images.acmesports.sports/Nike+Men%27s+Dri-FIT+Victory+Golf+Polo,Nike Men's Dri-FIT Victory Golf Polo,0
18213,29,Shop By Sport,5,Golf,627,45537,627,29,,http://images.acmesports.sports/Under+Armour+Girls%27+Toddler+Spine+Surge+Running+Shoe,Under Armour Girls' Toddler Spine Surge Runni,0
19442,24,Women's Apparel,5,Golf,502,48587,502,24,,http://images.acmesports.sports/Nike+Men%27s+Dri-FIT+Victory+Golf+Polo,Nike Men's Dri-FIT Victory Golf Polo,0
13217,24,Women's Apparel,5,Golf,502,33072,502,24,,http://images.acmesports.sports/Nike+Men%27s+Dri-FIT+Victory+Golf+Polo,Nike Men's Dri-FIT Victory Golf Polo,0
19116,24,Women's Apparel,5,Golf,502,47784,502,24,,http://images.acmesports.sports/Nike+Men%27s+Dri-FIT+Victory+Golf+Polo,Nike Men's Dri-FIT Victory Golf Polo,0
13215,29,Shop By Sport,5,Golf,627,33065,627,29,,http://images.acmesports.sports/Under+Armour+Girls%27+Toddler+Spine+Surge+Running+Shoe,Under Armour Girls' Toddler Spine Surge Runni,0
13943,24,Women's Apparel,5,Golf,502,34891,502,24,,http://images.acmesports.sports/Nike+Men%27s+Dri-FIT+Victory+Golf+Polo,Nike Men's Dri-FIT Victory Golf Polo,0
15443,24,Women's Apparel,5,Golf,502,38598,502,24,,http://images.acmesports.sports/Nike+Men%27s+Dri-FIT+Victory+Golf+Polo,Nike Men's Dri-FIT Victory Golf Polo,0
62523,24,Women's Apparel,5,Golf,502,156256,502,24,,http://images.acmesports.sports/Nike+Men%27s+Dri-FIT+Victory+Golf+Polo,Nike Men's Dri-FIT Victory Golf Polo,0
67079,24,Women's Apparel,5,Golf,502,167681,502,24,,http://images.acmesports.sports/Nike+Men%27s+Dri-FIT+Victory+Golf+Polo,Nike Men's Dri-FIT Victory Golf Polo,0
65901,29,Shop By Sport,5,Golf,627,164689,627,29,,http://images.acmesports.sports/Under+Armour+Girls%27+Toddler+Spine+Surge+Running+Shoe,Under Armour Girls' Toddler Spine Surge Runni,0
19800,24,Women's Apparel,5,Golf,502,49483,502,24,,http://images.acmesports.sports/Nike+Men%27s+Dri-FIT+Victory+Golf+Polo,Nike Men's Dri-FIT Victory Golf Polo,0
64692,24,Women's Apparel,5,Golf,502,161703,502,24,,http://images.acmesports.sports/Nike+Men%27s+Dri-FIT+Victory+Golf+Polo,Nike Men's Dri-FIT Victory Golf Polo,0
10676,24,Women's Apparel,5,Golf,502,26730,502,24,,http://images.acmesports.sports/Nike+Men%27s+Dri-FIT+Victory+Golf+Polo,Nike Men's Dri-FIT Victory Golf Polo,0
65898,29,Shop By Sport,5,Golf,627,164683,627,29,,http://images.acmesports.sports/Under+Armour+Girls%27+Toddler+Spine+Surge+Running+Shoe,Under Armour Girls' Toddler Spine Surge Runni,0
13790,29,Shop By Sport,5,Golf,627,34537,627,29,,http://images.acmesports.sports/Under+Armour+Girls%27+Toddler+Spine+Surge+Running+Shoe,Under Armour Girls' Toddler Spine Surge Runni,0
49839,29,Shop By Sport,5,Golf,627,124606,627,29,,http://images.acmesports.sports/Under+Armour+Girls%27+Toddler+Spine+Surge+Running+Shoe,Under Armour Girls' Toddler Spine Surge Runni,0
14957,36,Golf Balls,6,Outdoors,810,37453,810,36,,http://images.acmesports.sports/Glove+It+Women%27s+Mod+Oval+Golf+Glove,Glove It Women's Mod Oval Golf Glove,0
10459,41,Trade-In,6,Outdoors,926,26193,926,41,,http://images.acmesports.sports/Glove+It+Imperial+Golf+Towel,Glove It Imperial Golf Towel,0
19024,37,Electronics,6,Outdoors,835,47553,835,37,,http://images.acmesports.sports/Bridgestone+e6+Straight+Distance+NFL+Carolina+Panthers+Golf...,Bridgestone e6 Straight Distance NFL Carolina,0
17683,41,Trade-In,6,Outdoors,926,44176,926,41,,http://images.acmesports.sports/Glove+It+Imperial+Golf+Towel,Glove It Imperial Golf Towel,0
15078,37,Electronics,6,Outdoors,823,37736,823,37,,http://images.acmesports.sports/Titleist+Pro+V1x+High+Numbers+Personalized+Golf+Balls,Titleist Pro V1x High Numbers Personalized Go,0
49878,37,Electronics,6,Outdoors,818,124711,818,37,,http://images.acmesports.sports/Titleist+Pro+V1x+Golf+Balls,Titleist Pro V1x Golf Balls,0
10459,40,Accessories,6,Outdoors,893,26196,893,40,,http://images.acmesports.sports/Team+Golf+Pittsburgh+Steelers+Putter+Grip,Team Golf Pittsburgh Steelers Putter Grip,0
16436,36,Golf Balls,6,Outdoors,804,41033,804,36,,http://images.acmesports.sports/Glove+It+Women%27s+Imperial+Golf+Glove,Glove It Women's Imperial Golf Glove,0
67066,2,Soccer,2,Fitness,24,167649,24,2,,http://images.acmesports.sports/Elevation+Training+Mask+2.0,Elevation Training Mask 2.0,0
65430,2,Soccer,2,Fitness,24,163525,24,2,,http://images.acmesports.sports/Elevation+Training+Mask+2.0,Elevation Training Mask 2.0,0
67246,5,Lacrosse,2,Fitness,78,168071,78,5,,http://images.acmesports.sports/Nike+Kids%27+Grade+School+KD+VI+Basketball+Shoe,Nike Kids' Grade School KD VI Basketball Shoe,0
46677,5,Lacrosse,2,Fitness,93,116695,93,5,,http://images.acmesports.sports/Under+Armour+Men%27s+Tech+II+T-Shirt,Under Armour Men's Tech II T-Shirt,0
16107,9,Cardio Equipment,3,Footwear,191,40229,191,9,,http://images.acmesports.sports/Nike+Men%27s+Free+5.0%2B+Running+Shoe,Nike Men's Free 5.0+ Running Shoe,0
11305,9,Cardio Equipment,3,Footwear,191,28267,191,9,,http://images.acmesports.sports/Nike+Men%27s+Free+5.0%2B+Running+Shoe,Nike Men's Free 5.0+ Running Shoe,0
15228,13,Electronics,3,Footwear,273,38085,273,13,,http://images.acmesports.sports/Under+Armour+Kids%27+Mercenary+Slide,Under Armour Kids' Mercenary Slide,0
16852,11,Fitness Accessories,3,Footwear,235,42107,235,11,,http://images.acmesports.sports/Under+Armour+Hustle+Storm+Medium+Duffle+Bag,Under Armour Hustle Storm Medium Duffle Bag,0
64892,9,Cardio Equipment,3,Footwear,191,162215,191,9,,http://images.acmesports.sports/Nike+Men%27s+Free+5.0%2B+Running+Shoe,Nike Men's Free 5.0+ Running Shoe,0
47199,9,Cardio Equipment,3,Footwear,172,117975,172,9,,http://images.acmesports.sports/Nike+Women%27s+Tempo+Shorts,Nike Women's Tempo Shorts,0
15042,9,Cardio Equipment,3,Footwear,191,37659,191,9,,http://images.acmesports.sports/Nike+Men%27s+Free+5.0%2B+Running+Shoe,Nike Men's Free 5.0+ Running Shoe,0
62527,16,As Seen on  TV!,3,Footwear,359,156262,359,16,,http://images.acmesports.sports/Nike+Men%27s+Free+TR+5.0+TB+Training+Shoe,Nike Men's Free TR 5.0 TB Training Shoe,0
62197,9,Cardio Equipment,3,Footwear,191,155504,191,9,,http://images.acmesports.sports/Nike+Men%27s+Free+5.0%2B+Running+Shoe,Nike Men's Free 5.0+ Running Shoe,0
11745,9,Cardio Equipment,3,Footwear,191,29372,191,9,,http://images.acmesports.sports/Nike+Men%27s+Free+5.0%2B+Running+Shoe,Nike Men's Free 5.0+ Running Shoe,0
19702,9,Cardio Equipment,3,Footwear,191,49255,191,9,,http://images.acmesports.sports/Nike+Men%27s+Free+5.0%2B+Running+Shoe,Nike Men's Free 5.0+ Running Shoe,0
68428,9,Cardio Equipment,3,Footwear,191,171087,191,9,,http://images.acmesports.sports/Nike+Men%27s+Free+5.0%2B+Running+Shoe,Nike Men's Free 5.0+ Running Shoe,0
64065,9,Cardio Equipment,3,Footwear,191,160182,191,9,,http://images.acmesports.sports/Nike+Men%27s+Free+5.0%2B+Running+Shoe,Nike Men's Free 5.0+ Running Shoe,0
61612,9,Cardio Equipment,3,Footwear,191,154057,191,9,,http://images.acmesports.sports/Nike+Men%27s+Free+5.0%2B+Running+Shoe,Nike Men's Free 5.0+ Running Shoe,0
64612,9,Cardio Equipment,3,Footwear,191,161507,191,9,,http://images.acmesports.sports/Nike+Men%27s+Free+5.0%2B+Running+Shoe,Nike Men's Free 5.0+ Running Shoe,0
66458,9,Cardio Equipment,3,Footwear,191,166136,191,9,,http://images.acmesports.sports/Nike+Men%27s+Free+5.0%2B+Running+Shoe,Nike Men's Free 5.0+ Running Shoe,0
65015,12,Boxing & MMA,3,Footwear,258,162512,258,12,,http://images.acmesports.sports/Nike+Women%27s+Free+5.0+TR+FIT+PRT+4+Training+Shoe,Nike Women's Free 5.0 TR FIT PRT 4 Training S,0
61997,9,Cardio Equipment,3,Footwear,191,155006,191,9,,http://images.acmesports.sports/Nike+Men%27s+Free+5.0%2B+Running+Shoe,Nike Men's Free 5.0+ Running Shoe,0
19702,11,Fitness Accessories,3,Footwear,235,49257,235,11,,http://images.acmesports.sports/Under+Armour+Hustle+Storm+Medium+Duffle+Bag,Under Armour Hustle Storm Medium Duffle Bag,0
11554,17,Cleats,4,Apparel,365,28888,365,17,,http://images.acmesports.sports/Perfect+Fitness+Perfect+Rip+Deck,Perfect Fitness Perfect Rip Deck,0
45750,17,Cleats,4,Apparel,365,114353,365,17,,http://images.acmesports.sports/Perfect+Fitness+Perfect+Rip+Deck,Perfect Fitness Perfect Rip Deck,0
61826,17,Cleats,4,Apparel,365,154553,365,17,,http://images.acmesports.sports/Perfect+Fitness+Perfect+Rip+Deck,Perfect Fitness Perfect Rip Deck,0
11529,17,Cleats,4,Apparel,365,28828,365,17,,http://images.acmesports.sports/Perfect+Fitness+Perfect+Rip+Deck,Perfect Fitness Perfect Rip Deck,0
64054,17,Cleats,4,Apparel,365,160154,365,17,,http://images.acmesports.sports/Perfect+Fitness+Perfect+Rip+Deck,Perfect Fitness Perfect Rip Deck,0
14474,17,Cleats,4,Apparel,365,36197,365,17,,http://images.acmesports.sports/Perfect+Fitness+Perfect+Rip+Deck,Perfect Fitness Perfect Rip Deck,0
67988,17,Cleats,4,Apparel,365,169976,365,17,,http://images.acmesports.sports/Perfect+Fitness+Perfect+Rip+Deck,Perfect Fitness Perfect Rip Deck,0
11948,17,Cleats,4,Apparel,365,29860,365,17,,http://images.acmesports.sports/Perfect+Fitness+Perfect+Rip+Deck,Perfect Fitness Perfect Rip Deck,0
16107,17,Cleats,4,Apparel,365,40230,365,17,,http://images.acmesports.sports/Perfect+Fitness+Perfect+Rip+Deck,Perfect Fitness Perfect Rip Deck,0
15380,17,Cleats,4,Apparel,365,38465,365,17,,http://images.acmesports.sports/Perfect+Fitness+Perfect+Rip+Deck,Perfect Fitness Perfect Rip Deck,0
10814,17,Cleats,4,Apparel,365,27059,365,17,,http://images.acmesports.sports/Perfect+Fitness+Perfect+Rip+Deck,Perfect Fitness Perfect Rip Deck,0
14179,17,Cleats,4,Apparel,365,35493,365,17,,http://images.acmesports.sports/Perfect+Fitness+Perfect+Rip+Deck,Perfect Fitness Perfect Rip Deck,0
15819,17,Cleats,4,Apparel,365,39538,365,17,,http://images.acmesports.sports/Perfect+Fitness+Perfect+Rip+Deck,Perfect Fitness Perfect Rip Deck,0
13179,17,Cleats,4,Apparel,365,32971,365,17,,http://images.acmesports.sports/Perfect+Fitness+Perfect+Rip+Deck,Perfect Fitness Perfect Rip Deck,0
68700,17,Cleats,4,Apparel,365,171755,365,17,,http://images.acmesports.sports/Perfect+Fitness+Perfect+Rip+Deck,Perfect Fitness Perfect Rip Deck,0
17814,17,Cleats,4,Apparel,365,44507,365,17,,http://images.acmesports.sports/Perfect+Fitness+Perfect+Rip+Deck,Perfect Fitness Perfect Rip Deck,0
18926,17,Cleats,4,Apparel,365,47332,365,17,,http://images.acmesports.sports/Perfect+Fitness+Perfect+Rip+Deck,Perfect Fitness Perfect Rip Deck,0
65050,17,Cleats,4,Apparel,365,162593,365,17,,http://images.acmesports.sports/Perfect+Fitness+Perfect+Rip+Deck,Perfect Fitness Perfect Rip Deck,0
15042,17,Cleats,4,Apparel,365,37657,365,17,,http://images.acmesports.sports/Perfect+Fitness+Perfect+Rip+Deck,Perfect Fitness Perfect Rip Deck,0
18923,17,Cleats,4,Apparel,365,47321,365,17,,http://images.acmesports.sports/Perfect+Fitness+Perfect+Rip+Deck,Perfect Fitness Perfect Rip Deck,0
66760,17,Cleats,4,Apparel,365,166857,365,17,,http://images.acmesports.sports/Perfect+Fitness+Perfect+Rip+Deck,Perfect Fitness Perfect Rip Deck,0
12075,17,Cleats,4,Apparel,365,30196,365,17,,http://images.acmesports.sports/Perfect+Fitness+Perfect+Rip+Deck,Perfect Fitness Perfect Rip Deck,0
19122,17,Cleats,4,Apparel,365,47792,365,17,,http://images.acmesports.sports/Perfect+Fitness+Perfect+Rip+Deck,Perfect Fitness Perfect Rip Deck,0
11636,17,Cleats,4,Apparel,365,29092,365,17,,http://images.acmesports.sports/Perfect+Fitness+Perfect+Rip+Deck,Perfect Fitness Perfect Rip Deck,0
63920,17,Cleats,4,Apparel,365,159790,365,17,,http://images.acmesports.sports/Perfect+Fitness+Perfect+Rip+Deck,Perfect Fitness Perfect Rip Deck,0
12075,17,Cleats,4,Apparel,365,30194,365,17,,http://images.acmesports.sports/Perfect+Fitness+Perfect+Rip+Deck,Perfect Fitness Perfect Rip Deck,0
63182,17,Cleats,4,Apparel,365,157955,365,17,,http://images.acmesports.sports/Perfect+Fitness+Perfect+Rip+Deck,Perfect Fitness Perfect Rip Deck,0
65582,17,Cleats,4,Apparel,365,163905,365,17,,http://images.acmesports.sports/Perfect+Fitness+Perfect+Rip+Deck,Perfect Fitness Perfect Rip Deck,0
68804,17,Cleats,4,Apparel,365,172013,365,17,,http://images.acmesports.sports/Perfect+Fitness+Perfect+Rip+Deck,Perfect Fitness Perfect Rip Deck,0
42739,17,Cleats,4,Apparel,365,106678,365,17,,http://images.acmesports.sports/Perfect+Fitness+Perfect+Rip+Deck,Perfect Fitness Perfect Rip Deck,0
11558,17,Cleats,4,Apparel,365,28898,365,17,,http://images.acmesports.sports/Perfect+Fitness+Perfect+Rip+Deck,Perfect Fitness Perfect Rip Deck,0
10759,17,Cleats,4,Apparel,365,26923,365,17,,http://images.acmesports.sports/Perfect+Fitness+Perfect+Rip+Deck,Perfect Fitness Perfect Rip Deck,0
47429,17,Cleats,4,Apparel,365,118575,365,17,,http://images.acmesports.sports/Perfect+Fitness+Perfect+Rip+Deck,Perfect Fitness Perfect Rip Deck,0
19775,24,Women's Apparel,5,Golf,502,49416,502,24,,http://images.acmesports.sports/Nike+Men%27s+Dri-FIT+Victory+Golf+Polo,Nike Men's Dri-FIT Victory Golf Polo,0
66887,29,Shop By Sport,5,Golf,627,167203,627,29,,http://images.acmesports.sports/Under+Armour+Girls%27+Toddler+Spine+Surge+Running+Shoe,Under Armour Girls' Toddler Spine Surge Runni,0
15655,29,Shop By Sport,5,Golf,627,39134,627,29,,http://images.acmesports.sports/Under+Armour+Girls%27+Toddler+Spine+Surge+Running+Shoe,Under Armour Girls' Toddler Spine Surge Runni,0
18019,24,Women's Apparel,5,Golf,502,45029,502,24,,http://images.acmesports.sports/Nike+Men%27s+Dri-FIT+Victory+Golf+Polo,Nike Men's Dri-FIT Victory Golf Polo,0
15152,29,Shop By Sport,5,Golf,627,37898,627,29,,http://images.acmesports.sports/Under+Armour+Girls%27+Toddler+Spine+Surge+Running+Shoe,Under Armour Girls' Toddler Spine Surge Runni,0
14363,24,Women's Apparel,5,Golf,502,35948,502,24,,http://images.acmesports.sports/Nike+Men%27s+Dri-FIT+Victory+Golf+Polo,Nike Men's Dri-FIT Victory Golf Polo,0
17520,29,Shop By Sport,5,Golf,627,43800,627,29,,http://images.acmesports.sports/Under+Armour+Girls%27+Toddler+Spine+Surge+Running+Shoe,Under Armour Girls' Toddler Spine Surge Runni,0
15979,24,Women's Apparel,5,Golf,502,39920,502,24,,http://images.acmesports.sports/Nike+Men%27s+Dri-FIT+Victory+Golf+Polo,Nike Men's Dri-FIT Victory Golf Polo,0
12158,29,Shop By Sport,5,Golf,627,30388,627,29,,http://images.acmesports.sports/Under+Armour+Girls%27+Toddler+Spine+Surge+Running+Shoe,Under Armour Girls' Toddler Spine Surge Runni,0
63170,24,Women's Apparel,5,Golf,502,157920,502,24,,http://images.acmesports.sports/Nike+Men%27s+Dri-FIT+Victory+Golf+Polo,Nike Men's Dri-FIT Victory Golf Polo,0
11885,24,Women's Apparel,5,Golf,502,29706,502,24,,http://images.acmesports.sports/Nike+Men%27s+Dri-FIT+Victory+Golf+Polo,Nike Men's Dri-FIT Victory Golf Polo,0
64612,24,Women's Apparel,5,Golf,502,161506,502,24,,http://images.acmesports.sports/Nike+Men%27s+Dri-FIT+Victory+Golf+Polo,Nike Men's Dri-FIT Victory Golf Polo,0
12529,24,Women's Apparel,5,Golf,502,31362,502,24,,http://images.acmesports.sports/Nike+Men%27s+Dri-FIT+Victory+Golf+Polo,Nike Men's Dri-FIT Victory Golf Polo,0
62130,24,Women's Apparel,5,Golf,502,155337,502,24,,http://images.acmesports.sports/Nike+Men%27s+Dri-FIT+Victory+Golf+Polo,Nike Men's Dri-FIT Victory Golf Polo,0
65701,24,Women's Apparel,5,Golf,502,164197,502,24,,http://images.acmesports.sports/Nike+Men%27s+Dri-FIT+Victory+Golf+Polo,Nike Men's Dri-FIT Victory Golf Polo,0
65965,24,Women's Apparel,5,Golf,502,164857,502,24,,http://images.acmesports.sports/Nike+Men%27s+Dri-FIT+Victory+Golf+Polo,Nike Men's Dri-FIT Victory Golf Polo,0
50835,29,Shop By Sport,5,Golf,627,127044,627,29,,http://images.acmesports.sports/Under+Armour+Girls%27+Toddler+Spine+Surge+Running+Shoe,Under Armour Girls' Toddler Spine Surge Runni,0
63546,29,Shop By Sport,5,Golf,627,158845,627,29,,http://images.acmesports.sports/Under+Armour+Girls%27+Toddler+Spine+Surge+Running+Shoe,Under Armour Girls' Toddler Spine Surge Runni,0
15524,24,Women's Apparel,5,Golf,502,38802,502,24,,http://images.acmesports.sports/Nike+Men%27s+Dri-FIT+Victory+Golf+Polo,Nike Men's Dri-FIT Victory Golf Polo,0
48595,24,Women's Apparel,5,Golf,502,121529,502,24,,http://images.acmesports.sports/Nike+Men%27s+Dri-FIT+Victory+Golf+Polo,Nike Men's Dri-FIT Victory Golf Polo,0
46306,24,Women's Apparel,5,Golf,502,115745,502,24,,http://images.acmesports.sports/Nike+Men%27s+Dri-FIT+Victory+Golf+Polo,Nike Men's Dri-FIT Victory Golf Polo,0
66669,24,Women's Apparel,5,Golf,502,166649,502,24,,http://images.acmesports.sports/Nike+Men%27s+Dri-FIT+Victory+Golf+Polo,Nike Men's Dri-FIT Victory Golf Polo,0
15487,24,Women's Apparel,5,Golf,502,38709,502,24,,http://images.acmesports.sports/Nike+Men%27s+Dri-FIT+Victory+Golf+Polo,Nike Men's Dri-FIT Victory Golf Polo,0
66489,24,Women's Apparel,5,Golf,502,166205,502,24,,http://images.acmesports.sports/Nike+Men%27s+Dri-FIT+Victory+Golf+Polo,Nike Men's Dri-FIT Victory Golf Polo,0
66001,29,Shop By Sport,5,Golf,627,164952,627,29,,http://images.acmesports.sports/Under+Armour+Girls%27+Toddler+Spine+Surge+Running+Shoe,Under Armour Girls' Toddler Spine Surge Runni,0
10759,24,Women's Apparel,5,Golf,502,26924,502,24,,http://images.acmesports.sports/Nike+Men%27s+Dri-FIT+Victory+Golf+Polo,Nike Men's Dri-FIT Victory Golf Polo,0
47199,24,Women's Apparel,5,Golf,502,117977,502,24,,http://images.acmesports.sports/Nike+Men%27s+Dri-FIT+Victory+Golf+Polo,Nike Men's Dri-FIT Victory Golf Polo,0
15819,29,Shop By Sport,5,Golf,627,39540,627,29,,http://images.acmesports.sports/Under+Armour+Girls%27+Toddler+Spine+Surge+Running+Shoe,Under Armour Girls' Toddler Spine Surge Runni,0
14482,24,Women's Apparel,5,Golf,502,36211,502,24,,http://images.acmesports.sports/Nike+Men%27s+Dri-FIT+Victory+Golf+Polo,Nike Men's Dri-FIT Victory Golf Polo,0
15029,24,Women's Apparel,5,Golf,502,37625,502,24,,http://images.acmesports.sports/Nike+Men%27s+Dri-FIT+Victory+Golf+Polo,Nike Men's Dri-FIT Victory Golf Polo,0
15803,24,Women's Apparel,5,Golf,502,39504,502,24,,http://images.acmesports.sports/Nike+Men%27s+Dri-FIT+Victory+Golf+Polo,Nike Men's Dri-FIT Victory Golf Polo,0
11851,29,Shop By Sport,5,Golf,627,29626,627,29,,http://images.acmesports.sports/Under+Armour+Girls%27+Toddler+Spine+Surge+Running+Shoe,Under Armour Girls' Toddler Spine Surge Runni,0
64369,24,Women's Apparel,5,Golf,502,160917,502,24,,http://images.acmesports.sports/Nike+Men%27s+Dri-FIT+Victory+Golf+Polo,Nike Men's Dri-FIT Victory Golf Polo,0
63792,24,Women's Apparel,5,Golf,502,159451,502,24,,http://images.acmesports.sports/Nike+Men%27s+Dri-FIT+Victory+Golf+Polo,Nike Men's Dri-FIT Victory Golf Polo,0
67806,24,Women's Apparel,5,Golf,502,169516,502,24,,http://images.acmesports.sports/Nike+Men%27s+Dri-FIT+Victory+Golf+Polo,Nike Men's Dri-FIT Victory Golf Polo,0
18036,24,Women's Apparel,5,Golf,502,45074,502,24,,http://images.acmesports.sports/Nike+Men%27s+Dri-FIT+Victory+Golf+Polo,Nike Men's Dri-FIT Victory Golf Polo,0
18482,24,Women's Apparel,5,Golf,502,46199,502,24,,http://images.acmesports.sports/Nike+Men%27s+Dri-FIT+Victory+Golf+Polo,Nike Men's Dri-FIT Victory Golf Polo,0
11636,24,Women's Apparel,5,Golf,502,29089,502,24,,http://images.acmesports.sports/Nike+Men%27s+Dri-FIT+Victory+Golf+Polo,Nike Men's Dri-FIT Victory Golf Polo,0
62470,24,Women's Apparel,5,Golf,502,156139,502,24,,http://images.acmesports.sports/Nike+Men%27s+Dri-FIT+Victory+Golf+Polo,Nike Men's Dri-FIT Victory Golf Polo,0
63377,29,Shop By Sport,5,Golf,627,158455,627,29,,http://images.acmesports.sports/Under+Armour+Girls%27+Toddler+Spine+Surge+Running+Shoe,Under Armour Girls' Toddler Spine Surge Runni,0
45455,24,Women's Apparel,5,Golf,502,113586,502,24,,http://images.acmesports.sports/Nike+Men%27s+Dri-FIT+Victory+Golf+Polo,Nike Men's Dri-FIT Victory Golf Polo,0
43964,24,Women's Apparel,5,Golf,502,109808,502,24,,http://images.acmesports.sports/Nike+Men%27s+Dri-FIT+Victory+Golf+Polo,Nike Men's Dri-FIT Victory Golf Polo,0
63999,24,Women's Apparel,5,Golf,502,160004,502,24,,http://images.acmesports.sports/Nike+Men%27s+Dri-FIT+Victory+Golf+Polo,Nike Men's Dri-FIT Victory Golf Polo,0
16557,40,Accessories,6,Outdoors,906,41353,906,40,,http://images.acmesports.sports/Team+Golf+Tennessee+Volunteers+Putter+Grip,Team Golf Tennessee Volunteers Putter Grip,0
16955,37,Electronics,6,Outdoors,821,42380,821,37,,http://images.acmesports.sports/Titleist+Pro+V1+High+Numbers+Personalized+Golf+Balls,Titleist Pro V1 High Numbers Personalized Gol,0
11558,36,Golf Balls,6,Outdoors,804,28899,804,36,,http://images.acmesports.sports/Glove+It+Women%27s+Imperial+Golf+Glove,Glove It Women's Imperial Golf Glove,0
14210,13,Electronics,3,Footwear,273,35557,273,13,,http://images.acmesports.sports/Under+Armour+Kids%27+Mercenary+Slide,Under Armour Kids' Mercenary Slide,0
61848,9,Cardio Equipment,3,Footwear,191,154611,191,9,,http://images.acmesports.sports/Nike+Men%27s+Free+5.0%2B+Running+Shoe,Nike Men's Free 5.0+ Running Shoe,0
16811,9,Cardio Equipment,3,Footwear,191,42011,191,9,,http://images.acmesports.sports/Nike+Men%27s+Free+5.0%2B+Running+Shoe,Nike Men's Free 5.0+ Running Shoe,0
62419,9,Cardio Equipment,3,Footwear,191,156022,191,9,,http://images.acmesports.sports/Nike+Men%27s+Free+5.0%2B+Running+Shoe,Nike Men's Free 5.0+ Running Shoe,0
66636,17,Cleats,4,Apparel,365,166570,365,17,,http://images.acmesports.sports/Perfect+Fitness+Perfect+Rip+Deck,Perfect Fitness Perfect Rip Deck,0
43551,17,Cleats,4,Apparel,365,108765,365,17,,http://images.acmesports.sports/Perfect+Fitness+Perfect+Rip+Deck,Perfect Fitness Perfect Rip Deck,0
16459,17,Cleats,4,Apparel,365,41106,365,17,,http://images.acmesports.sports/Perfect+Fitness+Perfect+Rip+Deck,Perfect Fitness Perfect Rip Deck,0
16075,17,Cleats,4,Apparel,365,40158,365,17,,http://images.acmesports.sports/Perfect+Fitness+Perfect+Rip+Deck,Perfect Fitness Perfect Rip Deck,0
18617,17,Cleats,4,Apparel,365,46531,365,17,,http://images.acmesports.sports/Perfect+Fitness+Perfect+Rip+Deck,Perfect Fitness Perfect Rip Deck,0
17436,17,Cleats,4,Apparel,365,43587,365,17,,http://images.acmesports.sports/Perfect+Fitness+Perfect+Rip+Deck,Perfect Fitness Perfect Rip Deck,0
19540,17,Cleats,4,Apparel,365,48844,365,17,,http://images.acmesports.sports/Perfect+Fitness+Perfect+Rip+Deck,Perfect Fitness Perfect Rip Deck,0
65827,24,Women's Apparel,5,Golf,502,164522,502,24,,http://images.acmesports.sports/Nike+Men%27s+Dri-FIT+Victory+Golf+Polo,Nike Men's Dri-FIT Victory Golf Polo,0
13521,24,Women's Apparel,5,Golf,502,33887,502,24,,http://images.acmesports.sports/Nike+Men%27s+Dri-FIT+Victory+Golf+Polo,Nike Men's Dri-FIT Victory Golf Polo,0
17436,29,Shop By Sport,5,Golf,627,43588,627,29,,http://images.acmesports.sports/Under+Armour+Girls%27+Toddler+Spine+Surge+Running+Shoe,Under Armour Girls' Toddler Spine Surge Runni,0
64211,24,Women's Apparel,5,Golf,502,160536,502,24,,http://images.acmesports.sports/Nike+Men%27s+Dri-FIT+Victory+Golf+Polo,Nike Men's Dri-FIT Victory Golf Polo,0
43551,24,Women's Apparel,5,Golf,502,108766,502,24,,http://images.acmesports.sports/Nike+Men%27s+Dri-FIT+Victory+Golf+Polo,Nike Men's Dri-FIT Victory Golf Polo,0
68111,29,Shop By Sport,5,Golf,627,170290,627,29,,http://images.acmesports.sports/Under+Armour+Girls%27+Toddler+Spine+Surge+Running+Shoe,Under Armour Girls' Toddler Spine Surge Runni,0
62596,29,Shop By Sport,5,Golf,627,156476,627,29,,http://images.acmesports.sports/Under+Armour+Girls%27+Toddler+Spine+Surge+Running+Shoe,Under Armour Girls' Toddler Spine Surge Runni,0
16811,24,Women's Apparel,5,Golf,502,42010,502,24,,http://images.acmesports.sports/Nike+Men%27s+Dri-FIT+Victory+Golf+Polo,Nike Men's Dri-FIT Victory Golf Polo,0
15278,29,Shop By Sport,5,Golf,627,38199,627,29,,http://images.acmesports.sports/Under+Armour+Girls%27+Toddler+Spine+Surge+Running+Shoe,Under Armour Girls' Toddler Spine Surge Runni,0
19327,24,Women's Apparel,5,Golf,502,48326,502,24,,http://images.acmesports.sports/Nike+Men%27s+Dri-FIT+Victory+Golf+Polo,Nike Men's Dri-FIT Victory Golf Polo,0
17104,37,Electronics,6,Outdoors,823,42779,823,37,,http://images.acmesports.sports/Titleist+Pro+V1x+High+Numbers+Personalized+Golf+Balls,Titleist Pro V1x High Numbers Personalized Go,0
17436,37,Electronics,6,Outdoors,825,43586,825,37,,http://images.acmesports.sports/Bridgestone+e6+Straight+Distance+NFL+Tennessee+Titans+Golf...,Bridgestone e6 Straight Distance NFL Tennesse,0
2887,3,Baseball & Softball,2,Fitness,44,7221,44,3,,http://images.acmesports.sports/adidas+Men%27s+F10+Messi+TRX+FG+Soccer+Cleat,adidas Men's F10 Messi TRX FG Soccer Cleat,0
1186,9,Cardio Equipment,3,Footwear,191,2948,191,9,,http://images.acmesports.sports/Nike+Men%27s+Free+5.0%2B+Running+Shoe,Nike Men's Free 5.0+ Running Shoe,0
8488,9,Cardio Equipment,3,Footwear,191,21192,191,9,,http://images.acmesports.sports/Nike+Men%27s+Free+5.0%2B+Running+Shoe,Nike Men's Free 5.0+ Running Shoe,0
55000,9,Cardio Equipment,3,Footwear,191,137547,191,9,,http://images.acmesports.sports/Nike+Men%27s+Free+5.0%2B+Running+Shoe,Nike Men's Free 5.0+ Running Shoe,0
55201,17,Cleats,4,Apparel,365,138055,365,17,,http://images.acmesports.sports/Perfect+Fitness+Perfect+Rip+Deck,Perfect Fitness Perfect Rip Deck,0
1186,17,Cleats,4,Apparel,365,2947,365,17,,http://images.acmesports.sports/Perfect+Fitness+Perfect+Rip+Deck,Perfect Fitness Perfect Rip Deck,0
1383,17,Cleats,4,Apparel,365,3417,365,17,,http://images.acmesports.sports/Perfect+Fitness+Perfect+Rip+Deck,Perfect Fitness Perfect Rip Deck,0
53581,17,Cleats,4,Apparel,365,133915,365,17,,http://images.acmesports.sports/Perfect+Fitness+Perfect+Rip+Deck,Perfect Fitness Perfect Rip Deck,0
1383,17,Cleats,4,Apparel,365,3414,365,17,,http://images.acmesports.sports/Perfect+Fitness+Perfect+Rip+Deck,Perfect Fitness Perfect Rip Deck,0
57479,17,Cleats,4,Apparel,365,143795,365,17,,http://images.acmesports.sports/Perfect+Fitness+Perfect+Rip+Deck,Perfect Fitness Perfect Rip Deck,0
738,17,Cleats,4,Apparel,365,1813,365,17,,http://images.acmesports.sports/Perfect+Fitness+Perfect+Rip+Deck,Perfect Fitness Perfect Rip Deck,0
56476,17,Cleats,4,Apparel,365,141276,365,17,,http://images.acmesports.sports/Perfect+Fitness+Perfect+Rip+Deck,Perfect Fitness Perfect Rip Deck,0
8488,17,Cleats,4,Apparel,365,21191,365,17,,http://images.acmesports.sports/Perfect+Fitness+Perfect+Rip+Deck,Perfect Fitness Perfect Rip Deck,0
24271,29,Shop By Sport,5,Golf,627,60699,627,29,,http://images.acmesports.sports/Under+Armour+Girls%27+Toddler+Spine+Surge+Running+Shoe,Under Armour Girls' Toddler Spine Surge Runni,0
42777,24,Women's Apparel,5,Golf,502,106776,502,24,,http://images.acmesports.sports/Nike+Men%27s+Dri-FIT+Victory+Golf+Polo,Nike Men's Dri-FIT Victory Golf Polo,0
22298,24,Women's Apparel,5,Golf,502,55835,502,24,,http://images.acmesports.sports/Nike+Men%27s+Dri-FIT+Victory+Golf+Polo,Nike Men's Dri-FIT Victory Golf Polo,0
43739,26,Girls' Apparel,5,Golf,565,109226,565,26,,http://images.acmesports.sports/adidas+Youth+Germany+Black%2FRed+Away+Match+Soccer+Jersey,adidas Youth Germany Black/Red Away Match Soc,0
24594,29,Shop By Sport,5,Golf,627,61585,627,29,,http://images.acmesports.sports/Under+Armour+Girls%27+Toddler+Spine+Surge+Running+Shoe,Under Armour Girls' Toddler Spine Surge Runni,0
30802,24,Women's Apparel,5,Golf,502,76954,502,24,,http://images.acmesports.sports/Nike+Men%27s+Dri-FIT+Victory+Golf+Polo,Nike Men's Dri-FIT Victory Golf Polo,0
27586,24,Women's Apparel,5,Golf,502,69055,502,24,,http://images.acmesports.sports/Nike+Men%27s+Dri-FIT+Victory+Golf+Polo,Nike Men's Dri-FIT Victory Golf Polo,0
46791,41,Trade-In,6,Outdoors,917,116988,917,41,,http://images.acmesports.sports/Glove+It+Women%27s+Mod+Oval+3-Zip+Carry+All+Golf+Bag,Glove It Women's Mod Oval 3-Zip Carry All Gol,0
24176,36,Golf Balls,6,Outdoors,810,60483,810,36,,http://images.acmesports.sports/Glove+It+Women%27s+Mod+Oval+Golf+Glove,Glove It Women's Mod Oval Golf Glove,0
21193,41,Trade-In,6,Outdoors,924,53009,924,41,,http://images.acmesports.sports/Glove+It+Urban+Brick+Golf+Towel,Glove It Urban Brick Golf Towel,0
22044,9,Cardio Equipment,3,Footwear,191,55143,191,9,,http://images.acmesports.sports/Nike+Men%27s+Free+5.0%2B+Running+Shoe,Nike Men's Free 5.0+ Running Shoe,0
30388,9,Cardio Equipment,3,Footwear,191,75960,191,9,,http://images.acmesports.sports/Nike+Men%27s+Free+5.0%2B+Running+Shoe,Nike Men's Free 5.0+ Running Shoe,0
43576,9,Cardio Equipment,3,Footwear,191,108816,191,9,,http://images.acmesports.sports/Nike+Men%27s+Free+5.0%2B+Running+Shoe,Nike Men's Free 5.0+ Running Shoe,0
26039,9,Cardio Equipment,3,Footwear,191,65167,191,9,,http://images.acmesports.sports/Nike+Men%27s+Free+5.0%2B+Running+Shoe,Nike Men's Free 5.0+ Running Shoe,0
28441,9,Cardio Equipment,3,Footwear,191,71177,191,9,,http://images.acmesports.sports/Nike+Men%27s+Free+5.0%2B+Running+Shoe,Nike Men's Free 5.0+ Running Shoe,0
29181,9,Cardio Equipment,3,Footwear,191,73010,191,9,,http://images.acmesports.sports/Nike+Men%27s+Free+5.0%2B+Running+Shoe,Nike Men's Free 5.0+ Running Shoe,0
28827,9,Cardio Equipment,3,Footwear,191,72140,191,9,,http://images.acmesports.sports/Nike+Men%27s+Free+5.0%2B+Running+Shoe,Nike Men's Free 5.0+ Running Shoe,0
25060,9,Cardio Equipment,3,Footwear,191,62789,191,9,,http://images.acmesports.sports/Nike+Men%27s+Free+5.0%2B+Running+Shoe,Nike Men's Free 5.0+ Running Shoe,0
21624,13,Electronics,3,Footwear,273,54074,273,13,,http://images.acmesports.sports/Under+Armour+Kids%27+Mercenary+Slide,Under Armour Kids' Mercenary Slide,0
23378,9,Cardio Equipment,3,Footwear,191,58501,191,9,,http://images.acmesports.sports/Nike+Men%27s+Free+5.0%2B+Running+Shoe,Nike Men's Free 5.0+ Running Shoe,0
28249,9,Cardio Equipment,3,Footwear,191,70659,191,9,,http://images.acmesports.sports/Nike+Men%27s+Free+5.0%2B+Running+Shoe,Nike Men's Free 5.0+ Running Shoe,0
22926,17,Cleats,4,Apparel,365,57393,365,17,,http://images.acmesports.sports/Perfect+Fitness+Perfect+Rip+Deck,Perfect Fitness Perfect Rip Deck,0
29286,17,Cleats,4,Apparel,365,73269,365,17,,http://images.acmesports.sports/Perfect+Fitness+Perfect+Rip+Deck,Perfect Fitness Perfect Rip Deck,0
21872,17,Cleats,4,Apparel,365,54694,365,17,,http://images.acmesports.sports/Perfect+Fitness+Perfect+Rip+Deck,Perfect Fitness Perfect Rip Deck,0
21624,17,Cleats,4,Apparel,365,54075,365,17,,http://images.acmesports.sports/Perfect+Fitness+Perfect+Rip+Deck,Perfect Fitness Perfect Rip Deck,0
48334,17,Cleats,4,Apparel,365,120901,365,17,,http://images.acmesports.sports/Perfect+Fitness+Perfect+Rip+Deck,Perfect Fitness Perfect Rip Deck,0
28866,17,Cleats,4,Apparel,365,72234,365,17,,http://images.acmesports.sports/Perfect+Fitness+Perfect+Rip+Deck,Perfect Fitness Perfect Rip Deck,0
28827,17,Cleats,4,Apparel,365,72139,365,17,,http://images.acmesports.sports/Perfect+Fitness+Perfect+Rip+Deck,Perfect Fitness Perfect Rip Deck,0
26054,17,Cleats,4,Apparel,365,65207,365,17,,http://images.acmesports.sports/Perfect+Fitness+Perfect+Rip+Deck,Perfect Fitness Perfect Rip Deck,0
27856,17,Cleats,4,Apparel,365,69731,365,17,,http://images.acmesports.sports/Perfect+Fitness+Perfect+Rip+Deck,Perfect Fitness Perfect Rip Deck,0
47439,17,Cleats,4,Apparel,365,118592,365,17,,http://images.acmesports.sports/Perfect+Fitness+Perfect+Rip+Deck,Perfect Fitness Perfect Rip Deck,0
24770,17,Cleats,4,Apparel,365,62055,365,17,,http://images.acmesports.sports/Perfect+Fitness+Perfect+Rip+Deck,Perfect Fitness Perfect Rip Deck,0
41903,17,Cleats,4,Apparel,365,104595,365,17,,http://images.acmesports.sports/Perfect+Fitness+Perfect+Rip+Deck,Perfect Fitness Perfect Rip Deck,0
26402,17,Cleats,4,Apparel,365,66089,365,17,,http://images.acmesports.sports/Perfect+Fitness+Perfect+Rip+Deck,Perfect Fitness Perfect Rip Deck,0
28402,17,Cleats,4,Apparel,365,71081,365,17,,http://images.acmesports.sports/Perfect+Fitness+Perfect+Rip+Deck,Perfect Fitness Perfect Rip Deck,0
23948,29,Shop By Sport,5,Golf,642,59952,642,29,,http://images.acmesports.sports/Columbia+Men%27s+PFG+Anchor+Tough+T-Shirt,Columbia Men's PFG Anchor Tough T-Shirt,0
26436,29,Shop By Sport,5,Golf,627,66182,627,29,,http://images.acmesports.sports/Under+Armour+Girls%27+Toddler+Spine+Surge+Running+Shoe,Under Armour Girls' Toddler Spine Surge Runni,0
27286,29,Shop By Sport,5,Golf,627,68342,627,29,,http://images.acmesports.sports/Under+Armour+Girls%27+Toddler+Spine+Surge+Running+Shoe,Under Armour Girls' Toddler Spine Surge Runni,0
23688,24,Women's Apparel,5,Golf,502,59270,502,24,,http://images.acmesports.sports/Nike+Men%27s+Dri-FIT+Victory+Golf+Polo,Nike Men's Dri-FIT Victory Golf Polo,0
45380,24,Women's Apparel,5,Golf,502,113392,502,24,,http://images.acmesports.sports/Nike+Men%27s+Dri-FIT+Victory+Golf+Polo,Nike Men's Dri-FIT Victory Golf Polo,0
23688,24,Women's Apparel,5,Golf,502,59269,502,24,,http://images.acmesports.sports/Nike+Men%27s+Dri-FIT+Victory+Golf+Polo,Nike Men's Dri-FIT Victory Golf Polo,0
27530,24,Women's Apparel,5,Golf,502,68912,502,24,,http://images.acmesports.sports/Nike+Men%27s+Dri-FIT+Victory+Golf+Polo,Nike Men's Dri-FIT Victory Golf Polo,0
49693,24,Women's Apparel,5,Golf,502,124219,502,24,,http://images.acmesports.sports/Nike+Men%27s+Dri-FIT+Victory+Golf+Polo,Nike Men's Dri-FIT Victory Golf Polo,0
30111,24,Women's Apparel,5,Golf,502,75274,502,24,,http://images.acmesports.sports/Nike+Men%27s+Dri-FIT+Victory+Golf+Polo,Nike Men's Dri-FIT Victory Golf Polo,0
48699,24,Women's Apparel,5,Golf,502,121787,502,24,,http://images.acmesports.sports/Nike+Men%27s+Dri-FIT+Victory+Golf+Polo,Nike Men's Dri-FIT Victory Golf Polo,0
28441,24,Women's Apparel,5,Golf,502,71180,502,24,,http://images.acmesports.sports/Nike+Men%27s+Dri-FIT+Victory+Golf+Polo,Nike Men's Dri-FIT Victory Golf Polo,0
27750,24,Women's Apparel,5,Golf,502,69470,502,24,,http://images.acmesports.sports/Nike+Men%27s+Dri-FIT+Victory+Golf+Polo,Nike Men's Dri-FIT Victory Golf Polo,0
22379,24,Women's Apparel,5,Golf,502,56014,502,24,,http://images.acmesports.sports/Nike+Men%27s+Dri-FIT+Victory+Golf+Polo,Nike Men's Dri-FIT Victory Golf Polo,0
31208,24,Women's Apparel,5,Golf,502,77986,502,24,,http://images.acmesports.sports/Nike+Men%27s+Dri-FIT+Victory+Golf+Polo,Nike Men's Dri-FIT Victory Golf Polo,0
27689,24,Women's Apparel,5,Golf,502,69323,502,24,,http://images.acmesports.sports/Nike+Men%27s+Dri-FIT+Victory+Golf+Polo,Nike Men's Dri-FIT Victory Golf Polo,0
44514,24,Women's Apparel,5,Golf,502,111138,502,24,,http://images.acmesports.sports/Nike+Men%27s+Dri-FIT+Victory+Golf+Polo,Nike Men's Dri-FIT Victory Golf Polo,0
21837,29,Shop By Sport,5,Golf,627,54605,627,29,,http://images.acmesports.sports/Under+Armour+Girls%27+Toddler+Spine+Surge+Running+Shoe,Under Armour Girls' Toddler Spine Surge Runni,0
22926,24,Women's Apparel,5,Golf,502,57392,502,24,,http://images.acmesports.sports/Nike+Men%27s+Dri-FIT+Victory+Golf+Polo,Nike Men's Dri-FIT Victory Golf Polo,0
25942,24,Women's Apparel,5,Golf,502,64935,502,24,,http://images.acmesports.sports/Nike+Men%27s+Dri-FIT+Victory+Golf+Polo,Nike Men's Dri-FIT Victory Golf Polo,0
22134,29,Shop By Sport,5,Golf,627,55398,627,29,,http://images.acmesports.sports/Under+Armour+Girls%27+Toddler+Spine+Surge+Running+Shoe,Under Armour Girls' Toddler Spine Surge Runni,0
26827,29,Shop By Sport,5,Golf,627,67215,627,29,,http://images.acmesports.sports/Under+Armour+Girls%27+Toddler+Spine+Surge+Running+Shoe,Under Armour Girls' Toddler Spine Surge Runni,0
48334,24,Women's Apparel,5,Golf,502,120903,502,24,,http://images.acmesports.sports/Nike+Men%27s+Dri-FIT+Victory+Golf+Polo,Nike Men's Dri-FIT Victory Golf Polo,0
21941,37,Electronics,6,Outdoors,835,54888,835,37,,http://images.acmesports.sports/Bridgestone+e6+Straight+Distance+NFL+Carolina+Panthers+Golf...,Bridgestone e6 Straight Distance NFL Carolina,0
28847,36,Golf Balls,6,Outdoors,804,72177,804,36,,http://images.acmesports.sports/Glove+It+Women%27s+Imperial+Golf+Glove,Glove It Women's Imperial Golf Glove,0
43576,41,Trade-In,6,Outdoors,917,108819,917,41,,http://images.acmesports.sports/Glove+It+Women%27s+Mod+Oval+3-Zip+Carry+All+Golf+Bag,Glove It Women's Mod Oval 3-Zip Carry All Gol,0
26577,41,Trade-In,6,Outdoors,926,66544,926,41,,http://images.acmesports.sports/Glove+It+Imperial+Golf+Towel,Glove It Imperial Golf Towel,0
29995,41,Trade-In,6,Outdoors,924,75009,924,41,,http://images.acmesports.sports/Glove+It+Urban+Brick+Golf+Towel,Glove It Urban Brick Golf Towel,0
21312,36,Golf Balls,6,Outdoors,797,53298,797,36,,http://images.acmesports.sports/Hirzl+Women%27s+Soffft+Flex+Golf+Glove,Hirzl Women's Soffft Flex Golf Glove,0
20775,40,Accessories,6,Outdoors,897,51913,897,40,,http://images.acmesports.sports/Team+Golf+New+England+Patriots+Putter+Grip,Team Golf New England Patriots Putter Grip,0
28017,41,Trade-In,6,Outdoors,926,70102,926,41,,http://images.acmesports.sports/Glove+It+Imperial+Golf+Towel,Glove It Imperial Golf Towel,0
47562,41,Trade-In,6,Outdoors,917,118904,917,41,,http://images.acmesports.sports/Glove+It+Women%27s+Mod+Oval+3-Zip+Carry+All+Golf+Bag,Glove It Women's Mod Oval 3-Zip Carry All Gol,0
29490,37,Electronics,6,Outdoors,828,73798,828,37,,http://images.acmesports.sports/Bridgestone+e6+Straight+Distance+NFL+San+Diego+Chargers...,Bridgestone e6 Straight Distance NFL San Dieg,0
23571,37,Electronics,6,Outdoors,822,58957,822,37,,http://images.acmesports.sports/Titleist+Pro+V1x+High+Numbers+Golf+Balls,Titleist Pro V1x High Numbers Golf Balls,0
30924,13,Electronics,3,Footwear,273,77286,273,13,,http://images.acmesports.sports/Under+Armour+Kids%27+Mercenary+Slide,Under Armour Kids' Mercenary Slide,0
20507,9,Cardio Equipment,3,Footwear,191,51202,191,9,,http://images.acmesports.sports/Nike+Men%27s+Free+5.0%2B+Running+Shoe,Nike Men's Free 5.0+ Running Shoe,0
24650,17,Cleats,4,Apparel,365,61721,365,17,,http://images.acmesports.sports/Perfect+Fitness+Perfect+Rip+Deck,Perfect Fitness Perfect Rip Deck,0
24650,17,Cleats,4,Apparel,365,61720,365,17,,http://images.acmesports.sports/Perfect+Fitness+Perfect+Rip+Deck,Perfect Fitness Perfect Rip Deck,0
24650,17,Cleats,4,Apparel,365,61719,365,17,,http://images.acmesports.sports/Perfect+Fitness+Perfect+Rip+Deck,Perfect Fitness Perfect Rip Deck,0
30328,29,Shop By Sport,5,Golf,627,75803,627,29,,http://images.acmesports.sports/Under+Armour+Girls%27+Toddler+Spine+Surge+Running+Shoe,Under Armour Girls' Toddler Spine Surge Runni,0
23302,24,Women's Apparel,5,Golf,502,58341,502,24,,http://images.acmesports.sports/Nike+Men%27s+Dri-FIT+Victory+Golf+Polo,Nike Men's Dri-FIT Victory Golf Polo,0
28677,24,Women's Apparel,5,Golf,502,71777,502,24,,http://images.acmesports.sports/Nike+Men%27s+Dri-FIT+Victory+Golf+Polo,Nike Men's Dri-FIT Victory Golf Polo,0
30728,29,Shop By Sport,5,Golf,627,76754,627,29,,http://images.acmesports.sports/Under+Armour+Girls%27+Toddler+Spine+Surge+Running+Shoe,Under Armour Girls' Toddler Spine Surge Runni,0
37718,9,Cardio Equipment,3,Footwear,191,94152,191,9,,http://images.acmesports.sports/Nike+Men%27s+Free+5.0%2B+Running+Shoe,Nike Men's Free 5.0+ Running Shoe,0
34977,9,Cardio Equipment,3,Footwear,191,87381,191,9,,http://images.acmesports.sports/Nike+Men%27s+Free+5.0%2B+Running+Shoe,Nike Men's Free 5.0+ Running Shoe,0
40138,17,Cleats,4,Apparel,365,100154,365,17,,http://images.acmesports.sports/Perfect+Fitness+Perfect+Rip+Deck,Perfect Fitness Perfect Rip Deck,0
40776,17,Cleats,4,Apparel,365,101758,365,17,,http://images.acmesports.sports/Perfect+Fitness+Perfect+Rip+Deck,Perfect Fitness Perfect Rip Deck,0
39582,17,Cleats,4,Apparel,365,98794,365,17,,http://images.acmesports.sports/Perfect+Fitness+Perfect+Rip+Deck,Perfect Fitness Perfect Rip Deck,0
34284,26,Girls' Apparel,5,Golf,572,85618,572,26,,http://images.acmesports.sports/TYR+Boys%27+Team+Digi+Jammer,TYR Boys' Team Digi Jammer,0
41142,24,Women's Apparel,5,Golf,502,102700,502,24,,http://images.acmesports.sports/Nike+Men%27s+Dri-FIT+Victory+Golf+Polo,Nike Men's Dri-FIT Victory Golf Polo,0
41287,24,Women's Apparel,5,Golf,502,103058,502,24,,http://images.acmesports.sports/Nike+Men%27s+Dri-FIT+Victory+Golf+Polo,Nike Men's Dri-FIT Victory Golf Polo,0
35651,24,Women's Apparel,5,Golf,502,89028,502,24,,http://images.acmesports.sports/Nike+Men%27s+Dri-FIT+Victory+Golf+Polo,Nike Men's Dri-FIT Victory Golf Polo,0
41287,37,Electronics,6,Outdoors,828,103061,828,37,,http://images.acmesports.sports/Bridgestone+e6+Straight+Distance+NFL+San+Diego+Chargers...,Bridgestone e6 Straight Distance NFL San Dieg,0
32566,13,Electronics,3,Footwear,278,81457,278,13,,http://images.acmesports.sports/Under+Armour+Men%27s+Compression+EV+SL+Slide,Under Armour Men's Compression EV SL Slide,0
39300,9,Cardio Equipment,3,Footwear,191,98120,191,9,,http://images.acmesports.sports/Nike+Men%27s+Free+5.0%2B+Running+Shoe,Nike Men's Free 5.0+ Running Shoe,0
40654,9,Cardio Equipment,3,Footwear,191,101435,191,9,,http://images.acmesports.sports/Nike+Men%27s+Free+5.0%2B+Running+Shoe,Nike Men's Free 5.0+ Running Shoe,0
39551,9,Cardio Equipment,3,Footwear,191,98728,191,9,,http://images.acmesports.sports/Nike+Men%27s+Free+5.0%2B+Running+Shoe,Nike Men's Free 5.0+ Running Shoe,0
35389,13,Electronics,3,Footwear,278,88390,278,13,,http://images.acmesports.sports/Under+Armour+Men%27s+Compression+EV+SL+Slide,Under Armour Men's Compression EV SL Slide,0
32257,17,Cleats,4,Apparel,365,80675,365,17,,http://images.acmesports.sports/Perfect+Fitness+Perfect+Rip+Deck,Perfect Fitness Perfect Rip Deck,0
49031,17,Cleats,4,Apparel,365,122587,365,17,,http://images.acmesports.sports/Perfect+Fitness+Perfect+Rip+Deck,Perfect Fitness Perfect Rip Deck,0
49031,17,Cleats,4,Apparel,365,122584,365,17,,http://images.acmesports.sports/Perfect+Fitness+Perfect+Rip+Deck,Perfect Fitness Perfect Rip Deck,0
32224,17,Cleats,4,Apparel,365,80579,365,17,,http://images.acmesports.sports/Perfect+Fitness+Perfect+Rip+Deck,Perfect Fitness Perfect Rip Deck,0
38411,17,Cleats,4,Apparel,365,95867,365,17,,http://images.acmesports.sports/Perfect+Fitness+Perfect+Rip+Deck,Perfect Fitness Perfect Rip Deck,0
48282,17,Cleats,4,Apparel,365,120755,365,17,,http://images.acmesports.sports/Perfect+Fitness+Perfect+Rip+Deck,Perfect Fitness Perfect Rip Deck,0
40949,17,Cleats,4,Apparel,365,102202,365,17,,http://images.acmesports.sports/Perfect+Fitness+Perfect+Rip+Deck,Perfect Fitness Perfect Rip Deck,0
31917,24,Women's Apparel,5,Golf,502,79768,502,24,,http://images.acmesports.sports/Nike+Men%27s+Dri-FIT+Victory+Golf+Polo,Nike Men's Dri-FIT Victory Golf Polo,0
39991,24,Women's Apparel,5,Golf,502,99785,502,24,,http://images.acmesports.sports/Nike+Men%27s+Dri-FIT+Victory+Golf+Polo,Nike Men's Dri-FIT Victory Golf Polo,0
44802,24,Women's Apparel,5,Golf,502,111914,502,24,,http://images.acmesports.sports/Nike+Men%27s+Dri-FIT+Victory+Golf+Polo,Nike Men's Dri-FIT Victory Golf Polo,0
40766,29,Shop By Sport,5,Golf,627,101727,627,29,,http://images.acmesports.sports/Under+Armour+Girls%27+Toddler+Spine+Surge+Running+Shoe,Under Armour Girls' Toddler Spine Surge Runni,0
36495,24,Women's Apparel,5,Golf,502,91124,502,24,,http://images.acmesports.sports/Nike+Men%27s+Dri-FIT+Victory+Golf+Polo,Nike Men's Dri-FIT Victory Golf Polo,0
37945,24,Women's Apparel,5,Golf,502,94721,502,24,,http://images.acmesports.sports/Nike+Men%27s+Dri-FIT+Victory+Golf+Polo,Nike Men's Dri-FIT Victory Golf Polo,0
32257,24,Women's Apparel,5,Golf,502,80674,502,24,,http://images.acmesports.sports/Nike+Men%27s+Dri-FIT+Victory+Golf+Polo,Nike Men's Dri-FIT Victory Golf Polo,0
33058,24,Women's Apparel,5,Golf,502,82642,502,24,,http://images.acmesports.sports/Nike+Men%27s+Dri-FIT+Victory+Golf+Polo,Nike Men's Dri-FIT Victory Golf Polo,0
40766,24,Women's Apparel,5,Golf,502,101726,502,24,,http://images.acmesports.sports/Nike+Men%27s+Dri-FIT+Victory+Golf+Polo,Nike Men's Dri-FIT Victory Golf Polo,0
36840,24,Women's Apparel,5,Golf,502,91935,502,24,,http://images.acmesports.sports/Nike+Men%27s+Dri-FIT+Victory+Golf+Polo,Nike Men's Dri-FIT Victory Golf Polo,0
31302,40,Accessories,6,Outdoors,886,78249,886,40,,http://images.acmesports.sports/Team+Golf+San+Francisco+Giants+Putter+Grip,Team Golf San Francisco Giants Putter Grip,0
44802,37,Electronics,6,Outdoors,818,111913,818,37,,http://images.acmesports.sports/Titleist+Pro+V1x+Golf+Balls,Titleist Pro V1x Golf Balls,0
31738,3,Baseball & Softball,2,Fitness,37,79317,37,3,,http://images.acmesports.sports/adidas+Kids%27+F5+Messi+FG+Soccer+Cleat,adidas Kids' F5 Messi FG Soccer Cleat,0
35393,5,Lacrosse,2,Fitness,93,88393,93,5,,http://images.acmesports.sports/Under+Armour+Men%27s+Tech+II+T-Shirt,Under Armour Men's Tech II T-Shirt,0
39081,13,Electronics,3,Footwear,276,97553,276,13,,http://images.acmesports.sports/Under+Armour+Women%27s+Ignite+Slide,Under Armour Women's Ignite Slide,0
40716,9,Cardio Equipment,3,Footwear,191,101576,191,9,,http://images.acmesports.sports/Nike+Men%27s+Free+5.0%2B+Running+Shoe,Nike Men's Free 5.0+ Running Shoe,0
41612,9,Cardio Equipment,3,Footwear,191,103876,191,9,,http://images.acmesports.sports/Nike+Men%27s+Free+5.0%2B+Running+Shoe,Nike Men's Free 5.0+ Running Shoe,0
36298,9,Cardio Equipment,3,Footwear,191,90634,191,9,,http://images.acmesports.sports/Nike+Men%27s+Free+5.0%2B+Running+Shoe,Nike Men's Free 5.0+ Running Shoe,0
40634,9,Cardio Equipment,3,Footwear,191,101388,191,9,,http://images.acmesports.sports/Nike+Men%27s+Free+5.0%2B+Running+Shoe,Nike Men's Free 5.0+ Running Shoe,0
35393,17,Cleats,4,Apparel,365,88397,365,17,,http://images.acmesports.sports/Perfect+Fitness+Perfect+Rip+Deck,Perfect Fitness Perfect Rip Deck,0
36654,17,Cleats,4,Apparel,365,91492,365,17,,http://images.acmesports.sports/Perfect+Fitness+Perfect+Rip+Deck,Perfect Fitness Perfect Rip Deck,0
36636,17,Cleats,4,Apparel,365,91446,365,17,,http://images.acmesports.sports/Perfect+Fitness+Perfect+Rip+Deck,Perfect Fitness Perfect Rip Deck,0
47796,17,Cleats,4,Apparel,365,119523,365,17,,http://images.acmesports.sports/Perfect+Fitness+Perfect+Rip+Deck,Perfect Fitness Perfect Rip Deck,0
35266,17,Cleats,4,Apparel,365,88070,365,17,,http://images.acmesports.sports/Perfect+Fitness+Perfect+Rip+Deck,Perfect Fitness Perfect Rip Deck,0
34089,17,Cleats,4,Apparel,365,85095,365,17,,http://images.acmesports.sports/Perfect+Fitness+Perfect+Rip+Deck,Perfect Fitness Perfect Rip Deck,0
50571,17,Cleats,4,Apparel,365,126379,365,17,,http://images.acmesports.sports/Perfect+Fitness+Perfect+Rip+Deck,Perfect Fitness Perfect Rip Deck,0
46744,29,Shop By Sport,5,Golf,627,116872,627,29,,http://images.acmesports.sports/Under+Armour+Girls%27+Toddler+Spine+Surge+Running+Shoe,Under Armour Girls' Toddler Spine Surge Runni,0
36894,29,Shop By Sport,5,Golf,627,92072,627,29,,http://images.acmesports.sports/Under+Armour+Girls%27+Toddler+Spine+Surge+Running+Shoe,Under Armour Girls' Toddler Spine Surge Runni,0
39241,29,Shop By Sport,5,Golf,627,97952,627,29,,http://images.acmesports.sports/Under+Armour+Girls%27+Toddler+Spine+Surge+Running+Shoe,Under Armour Girls' Toddler Spine Surge Runni,0
46992,24,Women's Apparel,5,Golf,502,117430,502,24,,http://images.acmesports.sports/Nike+Men%27s+Dri-FIT+Victory+Golf+Polo,Nike Men's Dri-FIT Victory Golf Polo,0
32277,29,Shop By Sport,5,Golf,627,80720,627,29,,http://images.acmesports.sports/Under+Armour+Girls%27+Toddler+Spine+Surge+Running+Shoe,Under Armour Girls' Toddler Spine Surge Runni,0
47796,24,Women's Apparel,5,Golf,502,119525,502,24,,http://images.acmesports.sports/Nike+Men%27s+Dri-FIT+Victory+Golf+Polo,Nike Men's Dri-FIT Victory Golf Polo,0
36636,29,Shop By Sport,5,Golf,627,91447,627,29,,http://images.acmesports.sports/Under+Armour+Girls%27+Toddler+Spine+Surge+Running+Shoe,Under Armour Girls' Toddler Spine Surge Runni,0
39498,24,Women's Apparel,5,Golf,502,98597,502,24,,http://images.acmesports.sports/Nike+Men%27s+Dri-FIT+Victory+Golf+Polo,Nike Men's Dri-FIT Victory Golf Polo,0
37182,29,Shop By Sport,5,Golf,627,92793,627,29,,http://images.acmesports.sports/Under+Armour+Girls%27+Toddler+Spine+Surge+Running+Shoe,Under Armour Girls' Toddler Spine Surge Runni,0
40647,24,Women's Apparel,5,Golf,502,101413,502,24,,http://images.acmesports.sports/Nike+Men%27s+Dri-FIT+Victory+Golf+Polo,Nike Men's Dri-FIT Victory Golf Polo,0
32462,24,Women's Apparel,5,Golf,502,81187,502,24,,http://images.acmesports.sports/Nike+Men%27s+Dri-FIT+Victory+Golf+Polo,Nike Men's Dri-FIT Victory Golf Polo,0
31410,29,Shop By Sport,5,Golf,627,78524,627,29,,http://images.acmesports.sports/Under+Armour+Girls%27+Toddler+Spine+Surge+Running+Shoe,Under Armour Girls' Toddler Spine Surge Runni,0
31957,36,Golf Balls,6,Outdoors,797,79882,797,36,,http://images.acmesports.sports/Hirzl+Women%27s+Soffft+Flex+Golf+Glove,Hirzl Women's Soffft Flex Golf Glove,0
36837,37,Electronics,6,Outdoors,825,91926,825,37,,http://images.acmesports.sports/Bridgestone+e6+Straight+Distance+NFL+Tennessee+Titans+Golf...,Bridgestone e6 Straight Distance NFL Tennesse,0
37675,41,Trade-In,6,Outdoors,926,94041,926,41,,http://images.acmesports.sports/Glove+It+Imperial+Golf+Towel,Glove It Imperial Golf Towel,0
32536,40,Accessories,6,Outdoors,906,81371,906,40,,http://images.acmesports.sports/Team+Golf+Tennessee+Volunteers+Putter+Grip,Team Golf Tennessee Volunteers Putter Grip,0
31336,5,Lacrosse,2,Fitness,93,78334,93,5,,http://images.acmesports.sports/Under+Armour+Men%27s+Tech+II+T-Shirt,Under Armour Men's Tech II T-Shirt,0
32846,9,Cardio Equipment,3,Footwear,191,82148,191,9,,http://images.acmesports.sports/Nike+Men%27s+Free+5.0%2B+Running+Shoe,Nike Men's Free 5.0+ Running Shoe,0
35083,9,Cardio Equipment,3,Footwear,191,87618,191,9,,http://images.acmesports.sports/Nike+Men%27s+Free+5.0%2B+Running+Shoe,Nike Men's Free 5.0+ Running Shoe,0
39036,9,Cardio Equipment,3,Footwear,191,97444,191,9,,http://images.acmesports.sports/Nike+Men%27s+Free+5.0%2B+Running+Shoe,Nike Men's Free 5.0+ Running Shoe,0
37493,17,Cleats,4,Apparel,365,93567,365,17,,http://images.acmesports.sports/Perfect+Fitness+Perfect+Rip+Deck,Perfect Fitness Perfect Rip Deck,0
33619,17,Cleats,4,Apparel,365,83925,365,17,,http://images.acmesports.sports/Perfect+Fitness+Perfect+Rip+Deck,Perfect Fitness Perfect Rip Deck,0
31797,17,Cleats,4,Apparel,365,79450,365,17,,http://images.acmesports.sports/Perfect+Fitness+Perfect+Rip+Deck,Perfect Fitness Perfect Rip Deck,0
31797,17,Cleats,4,Apparel,365,79449,365,17,,http://images.acmesports.sports/Perfect+Fitness+Perfect+Rip+Deck,Perfect Fitness Perfect Rip Deck,0
32594,24,Women's Apparel,5,Golf,502,81522,502,24,,http://images.acmesports.sports/Nike+Men%27s+Dri-FIT+Victory+Golf+Polo,Nike Men's Dri-FIT Victory Golf Polo,0
34103,24,Women's Apparel,5,Golf,502,85125,502,24,,http://images.acmesports.sports/Nike+Men%27s+Dri-FIT+Victory+Golf+Polo,Nike Men's Dri-FIT Victory Golf Polo,0
37048,24,Women's Apparel,5,Golf,502,92444,502,24,,http://images.acmesports.sports/Nike+Men%27s+Dri-FIT+Victory+Golf+Polo,Nike Men's Dri-FIT Victory Golf Polo,0
36344,37,Electronics,6,Outdoors,825,90743,825,37,,http://images.acmesports.sports/Bridgestone+e6+Straight+Distance+NFL+Tennessee+Titans+Golf...,Bridgestone e6 Straight Distance NFL Tennesse,0
31336,37,Electronics,6,Outdoors,822,78332,822,37,,http://images.acmesports.sports/Titleist+Pro+V1x+High+Numbers+Golf+Balls,Titleist Pro V1x High Numbers Golf Balls,0
46495,18,Men's Footwear,4,Apparel,403,116247,403,18,,http://images.acmesports.sports/Nike+Men%27s+CJ+Elite+2+TD+Football+Cleat,Nike Men's CJ Elite 2 TD Football Cleat,0
50236,18,Men's Footwear,4,Apparel,403,125567,403,18,,http://images.acmesports.sports/Nike+Men%27s+CJ+Elite+2+TD+Football+Cleat,Nike Men's CJ Elite 2 TD Football Cleat,0
69890,62,Cameras ,10,Technology,1349,173205,1349,62,,http://images.acmesports.sports/Web+Camera,Web Camera,0
48329,9,Cardio Equipment,3,Footwear,191,120880,191,9,,http://images.acmesports.sports/Nike+Men%27s+Free+5.0%2B+Running+Shoe,Nike Men's Free 5.0+ Running Shoe,0
18160,18,Men's Footwear,4,Apparel,403,45391,403,18,,http://images.acmesports.sports/Nike+Men%27s+CJ+Elite+2+TD+Football+Cleat,Nike Men's CJ Elite 2 TD Football Cleat,0
18160,18,Men's Footwear,4,Apparel,403,45387,403,18,,http://images.acmesports.sports/Nike+Men%27s+CJ+Elite+2+TD+Football+Cleat,Nike Men's CJ Elite 2 TD Football Cleat,0
18154,18,Men's Footwear,4,Apparel,403,45371,403,18,,http://images.acmesports.sports/Nike+Men%27s+CJ+Elite+2+TD+Football+Cleat,Nike Men's CJ Elite 2 TD Football Cleat,0
10394,18,Men's Footwear,4,Apparel,403,26031,403,18,,http://images.acmesports.sports/Nike+Men%27s+CJ+Elite+2+TD+Football+Cleat,Nike Men's CJ Elite 2 TD Football Cleat,0
20029,18,Men's Footwear,4,Apparel,403,50076,403,18,,http://images.acmesports.sports/Nike+Men%27s+CJ+Elite+2+TD+Football+Cleat,Nike Men's CJ Elite 2 TD Football Cleat,0
66423,18,Men's Footwear,4,Apparel,403,166047,403,18,,http://images.acmesports.sports/Nike+Men%27s+CJ+Elite+2+TD+Football+Cleat,Nike Men's CJ Elite 2 TD Football Cleat,0
15338,18,Men's Footwear,4,Apparel,403,38358,403,18,,http://images.acmesports.sports/Nike+Men%27s+CJ+Elite+2+TD+Football+Cleat,Nike Men's CJ Elite 2 TD Football Cleat,0
71192,66,Crafts,4,Apparel,1353,174507,1353,66,,http://images.acmesports.sports/Porcelain+crafts,Porcelain crafts,0
17279,18,Men's Footwear,4,Apparel,403,43200,403,18,,http://images.acmesports.sports/Nike+Men%27s+CJ+Elite+2+TD+Football+Cleat,Nike Men's CJ Elite 2 TD Football Cleat,0
64951,18,Men's Footwear,4,Apparel,403,162374,403,18,,http://images.acmesports.sports/Nike+Men%27s+CJ+Elite+2+TD+Football+Cleat,Nike Men's CJ Elite 2 TD Football Cleat,0
16477,18,Men's Footwear,4,Apparel,403,41154,403,18,,http://images.acmesports.sports/Nike+Men%27s+CJ+Elite+2+TD+Football+Cleat,Nike Men's CJ Elite 2 TD Football Cleat,0
16477,18,Men's Footwear,4,Apparel,403,41152,403,18,,http://images.acmesports.sports/Nike+Men%27s+CJ+Elite+2+TD+Football+Cleat,Nike Men's CJ Elite 2 TD Football Cleat,0
14003,18,Men's Footwear,4,Apparel,403,35032,403,18,,http://images.acmesports.sports/Nike+Men%27s+CJ+Elite+2+TD+Football+Cleat,Nike Men's CJ Elite 2 TD Football Cleat,0
16477,18,Men's Footwear,4,Apparel,403,41151,403,18,,http://images.acmesports.sports/Nike+Men%27s+CJ+Elite+2+TD+Football+Cleat,Nike Men's CJ Elite 2 TD Football Cleat,0
18763,17,Cleats,4,Apparel,365,46917,365,17,,http://images.acmesports.sports/Perfect+Fitness+Perfect+Rip+Deck,Perfect Fitness Perfect Rip Deck,0
14621,18,Men's Footwear,4,Apparel,403,36573,403,18,,http://images.acmesports.sports/Nike+Men%27s+CJ+Elite+2+TD+Football+Cleat,Nike Men's CJ Elite 2 TD Football Cleat,0
15338,17,Cleats,4,Apparel,365,38356,365,17,,http://images.acmesports.sports/Perfect+Fitness+Perfect+Rip+Deck,Perfect Fitness Perfect Rip Deck,0
15369,18,Men's Footwear,4,Apparel,403,38428,403,18,,http://images.acmesports.sports/Nike+Men%27s+CJ+Elite+2+TD+Football+Cleat,Nike Men's CJ Elite 2 TD Football Cleat,0
70022,63,Children's Clothing,4,Apparel,1350,173337,1350,63,,http://images.acmesports.sports/Children+heaters,Children's heaters,0
